'Collatz.Research.RefinementAtlas.power_run_value' depends on axioms: [propext, Quot.sound]
'Collatz.Research.RefinementAtlas.simultaneous_returns' depends on axioms: [propext, Quot.sound]
'Collatz.Research.RefinementAtlas.no_bounded_adaptive_rank' depends on axioms: [propext, Quot.sound]
'Collatz.Research.RefinementAtlas.no_affine_residue_adaptive_rank' depends on axioms: [propext, Quot.sound]
'Collatz.Research.RefinementAtlas.Batch001.data_2_1' does not depend on any axioms
'Collatz.Research.RefinementAtlas.Batch001.gap_2_1' does not depend on any axioms
'Collatz.Research.RefinementAtlas.Batch001.cutoff_2_1' does not depend on any axioms
'Collatz.Research.RefinementAtlas.Batch001.even_endpoint_2_1' depends on axioms: [propext, Quot.sound]
'Collatz.Research.RefinementAtlas.Batch001.odd_endpoint_2_1' depends on axioms: [propext, Quot.sound]
'Collatz.Research.RefinementAtlas.Batch001.even_cutoff_2_1' depends on axioms: [propext, Classical.choice, Quot.sound]
'Collatz.Research.RefinementAtlas.Batch001.odd_cleared_2_1' depends on axioms: [propext, Classical.choice, Quot.sound]
'Collatz.Research.RefinementAtlas.Batch001.data_2_2' does not depend on any axioms
'Collatz.Research.RefinementAtlas.Batch001.gap_2_2' does not depend on any axioms
'Collatz.Research.RefinementAtlas.Batch001.cutoff_2_2' does not depend on any axioms
'Collatz.Research.RefinementAtlas.Batch001.even_endpoint_2_2' depends on axioms: [propext, Quot.sound]
'Collatz.Research.RefinementAtlas.Batch001.odd_endpoint_2_2' depends on axioms: [propext, Quot.sound]
'Collatz.Research.RefinementAtlas.Batch001.even_cutoff_2_2' depends on axioms: [propext, Classical.choice, Quot.sound]
'Collatz.Research.RefinementAtlas.Batch001.odd_cleared_2_2' depends on axioms: [propext, Classical.choice, Quot.sound]
'Collatz.Research.RefinementAtlas.Batch001.data_4_1' does not depend on any axioms
'Collatz.Research.RefinementAtlas.Batch001.gap_4_1' does not depend on any axioms
'Collatz.Research.RefinementAtlas.Batch001.cutoff_4_1' does not depend on any axioms
'Collatz.Research.RefinementAtlas.Batch001.even_endpoint_4_1' depends on axioms: [propext, Quot.sound]
'Collatz.Research.RefinementAtlas.Batch001.odd_endpoint_4_1' depends on axioms: [propext, Quot.sound]
'Collatz.Research.RefinementAtlas.Batch001.even_cutoff_4_1' depends on axioms: [propext, Classical.choice, Quot.sound]
'Collatz.Research.RefinementAtlas.Batch001.odd_cleared_4_1' depends on axioms: [propext, Classical.choice, Quot.sound]
'Collatz.Research.RefinementAtlas.Batch002.data_4_2' does not depend on any axioms
'Collatz.Research.RefinementAtlas.Batch002.gap_4_2' does not depend on any axioms
'Collatz.Research.RefinementAtlas.Batch002.cutoff_4_2' does not depend on any axioms
'Collatz.Research.RefinementAtlas.Batch002.even_endpoint_4_2' depends on axioms: [propext, Quot.sound]
'Collatz.Research.RefinementAtlas.Batch002.odd_endpoint_4_2' depends on axioms: [propext, Quot.sound]
'Collatz.Research.RefinementAtlas.Batch002.even_cutoff_4_2' depends on axioms: [propext, Classical.choice, Quot.sound]
'Collatz.Research.RefinementAtlas.Batch002.odd_cleared_4_2' depends on axioms: [propext, Classical.choice, Quot.sound]
'Collatz.Research.RefinementAtlas.Batch002.data_5_1' does not depend on any axioms
'Collatz.Research.RefinementAtlas.Batch002.gap_5_1' does not depend on any axioms
'Collatz.Research.RefinementAtlas.Batch002.cutoff_5_1' does not depend on any axioms
'Collatz.Research.RefinementAtlas.Batch002.even_endpoint_5_1' depends on axioms: [propext, Quot.sound]
'Collatz.Research.RefinementAtlas.Batch002.odd_endpoint_5_1' depends on axioms: [propext, Quot.sound]
'Collatz.Research.RefinementAtlas.Batch002.even_cutoff_5_1' depends on axioms: [propext, Classical.choice, Quot.sound]
'Collatz.Research.RefinementAtlas.Batch002.odd_cleared_5_1' depends on axioms: [propext, Classical.choice, Quot.sound]
'Collatz.Research.RefinementAtlas.Batch002.data_6_1' does not depend on any axioms
'Collatz.Research.RefinementAtlas.Batch002.gap_6_1' does not depend on any axioms
'Collatz.Research.RefinementAtlas.Batch002.cutoff_6_1' does not depend on any axioms
'Collatz.Research.RefinementAtlas.Batch002.even_endpoint_6_1' depends on axioms: [propext, Quot.sound]
'Collatz.Research.RefinementAtlas.Batch002.odd_endpoint_6_1' depends on axioms: [propext, Quot.sound]
'Collatz.Research.RefinementAtlas.Batch002.even_cutoff_6_1' depends on axioms: [propext, Classical.choice, Quot.sound]
'Collatz.Research.RefinementAtlas.Batch002.odd_cleared_6_1' depends on axioms: [propext, Classical.choice, Quot.sound]
'Collatz.Research.RefinementAtlas.Batch003.data_6_2' does not depend on any axioms
'Collatz.Research.RefinementAtlas.Batch003.gap_6_2' does not depend on any axioms
'Collatz.Research.RefinementAtlas.Batch003.cutoff_6_2' does not depend on any axioms
'Collatz.Research.RefinementAtlas.Batch003.even_endpoint_6_2' depends on axioms: [propext, Quot.sound]
'Collatz.Research.RefinementAtlas.Batch003.odd_endpoint_6_2' depends on axioms: [propext, Quot.sound]
'Collatz.Research.RefinementAtlas.Batch003.even_cutoff_6_2' depends on axioms: [propext, Classical.choice, Quot.sound]
'Collatz.Research.RefinementAtlas.Batch003.odd_cleared_6_2' depends on axioms: [propext, Classical.choice, Quot.sound]
'Collatz.Research.RefinementAtlas.Batch003.data_7_1' does not depend on any axioms
'Collatz.Research.RefinementAtlas.Batch003.gap_7_1' does not depend on any axioms
'Collatz.Research.RefinementAtlas.Batch003.cutoff_7_1' does not depend on any axioms
'Collatz.Research.RefinementAtlas.Batch003.even_endpoint_7_1' depends on axioms: [propext, Quot.sound]
'Collatz.Research.RefinementAtlas.Batch003.odd_endpoint_7_1' depends on axioms: [propext, Quot.sound]
'Collatz.Research.RefinementAtlas.Batch003.even_cutoff_7_1' depends on axioms: [propext, Classical.choice, Quot.sound]
'Collatz.Research.RefinementAtlas.Batch003.odd_cleared_7_1' depends on axioms: [propext, Classical.choice, Quot.sound]
'Collatz.Research.RefinementAtlas.Batch003.data_8_1' does not depend on any axioms
'Collatz.Research.RefinementAtlas.Batch003.gap_8_1' does not depend on any axioms
'Collatz.Research.RefinementAtlas.Batch003.cutoff_8_1' does not depend on any axioms
'Collatz.Research.RefinementAtlas.Batch003.even_endpoint_8_1' depends on axioms: [propext, Quot.sound]
'Collatz.Research.RefinementAtlas.Batch003.odd_endpoint_8_1' depends on axioms: [propext, Quot.sound]
'Collatz.Research.RefinementAtlas.Batch003.even_cutoff_8_1' depends on axioms: [propext, Classical.choice, Quot.sound]
'Collatz.Research.RefinementAtlas.Batch003.odd_cleared_8_1' depends on axioms: [propext, Classical.choice, Quot.sound]
'Collatz.Research.RefinementAtlas.Batch004.data_8_2' does not depend on any axioms
'Collatz.Research.RefinementAtlas.Batch004.gap_8_2' does not depend on any axioms
'Collatz.Research.RefinementAtlas.Batch004.cutoff_8_2' does not depend on any axioms
'Collatz.Research.RefinementAtlas.Batch004.even_endpoint_8_2' depends on axioms: [propext, Quot.sound]
'Collatz.Research.RefinementAtlas.Batch004.odd_endpoint_8_2' depends on axioms: [propext, Quot.sound]
'Collatz.Research.RefinementAtlas.Batch004.even_cutoff_8_2' depends on axioms: [propext, Classical.choice, Quot.sound]
'Collatz.Research.RefinementAtlas.Batch004.odd_cleared_8_2' depends on axioms: [propext, Classical.choice, Quot.sound]
'Collatz.Research.RefinementAtlas.Batch004.data_8_7' does not depend on any axioms
'Collatz.Research.RefinementAtlas.Batch004.gap_8_7' does not depend on any axioms
'Collatz.Research.RefinementAtlas.Batch004.cutoff_8_7' does not depend on any axioms
'Collatz.Research.RefinementAtlas.Batch004.even_endpoint_8_7' depends on axioms: [propext, Quot.sound]
'Collatz.Research.RefinementAtlas.Batch004.odd_endpoint_8_7' depends on axioms: [propext, Quot.sound]
'Collatz.Research.RefinementAtlas.Batch004.even_cutoff_8_7' depends on axioms: [propext, Classical.choice, Quot.sound]
'Collatz.Research.RefinementAtlas.Batch004.odd_cleared_8_7' depends on axioms: [propext, Classical.choice, Quot.sound]
'Collatz.Research.RefinementAtlas.Batch004.data_8_9' does not depend on any axioms
'Collatz.Research.RefinementAtlas.Batch004.gap_8_9' does not depend on any axioms
'Collatz.Research.RefinementAtlas.Batch004.cutoff_8_9' does not depend on any axioms
'Collatz.Research.RefinementAtlas.Batch004.even_endpoint_8_9' depends on axioms: [propext, Quot.sound]
'Collatz.Research.RefinementAtlas.Batch004.odd_endpoint_8_9' depends on axioms: [propext, Quot.sound]
'Collatz.Research.RefinementAtlas.Batch004.even_cutoff_8_9' depends on axioms: [propext, Classical.choice, Quot.sound]
'Collatz.Research.RefinementAtlas.Batch004.odd_cleared_8_9' depends on axioms: [propext, Classical.choice, Quot.sound]
'Collatz.Research.RefinementAtlas.Batch005.data_8_18' does not depend on any axioms
'Collatz.Research.RefinementAtlas.Batch005.gap_8_18' does not depend on any axioms
'Collatz.Research.RefinementAtlas.Batch005.cutoff_8_18' does not depend on any axioms
'Collatz.Research.RefinementAtlas.Batch005.even_endpoint_8_18' depends on axioms: [propext, Quot.sound]
'Collatz.Research.RefinementAtlas.Batch005.odd_endpoint_8_18' depends on axioms: [propext, Quot.sound]
'Collatz.Research.RefinementAtlas.Batch005.even_cutoff_8_18' depends on axioms: [propext, Classical.choice, Quot.sound]
'Collatz.Research.RefinementAtlas.Batch005.odd_cleared_8_18' depends on axioms: [propext, Classical.choice, Quot.sound]
'Collatz.Research.RefinementAtlas.Batch005.data_8_19' does not depend on any axioms
'Collatz.Research.RefinementAtlas.Batch005.gap_8_19' does not depend on any axioms
'Collatz.Research.RefinementAtlas.Batch005.cutoff_8_19' does not depend on any axioms
'Collatz.Research.RefinementAtlas.Batch005.even_endpoint_8_19' depends on axioms: [propext, Quot.sound]
'Collatz.Research.RefinementAtlas.Batch005.odd_endpoint_8_19' depends on axioms: [propext, Quot.sound]
'Collatz.Research.RefinementAtlas.Batch005.even_cutoff_8_19' depends on axioms: [propext, Classical.choice, Quot.sound]
'Collatz.Research.RefinementAtlas.Batch005.odd_cleared_8_19' depends on axioms: [propext, Classical.choice, Quot.sound]
'Collatz.Research.RefinementAtlas.Batch005.data_8_25' does not depend on any axioms
'Collatz.Research.RefinementAtlas.Batch005.gap_8_25' does not depend on any axioms
'Collatz.Research.RefinementAtlas.Batch005.cutoff_8_25' does not depend on any axioms
'Collatz.Research.RefinementAtlas.Batch005.even_endpoint_8_25' depends on axioms: [propext, Quot.sound]
'Collatz.Research.RefinementAtlas.Batch005.odd_endpoint_8_25' depends on axioms: [propext, Quot.sound]
'Collatz.Research.RefinementAtlas.Batch005.even_cutoff_8_25' depends on axioms: [propext, Classical.choice, Quot.sound]
'Collatz.Research.RefinementAtlas.Batch005.odd_cleared_8_25' depends on axioms: [propext, Classical.choice, Quot.sound]
'Collatz.Research.RefinementAtlas.Batch006.data_9_1' does not depend on any axioms
'Collatz.Research.RefinementAtlas.Batch006.gap_9_1' does not depend on any axioms
'Collatz.Research.RefinementAtlas.Batch006.cutoff_9_1' does not depend on any axioms
'Collatz.Research.RefinementAtlas.Batch006.even_endpoint_9_1' depends on axioms: [propext, Quot.sound]
'Collatz.Research.RefinementAtlas.Batch006.odd_endpoint_9_1' depends on axioms: [propext, Quot.sound]
'Collatz.Research.RefinementAtlas.Batch006.even_cutoff_9_1' depends on axioms: [propext, Classical.choice, Quot.sound]
'Collatz.Research.RefinementAtlas.Batch006.odd_cleared_9_1' depends on axioms: [propext, Classical.choice, Quot.sound]
'Collatz.Research.RefinementAtlas.Batch006.data_10_1' does not depend on any axioms
'Collatz.Research.RefinementAtlas.Batch006.gap_10_1' does not depend on any axioms
'Collatz.Research.RefinementAtlas.Batch006.cutoff_10_1' does not depend on any axioms
'Collatz.Research.RefinementAtlas.Batch006.even_endpoint_10_1' depends on axioms: [propext, Quot.sound]
'Collatz.Research.RefinementAtlas.Batch006.odd_endpoint_10_1' depends on axioms: [propext, Quot.sound]
'Collatz.Research.RefinementAtlas.Batch006.even_cutoff_10_1' depends on axioms: [propext, Classical.choice, Quot.sound]
'Collatz.Research.RefinementAtlas.Batch006.odd_cleared_10_1' depends on axioms: [propext, Classical.choice, Quot.sound]
'Collatz.Research.RefinementAtlas.Batch006.data_10_2' does not depend on any axioms
'Collatz.Research.RefinementAtlas.Batch006.gap_10_2' does not depend on any axioms
'Collatz.Research.RefinementAtlas.Batch006.cutoff_10_2' does not depend on any axioms
'Collatz.Research.RefinementAtlas.Batch006.even_endpoint_10_2' depends on axioms: [propext, Quot.sound]
'Collatz.Research.RefinementAtlas.Batch006.odd_endpoint_10_2' depends on axioms: [propext, Quot.sound]
'Collatz.Research.RefinementAtlas.Batch006.even_cutoff_10_2' depends on axioms: [propext, Classical.choice, Quot.sound]
'Collatz.Research.RefinementAtlas.Batch006.odd_cleared_10_2' depends on axioms: [propext, Classical.choice, Quot.sound]
'Collatz.Research.RefinementAtlas.Batch007.data_11_1' does not depend on any axioms
'Collatz.Research.RefinementAtlas.Batch007.gap_11_1' does not depend on any axioms
'Collatz.Research.RefinementAtlas.Batch007.cutoff_11_1' does not depend on any axioms
'Collatz.Research.RefinementAtlas.Batch007.even_endpoint_11_1' depends on axioms: [propext, Quot.sound]
'Collatz.Research.RefinementAtlas.Batch007.odd_endpoint_11_1' depends on axioms: [propext, Quot.sound]
'Collatz.Research.RefinementAtlas.Batch007.even_cutoff_11_1' depends on axioms: [propext, Classical.choice, Quot.sound]
'Collatz.Research.RefinementAtlas.Batch007.odd_cleared_11_1' depends on axioms: [propext, Classical.choice, Quot.sound]
'Collatz.Research.RefinementAtlas.Batch007.data_12_1' does not depend on any axioms
'Collatz.Research.RefinementAtlas.Batch007.gap_12_1' does not depend on any axioms
'Collatz.Research.RefinementAtlas.Batch007.cutoff_12_1' does not depend on any axioms
'Collatz.Research.RefinementAtlas.Batch007.even_endpoint_12_1' depends on axioms: [propext, Quot.sound]
'Collatz.Research.RefinementAtlas.Batch007.odd_endpoint_12_1' depends on axioms: [propext, Quot.sound]
'Collatz.Research.RefinementAtlas.Batch007.even_cutoff_12_1' depends on axioms: [propext, Classical.choice, Quot.sound]
'Collatz.Research.RefinementAtlas.Batch007.odd_cleared_12_1' depends on axioms: [propext, Classical.choice, Quot.sound]
'Collatz.Research.RefinementAtlas.Batch007.data_12_2' does not depend on any axioms
'Collatz.Research.RefinementAtlas.Batch007.gap_12_2' does not depend on any axioms
'Collatz.Research.RefinementAtlas.Batch007.cutoff_12_2' does not depend on any axioms
'Collatz.Research.RefinementAtlas.Batch007.even_endpoint_12_2' depends on axioms: [propext, Quot.sound]
'Collatz.Research.RefinementAtlas.Batch007.odd_endpoint_12_2' depends on axioms: [propext, Quot.sound]
'Collatz.Research.RefinementAtlas.Batch007.even_cutoff_12_2' depends on axioms: [propext, Classical.choice, Quot.sound]
'Collatz.Research.RefinementAtlas.Batch007.odd_cleared_12_2' depends on axioms: [propext, Classical.choice, Quot.sound]
'Collatz.Research.RefinementAtlas.Batch008.data_3_2' does not depend on any axioms
'Collatz.Research.RefinementAtlas.Batch008.gap_3_2' does not depend on any axioms
'Collatz.Research.RefinementAtlas.Batch008.cutoff_3_2' does not depend on any axioms
'Collatz.Research.RefinementAtlas.Batch008.even_endpoint_3_2' depends on axioms: [propext, Quot.sound]
'Collatz.Research.RefinementAtlas.Batch008.odd_endpoint_3_2' depends on axioms: [propext, Quot.sound]
'Collatz.Research.RefinementAtlas.Batch008.even_cutoff_3_2' depends on axioms: [propext, Classical.choice, Quot.sound]
'Collatz.Research.RefinementAtlas.Batch008.odd_cleared_3_2' depends on axioms: [propext, Classical.choice, Quot.sound]
'Collatz.Research.RefinementAtlas.Batch008.data_3_4' does not depend on any axioms
'Collatz.Research.RefinementAtlas.Batch008.gap_3_4' does not depend on any axioms
'Collatz.Research.RefinementAtlas.Batch008.cutoff_3_4' does not depend on any axioms
'Collatz.Research.RefinementAtlas.Batch008.even_endpoint_3_4' depends on axioms: [propext, Quot.sound]
'Collatz.Research.RefinementAtlas.Batch008.odd_endpoint_3_4' depends on axioms: [propext, Quot.sound]
'Collatz.Research.RefinementAtlas.Batch008.even_cutoff_3_4' depends on axioms: [propext, Classical.choice, Quot.sound]
'Collatz.Research.RefinementAtlas.Batch008.odd_cleared_3_4' depends on axioms: [propext, Classical.choice, Quot.sound]
'Collatz.Research.RefinementAtlas.Batch008.data_3_5' does not depend on any axioms
'Collatz.Research.RefinementAtlas.Batch008.gap_3_5' does not depend on any axioms
'Collatz.Research.RefinementAtlas.Batch008.cutoff_3_5' does not depend on any axioms
'Collatz.Research.RefinementAtlas.Batch008.even_endpoint_3_5' depends on axioms: [propext, Quot.sound]
'Collatz.Research.RefinementAtlas.Batch008.odd_endpoint_3_5' depends on axioms: [propext, Quot.sound]
'Collatz.Research.RefinementAtlas.Batch008.even_cutoff_3_5' depends on axioms: [propext, Classical.choice, Quot.sound]
'Collatz.Research.RefinementAtlas.Batch008.odd_cleared_3_5' depends on axioms: [propext, Classical.choice, Quot.sound]
'Collatz.Research.RefinementAtlas.Batch009.data_4_3' does not depend on any axioms
'Collatz.Research.RefinementAtlas.Batch009.gap_4_3' does not depend on any axioms
'Collatz.Research.RefinementAtlas.Batch009.cutoff_4_3' does not depend on any axioms
'Collatz.Research.RefinementAtlas.Batch009.even_endpoint_4_3' depends on axioms: [propext, Quot.sound]
'Collatz.Research.RefinementAtlas.Batch009.odd_endpoint_4_3' depends on axioms: [propext, Quot.sound]
'Collatz.Research.RefinementAtlas.Batch009.even_cutoff_4_3' depends on axioms: [propext, Classical.choice, Quot.sound]
'Collatz.Research.RefinementAtlas.Batch009.odd_cleared_4_3' depends on axioms: [propext, Classical.choice, Quot.sound]
'Collatz.Research.RefinementAtlas.Batch009.data_4_4' does not depend on any axioms
'Collatz.Research.RefinementAtlas.Batch009.gap_4_4' does not depend on any axioms
'Collatz.Research.RefinementAtlas.Batch009.cutoff_4_4' does not depend on any axioms
'Collatz.Research.RefinementAtlas.Batch009.even_endpoint_4_4' depends on axioms: [propext, Quot.sound]
'Collatz.Research.RefinementAtlas.Batch009.odd_endpoint_4_4' depends on axioms: [propext, Quot.sound]
'Collatz.Research.RefinementAtlas.Batch009.even_cutoff_4_4' depends on axioms: [propext, Classical.choice, Quot.sound]
'Collatz.Research.RefinementAtlas.Batch009.odd_cleared_4_4' depends on axioms: [propext, Classical.choice, Quot.sound]
'Collatz.Research.RefinementAtlas.Batch009.data_4_5' does not depend on any axioms
'Collatz.Research.RefinementAtlas.Batch009.gap_4_5' does not depend on any axioms
'Collatz.Research.RefinementAtlas.Batch009.cutoff_4_5' does not depend on any axioms
'Collatz.Research.RefinementAtlas.Batch009.even_endpoint_4_5' depends on axioms: [propext, Quot.sound]
'Collatz.Research.RefinementAtlas.Batch009.odd_endpoint_4_5' depends on axioms: [propext, Quot.sound]
'Collatz.Research.RefinementAtlas.Batch009.even_cutoff_4_5' depends on axioms: [propext, Classical.choice, Quot.sound]
'Collatz.Research.RefinementAtlas.Batch009.odd_cleared_4_5' depends on axioms: [propext, Classical.choice, Quot.sound]
'Collatz.Research.RefinementAtlas.Batch010.data_4_6' does not depend on any axioms
'Collatz.Research.RefinementAtlas.Batch010.gap_4_6' does not depend on any axioms
'Collatz.Research.RefinementAtlas.Batch010.cutoff_4_6' does not depend on any axioms
'Collatz.Research.RefinementAtlas.Batch010.even_endpoint_4_6' depends on axioms: [propext, Quot.sound]
'Collatz.Research.RefinementAtlas.Batch010.odd_endpoint_4_6' depends on axioms: [propext, Quot.sound]
'Collatz.Research.RefinementAtlas.Batch010.even_cutoff_4_6' depends on axioms: [propext, Classical.choice, Quot.sound]
'Collatz.Research.RefinementAtlas.Batch010.odd_cleared_4_6' depends on axioms: [propext, Classical.choice, Quot.sound]
'Collatz.Research.RefinementAtlas.Batch010.data_4_8' does not depend on any axioms
'Collatz.Research.RefinementAtlas.Batch010.gap_4_8' does not depend on any axioms
'Collatz.Research.RefinementAtlas.Batch010.cutoff_4_8' does not depend on any axioms
'Collatz.Research.RefinementAtlas.Batch010.even_endpoint_4_8' depends on axioms: [propext, Quot.sound]
'Collatz.Research.RefinementAtlas.Batch010.odd_endpoint_4_8' depends on axioms: [propext, Quot.sound]
'Collatz.Research.RefinementAtlas.Batch010.even_cutoff_4_8' depends on axioms: [propext, Classical.choice, Quot.sound]
'Collatz.Research.RefinementAtlas.Batch010.odd_cleared_4_8' depends on axioms: [propext, Classical.choice, Quot.sound]
'Collatz.Research.RefinementAtlas.Batch010.data_4_10' does not depend on any axioms
'Collatz.Research.RefinementAtlas.Batch010.gap_4_10' does not depend on any axioms
'Collatz.Research.RefinementAtlas.Batch010.cutoff_4_10' does not depend on any axioms
'Collatz.Research.RefinementAtlas.Batch010.even_endpoint_4_10' depends on axioms: [propext, Quot.sound]
'Collatz.Research.RefinementAtlas.Batch010.odd_endpoint_4_10' depends on axioms: [propext, Quot.sound]
'Collatz.Research.RefinementAtlas.Batch010.even_cutoff_4_10' depends on axioms: [propext, Classical.choice, Quot.sound]
'Collatz.Research.RefinementAtlas.Batch010.odd_cleared_4_10' depends on axioms: [propext, Classical.choice, Quot.sound]
'Collatz.Research.RefinementAtlas.Batch011.data_4_12' does not depend on any axioms
'Collatz.Research.RefinementAtlas.Batch011.gap_4_12' does not depend on any axioms
'Collatz.Research.RefinementAtlas.Batch011.cutoff_4_12' does not depend on any axioms
'Collatz.Research.RefinementAtlas.Batch011.even_endpoint_4_12' depends on axioms: [propext, Quot.sound]
'Collatz.Research.RefinementAtlas.Batch011.odd_endpoint_4_12' depends on axioms: [propext, Quot.sound]
'Collatz.Research.RefinementAtlas.Batch011.even_cutoff_4_12' depends on axioms: [propext, Classical.choice, Quot.sound]
'Collatz.Research.RefinementAtlas.Batch011.odd_cleared_4_12' depends on axioms: [propext, Classical.choice, Quot.sound]
'Collatz.Research.RefinementAtlas.Batch011.data_4_13' does not depend on any axioms
'Collatz.Research.RefinementAtlas.Batch011.gap_4_13' does not depend on any axioms
'Collatz.Research.RefinementAtlas.Batch011.cutoff_4_13' does not depend on any axioms
'Collatz.Research.RefinementAtlas.Batch011.even_endpoint_4_13' depends on axioms: [propext, Quot.sound]
'Collatz.Research.RefinementAtlas.Batch011.odd_endpoint_4_13' depends on axioms: [propext, Quot.sound]
'Collatz.Research.RefinementAtlas.Batch011.even_cutoff_4_13' depends on axioms: [propext, Classical.choice, Quot.sound]
'Collatz.Research.RefinementAtlas.Batch011.odd_cleared_4_13' depends on axioms: [propext, Classical.choice, Quot.sound]
'Collatz.Research.RefinementAtlas.Batch011.data_5_2' does not depend on any axioms
'Collatz.Research.RefinementAtlas.Batch011.gap_5_2' does not depend on any axioms
'Collatz.Research.RefinementAtlas.Batch011.cutoff_5_2' does not depend on any axioms
'Collatz.Research.RefinementAtlas.Batch011.even_endpoint_5_2' depends on axioms: [propext, Quot.sound]
'Collatz.Research.RefinementAtlas.Batch011.odd_endpoint_5_2' depends on axioms: [propext, Quot.sound]
'Collatz.Research.RefinementAtlas.Batch011.even_cutoff_5_2' depends on axioms: [propext, Classical.choice, Quot.sound]
'Collatz.Research.RefinementAtlas.Batch011.odd_cleared_5_2' depends on axioms: [propext, Classical.choice, Quot.sound]
'Collatz.Research.RefinementAtlas.Batch012.data_5_3' does not depend on any axioms
'Collatz.Research.RefinementAtlas.Batch012.gap_5_3' does not depend on any axioms
'Collatz.Research.RefinementAtlas.Batch012.cutoff_5_3' does not depend on any axioms
'Collatz.Research.RefinementAtlas.Batch012.even_endpoint_5_3' depends on axioms: [propext, Quot.sound]
'Collatz.Research.RefinementAtlas.Batch012.odd_endpoint_5_3' depends on axioms: [propext, Quot.sound]
'Collatz.Research.RefinementAtlas.Batch012.even_cutoff_5_3' depends on axioms: [propext, Classical.choice, Quot.sound]
'Collatz.Research.RefinementAtlas.Batch012.odd_cleared_5_3' depends on axioms: [propext, Classical.choice, Quot.sound]
'Collatz.Research.RefinementAtlas.Batch012.data_5_4' does not depend on any axioms
'Collatz.Research.RefinementAtlas.Batch012.gap_5_4' does not depend on any axioms
'Collatz.Research.RefinementAtlas.Batch012.cutoff_5_4' does not depend on any axioms
'Collatz.Research.RefinementAtlas.Batch012.even_endpoint_5_4' depends on axioms: [propext, Quot.sound]
'Collatz.Research.RefinementAtlas.Batch012.odd_endpoint_5_4' depends on axioms: [propext, Quot.sound]
'Collatz.Research.RefinementAtlas.Batch012.even_cutoff_5_4' depends on axioms: [propext, Classical.choice, Quot.sound]
'Collatz.Research.RefinementAtlas.Batch012.odd_cleared_5_4' depends on axioms: [propext, Classical.choice, Quot.sound]
'Collatz.Research.RefinementAtlas.Batch012.data_5_5' does not depend on any axioms
'Collatz.Research.RefinementAtlas.Batch012.gap_5_5' does not depend on any axioms
'Collatz.Research.RefinementAtlas.Batch012.cutoff_5_5' does not depend on any axioms
'Collatz.Research.RefinementAtlas.Batch012.even_endpoint_5_5' depends on axioms: [propext, Quot.sound]
'Collatz.Research.RefinementAtlas.Batch012.odd_endpoint_5_5' depends on axioms: [propext, Quot.sound]
'Collatz.Research.RefinementAtlas.Batch012.even_cutoff_5_5' depends on axioms: [propext, Classical.choice, Quot.sound]
'Collatz.Research.RefinementAtlas.Batch012.odd_cleared_5_5' depends on axioms: [propext, Classical.choice, Quot.sound]
'Collatz.Research.RefinementAtlas.Batch013.data_5_6' does not depend on any axioms
'Collatz.Research.RefinementAtlas.Batch013.gap_5_6' does not depend on any axioms
'Collatz.Research.RefinementAtlas.Batch013.cutoff_5_6' does not depend on any axioms
'Collatz.Research.RefinementAtlas.Batch013.even_endpoint_5_6' depends on axioms: [propext, Quot.sound]
'Collatz.Research.RefinementAtlas.Batch013.odd_endpoint_5_6' depends on axioms: [propext, Quot.sound]
'Collatz.Research.RefinementAtlas.Batch013.even_cutoff_5_6' depends on axioms: [propext, Classical.choice, Quot.sound]
'Collatz.Research.RefinementAtlas.Batch013.odd_cleared_5_6' depends on axioms: [propext, Classical.choice, Quot.sound]
'Collatz.Research.RefinementAtlas.Batch013.data_5_8' does not depend on any axioms
'Collatz.Research.RefinementAtlas.Batch013.gap_5_8' does not depend on any axioms
'Collatz.Research.RefinementAtlas.Batch013.cutoff_5_8' does not depend on any axioms
'Collatz.Research.RefinementAtlas.Batch013.even_endpoint_5_8' depends on axioms: [propext, Quot.sound]
'Collatz.Research.RefinementAtlas.Batch013.odd_endpoint_5_8' depends on axioms: [propext, Quot.sound]
'Collatz.Research.RefinementAtlas.Batch013.even_cutoff_5_8' depends on axioms: [propext, Classical.choice, Quot.sound]
'Collatz.Research.RefinementAtlas.Batch013.odd_cleared_5_8' depends on axioms: [propext, Classical.choice, Quot.sound]
'Collatz.Research.RefinementAtlas.Batch013.data_5_10' does not depend on any axioms
'Collatz.Research.RefinementAtlas.Batch013.gap_5_10' does not depend on any axioms
'Collatz.Research.RefinementAtlas.Batch013.cutoff_5_10' does not depend on any axioms
'Collatz.Research.RefinementAtlas.Batch013.even_endpoint_5_10' depends on axioms: [propext, Quot.sound]
'Collatz.Research.RefinementAtlas.Batch013.odd_endpoint_5_10' depends on axioms: [propext, Quot.sound]
'Collatz.Research.RefinementAtlas.Batch013.even_cutoff_5_10' depends on axioms: [propext, Classical.choice, Quot.sound]
'Collatz.Research.RefinementAtlas.Batch013.odd_cleared_5_10' depends on axioms: [propext, Classical.choice, Quot.sound]
'Collatz.Research.RefinementAtlas.Batch014.data_5_11' does not depend on any axioms
'Collatz.Research.RefinementAtlas.Batch014.gap_5_11' does not depend on any axioms
'Collatz.Research.RefinementAtlas.Batch014.cutoff_5_11' does not depend on any axioms
'Collatz.Research.RefinementAtlas.Batch014.even_endpoint_5_11' depends on axioms: [propext, Quot.sound]
'Collatz.Research.RefinementAtlas.Batch014.odd_endpoint_5_11' depends on axioms: [propext, Quot.sound]
'Collatz.Research.RefinementAtlas.Batch014.even_cutoff_5_11' depends on axioms: [propext, Classical.choice, Quot.sound]
'Collatz.Research.RefinementAtlas.Batch014.odd_cleared_5_11' depends on axioms: [propext, Classical.choice, Quot.sound]
'Collatz.Research.RefinementAtlas.Batch014.data_5_12' does not depend on any axioms
'Collatz.Research.RefinementAtlas.Batch014.gap_5_12' does not depend on any axioms
'Collatz.Research.RefinementAtlas.Batch014.cutoff_5_12' does not depend on any axioms
'Collatz.Research.RefinementAtlas.Batch014.even_endpoint_5_12' depends on axioms: [propext, Quot.sound]
'Collatz.Research.RefinementAtlas.Batch014.odd_endpoint_5_12' depends on axioms: [propext, Quot.sound]
'Collatz.Research.RefinementAtlas.Batch014.even_cutoff_5_12' depends on axioms: [propext, Classical.choice, Quot.sound]
'Collatz.Research.RefinementAtlas.Batch014.odd_cleared_5_12' depends on axioms: [propext, Classical.choice, Quot.sound]
'Collatz.Research.RefinementAtlas.Batch014.data_5_13' does not depend on any axioms
'Collatz.Research.RefinementAtlas.Batch014.gap_5_13' does not depend on any axioms
'Collatz.Research.RefinementAtlas.Batch014.cutoff_5_13' does not depend on any axioms
'Collatz.Research.RefinementAtlas.Batch014.even_endpoint_5_13' depends on axioms: [propext, Quot.sound]
'Collatz.Research.RefinementAtlas.Batch014.odd_endpoint_5_13' depends on axioms: [propext, Quot.sound]
'Collatz.Research.RefinementAtlas.Batch014.even_cutoff_5_13' depends on axioms: [propext, Classical.choice, Quot.sound]
'Collatz.Research.RefinementAtlas.Batch014.odd_cleared_5_13' depends on axioms: [propext, Classical.choice, Quot.sound]
'Collatz.Research.RefinementAtlas.Batch015.data_5_14' does not depend on any axioms
'Collatz.Research.RefinementAtlas.Batch015.gap_5_14' does not depend on any axioms
'Collatz.Research.RefinementAtlas.Batch015.cutoff_5_14' does not depend on any axioms
'Collatz.Research.RefinementAtlas.Batch015.even_endpoint_5_14' depends on axioms: [propext, Quot.sound]
'Collatz.Research.RefinementAtlas.Batch015.odd_endpoint_5_14' depends on axioms: [propext, Quot.sound]
'Collatz.Research.RefinementAtlas.Batch015.even_cutoff_5_14' depends on axioms: [propext, Classical.choice, Quot.sound]
'Collatz.Research.RefinementAtlas.Batch015.odd_cleared_5_14' depends on axioms: [propext, Classical.choice, Quot.sound]
'Collatz.Research.RefinementAtlas.Batch015.data_5_16' does not depend on any axioms
'Collatz.Research.RefinementAtlas.Batch015.gap_5_16' does not depend on any axioms
'Collatz.Research.RefinementAtlas.Batch015.cutoff_5_16' does not depend on any axioms
'Collatz.Research.RefinementAtlas.Batch015.even_endpoint_5_16' depends on axioms: [propext, Quot.sound]
'Collatz.Research.RefinementAtlas.Batch015.odd_endpoint_5_16' depends on axioms: [propext, Quot.sound]
'Collatz.Research.RefinementAtlas.Batch015.even_cutoff_5_16' depends on axioms: [propext, Classical.choice, Quot.sound]
'Collatz.Research.RefinementAtlas.Batch015.odd_cleared_5_16' depends on axioms: [propext, Classical.choice, Quot.sound]
'Collatz.Research.RefinementAtlas.Batch015.data_5_17' does not depend on any axioms
'Collatz.Research.RefinementAtlas.Batch015.gap_5_17' does not depend on any axioms
'Collatz.Research.RefinementAtlas.Batch015.cutoff_5_17' does not depend on any axioms
'Collatz.Research.RefinementAtlas.Batch015.even_endpoint_5_17' depends on axioms: [propext, Quot.sound]
'Collatz.Research.RefinementAtlas.Batch015.odd_endpoint_5_17' depends on axioms: [propext, Quot.sound]
'Collatz.Research.RefinementAtlas.Batch015.even_cutoff_5_17' depends on axioms: [propext, Classical.choice, Quot.sound]
'Collatz.Research.RefinementAtlas.Batch015.odd_cleared_5_17' depends on axioms: [propext, Classical.choice, Quot.sound]
'Collatz.Research.RefinementAtlas.Batch016.data_5_18' does not depend on any axioms
'Collatz.Research.RefinementAtlas.Batch016.gap_5_18' does not depend on any axioms
'Collatz.Research.RefinementAtlas.Batch016.cutoff_5_18' does not depend on any axioms
'Collatz.Research.RefinementAtlas.Batch016.even_endpoint_5_18' depends on axioms: [propext, Quot.sound]
'Collatz.Research.RefinementAtlas.Batch016.odd_endpoint_5_18' depends on axioms: [propext, Quot.sound]
'Collatz.Research.RefinementAtlas.Batch016.even_cutoff_5_18' depends on axioms: [propext, Classical.choice, Quot.sound]
'Collatz.Research.RefinementAtlas.Batch016.odd_cleared_5_18' depends on axioms: [propext, Classical.choice, Quot.sound]
'Collatz.Research.RefinementAtlas.Batch016.data_5_19' does not depend on any axioms
'Collatz.Research.RefinementAtlas.Batch016.gap_5_19' does not depend on any axioms
'Collatz.Research.RefinementAtlas.Batch016.cutoff_5_19' does not depend on any axioms
'Collatz.Research.RefinementAtlas.Batch016.even_endpoint_5_19' depends on axioms: [propext, Quot.sound]
'Collatz.Research.RefinementAtlas.Batch016.odd_endpoint_5_19' depends on axioms: [propext, Quot.sound]
'Collatz.Research.RefinementAtlas.Batch016.even_cutoff_5_19' depends on axioms: [propext, Classical.choice, Quot.sound]
'Collatz.Research.RefinementAtlas.Batch016.odd_cleared_5_19' depends on axioms: [propext, Classical.choice, Quot.sound]
'Collatz.Research.RefinementAtlas.Batch016.data_5_20' does not depend on any axioms
'Collatz.Research.RefinementAtlas.Batch016.gap_5_20' does not depend on any axioms
'Collatz.Research.RefinementAtlas.Batch016.cutoff_5_20' does not depend on any axioms
'Collatz.Research.RefinementAtlas.Batch016.even_endpoint_5_20' depends on axioms: [propext, Quot.sound]
'Collatz.Research.RefinementAtlas.Batch016.odd_endpoint_5_20' depends on axioms: [propext, Quot.sound]
'Collatz.Research.RefinementAtlas.Batch016.even_cutoff_5_20' depends on axioms: [propext, Classical.choice, Quot.sound]
'Collatz.Research.RefinementAtlas.Batch016.odd_cleared_5_20' depends on axioms: [propext, Classical.choice, Quot.sound]
'Collatz.Research.RefinementAtlas.Batch017.data_5_21' does not depend on any axioms
'Collatz.Research.RefinementAtlas.Batch017.gap_5_21' does not depend on any axioms
'Collatz.Research.RefinementAtlas.Batch017.cutoff_5_21' does not depend on any axioms
'Collatz.Research.RefinementAtlas.Batch017.even_endpoint_5_21' depends on axioms: [propext, Quot.sound]
'Collatz.Research.RefinementAtlas.Batch017.odd_endpoint_5_21' depends on axioms: [propext, Quot.sound]
'Collatz.Research.RefinementAtlas.Batch017.even_cutoff_5_21' depends on axioms: [propext, Classical.choice, Quot.sound]
'Collatz.Research.RefinementAtlas.Batch017.odd_cleared_5_21' depends on axioms: [propext, Classical.choice, Quot.sound]
'Collatz.Research.RefinementAtlas.Batch017.data_5_22' does not depend on any axioms
'Collatz.Research.RefinementAtlas.Batch017.gap_5_22' does not depend on any axioms
'Collatz.Research.RefinementAtlas.Batch017.cutoff_5_22' does not depend on any axioms
'Collatz.Research.RefinementAtlas.Batch017.even_endpoint_5_22' depends on axioms: [propext, Quot.sound]
'Collatz.Research.RefinementAtlas.Batch017.odd_endpoint_5_22' depends on axioms: [propext, Quot.sound]
'Collatz.Research.RefinementAtlas.Batch017.even_cutoff_5_22' depends on axioms: [propext, Classical.choice, Quot.sound]
'Collatz.Research.RefinementAtlas.Batch017.odd_cleared_5_22' depends on axioms: [propext, Classical.choice, Quot.sound]
'Collatz.Research.RefinementAtlas.Batch017.data_5_23' does not depend on any axioms
'Collatz.Research.RefinementAtlas.Batch017.gap_5_23' does not depend on any axioms
'Collatz.Research.RefinementAtlas.Batch017.cutoff_5_23' does not depend on any axioms
'Collatz.Research.RefinementAtlas.Batch017.even_endpoint_5_23' depends on axioms: [propext, Quot.sound]
'Collatz.Research.RefinementAtlas.Batch017.odd_endpoint_5_23' depends on axioms: [propext, Quot.sound]
'Collatz.Research.RefinementAtlas.Batch017.even_cutoff_5_23' depends on axioms: [propext, Classical.choice, Quot.sound]
'Collatz.Research.RefinementAtlas.Batch017.odd_cleared_5_23' depends on axioms: [propext, Classical.choice, Quot.sound]
'Collatz.Research.RefinementAtlas.Batch018.data_5_24' does not depend on any axioms
'Collatz.Research.RefinementAtlas.Batch018.gap_5_24' does not depend on any axioms
'Collatz.Research.RefinementAtlas.Batch018.cutoff_5_24' does not depend on any axioms
'Collatz.Research.RefinementAtlas.Batch018.even_endpoint_5_24' depends on axioms: [propext, Quot.sound]
'Collatz.Research.RefinementAtlas.Batch018.odd_endpoint_5_24' depends on axioms: [propext, Quot.sound]
'Collatz.Research.RefinementAtlas.Batch018.even_cutoff_5_24' depends on axioms: [propext, Classical.choice, Quot.sound]
'Collatz.Research.RefinementAtlas.Batch018.odd_cleared_5_24' depends on axioms: [propext, Classical.choice, Quot.sound]
'Collatz.Research.RefinementAtlas.Batch018.data_5_25' does not depend on any axioms
'Collatz.Research.RefinementAtlas.Batch018.gap_5_25' does not depend on any axioms
'Collatz.Research.RefinementAtlas.Batch018.cutoff_5_25' does not depend on any axioms
'Collatz.Research.RefinementAtlas.Batch018.even_endpoint_5_25' depends on axioms: [propext, Quot.sound]
'Collatz.Research.RefinementAtlas.Batch018.odd_endpoint_5_25' depends on axioms: [propext, Quot.sound]
'Collatz.Research.RefinementAtlas.Batch018.even_cutoff_5_25' depends on axioms: [propext, Classical.choice, Quot.sound]
'Collatz.Research.RefinementAtlas.Batch018.odd_cleared_5_25' depends on axioms: [propext, Classical.choice, Quot.sound]
'Collatz.Research.RefinementAtlas.Batch018.data_5_26' does not depend on any axioms
'Collatz.Research.RefinementAtlas.Batch018.gap_5_26' does not depend on any axioms
'Collatz.Research.RefinementAtlas.Batch018.cutoff_5_26' does not depend on any axioms
'Collatz.Research.RefinementAtlas.Batch018.even_endpoint_5_26' depends on axioms: [propext, Quot.sound]
'Collatz.Research.RefinementAtlas.Batch018.odd_endpoint_5_26' depends on axioms: [propext, Quot.sound]
'Collatz.Research.RefinementAtlas.Batch018.even_cutoff_5_26' depends on axioms: [propext, Classical.choice, Quot.sound]
'Collatz.Research.RefinementAtlas.Batch018.odd_cleared_5_26' depends on axioms: [propext, Classical.choice, Quot.sound]
'Collatz.Research.RefinementAtlas.Batch019.data_5_28' does not depend on any axioms
'Collatz.Research.RefinementAtlas.Batch019.gap_5_28' does not depend on any axioms
'Collatz.Research.RefinementAtlas.Batch019.cutoff_5_28' does not depend on any axioms
'Collatz.Research.RefinementAtlas.Batch019.even_endpoint_5_28' depends on axioms: [propext, Quot.sound]
'Collatz.Research.RefinementAtlas.Batch019.odd_endpoint_5_28' depends on axioms: [propext, Quot.sound]
'Collatz.Research.RefinementAtlas.Batch019.even_cutoff_5_28' depends on axioms: [propext, Classical.choice, Quot.sound]
'Collatz.Research.RefinementAtlas.Batch019.odd_cleared_5_28' depends on axioms: [propext, Classical.choice, Quot.sound]
'Collatz.Research.RefinementAtlas.Batch019.data_5_29' does not depend on any axioms
'Collatz.Research.RefinementAtlas.Batch019.gap_5_29' does not depend on any axioms
'Collatz.Research.RefinementAtlas.Batch019.cutoff_5_29' does not depend on any axioms
'Collatz.Research.RefinementAtlas.Batch019.even_endpoint_5_29' depends on axioms: [propext, Quot.sound]
'Collatz.Research.RefinementAtlas.Batch019.odd_endpoint_5_29' depends on axioms: [propext, Quot.sound]
'Collatz.Research.RefinementAtlas.Batch019.even_cutoff_5_29' depends on axioms: [propext, Classical.choice, Quot.sound]
'Collatz.Research.RefinementAtlas.Batch019.odd_cleared_5_29' depends on axioms: [propext, Classical.choice, Quot.sound]
'Collatz.Research.RefinementAtlas.Batch019.data_6_3' does not depend on any axioms
'Collatz.Research.RefinementAtlas.Batch019.gap_6_3' does not depend on any axioms
'Collatz.Research.RefinementAtlas.Batch019.cutoff_6_3' does not depend on any axioms
'Collatz.Research.RefinementAtlas.Batch019.even_endpoint_6_3' depends on axioms: [propext, Quot.sound]
'Collatz.Research.RefinementAtlas.Batch019.odd_endpoint_6_3' depends on axioms: [propext, Quot.sound]
'Collatz.Research.RefinementAtlas.Batch019.even_cutoff_6_3' depends on axioms: [propext, Classical.choice, Quot.sound]
'Collatz.Research.RefinementAtlas.Batch019.odd_cleared_6_3' depends on axioms: [propext, Classical.choice, Quot.sound]
'Collatz.Research.RefinementAtlas.Batch020.data_6_4' does not depend on any axioms
'Collatz.Research.RefinementAtlas.Batch020.gap_6_4' does not depend on any axioms
'Collatz.Research.RefinementAtlas.Batch020.cutoff_6_4' does not depend on any axioms
'Collatz.Research.RefinementAtlas.Batch020.even_endpoint_6_4' depends on axioms: [propext, Quot.sound]
'Collatz.Research.RefinementAtlas.Batch020.odd_endpoint_6_4' depends on axioms: [propext, Quot.sound]
'Collatz.Research.RefinementAtlas.Batch020.even_cutoff_6_4' depends on axioms: [propext, Classical.choice, Quot.sound]
'Collatz.Research.RefinementAtlas.Batch020.odd_cleared_6_4' depends on axioms: [propext, Classical.choice, Quot.sound]
'Collatz.Research.RefinementAtlas.Batch020.data_6_5' does not depend on any axioms
'Collatz.Research.RefinementAtlas.Batch020.gap_6_5' does not depend on any axioms
'Collatz.Research.RefinementAtlas.Batch020.cutoff_6_5' does not depend on any axioms
'Collatz.Research.RefinementAtlas.Batch020.even_endpoint_6_5' depends on axioms: [propext, Quot.sound]
'Collatz.Research.RefinementAtlas.Batch020.odd_endpoint_6_5' depends on axioms: [propext, Quot.sound]
'Collatz.Research.RefinementAtlas.Batch020.even_cutoff_6_5' depends on axioms: [propext, Classical.choice, Quot.sound]
'Collatz.Research.RefinementAtlas.Batch020.odd_cleared_6_5' depends on axioms: [propext, Classical.choice, Quot.sound]
'Collatz.Research.RefinementAtlas.Batch020.data_6_6' does not depend on any axioms
'Collatz.Research.RefinementAtlas.Batch020.gap_6_6' does not depend on any axioms
'Collatz.Research.RefinementAtlas.Batch020.cutoff_6_6' does not depend on any axioms
'Collatz.Research.RefinementAtlas.Batch020.even_endpoint_6_6' depends on axioms: [propext, Quot.sound]
'Collatz.Research.RefinementAtlas.Batch020.odd_endpoint_6_6' depends on axioms: [propext, Quot.sound]
'Collatz.Research.RefinementAtlas.Batch020.even_cutoff_6_6' depends on axioms: [propext, Classical.choice, Quot.sound]
'Collatz.Research.RefinementAtlas.Batch020.odd_cleared_6_6' depends on axioms: [propext, Classical.choice, Quot.sound]
'Collatz.Research.RefinementAtlas.Batch021.data_6_8' does not depend on any axioms
'Collatz.Research.RefinementAtlas.Batch021.gap_6_8' does not depend on any axioms
'Collatz.Research.RefinementAtlas.Batch021.cutoff_6_8' does not depend on any axioms
'Collatz.Research.RefinementAtlas.Batch021.even_endpoint_6_8' depends on axioms: [propext, Quot.sound]
'Collatz.Research.RefinementAtlas.Batch021.odd_endpoint_6_8' depends on axioms: [propext, Quot.sound]
'Collatz.Research.RefinementAtlas.Batch021.even_cutoff_6_8' depends on axioms: [propext, Classical.choice, Quot.sound]
'Collatz.Research.RefinementAtlas.Batch021.odd_cleared_6_8' depends on axioms: [propext, Classical.choice, Quot.sound]
'Collatz.Research.RefinementAtlas.Batch021.data_6_10' does not depend on any axioms
'Collatz.Research.RefinementAtlas.Batch021.gap_6_10' does not depend on any axioms
'Collatz.Research.RefinementAtlas.Batch021.cutoff_6_10' does not depend on any axioms
'Collatz.Research.RefinementAtlas.Batch021.even_endpoint_6_10' depends on axioms: [propext, Quot.sound]
'Collatz.Research.RefinementAtlas.Batch021.odd_endpoint_6_10' depends on axioms: [propext, Quot.sound]
'Collatz.Research.RefinementAtlas.Batch021.even_cutoff_6_10' depends on axioms: [propext, Classical.choice, Quot.sound]
'Collatz.Research.RefinementAtlas.Batch021.odd_cleared_6_10' depends on axioms: [propext, Classical.choice, Quot.sound]
'Collatz.Research.RefinementAtlas.Batch021.data_6_11' does not depend on any axioms
'Collatz.Research.RefinementAtlas.Batch021.gap_6_11' does not depend on any axioms
'Collatz.Research.RefinementAtlas.Batch021.cutoff_6_11' does not depend on any axioms
'Collatz.Research.RefinementAtlas.Batch021.even_endpoint_6_11' depends on axioms: [propext, Quot.sound]
'Collatz.Research.RefinementAtlas.Batch021.odd_endpoint_6_11' depends on axioms: [propext, Quot.sound]
'Collatz.Research.RefinementAtlas.Batch021.even_cutoff_6_11' depends on axioms: [propext, Classical.choice, Quot.sound]
'Collatz.Research.RefinementAtlas.Batch021.odd_cleared_6_11' depends on axioms: [propext, Classical.choice, Quot.sound]
'Collatz.Research.RefinementAtlas.Batch022.data_6_12' does not depend on any axioms
'Collatz.Research.RefinementAtlas.Batch022.gap_6_12' does not depend on any axioms
'Collatz.Research.RefinementAtlas.Batch022.cutoff_6_12' does not depend on any axioms
'Collatz.Research.RefinementAtlas.Batch022.even_endpoint_6_12' depends on axioms: [propext, Quot.sound]
'Collatz.Research.RefinementAtlas.Batch022.odd_endpoint_6_12' depends on axioms: [propext, Quot.sound]
'Collatz.Research.RefinementAtlas.Batch022.even_cutoff_6_12' depends on axioms: [propext, Classical.choice, Quot.sound]
'Collatz.Research.RefinementAtlas.Batch022.odd_cleared_6_12' depends on axioms: [propext, Classical.choice, Quot.sound]
'Collatz.Research.RefinementAtlas.Batch022.data_6_13' does not depend on any axioms
'Collatz.Research.RefinementAtlas.Batch022.gap_6_13' does not depend on any axioms
'Collatz.Research.RefinementAtlas.Batch022.cutoff_6_13' does not depend on any axioms
'Collatz.Research.RefinementAtlas.Batch022.even_endpoint_6_13' depends on axioms: [propext, Quot.sound]
'Collatz.Research.RefinementAtlas.Batch022.odd_endpoint_6_13' depends on axioms: [propext, Quot.sound]
'Collatz.Research.RefinementAtlas.Batch022.even_cutoff_6_13' depends on axioms: [propext, Classical.choice, Quot.sound]
'Collatz.Research.RefinementAtlas.Batch022.odd_cleared_6_13' depends on axioms: [propext, Classical.choice, Quot.sound]
'Collatz.Research.RefinementAtlas.Batch022.data_6_16' does not depend on any axioms
'Collatz.Research.RefinementAtlas.Batch022.gap_6_16' does not depend on any axioms
'Collatz.Research.RefinementAtlas.Batch022.cutoff_6_16' does not depend on any axioms
'Collatz.Research.RefinementAtlas.Batch022.even_endpoint_6_16' depends on axioms: [propext, Quot.sound]
'Collatz.Research.RefinementAtlas.Batch022.odd_endpoint_6_16' depends on axioms: [propext, Quot.sound]
'Collatz.Research.RefinementAtlas.Batch022.even_cutoff_6_16' depends on axioms: [propext, Classical.choice, Quot.sound]
'Collatz.Research.RefinementAtlas.Batch022.odd_cleared_6_16' depends on axioms: [propext, Classical.choice, Quot.sound]
'Collatz.Research.RefinementAtlas.Batch023.data_6_17' does not depend on any axioms
'Collatz.Research.RefinementAtlas.Batch023.gap_6_17' does not depend on any axioms
'Collatz.Research.RefinementAtlas.Batch023.cutoff_6_17' does not depend on any axioms
'Collatz.Research.RefinementAtlas.Batch023.even_endpoint_6_17' depends on axioms: [propext, Quot.sound]
'Collatz.Research.RefinementAtlas.Batch023.odd_endpoint_6_17' depends on axioms: [propext, Quot.sound]
'Collatz.Research.RefinementAtlas.Batch023.even_cutoff_6_17' depends on axioms: [propext, Classical.choice, Quot.sound]
'Collatz.Research.RefinementAtlas.Batch023.odd_cleared_6_17' depends on axioms: [propext, Classical.choice, Quot.sound]
'Collatz.Research.RefinementAtlas.Batch023.data_6_20' does not depend on any axioms
'Collatz.Research.RefinementAtlas.Batch023.gap_6_20' does not depend on any axioms
'Collatz.Research.RefinementAtlas.Batch023.cutoff_6_20' does not depend on any axioms
'Collatz.Research.RefinementAtlas.Batch023.even_endpoint_6_20' depends on axioms: [propext, Quot.sound]
'Collatz.Research.RefinementAtlas.Batch023.odd_endpoint_6_20' depends on axioms: [propext, Quot.sound]
'Collatz.Research.RefinementAtlas.Batch023.even_cutoff_6_20' depends on axioms: [propext, Classical.choice, Quot.sound]
'Collatz.Research.RefinementAtlas.Batch023.odd_cleared_6_20' depends on axioms: [propext, Classical.choice, Quot.sound]
'Collatz.Research.RefinementAtlas.Batch023.data_6_21' does not depend on any axioms
'Collatz.Research.RefinementAtlas.Batch023.gap_6_21' does not depend on any axioms
'Collatz.Research.RefinementAtlas.Batch023.cutoff_6_21' does not depend on any axioms
'Collatz.Research.RefinementAtlas.Batch023.even_endpoint_6_21' depends on axioms: [propext, Quot.sound]
'Collatz.Research.RefinementAtlas.Batch023.odd_endpoint_6_21' depends on axioms: [propext, Quot.sound]
'Collatz.Research.RefinementAtlas.Batch023.even_cutoff_6_21' depends on axioms: [propext, Classical.choice, Quot.sound]
'Collatz.Research.RefinementAtlas.Batch023.odd_cleared_6_21' depends on axioms: [propext, Classical.choice, Quot.sound]
'Collatz.Research.RefinementAtlas.Batch024.data_6_22' does not depend on any axioms
'Collatz.Research.RefinementAtlas.Batch024.gap_6_22' does not depend on any axioms
'Collatz.Research.RefinementAtlas.Batch024.cutoff_6_22' does not depend on any axioms
'Collatz.Research.RefinementAtlas.Batch024.even_endpoint_6_22' depends on axioms: [propext, Quot.sound]
'Collatz.Research.RefinementAtlas.Batch024.odd_endpoint_6_22' depends on axioms: [propext, Quot.sound]
'Collatz.Research.RefinementAtlas.Batch024.even_cutoff_6_22' depends on axioms: [propext, Classical.choice, Quot.sound]
'Collatz.Research.RefinementAtlas.Batch024.odd_cleared_6_22' depends on axioms: [propext, Classical.choice, Quot.sound]
'Collatz.Research.RefinementAtlas.Batch024.data_6_23' does not depend on any axioms
'Collatz.Research.RefinementAtlas.Batch024.gap_6_23' does not depend on any axioms
'Collatz.Research.RefinementAtlas.Batch024.cutoff_6_23' does not depend on any axioms
'Collatz.Research.RefinementAtlas.Batch024.even_endpoint_6_23' depends on axioms: [propext, Quot.sound]
'Collatz.Research.RefinementAtlas.Batch024.odd_endpoint_6_23' depends on axioms: [propext, Quot.sound]
'Collatz.Research.RefinementAtlas.Batch024.even_cutoff_6_23' depends on axioms: [propext, Classical.choice, Quot.sound]
'Collatz.Research.RefinementAtlas.Batch024.odd_cleared_6_23' depends on axioms: [propext, Classical.choice, Quot.sound]
'Collatz.Research.RefinementAtlas.Batch024.data_6_24' does not depend on any axioms
'Collatz.Research.RefinementAtlas.Batch024.gap_6_24' does not depend on any axioms
'Collatz.Research.RefinementAtlas.Batch024.cutoff_6_24' does not depend on any axioms
'Collatz.Research.RefinementAtlas.Batch024.even_endpoint_6_24' depends on axioms: [propext, Quot.sound]
'Collatz.Research.RefinementAtlas.Batch024.odd_endpoint_6_24' depends on axioms: [propext, Quot.sound]
'Collatz.Research.RefinementAtlas.Batch024.even_cutoff_6_24' depends on axioms: [propext, Classical.choice, Quot.sound]
'Collatz.Research.RefinementAtlas.Batch024.odd_cleared_6_24' depends on axioms: [propext, Classical.choice, Quot.sound]
'Collatz.Research.RefinementAtlas.Batch025.data_6_25' does not depend on any axioms
'Collatz.Research.RefinementAtlas.Batch025.gap_6_25' does not depend on any axioms
'Collatz.Research.RefinementAtlas.Batch025.cutoff_6_25' does not depend on any axioms
'Collatz.Research.RefinementAtlas.Batch025.even_endpoint_6_25' depends on axioms: [propext, Quot.sound]
'Collatz.Research.RefinementAtlas.Batch025.odd_endpoint_6_25' depends on axioms: [propext, Quot.sound]
'Collatz.Research.RefinementAtlas.Batch025.even_cutoff_6_25' depends on axioms: [propext, Classical.choice, Quot.sound]
'Collatz.Research.RefinementAtlas.Batch025.odd_cleared_6_25' depends on axioms: [propext, Classical.choice, Quot.sound]
'Collatz.Research.RefinementAtlas.Batch025.data_6_26' does not depend on any axioms
'Collatz.Research.RefinementAtlas.Batch025.gap_6_26' does not depend on any axioms
'Collatz.Research.RefinementAtlas.Batch025.cutoff_6_26' does not depend on any axioms
'Collatz.Research.RefinementAtlas.Batch025.even_endpoint_6_26' depends on axioms: [propext, Quot.sound]
'Collatz.Research.RefinementAtlas.Batch025.odd_endpoint_6_26' depends on axioms: [propext, Quot.sound]
'Collatz.Research.RefinementAtlas.Batch025.even_cutoff_6_26' depends on axioms: [propext, Classical.choice, Quot.sound]
'Collatz.Research.RefinementAtlas.Batch025.odd_cleared_6_26' depends on axioms: [propext, Classical.choice, Quot.sound]
'Collatz.Research.RefinementAtlas.Batch025.data_6_28' does not depend on any axioms
'Collatz.Research.RefinementAtlas.Batch025.gap_6_28' does not depend on any axioms
'Collatz.Research.RefinementAtlas.Batch025.cutoff_6_28' does not depend on any axioms
'Collatz.Research.RefinementAtlas.Batch025.even_endpoint_6_28' depends on axioms: [propext, Quot.sound]
'Collatz.Research.RefinementAtlas.Batch025.odd_endpoint_6_28' depends on axioms: [propext, Quot.sound]
'Collatz.Research.RefinementAtlas.Batch025.even_cutoff_6_28' depends on axioms: [propext, Classical.choice, Quot.sound]
'Collatz.Research.RefinementAtlas.Batch025.odd_cleared_6_28' depends on axioms: [propext, Classical.choice, Quot.sound]
'Collatz.Research.RefinementAtlas.Batch026.data_6_29' does not depend on any axioms
'Collatz.Research.RefinementAtlas.Batch026.gap_6_29' does not depend on any axioms
'Collatz.Research.RefinementAtlas.Batch026.cutoff_6_29' does not depend on any axioms
'Collatz.Research.RefinementAtlas.Batch026.even_endpoint_6_29' depends on axioms: [propext, Quot.sound]
'Collatz.Research.RefinementAtlas.Batch026.odd_endpoint_6_29' depends on axioms: [propext, Quot.sound]
'Collatz.Research.RefinementAtlas.Batch026.even_cutoff_6_29' depends on axioms: [propext, Classical.choice, Quot.sound]
'Collatz.Research.RefinementAtlas.Batch026.odd_cleared_6_29' depends on axioms: [propext, Classical.choice, Quot.sound]
'Collatz.Research.RefinementAtlas.Batch026.data_6_32' does not depend on any axioms
'Collatz.Research.RefinementAtlas.Batch026.gap_6_32' does not depend on any axioms
'Collatz.Research.RefinementAtlas.Batch026.cutoff_6_32' does not depend on any axioms
'Collatz.Research.RefinementAtlas.Batch026.even_endpoint_6_32' depends on axioms: [propext, Quot.sound]
'Collatz.Research.RefinementAtlas.Batch026.odd_endpoint_6_32' depends on axioms: [propext, Quot.sound]
'Collatz.Research.RefinementAtlas.Batch026.even_cutoff_6_32' depends on axioms: [propext, Classical.choice, Quot.sound]
'Collatz.Research.RefinementAtlas.Batch026.odd_cleared_6_32' depends on axioms: [propext, Classical.choice, Quot.sound]
'Collatz.Research.RefinementAtlas.Batch026.data_6_34' does not depend on any axioms
'Collatz.Research.RefinementAtlas.Batch026.gap_6_34' does not depend on any axioms
'Collatz.Research.RefinementAtlas.Batch026.cutoff_6_34' does not depend on any axioms
'Collatz.Research.RefinementAtlas.Batch026.even_endpoint_6_34' depends on axioms: [propext, Quot.sound]
'Collatz.Research.RefinementAtlas.Batch026.odd_endpoint_6_34' depends on axioms: [propext, Quot.sound]
'Collatz.Research.RefinementAtlas.Batch026.even_cutoff_6_34' depends on axioms: [propext, Classical.choice, Quot.sound]
'Collatz.Research.RefinementAtlas.Batch026.odd_cleared_6_34' depends on axioms: [propext, Classical.choice, Quot.sound]
'Collatz.Research.RefinementAtlas.Batch027.data_6_35' does not depend on any axioms
'Collatz.Research.RefinementAtlas.Batch027.gap_6_35' does not depend on any axioms
'Collatz.Research.RefinementAtlas.Batch027.cutoff_6_35' does not depend on any axioms
'Collatz.Research.RefinementAtlas.Batch027.even_endpoint_6_35' depends on axioms: [propext, Quot.sound]
'Collatz.Research.RefinementAtlas.Batch027.odd_endpoint_6_35' depends on axioms: [propext, Quot.sound]
'Collatz.Research.RefinementAtlas.Batch027.even_cutoff_6_35' depends on axioms: [propext, Classical.choice, Quot.sound]
'Collatz.Research.RefinementAtlas.Batch027.odd_cleared_6_35' depends on axioms: [propext, Classical.choice, Quot.sound]
'Collatz.Research.RefinementAtlas.Batch027.data_6_36' does not depend on any axioms
'Collatz.Research.RefinementAtlas.Batch027.gap_6_36' does not depend on any axioms
'Collatz.Research.RefinementAtlas.Batch027.cutoff_6_36' does not depend on any axioms
'Collatz.Research.RefinementAtlas.Batch027.even_endpoint_6_36' depends on axioms: [propext, Quot.sound]
'Collatz.Research.RefinementAtlas.Batch027.odd_endpoint_6_36' depends on axioms: [propext, Quot.sound]
'Collatz.Research.RefinementAtlas.Batch027.even_cutoff_6_36' depends on axioms: [propext, Classical.choice, Quot.sound]
'Collatz.Research.RefinementAtlas.Batch027.odd_cleared_6_36' depends on axioms: [propext, Classical.choice, Quot.sound]
'Collatz.Research.RefinementAtlas.Batch027.data_6_37' does not depend on any axioms
'Collatz.Research.RefinementAtlas.Batch027.gap_6_37' does not depend on any axioms
'Collatz.Research.RefinementAtlas.Batch027.cutoff_6_37' does not depend on any axioms
'Collatz.Research.RefinementAtlas.Batch027.even_endpoint_6_37' depends on axioms: [propext, Quot.sound]
'Collatz.Research.RefinementAtlas.Batch027.odd_endpoint_6_37' depends on axioms: [propext, Quot.sound]
'Collatz.Research.RefinementAtlas.Batch027.even_cutoff_6_37' depends on axioms: [propext, Classical.choice, Quot.sound]
'Collatz.Research.RefinementAtlas.Batch027.odd_cleared_6_37' depends on axioms: [propext, Classical.choice, Quot.sound]
'Collatz.Research.RefinementAtlas.Batch028.data_6_38' does not depend on any axioms
'Collatz.Research.RefinementAtlas.Batch028.gap_6_38' does not depend on any axioms
'Collatz.Research.RefinementAtlas.Batch028.cutoff_6_38' does not depend on any axioms
'Collatz.Research.RefinementAtlas.Batch028.even_endpoint_6_38' depends on axioms: [propext, Quot.sound]
'Collatz.Research.RefinementAtlas.Batch028.odd_endpoint_6_38' depends on axioms: [propext, Quot.sound]
'Collatz.Research.RefinementAtlas.Batch028.even_cutoff_6_38' depends on axioms: [propext, Classical.choice, Quot.sound]
'Collatz.Research.RefinementAtlas.Batch028.odd_cleared_6_38' depends on axioms: [propext, Classical.choice, Quot.sound]
'Collatz.Research.RefinementAtlas.Batch028.data_6_40' does not depend on any axioms
'Collatz.Research.RefinementAtlas.Batch028.gap_6_40' does not depend on any axioms
'Collatz.Research.RefinementAtlas.Batch028.cutoff_6_40' does not depend on any axioms
'Collatz.Research.RefinementAtlas.Batch028.even_endpoint_6_40' depends on axioms: [propext, Quot.sound]
'Collatz.Research.RefinementAtlas.Batch028.odd_endpoint_6_40' depends on axioms: [propext, Quot.sound]
'Collatz.Research.RefinementAtlas.Batch028.even_cutoff_6_40' depends on axioms: [propext, Classical.choice, Quot.sound]
'Collatz.Research.RefinementAtlas.Batch028.odd_cleared_6_40' depends on axioms: [propext, Classical.choice, Quot.sound]
'Collatz.Research.RefinementAtlas.Batch028.data_6_42' does not depend on any axioms
'Collatz.Research.RefinementAtlas.Batch028.gap_6_42' does not depend on any axioms
'Collatz.Research.RefinementAtlas.Batch028.cutoff_6_42' does not depend on any axioms
'Collatz.Research.RefinementAtlas.Batch028.even_endpoint_6_42' depends on axioms: [propext, Quot.sound]
'Collatz.Research.RefinementAtlas.Batch028.odd_endpoint_6_42' depends on axioms: [propext, Quot.sound]
'Collatz.Research.RefinementAtlas.Batch028.even_cutoff_6_42' depends on axioms: [propext, Classical.choice, Quot.sound]
'Collatz.Research.RefinementAtlas.Batch028.odd_cleared_6_42' depends on axioms: [propext, Classical.choice, Quot.sound]
'Collatz.Research.RefinementAtlas.Batch029.data_6_44' does not depend on any axioms
'Collatz.Research.RefinementAtlas.Batch029.gap_6_44' does not depend on any axioms
'Collatz.Research.RefinementAtlas.Batch029.cutoff_6_44' does not depend on any axioms
'Collatz.Research.RefinementAtlas.Batch029.even_endpoint_6_44' depends on axioms: [propext, Quot.sound]
'Collatz.Research.RefinementAtlas.Batch029.odd_endpoint_6_44' depends on axioms: [propext, Quot.sound]
'Collatz.Research.RefinementAtlas.Batch029.even_cutoff_6_44' depends on axioms: [propext, Classical.choice, Quot.sound]
'Collatz.Research.RefinementAtlas.Batch029.odd_cleared_6_44' depends on axioms: [propext, Classical.choice, Quot.sound]
'Collatz.Research.RefinementAtlas.Batch029.data_6_45' does not depend on any axioms
'Collatz.Research.RefinementAtlas.Batch029.gap_6_45' does not depend on any axioms
'Collatz.Research.RefinementAtlas.Batch029.cutoff_6_45' does not depend on any axioms
'Collatz.Research.RefinementAtlas.Batch029.even_endpoint_6_45' depends on axioms: [propext, Quot.sound]
'Collatz.Research.RefinementAtlas.Batch029.odd_endpoint_6_45' depends on axioms: [propext, Quot.sound]
'Collatz.Research.RefinementAtlas.Batch029.even_cutoff_6_45' depends on axioms: [propext, Classical.choice, Quot.sound]
'Collatz.Research.RefinementAtlas.Batch029.odd_cleared_6_45' depends on axioms: [propext, Classical.choice, Quot.sound]
'Collatz.Research.RefinementAtlas.Batch029.data_6_46' does not depend on any axioms
'Collatz.Research.RefinementAtlas.Batch029.gap_6_46' does not depend on any axioms
'Collatz.Research.RefinementAtlas.Batch029.cutoff_6_46' does not depend on any axioms
'Collatz.Research.RefinementAtlas.Batch029.even_endpoint_6_46' depends on axioms: [propext, Quot.sound]
'Collatz.Research.RefinementAtlas.Batch029.odd_endpoint_6_46' depends on axioms: [propext, Quot.sound]
'Collatz.Research.RefinementAtlas.Batch029.even_cutoff_6_46' depends on axioms: [propext, Classical.choice, Quot.sound]
'Collatz.Research.RefinementAtlas.Batch029.odd_cleared_6_46' depends on axioms: [propext, Classical.choice, Quot.sound]
'Collatz.Research.RefinementAtlas.Batch030.data_6_48' does not depend on any axioms
'Collatz.Research.RefinementAtlas.Batch030.gap_6_48' does not depend on any axioms
'Collatz.Research.RefinementAtlas.Batch030.cutoff_6_48' does not depend on any axioms
'Collatz.Research.RefinementAtlas.Batch030.even_endpoint_6_48' depends on axioms: [propext, Quot.sound]
'Collatz.Research.RefinementAtlas.Batch030.odd_endpoint_6_48' depends on axioms: [propext, Quot.sound]
'Collatz.Research.RefinementAtlas.Batch030.even_cutoff_6_48' depends on axioms: [propext, Classical.choice, Quot.sound]
'Collatz.Research.RefinementAtlas.Batch030.odd_cleared_6_48' depends on axioms: [propext, Classical.choice, Quot.sound]
'Collatz.Research.RefinementAtlas.Batch030.data_6_49' does not depend on any axioms
'Collatz.Research.RefinementAtlas.Batch030.gap_6_49' does not depend on any axioms
'Collatz.Research.RefinementAtlas.Batch030.cutoff_6_49' does not depend on any axioms
'Collatz.Research.RefinementAtlas.Batch030.even_endpoint_6_49' depends on axioms: [propext, Quot.sound]
'Collatz.Research.RefinementAtlas.Batch030.odd_endpoint_6_49' depends on axioms: [propext, Quot.sound]
'Collatz.Research.RefinementAtlas.Batch030.even_cutoff_6_49' depends on axioms: [propext, Classical.choice, Quot.sound]
'Collatz.Research.RefinementAtlas.Batch030.odd_cleared_6_49' depends on axioms: [propext, Classical.choice, Quot.sound]
'Collatz.Research.RefinementAtlas.Batch030.data_6_50' does not depend on any axioms
'Collatz.Research.RefinementAtlas.Batch030.gap_6_50' does not depend on any axioms
'Collatz.Research.RefinementAtlas.Batch030.cutoff_6_50' does not depend on any axioms
'Collatz.Research.RefinementAtlas.Batch030.even_endpoint_6_50' depends on axioms: [propext, Quot.sound]
'Collatz.Research.RefinementAtlas.Batch030.odd_endpoint_6_50' depends on axioms: [propext, Quot.sound]
'Collatz.Research.RefinementAtlas.Batch030.even_cutoff_6_50' depends on axioms: [propext, Classical.choice, Quot.sound]
'Collatz.Research.RefinementAtlas.Batch030.odd_cleared_6_50' depends on axioms: [propext, Classical.choice, Quot.sound]
'Collatz.Research.RefinementAtlas.Batch031.data_6_51' does not depend on any axioms
'Collatz.Research.RefinementAtlas.Batch031.gap_6_51' does not depend on any axioms
'Collatz.Research.RefinementAtlas.Batch031.cutoff_6_51' does not depend on any axioms
'Collatz.Research.RefinementAtlas.Batch031.even_endpoint_6_51' depends on axioms: [propext, Quot.sound]
'Collatz.Research.RefinementAtlas.Batch031.odd_endpoint_6_51' depends on axioms: [propext, Quot.sound]
'Collatz.Research.RefinementAtlas.Batch031.even_cutoff_6_51' depends on axioms: [propext, Classical.choice, Quot.sound]
'Collatz.Research.RefinementAtlas.Batch031.odd_cleared_6_51' depends on axioms: [propext, Classical.choice, Quot.sound]
'Collatz.Research.RefinementAtlas.Batch031.data_6_52' does not depend on any axioms
'Collatz.Research.RefinementAtlas.Batch031.gap_6_52' does not depend on any axioms
'Collatz.Research.RefinementAtlas.Batch031.cutoff_6_52' does not depend on any axioms
'Collatz.Research.RefinementAtlas.Batch031.even_endpoint_6_52' depends on axioms: [propext, Quot.sound]
'Collatz.Research.RefinementAtlas.Batch031.odd_endpoint_6_52' depends on axioms: [propext, Quot.sound]
'Collatz.Research.RefinementAtlas.Batch031.even_cutoff_6_52' depends on axioms: [propext, Classical.choice, Quot.sound]
'Collatz.Research.RefinementAtlas.Batch031.odd_cleared_6_52' depends on axioms: [propext, Classical.choice, Quot.sound]
'Collatz.Research.RefinementAtlas.Batch031.data_6_53' does not depend on any axioms
'Collatz.Research.RefinementAtlas.Batch031.gap_6_53' does not depend on any axioms
'Collatz.Research.RefinementAtlas.Batch031.cutoff_6_53' does not depend on any axioms
'Collatz.Research.RefinementAtlas.Batch031.even_endpoint_6_53' depends on axioms: [propext, Quot.sound]
'Collatz.Research.RefinementAtlas.Batch031.odd_endpoint_6_53' depends on axioms: [propext, Quot.sound]
'Collatz.Research.RefinementAtlas.Batch031.even_cutoff_6_53' depends on axioms: [propext, Classical.choice, Quot.sound]
'Collatz.Research.RefinementAtlas.Batch031.odd_cleared_6_53' depends on axioms: [propext, Classical.choice, Quot.sound]
'Collatz.Research.RefinementAtlas.Batch032.data_6_56' does not depend on any axioms
'Collatz.Research.RefinementAtlas.Batch032.gap_6_56' does not depend on any axioms
'Collatz.Research.RefinementAtlas.Batch032.cutoff_6_56' does not depend on any axioms
'Collatz.Research.RefinementAtlas.Batch032.even_endpoint_6_56' depends on axioms: [propext, Quot.sound]
'Collatz.Research.RefinementAtlas.Batch032.odd_endpoint_6_56' depends on axioms: [propext, Quot.sound]
'Collatz.Research.RefinementAtlas.Batch032.even_cutoff_6_56' depends on axioms: [propext, Classical.choice, Quot.sound]
'Collatz.Research.RefinementAtlas.Batch032.odd_cleared_6_56' depends on axioms: [propext, Classical.choice, Quot.sound]
'Collatz.Research.RefinementAtlas.Batch032.data_6_58' does not depend on any axioms
'Collatz.Research.RefinementAtlas.Batch032.gap_6_58' does not depend on any axioms
'Collatz.Research.RefinementAtlas.Batch032.cutoff_6_58' does not depend on any axioms
'Collatz.Research.RefinementAtlas.Batch032.even_endpoint_6_58' depends on axioms: [propext, Quot.sound]
'Collatz.Research.RefinementAtlas.Batch032.odd_endpoint_6_58' depends on axioms: [propext, Quot.sound]
'Collatz.Research.RefinementAtlas.Batch032.even_cutoff_6_58' depends on axioms: [propext, Classical.choice, Quot.sound]
'Collatz.Research.RefinementAtlas.Batch032.odd_cleared_6_58' depends on axioms: [propext, Classical.choice, Quot.sound]
'Collatz.Research.RefinementAtlas.Batch032.data_7_2' does not depend on any axioms
'Collatz.Research.RefinementAtlas.Batch032.gap_7_2' does not depend on any axioms
'Collatz.Research.RefinementAtlas.Batch032.cutoff_7_2' does not depend on any axioms
'Collatz.Research.RefinementAtlas.Batch032.even_endpoint_7_2' depends on axioms: [propext, Quot.sound]
'Collatz.Research.RefinementAtlas.Batch032.odd_endpoint_7_2' depends on axioms: [propext, Quot.sound]
'Collatz.Research.RefinementAtlas.Batch032.even_cutoff_7_2' depends on axioms: [propext, Classical.choice, Quot.sound]
'Collatz.Research.RefinementAtlas.Batch032.odd_cleared_7_2' depends on axioms: [propext, Classical.choice, Quot.sound]
'Collatz.Research.RefinementAtlas.Batch033.data_7_3' does not depend on any axioms
'Collatz.Research.RefinementAtlas.Batch033.gap_7_3' does not depend on any axioms
'Collatz.Research.RefinementAtlas.Batch033.cutoff_7_3' does not depend on any axioms
'Collatz.Research.RefinementAtlas.Batch033.even_endpoint_7_3' depends on axioms: [propext, Quot.sound]
'Collatz.Research.RefinementAtlas.Batch033.odd_endpoint_7_3' depends on axioms: [propext, Quot.sound]
'Collatz.Research.RefinementAtlas.Batch033.even_cutoff_7_3' depends on axioms: [propext, Classical.choice, Quot.sound]
'Collatz.Research.RefinementAtlas.Batch033.odd_cleared_7_3' depends on axioms: [propext, Classical.choice, Quot.sound]
'Collatz.Research.RefinementAtlas.Batch033.data_7_4' does not depend on any axioms
'Collatz.Research.RefinementAtlas.Batch033.gap_7_4' does not depend on any axioms
'Collatz.Research.RefinementAtlas.Batch033.cutoff_7_4' does not depend on any axioms
'Collatz.Research.RefinementAtlas.Batch033.even_endpoint_7_4' depends on axioms: [propext, Quot.sound]
'Collatz.Research.RefinementAtlas.Batch033.odd_endpoint_7_4' depends on axioms: [propext, Quot.sound]
'Collatz.Research.RefinementAtlas.Batch033.even_cutoff_7_4' depends on axioms: [propext, Classical.choice, Quot.sound]
'Collatz.Research.RefinementAtlas.Batch033.odd_cleared_7_4' depends on axioms: [propext, Classical.choice, Quot.sound]
'Collatz.Research.RefinementAtlas.Batch033.data_7_5' does not depend on any axioms
'Collatz.Research.RefinementAtlas.Batch033.gap_7_5' does not depend on any axioms
'Collatz.Research.RefinementAtlas.Batch033.cutoff_7_5' does not depend on any axioms
'Collatz.Research.RefinementAtlas.Batch033.even_endpoint_7_5' depends on axioms: [propext, Quot.sound]
'Collatz.Research.RefinementAtlas.Batch033.odd_endpoint_7_5' depends on axioms: [propext, Quot.sound]
'Collatz.Research.RefinementAtlas.Batch033.even_cutoff_7_5' depends on axioms: [propext, Classical.choice, Quot.sound]
'Collatz.Research.RefinementAtlas.Batch033.odd_cleared_7_5' depends on axioms: [propext, Classical.choice, Quot.sound]
'Collatz.Research.RefinementAtlas.Batch034.data_7_6' does not depend on any axioms
'Collatz.Research.RefinementAtlas.Batch034.gap_7_6' does not depend on any axioms
'Collatz.Research.RefinementAtlas.Batch034.cutoff_7_6' does not depend on any axioms
'Collatz.Research.RefinementAtlas.Batch034.even_endpoint_7_6' depends on axioms: [propext, Quot.sound]
'Collatz.Research.RefinementAtlas.Batch034.odd_endpoint_7_6' depends on axioms: [propext, Quot.sound]
'Collatz.Research.RefinementAtlas.Batch034.even_cutoff_7_6' depends on axioms: [propext, Classical.choice, Quot.sound]
'Collatz.Research.RefinementAtlas.Batch034.odd_cleared_7_6' depends on axioms: [propext, Classical.choice, Quot.sound]
'Collatz.Research.RefinementAtlas.Batch034.data_7_7' does not depend on any axioms
'Collatz.Research.RefinementAtlas.Batch034.gap_7_7' does not depend on any axioms
'Collatz.Research.RefinementAtlas.Batch034.cutoff_7_7' does not depend on any axioms
'Collatz.Research.RefinementAtlas.Batch034.even_endpoint_7_7' depends on axioms: [propext, Quot.sound]
'Collatz.Research.RefinementAtlas.Batch034.odd_endpoint_7_7' depends on axioms: [propext, Quot.sound]
'Collatz.Research.RefinementAtlas.Batch034.even_cutoff_7_7' depends on axioms: [propext, Classical.choice, Quot.sound]
'Collatz.Research.RefinementAtlas.Batch034.odd_cleared_7_7' depends on axioms: [propext, Classical.choice, Quot.sound]
'Collatz.Research.RefinementAtlas.Batch034.data_7_8' does not depend on any axioms
'Collatz.Research.RefinementAtlas.Batch034.gap_7_8' does not depend on any axioms
'Collatz.Research.RefinementAtlas.Batch034.cutoff_7_8' does not depend on any axioms
'Collatz.Research.RefinementAtlas.Batch034.even_endpoint_7_8' depends on axioms: [propext, Quot.sound]
'Collatz.Research.RefinementAtlas.Batch034.odd_endpoint_7_8' depends on axioms: [propext, Quot.sound]
'Collatz.Research.RefinementAtlas.Batch034.even_cutoff_7_8' depends on axioms: [propext, Classical.choice, Quot.sound]
'Collatz.Research.RefinementAtlas.Batch034.odd_cleared_7_8' depends on axioms: [propext, Classical.choice, Quot.sound]
'Collatz.Research.RefinementAtlas.Batch035.data_7_10' does not depend on any axioms
'Collatz.Research.RefinementAtlas.Batch035.gap_7_10' does not depend on any axioms
'Collatz.Research.RefinementAtlas.Batch035.cutoff_7_10' does not depend on any axioms
'Collatz.Research.RefinementAtlas.Batch035.even_endpoint_7_10' depends on axioms: [propext, Quot.sound]
'Collatz.Research.RefinementAtlas.Batch035.odd_endpoint_7_10' depends on axioms: [propext, Quot.sound]
'Collatz.Research.RefinementAtlas.Batch035.even_cutoff_7_10' depends on axioms: [propext, Classical.choice, Quot.sound]
'Collatz.Research.RefinementAtlas.Batch035.odd_cleared_7_10' depends on axioms: [propext, Classical.choice, Quot.sound]
'Collatz.Research.RefinementAtlas.Batch035.data_7_11' does not depend on any axioms
'Collatz.Research.RefinementAtlas.Batch035.gap_7_11' does not depend on any axioms
'Collatz.Research.RefinementAtlas.Batch035.cutoff_7_11' does not depend on any axioms
'Collatz.Research.RefinementAtlas.Batch035.even_endpoint_7_11' depends on axioms: [propext, Quot.sound]
'Collatz.Research.RefinementAtlas.Batch035.odd_endpoint_7_11' depends on axioms: [propext, Quot.sound]
'Collatz.Research.RefinementAtlas.Batch035.even_cutoff_7_11' depends on axioms: [propext, Classical.choice, Quot.sound]
'Collatz.Research.RefinementAtlas.Batch035.odd_cleared_7_11' depends on axioms: [propext, Classical.choice, Quot.sound]
'Collatz.Research.RefinementAtlas.Batch035.data_7_12' does not depend on any axioms
'Collatz.Research.RefinementAtlas.Batch035.gap_7_12' does not depend on any axioms
'Collatz.Research.RefinementAtlas.Batch035.cutoff_7_12' does not depend on any axioms
'Collatz.Research.RefinementAtlas.Batch035.even_endpoint_7_12' depends on axioms: [propext, Quot.sound]
'Collatz.Research.RefinementAtlas.Batch035.odd_endpoint_7_12' depends on axioms: [propext, Quot.sound]
'Collatz.Research.RefinementAtlas.Batch035.even_cutoff_7_12' depends on axioms: [propext, Classical.choice, Quot.sound]
'Collatz.Research.RefinementAtlas.Batch035.odd_cleared_7_12' depends on axioms: [propext, Classical.choice, Quot.sound]
'Collatz.Research.RefinementAtlas.Batch036.data_7_13' does not depend on any axioms
'Collatz.Research.RefinementAtlas.Batch036.gap_7_13' does not depend on any axioms
'Collatz.Research.RefinementAtlas.Batch036.cutoff_7_13' does not depend on any axioms
'Collatz.Research.RefinementAtlas.Batch036.even_endpoint_7_13' depends on axioms: [propext, Quot.sound]
'Collatz.Research.RefinementAtlas.Batch036.odd_endpoint_7_13' depends on axioms: [propext, Quot.sound]
'Collatz.Research.RefinementAtlas.Batch036.even_cutoff_7_13' depends on axioms: [propext, Classical.choice, Quot.sound]
'Collatz.Research.RefinementAtlas.Batch036.odd_cleared_7_13' depends on axioms: [propext, Classical.choice, Quot.sound]
'Collatz.Research.RefinementAtlas.Batch036.data_7_14' does not depend on any axioms
'Collatz.Research.RefinementAtlas.Batch036.gap_7_14' does not depend on any axioms
'Collatz.Research.RefinementAtlas.Batch036.cutoff_7_14' does not depend on any axioms
'Collatz.Research.RefinementAtlas.Batch036.even_endpoint_7_14' depends on axioms: [propext, Quot.sound]
'Collatz.Research.RefinementAtlas.Batch036.odd_endpoint_7_14' depends on axioms: [propext, Quot.sound]
'Collatz.Research.RefinementAtlas.Batch036.even_cutoff_7_14' depends on axioms: [propext, Classical.choice, Quot.sound]
'Collatz.Research.RefinementAtlas.Batch036.odd_cleared_7_14' depends on axioms: [propext, Classical.choice, Quot.sound]
'Collatz.Research.RefinementAtlas.Batch036.data_7_15' does not depend on any axioms
'Collatz.Research.RefinementAtlas.Batch036.gap_7_15' does not depend on any axioms
'Collatz.Research.RefinementAtlas.Batch036.cutoff_7_15' does not depend on any axioms
'Collatz.Research.RefinementAtlas.Batch036.even_endpoint_7_15' depends on axioms: [propext, Quot.sound]
'Collatz.Research.RefinementAtlas.Batch036.odd_endpoint_7_15' depends on axioms: [propext, Quot.sound]
'Collatz.Research.RefinementAtlas.Batch036.even_cutoff_7_15' depends on axioms: [propext, Classical.choice, Quot.sound]
'Collatz.Research.RefinementAtlas.Batch036.odd_cleared_7_15' depends on axioms: [propext, Classical.choice, Quot.sound]
'Collatz.Research.RefinementAtlas.Batch037.data_7_16' does not depend on any axioms
'Collatz.Research.RefinementAtlas.Batch037.gap_7_16' does not depend on any axioms
'Collatz.Research.RefinementAtlas.Batch037.cutoff_7_16' does not depend on any axioms
'Collatz.Research.RefinementAtlas.Batch037.even_endpoint_7_16' depends on axioms: [propext, Quot.sound]
'Collatz.Research.RefinementAtlas.Batch037.odd_endpoint_7_16' depends on axioms: [propext, Quot.sound]
'Collatz.Research.RefinementAtlas.Batch037.even_cutoff_7_16' depends on axioms: [propext, Classical.choice, Quot.sound]
'Collatz.Research.RefinementAtlas.Batch037.odd_cleared_7_16' depends on axioms: [propext, Classical.choice, Quot.sound]
'Collatz.Research.RefinementAtlas.Batch037.data_7_17' does not depend on any axioms
'Collatz.Research.RefinementAtlas.Batch037.gap_7_17' does not depend on any axioms
'Collatz.Research.RefinementAtlas.Batch037.cutoff_7_17' does not depend on any axioms
'Collatz.Research.RefinementAtlas.Batch037.even_endpoint_7_17' depends on axioms: [propext, Quot.sound]
'Collatz.Research.RefinementAtlas.Batch037.odd_endpoint_7_17' depends on axioms: [propext, Quot.sound]
'Collatz.Research.RefinementAtlas.Batch037.even_cutoff_7_17' depends on axioms: [propext, Classical.choice, Quot.sound]
'Collatz.Research.RefinementAtlas.Batch037.odd_cleared_7_17' depends on axioms: [propext, Classical.choice, Quot.sound]
'Collatz.Research.RefinementAtlas.Batch037.data_7_18' does not depend on any axioms
'Collatz.Research.RefinementAtlas.Batch037.gap_7_18' does not depend on any axioms
'Collatz.Research.RefinementAtlas.Batch037.cutoff_7_18' does not depend on any axioms
'Collatz.Research.RefinementAtlas.Batch037.even_endpoint_7_18' depends on axioms: [propext, Quot.sound]
'Collatz.Research.RefinementAtlas.Batch037.odd_endpoint_7_18' depends on axioms: [propext, Quot.sound]
'Collatz.Research.RefinementAtlas.Batch037.even_cutoff_7_18' depends on axioms: [propext, Classical.choice, Quot.sound]
'Collatz.Research.RefinementAtlas.Batch037.odd_cleared_7_18' depends on axioms: [propext, Classical.choice, Quot.sound]
'Collatz.Research.RefinementAtlas.Batch038.data_7_19' does not depend on any axioms
'Collatz.Research.RefinementAtlas.Batch038.gap_7_19' does not depend on any axioms
'Collatz.Research.RefinementAtlas.Batch038.cutoff_7_19' does not depend on any axioms
'Collatz.Research.RefinementAtlas.Batch038.even_endpoint_7_19' depends on axioms: [propext, Quot.sound]
'Collatz.Research.RefinementAtlas.Batch038.odd_endpoint_7_19' depends on axioms: [propext, Quot.sound]
'Collatz.Research.RefinementAtlas.Batch038.even_cutoff_7_19' depends on axioms: [propext, Classical.choice, Quot.sound]
'Collatz.Research.RefinementAtlas.Batch038.odd_cleared_7_19' depends on axioms: [propext, Classical.choice, Quot.sound]
'Collatz.Research.RefinementAtlas.Batch038.data_7_20' does not depend on any axioms
'Collatz.Research.RefinementAtlas.Batch038.gap_7_20' does not depend on any axioms
'Collatz.Research.RefinementAtlas.Batch038.cutoff_7_20' does not depend on any axioms
'Collatz.Research.RefinementAtlas.Batch038.even_endpoint_7_20' depends on axioms: [propext, Quot.sound]
'Collatz.Research.RefinementAtlas.Batch038.odd_endpoint_7_20' depends on axioms: [propext, Quot.sound]
'Collatz.Research.RefinementAtlas.Batch038.even_cutoff_7_20' depends on axioms: [propext, Classical.choice, Quot.sound]
'Collatz.Research.RefinementAtlas.Batch038.odd_cleared_7_20' depends on axioms: [propext, Classical.choice, Quot.sound]
'Collatz.Research.RefinementAtlas.Batch038.data_7_21' does not depend on any axioms
'Collatz.Research.RefinementAtlas.Batch038.gap_7_21' does not depend on any axioms
'Collatz.Research.RefinementAtlas.Batch038.cutoff_7_21' does not depend on any axioms
'Collatz.Research.RefinementAtlas.Batch038.even_endpoint_7_21' depends on axioms: [propext, Quot.sound]
'Collatz.Research.RefinementAtlas.Batch038.odd_endpoint_7_21' depends on axioms: [propext, Quot.sound]
'Collatz.Research.RefinementAtlas.Batch038.even_cutoff_7_21' depends on axioms: [propext, Classical.choice, Quot.sound]
'Collatz.Research.RefinementAtlas.Batch038.odd_cleared_7_21' depends on axioms: [propext, Classical.choice, Quot.sound]
'Collatz.Research.RefinementAtlas.Batch039.data_7_22' does not depend on any axioms
'Collatz.Research.RefinementAtlas.Batch039.gap_7_22' does not depend on any axioms
'Collatz.Research.RefinementAtlas.Batch039.cutoff_7_22' does not depend on any axioms
'Collatz.Research.RefinementAtlas.Batch039.even_endpoint_7_22' depends on axioms: [propext, Quot.sound]
'Collatz.Research.RefinementAtlas.Batch039.odd_endpoint_7_22' depends on axioms: [propext, Quot.sound]
'Collatz.Research.RefinementAtlas.Batch039.even_cutoff_7_22' depends on axioms: [propext, Classical.choice, Quot.sound]
'Collatz.Research.RefinementAtlas.Batch039.odd_cleared_7_22' depends on axioms: [propext, Classical.choice, Quot.sound]
'Collatz.Research.RefinementAtlas.Batch039.data_7_23' does not depend on any axioms
'Collatz.Research.RefinementAtlas.Batch039.gap_7_23' does not depend on any axioms
'Collatz.Research.RefinementAtlas.Batch039.cutoff_7_23' does not depend on any axioms
'Collatz.Research.RefinementAtlas.Batch039.even_endpoint_7_23' depends on axioms: [propext, Quot.sound]
'Collatz.Research.RefinementAtlas.Batch039.odd_endpoint_7_23' depends on axioms: [propext, Quot.sound]
'Collatz.Research.RefinementAtlas.Batch039.even_cutoff_7_23' depends on axioms: [propext, Classical.choice, Quot.sound]
'Collatz.Research.RefinementAtlas.Batch039.odd_cleared_7_23' depends on axioms: [propext, Classical.choice, Quot.sound]
'Collatz.Research.RefinementAtlas.Batch039.data_7_24' does not depend on any axioms
'Collatz.Research.RefinementAtlas.Batch039.gap_7_24' does not depend on any axioms
'Collatz.Research.RefinementAtlas.Batch039.cutoff_7_24' does not depend on any axioms
'Collatz.Research.RefinementAtlas.Batch039.even_endpoint_7_24' depends on axioms: [propext, Quot.sound]
'Collatz.Research.RefinementAtlas.Batch039.odd_endpoint_7_24' depends on axioms: [propext, Quot.sound]
'Collatz.Research.RefinementAtlas.Batch039.even_cutoff_7_24' depends on axioms: [propext, Classical.choice, Quot.sound]
'Collatz.Research.RefinementAtlas.Batch039.odd_cleared_7_24' depends on axioms: [propext, Classical.choice, Quot.sound]
'Collatz.Research.RefinementAtlas.Batch040.data_7_25' does not depend on any axioms
'Collatz.Research.RefinementAtlas.Batch040.gap_7_25' does not depend on any axioms
'Collatz.Research.RefinementAtlas.Batch040.cutoff_7_25' does not depend on any axioms
'Collatz.Research.RefinementAtlas.Batch040.even_endpoint_7_25' depends on axioms: [propext, Quot.sound]
'Collatz.Research.RefinementAtlas.Batch040.odd_endpoint_7_25' depends on axioms: [propext, Quot.sound]
'Collatz.Research.RefinementAtlas.Batch040.even_cutoff_7_25' depends on axioms: [propext, Classical.choice, Quot.sound]
'Collatz.Research.RefinementAtlas.Batch040.odd_cleared_7_25' depends on axioms: [propext, Classical.choice, Quot.sound]
'Collatz.Research.RefinementAtlas.Batch040.data_7_26' does not depend on any axioms
'Collatz.Research.RefinementAtlas.Batch040.gap_7_26' does not depend on any axioms
'Collatz.Research.RefinementAtlas.Batch040.cutoff_7_26' does not depend on any axioms
'Collatz.Research.RefinementAtlas.Batch040.even_endpoint_7_26' depends on axioms: [propext, Quot.sound]
'Collatz.Research.RefinementAtlas.Batch040.odd_endpoint_7_26' depends on axioms: [propext, Quot.sound]
'Collatz.Research.RefinementAtlas.Batch040.even_cutoff_7_26' depends on axioms: [propext, Classical.choice, Quot.sound]
'Collatz.Research.RefinementAtlas.Batch040.odd_cleared_7_26' depends on axioms: [propext, Classical.choice, Quot.sound]
'Collatz.Research.RefinementAtlas.Batch040.data_7_28' does not depend on any axioms
'Collatz.Research.RefinementAtlas.Batch040.gap_7_28' does not depend on any axioms
'Collatz.Research.RefinementAtlas.Batch040.cutoff_7_28' does not depend on any axioms
'Collatz.Research.RefinementAtlas.Batch040.even_endpoint_7_28' depends on axioms: [propext, Quot.sound]
'Collatz.Research.RefinementAtlas.Batch040.odd_endpoint_7_28' depends on axioms: [propext, Quot.sound]
'Collatz.Research.RefinementAtlas.Batch040.even_cutoff_7_28' depends on axioms: [propext, Classical.choice, Quot.sound]
'Collatz.Research.RefinementAtlas.Batch040.odd_cleared_7_28' depends on axioms: [propext, Classical.choice, Quot.sound]
'Collatz.Research.RefinementAtlas.Batch041.data_7_29' does not depend on any axioms
'Collatz.Research.RefinementAtlas.Batch041.gap_7_29' does not depend on any axioms
'Collatz.Research.RefinementAtlas.Batch041.cutoff_7_29' does not depend on any axioms
'Collatz.Research.RefinementAtlas.Batch041.even_endpoint_7_29' depends on axioms: [propext, Quot.sound]
'Collatz.Research.RefinementAtlas.Batch041.odd_endpoint_7_29' depends on axioms: [propext, Quot.sound]
'Collatz.Research.RefinementAtlas.Batch041.even_cutoff_7_29' depends on axioms: [propext, Classical.choice, Quot.sound]
'Collatz.Research.RefinementAtlas.Batch041.odd_cleared_7_29' depends on axioms: [propext, Classical.choice, Quot.sound]
'Collatz.Research.RefinementAtlas.Batch041.data_7_30' does not depend on any axioms
'Collatz.Research.RefinementAtlas.Batch041.gap_7_30' does not depend on any axioms
'Collatz.Research.RefinementAtlas.Batch041.cutoff_7_30' does not depend on any axioms
'Collatz.Research.RefinementAtlas.Batch041.even_endpoint_7_30' depends on axioms: [propext, Quot.sound]
'Collatz.Research.RefinementAtlas.Batch041.odd_endpoint_7_30' depends on axioms: [propext, Quot.sound]
'Collatz.Research.RefinementAtlas.Batch041.even_cutoff_7_30' depends on axioms: [propext, Classical.choice, Quot.sound]
'Collatz.Research.RefinementAtlas.Batch041.odd_cleared_7_30' depends on axioms: [propext, Classical.choice, Quot.sound]
'Collatz.Research.RefinementAtlas.Batch041.data_7_32' does not depend on any axioms
'Collatz.Research.RefinementAtlas.Batch041.gap_7_32' does not depend on any axioms
'Collatz.Research.RefinementAtlas.Batch041.cutoff_7_32' does not depend on any axioms
'Collatz.Research.RefinementAtlas.Batch041.even_endpoint_7_32' depends on axioms: [propext, Quot.sound]
'Collatz.Research.RefinementAtlas.Batch041.odd_endpoint_7_32' depends on axioms: [propext, Quot.sound]
'Collatz.Research.RefinementAtlas.Batch041.even_cutoff_7_32' depends on axioms: [propext, Classical.choice, Quot.sound]
'Collatz.Research.RefinementAtlas.Batch041.odd_cleared_7_32' depends on axioms: [propext, Classical.choice, Quot.sound]
'Collatz.Research.RefinementAtlas.Batch042.data_7_33' does not depend on any axioms
'Collatz.Research.RefinementAtlas.Batch042.gap_7_33' does not depend on any axioms
'Collatz.Research.RefinementAtlas.Batch042.cutoff_7_33' does not depend on any axioms
'Collatz.Research.RefinementAtlas.Batch042.even_endpoint_7_33' depends on axioms: [propext, Quot.sound]
'Collatz.Research.RefinementAtlas.Batch042.odd_endpoint_7_33' depends on axioms: [propext, Quot.sound]
'Collatz.Research.RefinementAtlas.Batch042.even_cutoff_7_33' depends on axioms: [propext, Classical.choice, Quot.sound]
'Collatz.Research.RefinementAtlas.Batch042.odd_cleared_7_33' depends on axioms: [propext, Classical.choice, Quot.sound]
'Collatz.Research.RefinementAtlas.Batch042.data_7_34' does not depend on any axioms
'Collatz.Research.RefinementAtlas.Batch042.gap_7_34' does not depend on any axioms
'Collatz.Research.RefinementAtlas.Batch042.cutoff_7_34' does not depend on any axioms
'Collatz.Research.RefinementAtlas.Batch042.even_endpoint_7_34' depends on axioms: [propext, Quot.sound]
'Collatz.Research.RefinementAtlas.Batch042.odd_endpoint_7_34' depends on axioms: [propext, Quot.sound]
'Collatz.Research.RefinementAtlas.Batch042.even_cutoff_7_34' depends on axioms: [propext, Classical.choice, Quot.sound]
'Collatz.Research.RefinementAtlas.Batch042.odd_cleared_7_34' depends on axioms: [propext, Classical.choice, Quot.sound]
'Collatz.Research.RefinementAtlas.Batch042.data_7_35' does not depend on any axioms
'Collatz.Research.RefinementAtlas.Batch042.gap_7_35' does not depend on any axioms
'Collatz.Research.RefinementAtlas.Batch042.cutoff_7_35' does not depend on any axioms
'Collatz.Research.RefinementAtlas.Batch042.even_endpoint_7_35' depends on axioms: [propext, Quot.sound]
'Collatz.Research.RefinementAtlas.Batch042.odd_endpoint_7_35' depends on axioms: [propext, Quot.sound]
'Collatz.Research.RefinementAtlas.Batch042.even_cutoff_7_35' depends on axioms: [propext, Classical.choice, Quot.sound]
'Collatz.Research.RefinementAtlas.Batch042.odd_cleared_7_35' depends on axioms: [propext, Classical.choice, Quot.sound]
'Collatz.Research.RefinementAtlas.Batch043.data_7_36' does not depend on any axioms
'Collatz.Research.RefinementAtlas.Batch043.gap_7_36' does not depend on any axioms
'Collatz.Research.RefinementAtlas.Batch043.cutoff_7_36' does not depend on any axioms
'Collatz.Research.RefinementAtlas.Batch043.even_endpoint_7_36' depends on axioms: [propext, Quot.sound]
'Collatz.Research.RefinementAtlas.Batch043.odd_endpoint_7_36' depends on axioms: [propext, Quot.sound]
'Collatz.Research.RefinementAtlas.Batch043.even_cutoff_7_36' depends on axioms: [propext, Classical.choice, Quot.sound]
'Collatz.Research.RefinementAtlas.Batch043.odd_cleared_7_36' depends on axioms: [propext, Classical.choice, Quot.sound]
'Collatz.Research.RefinementAtlas.Batch043.data_7_37' does not depend on any axioms
'Collatz.Research.RefinementAtlas.Batch043.gap_7_37' does not depend on any axioms
'Collatz.Research.RefinementAtlas.Batch043.cutoff_7_37' does not depend on any axioms
'Collatz.Research.RefinementAtlas.Batch043.even_endpoint_7_37' depends on axioms: [propext, Quot.sound]
'Collatz.Research.RefinementAtlas.Batch043.odd_endpoint_7_37' depends on axioms: [propext, Quot.sound]
'Collatz.Research.RefinementAtlas.Batch043.even_cutoff_7_37' depends on axioms: [propext, Classical.choice, Quot.sound]
'Collatz.Research.RefinementAtlas.Batch043.odd_cleared_7_37' depends on axioms: [propext, Classical.choice, Quot.sound]
'Collatz.Research.RefinementAtlas.Batch043.data_7_38' does not depend on any axioms
'Collatz.Research.RefinementAtlas.Batch043.gap_7_38' does not depend on any axioms
'Collatz.Research.RefinementAtlas.Batch043.cutoff_7_38' does not depend on any axioms
'Collatz.Research.RefinementAtlas.Batch043.even_endpoint_7_38' depends on axioms: [propext, Quot.sound]
'Collatz.Research.RefinementAtlas.Batch043.odd_endpoint_7_38' depends on axioms: [propext, Quot.sound]
'Collatz.Research.RefinementAtlas.Batch043.even_cutoff_7_38' depends on axioms: [propext, Classical.choice, Quot.sound]
'Collatz.Research.RefinementAtlas.Batch043.odd_cleared_7_38' depends on axioms: [propext, Classical.choice, Quot.sound]
'Collatz.Research.RefinementAtlas.Batch044.data_7_40' does not depend on any axioms
'Collatz.Research.RefinementAtlas.Batch044.gap_7_40' does not depend on any axioms
'Collatz.Research.RefinementAtlas.Batch044.cutoff_7_40' does not depend on any axioms
'Collatz.Research.RefinementAtlas.Batch044.even_endpoint_7_40' depends on axioms: [propext, Quot.sound]
'Collatz.Research.RefinementAtlas.Batch044.odd_endpoint_7_40' depends on axioms: [propext, Quot.sound]
'Collatz.Research.RefinementAtlas.Batch044.even_cutoff_7_40' depends on axioms: [propext, Classical.choice, Quot.sound]
'Collatz.Research.RefinementAtlas.Batch044.odd_cleared_7_40' depends on axioms: [propext, Classical.choice, Quot.sound]
'Collatz.Research.RefinementAtlas.Batch044.data_7_42' does not depend on any axioms
'Collatz.Research.RefinementAtlas.Batch044.gap_7_42' does not depend on any axioms
'Collatz.Research.RefinementAtlas.Batch044.cutoff_7_42' does not depend on any axioms
'Collatz.Research.RefinementAtlas.Batch044.even_endpoint_7_42' depends on axioms: [propext, Quot.sound]
'Collatz.Research.RefinementAtlas.Batch044.odd_endpoint_7_42' depends on axioms: [propext, Quot.sound]
'Collatz.Research.RefinementAtlas.Batch044.even_cutoff_7_42' depends on axioms: [propext, Classical.choice, Quot.sound]
'Collatz.Research.RefinementAtlas.Batch044.odd_cleared_7_42' depends on axioms: [propext, Classical.choice, Quot.sound]
'Collatz.Research.RefinementAtlas.Batch044.data_7_43' does not depend on any axioms
'Collatz.Research.RefinementAtlas.Batch044.gap_7_43' does not depend on any axioms
'Collatz.Research.RefinementAtlas.Batch044.cutoff_7_43' does not depend on any axioms
'Collatz.Research.RefinementAtlas.Batch044.even_endpoint_7_43' depends on axioms: [propext, Quot.sound]
'Collatz.Research.RefinementAtlas.Batch044.odd_endpoint_7_43' depends on axioms: [propext, Quot.sound]
'Collatz.Research.RefinementAtlas.Batch044.even_cutoff_7_43' depends on axioms: [propext, Classical.choice, Quot.sound]
'Collatz.Research.RefinementAtlas.Batch044.odd_cleared_7_43' depends on axioms: [propext, Classical.choice, Quot.sound]
'Collatz.Research.RefinementAtlas.Batch045.data_7_44' does not depend on any axioms
'Collatz.Research.RefinementAtlas.Batch045.gap_7_44' does not depend on any axioms
'Collatz.Research.RefinementAtlas.Batch045.cutoff_7_44' does not depend on any axioms
'Collatz.Research.RefinementAtlas.Batch045.even_endpoint_7_44' depends on axioms: [propext, Quot.sound]
'Collatz.Research.RefinementAtlas.Batch045.odd_endpoint_7_44' depends on axioms: [propext, Quot.sound]
'Collatz.Research.RefinementAtlas.Batch045.even_cutoff_7_44' depends on axioms: [propext, Classical.choice, Quot.sound]
'Collatz.Research.RefinementAtlas.Batch045.odd_cleared_7_44' depends on axioms: [propext, Classical.choice, Quot.sound]
'Collatz.Research.RefinementAtlas.Batch045.data_7_45' does not depend on any axioms
'Collatz.Research.RefinementAtlas.Batch045.gap_7_45' does not depend on any axioms
'Collatz.Research.RefinementAtlas.Batch045.cutoff_7_45' does not depend on any axioms
'Collatz.Research.RefinementAtlas.Batch045.even_endpoint_7_45' depends on axioms: [propext, Quot.sound]
'Collatz.Research.RefinementAtlas.Batch045.odd_endpoint_7_45' depends on axioms: [propext, Quot.sound]
'Collatz.Research.RefinementAtlas.Batch045.even_cutoff_7_45' depends on axioms: [propext, Classical.choice, Quot.sound]
'Collatz.Research.RefinementAtlas.Batch045.odd_cleared_7_45' depends on axioms: [propext, Classical.choice, Quot.sound]
'Collatz.Research.RefinementAtlas.Batch045.data_7_46' does not depend on any axioms
'Collatz.Research.RefinementAtlas.Batch045.gap_7_46' does not depend on any axioms
'Collatz.Research.RefinementAtlas.Batch045.cutoff_7_46' does not depend on any axioms
'Collatz.Research.RefinementAtlas.Batch045.even_endpoint_7_46' depends on axioms: [propext, Quot.sound]
'Collatz.Research.RefinementAtlas.Batch045.odd_endpoint_7_46' depends on axioms: [propext, Quot.sound]
'Collatz.Research.RefinementAtlas.Batch045.even_cutoff_7_46' depends on axioms: [propext, Classical.choice, Quot.sound]
'Collatz.Research.RefinementAtlas.Batch045.odd_cleared_7_46' depends on axioms: [propext, Classical.choice, Quot.sound]
'Collatz.Research.RefinementAtlas.Batch046.data_7_48' does not depend on any axioms
'Collatz.Research.RefinementAtlas.Batch046.gap_7_48' does not depend on any axioms
'Collatz.Research.RefinementAtlas.Batch046.cutoff_7_48' does not depend on any axioms
'Collatz.Research.RefinementAtlas.Batch046.even_endpoint_7_48' depends on axioms: [propext, Quot.sound]
'Collatz.Research.RefinementAtlas.Batch046.odd_endpoint_7_48' depends on axioms: [propext, Quot.sound]
'Collatz.Research.RefinementAtlas.Batch046.even_cutoff_7_48' depends on axioms: [propext, Classical.choice, Quot.sound]
'Collatz.Research.RefinementAtlas.Batch046.odd_cleared_7_48' depends on axioms: [propext, Classical.choice, Quot.sound]
'Collatz.Research.RefinementAtlas.Batch046.data_7_49' does not depend on any axioms
'Collatz.Research.RefinementAtlas.Batch046.gap_7_49' does not depend on any axioms
'Collatz.Research.RefinementAtlas.Batch046.cutoff_7_49' does not depend on any axioms
'Collatz.Research.RefinementAtlas.Batch046.even_endpoint_7_49' depends on axioms: [propext, Quot.sound]
'Collatz.Research.RefinementAtlas.Batch046.odd_endpoint_7_49' depends on axioms: [propext, Quot.sound]
'Collatz.Research.RefinementAtlas.Batch046.even_cutoff_7_49' depends on axioms: [propext, Classical.choice, Quot.sound]
'Collatz.Research.RefinementAtlas.Batch046.odd_cleared_7_49' depends on axioms: [propext, Classical.choice, Quot.sound]
'Collatz.Research.RefinementAtlas.Batch046.data_7_50' does not depend on any axioms
'Collatz.Research.RefinementAtlas.Batch046.gap_7_50' does not depend on any axioms
'Collatz.Research.RefinementAtlas.Batch046.cutoff_7_50' does not depend on any axioms
'Collatz.Research.RefinementAtlas.Batch046.even_endpoint_7_50' depends on axioms: [propext, Quot.sound]
'Collatz.Research.RefinementAtlas.Batch046.odd_endpoint_7_50' depends on axioms: [propext, Quot.sound]
'Collatz.Research.RefinementAtlas.Batch046.even_cutoff_7_50' depends on axioms: [propext, Classical.choice, Quot.sound]
'Collatz.Research.RefinementAtlas.Batch046.odd_cleared_7_50' depends on axioms: [propext, Classical.choice, Quot.sound]
'Collatz.Research.RefinementAtlas.Batch047.data_7_51' does not depend on any axioms
'Collatz.Research.RefinementAtlas.Batch047.gap_7_51' does not depend on any axioms
'Collatz.Research.RefinementAtlas.Batch047.cutoff_7_51' does not depend on any axioms
'Collatz.Research.RefinementAtlas.Batch047.even_endpoint_7_51' depends on axioms: [propext, Quot.sound]
'Collatz.Research.RefinementAtlas.Batch047.odd_endpoint_7_51' depends on axioms: [propext, Quot.sound]
'Collatz.Research.RefinementAtlas.Batch047.even_cutoff_7_51' depends on axioms: [propext, Classical.choice, Quot.sound]
'Collatz.Research.RefinementAtlas.Batch047.odd_cleared_7_51' depends on axioms: [propext, Classical.choice, Quot.sound]
'Collatz.Research.RefinementAtlas.Batch047.data_7_52' does not depend on any axioms
'Collatz.Research.RefinementAtlas.Batch047.gap_7_52' does not depend on any axioms
'Collatz.Research.RefinementAtlas.Batch047.cutoff_7_52' does not depend on any axioms
'Collatz.Research.RefinementAtlas.Batch047.even_endpoint_7_52' depends on axioms: [propext, Quot.sound]
'Collatz.Research.RefinementAtlas.Batch047.odd_endpoint_7_52' depends on axioms: [propext, Quot.sound]
'Collatz.Research.RefinementAtlas.Batch047.even_cutoff_7_52' depends on axioms: [propext, Classical.choice, Quot.sound]
'Collatz.Research.RefinementAtlas.Batch047.odd_cleared_7_52' depends on axioms: [propext, Classical.choice, Quot.sound]
'Collatz.Research.RefinementAtlas.Batch047.data_7_53' does not depend on any axioms
'Collatz.Research.RefinementAtlas.Batch047.gap_7_53' does not depend on any axioms
'Collatz.Research.RefinementAtlas.Batch047.cutoff_7_53' does not depend on any axioms
'Collatz.Research.RefinementAtlas.Batch047.even_endpoint_7_53' depends on axioms: [propext, Quot.sound]
'Collatz.Research.RefinementAtlas.Batch047.odd_endpoint_7_53' depends on axioms: [propext, Quot.sound]
'Collatz.Research.RefinementAtlas.Batch047.even_cutoff_7_53' depends on axioms: [propext, Classical.choice, Quot.sound]
'Collatz.Research.RefinementAtlas.Batch047.odd_cleared_7_53' depends on axioms: [propext, Classical.choice, Quot.sound]
'Collatz.Research.RefinementAtlas.Batch048.data_7_56' does not depend on any axioms
'Collatz.Research.RefinementAtlas.Batch048.gap_7_56' does not depend on any axioms
'Collatz.Research.RefinementAtlas.Batch048.cutoff_7_56' does not depend on any axioms
'Collatz.Research.RefinementAtlas.Batch048.even_endpoint_7_56' depends on axioms: [propext, Quot.sound]
'Collatz.Research.RefinementAtlas.Batch048.odd_endpoint_7_56' depends on axioms: [propext, Quot.sound]
'Collatz.Research.RefinementAtlas.Batch048.even_cutoff_7_56' depends on axioms: [propext, Classical.choice, Quot.sound]
'Collatz.Research.RefinementAtlas.Batch048.odd_cleared_7_56' depends on axioms: [propext, Classical.choice, Quot.sound]
'Collatz.Research.RefinementAtlas.Batch048.data_7_57' does not depend on any axioms
'Collatz.Research.RefinementAtlas.Batch048.gap_7_57' does not depend on any axioms
'Collatz.Research.RefinementAtlas.Batch048.cutoff_7_57' does not depend on any axioms
'Collatz.Research.RefinementAtlas.Batch048.even_endpoint_7_57' depends on axioms: [propext, Quot.sound]
'Collatz.Research.RefinementAtlas.Batch048.odd_endpoint_7_57' depends on axioms: [propext, Quot.sound]
'Collatz.Research.RefinementAtlas.Batch048.even_cutoff_7_57' depends on axioms: [propext, Classical.choice, Quot.sound]
'Collatz.Research.RefinementAtlas.Batch048.odd_cleared_7_57' depends on axioms: [propext, Classical.choice, Quot.sound]
'Collatz.Research.RefinementAtlas.Batch048.data_7_58' does not depend on any axioms
'Collatz.Research.RefinementAtlas.Batch048.gap_7_58' does not depend on any axioms
'Collatz.Research.RefinementAtlas.Batch048.cutoff_7_58' does not depend on any axioms
'Collatz.Research.RefinementAtlas.Batch048.even_endpoint_7_58' depends on axioms: [propext, Quot.sound]
'Collatz.Research.RefinementAtlas.Batch048.odd_endpoint_7_58' depends on axioms: [propext, Quot.sound]
'Collatz.Research.RefinementAtlas.Batch048.even_cutoff_7_58' depends on axioms: [propext, Classical.choice, Quot.sound]
'Collatz.Research.RefinementAtlas.Batch048.odd_cleared_7_58' depends on axioms: [propext, Classical.choice, Quot.sound]
'Collatz.Research.RefinementAtlas.Batch049.data_7_59' does not depend on any axioms
'Collatz.Research.RefinementAtlas.Batch049.gap_7_59' does not depend on any axioms
'Collatz.Research.RefinementAtlas.Batch049.cutoff_7_59' does not depend on any axioms
'Collatz.Research.RefinementAtlas.Batch049.even_endpoint_7_59' depends on axioms: [propext, Quot.sound]
'Collatz.Research.RefinementAtlas.Batch049.odd_endpoint_7_59' depends on axioms: [propext, Quot.sound]
'Collatz.Research.RefinementAtlas.Batch049.even_cutoff_7_59' depends on axioms: [propext, Classical.choice, Quot.sound]
'Collatz.Research.RefinementAtlas.Batch049.odd_cleared_7_59' depends on axioms: [propext, Classical.choice, Quot.sound]
'Collatz.Research.RefinementAtlas.Batch049.data_7_60' does not depend on any axioms
'Collatz.Research.RefinementAtlas.Batch049.gap_7_60' does not depend on any axioms
'Collatz.Research.RefinementAtlas.Batch049.cutoff_7_60' does not depend on any axioms
'Collatz.Research.RefinementAtlas.Batch049.even_endpoint_7_60' depends on axioms: [propext, Quot.sound]
'Collatz.Research.RefinementAtlas.Batch049.odd_endpoint_7_60' depends on axioms: [propext, Quot.sound]
'Collatz.Research.RefinementAtlas.Batch049.even_cutoff_7_60' depends on axioms: [propext, Classical.choice, Quot.sound]
'Collatz.Research.RefinementAtlas.Batch049.odd_cleared_7_60' depends on axioms: [propext, Classical.choice, Quot.sound]
'Collatz.Research.RefinementAtlas.Batch049.data_7_61' does not depend on any axioms
'Collatz.Research.RefinementAtlas.Batch049.gap_7_61' does not depend on any axioms
'Collatz.Research.RefinementAtlas.Batch049.cutoff_7_61' does not depend on any axioms
'Collatz.Research.RefinementAtlas.Batch049.even_endpoint_7_61' depends on axioms: [propext, Quot.sound]
'Collatz.Research.RefinementAtlas.Batch049.odd_endpoint_7_61' depends on axioms: [propext, Quot.sound]
'Collatz.Research.RefinementAtlas.Batch049.even_cutoff_7_61' depends on axioms: [propext, Classical.choice, Quot.sound]
'Collatz.Research.RefinementAtlas.Batch049.odd_cleared_7_61' depends on axioms: [propext, Classical.choice, Quot.sound]
'Collatz.Research.RefinementAtlas.Batch050.data_7_64' does not depend on any axioms
'Collatz.Research.RefinementAtlas.Batch050.gap_7_64' does not depend on any axioms
'Collatz.Research.RefinementAtlas.Batch050.cutoff_7_64' does not depend on any axioms
'Collatz.Research.RefinementAtlas.Batch050.even_endpoint_7_64' depends on axioms: [propext, Quot.sound]
'Collatz.Research.RefinementAtlas.Batch050.odd_endpoint_7_64' depends on axioms: [propext, Quot.sound]
'Collatz.Research.RefinementAtlas.Batch050.even_cutoff_7_64' depends on axioms: [propext, Classical.choice, Quot.sound]
'Collatz.Research.RefinementAtlas.Batch050.odd_cleared_7_64' depends on axioms: [propext, Classical.choice, Quot.sound]
'Collatz.Research.RefinementAtlas.Batch050.data_7_65' does not depend on any axioms
'Collatz.Research.RefinementAtlas.Batch050.gap_7_65' does not depend on any axioms
'Collatz.Research.RefinementAtlas.Batch050.cutoff_7_65' does not depend on any axioms
'Collatz.Research.RefinementAtlas.Batch050.even_endpoint_7_65' depends on axioms: [propext, Quot.sound]
'Collatz.Research.RefinementAtlas.Batch050.odd_endpoint_7_65' depends on axioms: [propext, Quot.sound]
'Collatz.Research.RefinementAtlas.Batch050.even_cutoff_7_65' depends on axioms: [propext, Classical.choice, Quot.sound]
'Collatz.Research.RefinementAtlas.Batch050.odd_cleared_7_65' depends on axioms: [propext, Classical.choice, Quot.sound]
'Collatz.Research.RefinementAtlas.Batch050.data_7_66' does not depend on any axioms
'Collatz.Research.RefinementAtlas.Batch050.gap_7_66' does not depend on any axioms
'Collatz.Research.RefinementAtlas.Batch050.cutoff_7_66' does not depend on any axioms
'Collatz.Research.RefinementAtlas.Batch050.even_endpoint_7_66' depends on axioms: [propext, Quot.sound]
'Collatz.Research.RefinementAtlas.Batch050.odd_endpoint_7_66' depends on axioms: [propext, Quot.sound]
'Collatz.Research.RefinementAtlas.Batch050.even_cutoff_7_66' depends on axioms: [propext, Classical.choice, Quot.sound]
'Collatz.Research.RefinementAtlas.Batch050.odd_cleared_7_66' depends on axioms: [propext, Classical.choice, Quot.sound]
'Collatz.Research.RefinementAtlas.Batch051.data_7_67' does not depend on any axioms
'Collatz.Research.RefinementAtlas.Batch051.gap_7_67' does not depend on any axioms
'Collatz.Research.RefinementAtlas.Batch051.cutoff_7_67' does not depend on any axioms
'Collatz.Research.RefinementAtlas.Batch051.even_endpoint_7_67' depends on axioms: [propext, Quot.sound]
'Collatz.Research.RefinementAtlas.Batch051.odd_endpoint_7_67' depends on axioms: [propext, Quot.sound]
'Collatz.Research.RefinementAtlas.Batch051.even_cutoff_7_67' depends on axioms: [propext, Classical.choice, Quot.sound]
'Collatz.Research.RefinementAtlas.Batch051.odd_cleared_7_67' depends on axioms: [propext, Classical.choice, Quot.sound]
'Collatz.Research.RefinementAtlas.Batch051.data_7_68' does not depend on any axioms
'Collatz.Research.RefinementAtlas.Batch051.gap_7_68' does not depend on any axioms
'Collatz.Research.RefinementAtlas.Batch051.cutoff_7_68' does not depend on any axioms
'Collatz.Research.RefinementAtlas.Batch051.even_endpoint_7_68' depends on axioms: [propext, Quot.sound]
'Collatz.Research.RefinementAtlas.Batch051.odd_endpoint_7_68' depends on axioms: [propext, Quot.sound]
'Collatz.Research.RefinementAtlas.Batch051.even_cutoff_7_68' depends on axioms: [propext, Classical.choice, Quot.sound]
'Collatz.Research.RefinementAtlas.Batch051.odd_cleared_7_68' depends on axioms: [propext, Classical.choice, Quot.sound]
'Collatz.Research.RefinementAtlas.Batch051.data_7_69' does not depend on any axioms
'Collatz.Research.RefinementAtlas.Batch051.gap_7_69' does not depend on any axioms
'Collatz.Research.RefinementAtlas.Batch051.cutoff_7_69' does not depend on any axioms
'Collatz.Research.RefinementAtlas.Batch051.even_endpoint_7_69' depends on axioms: [propext, Quot.sound]
'Collatz.Research.RefinementAtlas.Batch051.odd_endpoint_7_69' depends on axioms: [propext, Quot.sound]
'Collatz.Research.RefinementAtlas.Batch051.even_cutoff_7_69' depends on axioms: [propext, Classical.choice, Quot.sound]
'Collatz.Research.RefinementAtlas.Batch051.odd_cleared_7_69' depends on axioms: [propext, Classical.choice, Quot.sound]
'Collatz.Research.RefinementAtlas.Batch052.data_7_70' does not depend on any axioms
'Collatz.Research.RefinementAtlas.Batch052.gap_7_70' does not depend on any axioms
'Collatz.Research.RefinementAtlas.Batch052.cutoff_7_70' does not depend on any axioms
'Collatz.Research.RefinementAtlas.Batch052.even_endpoint_7_70' depends on axioms: [propext, Quot.sound]
'Collatz.Research.RefinementAtlas.Batch052.odd_endpoint_7_70' depends on axioms: [propext, Quot.sound]
'Collatz.Research.RefinementAtlas.Batch052.even_cutoff_7_70' depends on axioms: [propext, Classical.choice, Quot.sound]
'Collatz.Research.RefinementAtlas.Batch052.odd_cleared_7_70' depends on axioms: [propext, Classical.choice, Quot.sound]
'Collatz.Research.RefinementAtlas.Batch052.data_7_72' does not depend on any axioms
'Collatz.Research.RefinementAtlas.Batch052.gap_7_72' does not depend on any axioms
'Collatz.Research.RefinementAtlas.Batch052.cutoff_7_72' does not depend on any axioms
'Collatz.Research.RefinementAtlas.Batch052.even_endpoint_7_72' depends on axioms: [propext, Quot.sound]
'Collatz.Research.RefinementAtlas.Batch052.odd_endpoint_7_72' depends on axioms: [propext, Quot.sound]
'Collatz.Research.RefinementAtlas.Batch052.even_cutoff_7_72' depends on axioms: [propext, Classical.choice, Quot.sound]
'Collatz.Research.RefinementAtlas.Batch052.odd_cleared_7_72' depends on axioms: [propext, Classical.choice, Quot.sound]
'Collatz.Research.RefinementAtlas.Batch052.data_7_73' does not depend on any axioms
'Collatz.Research.RefinementAtlas.Batch052.gap_7_73' does not depend on any axioms
'Collatz.Research.RefinementAtlas.Batch052.cutoff_7_73' does not depend on any axioms
'Collatz.Research.RefinementAtlas.Batch052.even_endpoint_7_73' depends on axioms: [propext, Quot.sound]
'Collatz.Research.RefinementAtlas.Batch052.odd_endpoint_7_73' depends on axioms: [propext, Quot.sound]
'Collatz.Research.RefinementAtlas.Batch052.even_cutoff_7_73' depends on axioms: [propext, Classical.choice, Quot.sound]
'Collatz.Research.RefinementAtlas.Batch052.odd_cleared_7_73' depends on axioms: [propext, Classical.choice, Quot.sound]
'Collatz.Research.RefinementAtlas.Batch053.data_7_74' does not depend on any axioms
'Collatz.Research.RefinementAtlas.Batch053.gap_7_74' does not depend on any axioms
'Collatz.Research.RefinementAtlas.Batch053.cutoff_7_74' does not depend on any axioms
'Collatz.Research.RefinementAtlas.Batch053.even_endpoint_7_74' depends on axioms: [propext, Quot.sound]
'Collatz.Research.RefinementAtlas.Batch053.odd_endpoint_7_74' depends on axioms: [propext, Quot.sound]
'Collatz.Research.RefinementAtlas.Batch053.even_cutoff_7_74' depends on axioms: [propext, Classical.choice, Quot.sound]
'Collatz.Research.RefinementAtlas.Batch053.odd_cleared_7_74' depends on axioms: [propext, Classical.choice, Quot.sound]
'Collatz.Research.RefinementAtlas.Batch053.data_7_75' does not depend on any axioms
'Collatz.Research.RefinementAtlas.Batch053.gap_7_75' does not depend on any axioms
'Collatz.Research.RefinementAtlas.Batch053.cutoff_7_75' does not depend on any axioms
'Collatz.Research.RefinementAtlas.Batch053.even_endpoint_7_75' depends on axioms: [propext, Quot.sound]
'Collatz.Research.RefinementAtlas.Batch053.odd_endpoint_7_75' depends on axioms: [propext, Quot.sound]
'Collatz.Research.RefinementAtlas.Batch053.even_cutoff_7_75' depends on axioms: [propext, Classical.choice, Quot.sound]
'Collatz.Research.RefinementAtlas.Batch053.odd_cleared_7_75' depends on axioms: [propext, Classical.choice, Quot.sound]
'Collatz.Research.RefinementAtlas.Batch053.data_7_76' does not depend on any axioms
'Collatz.Research.RefinementAtlas.Batch053.gap_7_76' does not depend on any axioms
'Collatz.Research.RefinementAtlas.Batch053.cutoff_7_76' does not depend on any axioms
'Collatz.Research.RefinementAtlas.Batch053.even_endpoint_7_76' depends on axioms: [propext, Quot.sound]
'Collatz.Research.RefinementAtlas.Batch053.odd_endpoint_7_76' depends on axioms: [propext, Quot.sound]
'Collatz.Research.RefinementAtlas.Batch053.even_cutoff_7_76' depends on axioms: [propext, Classical.choice, Quot.sound]
'Collatz.Research.RefinementAtlas.Batch053.odd_cleared_7_76' depends on axioms: [propext, Classical.choice, Quot.sound]
'Collatz.Research.RefinementAtlas.Batch054.data_7_77' does not depend on any axioms
'Collatz.Research.RefinementAtlas.Batch054.gap_7_77' does not depend on any axioms
'Collatz.Research.RefinementAtlas.Batch054.cutoff_7_77' does not depend on any axioms
'Collatz.Research.RefinementAtlas.Batch054.even_endpoint_7_77' depends on axioms: [propext, Quot.sound]
'Collatz.Research.RefinementAtlas.Batch054.odd_endpoint_7_77' depends on axioms: [propext, Quot.sound]
'Collatz.Research.RefinementAtlas.Batch054.even_cutoff_7_77' depends on axioms: [propext, Classical.choice, Quot.sound]
'Collatz.Research.RefinementAtlas.Batch054.odd_cleared_7_77' depends on axioms: [propext, Classical.choice, Quot.sound]
'Collatz.Research.RefinementAtlas.Batch054.data_7_80' does not depend on any axioms
'Collatz.Research.RefinementAtlas.Batch054.gap_7_80' does not depend on any axioms
'Collatz.Research.RefinementAtlas.Batch054.cutoff_7_80' does not depend on any axioms
'Collatz.Research.RefinementAtlas.Batch054.even_endpoint_7_80' depends on axioms: [propext, Quot.sound]
'Collatz.Research.RefinementAtlas.Batch054.odd_endpoint_7_80' depends on axioms: [propext, Quot.sound]
'Collatz.Research.RefinementAtlas.Batch054.even_cutoff_7_80' depends on axioms: [propext, Classical.choice, Quot.sound]
'Collatz.Research.RefinementAtlas.Batch054.odd_cleared_7_80' depends on axioms: [propext, Classical.choice, Quot.sound]
'Collatz.Research.RefinementAtlas.Batch054.data_7_81' does not depend on any axioms
'Collatz.Research.RefinementAtlas.Batch054.gap_7_81' does not depend on any axioms
'Collatz.Research.RefinementAtlas.Batch054.cutoff_7_81' does not depend on any axioms
'Collatz.Research.RefinementAtlas.Batch054.even_endpoint_7_81' depends on axioms: [propext, Quot.sound]
'Collatz.Research.RefinementAtlas.Batch054.odd_endpoint_7_81' depends on axioms: [propext, Quot.sound]
'Collatz.Research.RefinementAtlas.Batch054.even_cutoff_7_81' depends on axioms: [propext, Classical.choice, Quot.sound]
'Collatz.Research.RefinementAtlas.Batch054.odd_cleared_7_81' depends on axioms: [propext, Classical.choice, Quot.sound]
'Collatz.Research.RefinementAtlas.Batch055.data_7_84' does not depend on any axioms
'Collatz.Research.RefinementAtlas.Batch055.gap_7_84' does not depend on any axioms
'Collatz.Research.RefinementAtlas.Batch055.cutoff_7_84' does not depend on any axioms
'Collatz.Research.RefinementAtlas.Batch055.even_endpoint_7_84' depends on axioms: [propext, Quot.sound]
'Collatz.Research.RefinementAtlas.Batch055.odd_endpoint_7_84' depends on axioms: [propext, Quot.sound]
'Collatz.Research.RefinementAtlas.Batch055.even_cutoff_7_84' depends on axioms: [propext, Classical.choice, Quot.sound]
'Collatz.Research.RefinementAtlas.Batch055.odd_cleared_7_84' depends on axioms: [propext, Classical.choice, Quot.sound]
'Collatz.Research.RefinementAtlas.Batch055.data_7_85' does not depend on any axioms
'Collatz.Research.RefinementAtlas.Batch055.gap_7_85' does not depend on any axioms
'Collatz.Research.RefinementAtlas.Batch055.cutoff_7_85' does not depend on any axioms
'Collatz.Research.RefinementAtlas.Batch055.even_endpoint_7_85' depends on axioms: [propext, Quot.sound]
'Collatz.Research.RefinementAtlas.Batch055.odd_endpoint_7_85' depends on axioms: [propext, Quot.sound]
'Collatz.Research.RefinementAtlas.Batch055.even_cutoff_7_85' depends on axioms: [propext, Classical.choice, Quot.sound]
'Collatz.Research.RefinementAtlas.Batch055.odd_cleared_7_85' depends on axioms: [propext, Classical.choice, Quot.sound]
'Collatz.Research.RefinementAtlas.Batch055.data_7_86' does not depend on any axioms
'Collatz.Research.RefinementAtlas.Batch055.gap_7_86' does not depend on any axioms
'Collatz.Research.RefinementAtlas.Batch055.cutoff_7_86' does not depend on any axioms
'Collatz.Research.RefinementAtlas.Batch055.even_endpoint_7_86' depends on axioms: [propext, Quot.sound]
'Collatz.Research.RefinementAtlas.Batch055.odd_endpoint_7_86' depends on axioms: [propext, Quot.sound]
'Collatz.Research.RefinementAtlas.Batch055.even_cutoff_7_86' depends on axioms: [propext, Classical.choice, Quot.sound]
'Collatz.Research.RefinementAtlas.Batch055.odd_cleared_7_86' depends on axioms: [propext, Classical.choice, Quot.sound]
'Collatz.Research.RefinementAtlas.Batch056.data_7_87' does not depend on any axioms
'Collatz.Research.RefinementAtlas.Batch056.gap_7_87' does not depend on any axioms
'Collatz.Research.RefinementAtlas.Batch056.cutoff_7_87' does not depend on any axioms
'Collatz.Research.RefinementAtlas.Batch056.even_endpoint_7_87' depends on axioms: [propext, Quot.sound]
'Collatz.Research.RefinementAtlas.Batch056.odd_endpoint_7_87' depends on axioms: [propext, Quot.sound]
'Collatz.Research.RefinementAtlas.Batch056.even_cutoff_7_87' depends on axioms: [propext, Classical.choice, Quot.sound]
'Collatz.Research.RefinementAtlas.Batch056.odd_cleared_7_87' depends on axioms: [propext, Classical.choice, Quot.sound]
'Collatz.Research.RefinementAtlas.Batch056.data_7_88' does not depend on any axioms
'Collatz.Research.RefinementAtlas.Batch056.gap_7_88' does not depend on any axioms
'Collatz.Research.RefinementAtlas.Batch056.cutoff_7_88' does not depend on any axioms
'Collatz.Research.RefinementAtlas.Batch056.even_endpoint_7_88' depends on axioms: [propext, Quot.sound]
'Collatz.Research.RefinementAtlas.Batch056.odd_endpoint_7_88' depends on axioms: [propext, Quot.sound]
'Collatz.Research.RefinementAtlas.Batch056.even_cutoff_7_88' depends on axioms: [propext, Classical.choice, Quot.sound]
'Collatz.Research.RefinementAtlas.Batch056.odd_cleared_7_88' depends on axioms: [propext, Classical.choice, Quot.sound]
'Collatz.Research.RefinementAtlas.Batch056.data_7_89' does not depend on any axioms
'Collatz.Research.RefinementAtlas.Batch056.gap_7_89' does not depend on any axioms
'Collatz.Research.RefinementAtlas.Batch056.cutoff_7_89' does not depend on any axioms
'Collatz.Research.RefinementAtlas.Batch056.even_endpoint_7_89' depends on axioms: [propext, Quot.sound]
'Collatz.Research.RefinementAtlas.Batch056.odd_endpoint_7_89' depends on axioms: [propext, Quot.sound]
'Collatz.Research.RefinementAtlas.Batch056.even_cutoff_7_89' depends on axioms: [propext, Classical.choice, Quot.sound]
'Collatz.Research.RefinementAtlas.Batch056.odd_cleared_7_89' depends on axioms: [propext, Classical.choice, Quot.sound]
'Collatz.Research.RefinementAtlas.Batch057.data_7_90' does not depend on any axioms
'Collatz.Research.RefinementAtlas.Batch057.gap_7_90' does not depend on any axioms
'Collatz.Research.RefinementAtlas.Batch057.cutoff_7_90' does not depend on any axioms
'Collatz.Research.RefinementAtlas.Batch057.even_endpoint_7_90' depends on axioms: [propext, Quot.sound]
'Collatz.Research.RefinementAtlas.Batch057.odd_endpoint_7_90' depends on axioms: [propext, Quot.sound]
'Collatz.Research.RefinementAtlas.Batch057.even_cutoff_7_90' depends on axioms: [propext, Classical.choice, Quot.sound]
'Collatz.Research.RefinementAtlas.Batch057.odd_cleared_7_90' depends on axioms: [propext, Classical.choice, Quot.sound]
'Collatz.Research.RefinementAtlas.Batch057.data_7_92' does not depend on any axioms
'Collatz.Research.RefinementAtlas.Batch057.gap_7_92' does not depend on any axioms
'Collatz.Research.RefinementAtlas.Batch057.cutoff_7_92' does not depend on any axioms
'Collatz.Research.RefinementAtlas.Batch057.even_endpoint_7_92' depends on axioms: [propext, Quot.sound]
'Collatz.Research.RefinementAtlas.Batch057.odd_endpoint_7_92' depends on axioms: [propext, Quot.sound]
'Collatz.Research.RefinementAtlas.Batch057.even_cutoff_7_92' depends on axioms: [propext, Classical.choice, Quot.sound]
'Collatz.Research.RefinementAtlas.Batch057.odd_cleared_7_92' depends on axioms: [propext, Classical.choice, Quot.sound]
'Collatz.Research.RefinementAtlas.Batch057.data_7_93' does not depend on any axioms
'Collatz.Research.RefinementAtlas.Batch057.gap_7_93' does not depend on any axioms
'Collatz.Research.RefinementAtlas.Batch057.cutoff_7_93' does not depend on any axioms
'Collatz.Research.RefinementAtlas.Batch057.even_endpoint_7_93' depends on axioms: [propext, Quot.sound]
'Collatz.Research.RefinementAtlas.Batch057.odd_endpoint_7_93' depends on axioms: [propext, Quot.sound]
'Collatz.Research.RefinementAtlas.Batch057.even_cutoff_7_93' depends on axioms: [propext, Classical.choice, Quot.sound]
'Collatz.Research.RefinementAtlas.Batch057.odd_cleared_7_93' depends on axioms: [propext, Classical.choice, Quot.sound]
'Collatz.Research.RefinementAtlas.Batch058.data_7_96' does not depend on any axioms
'Collatz.Research.RefinementAtlas.Batch058.gap_7_96' does not depend on any axioms
'Collatz.Research.RefinementAtlas.Batch058.cutoff_7_96' does not depend on any axioms
'Collatz.Research.RefinementAtlas.Batch058.even_endpoint_7_96' depends on axioms: [propext, Quot.sound]
'Collatz.Research.RefinementAtlas.Batch058.odd_endpoint_7_96' depends on axioms: [propext, Quot.sound]
'Collatz.Research.RefinementAtlas.Batch058.even_cutoff_7_96' depends on axioms: [propext, Classical.choice, Quot.sound]
'Collatz.Research.RefinementAtlas.Batch058.odd_cleared_7_96' depends on axioms: [propext, Classical.choice, Quot.sound]
'Collatz.Research.RefinementAtlas.Batch058.data_7_98' does not depend on any axioms
'Collatz.Research.RefinementAtlas.Batch058.gap_7_98' does not depend on any axioms
'Collatz.Research.RefinementAtlas.Batch058.cutoff_7_98' does not depend on any axioms
'Collatz.Research.RefinementAtlas.Batch058.even_endpoint_7_98' depends on axioms: [propext, Quot.sound]
'Collatz.Research.RefinementAtlas.Batch058.odd_endpoint_7_98' depends on axioms: [propext, Quot.sound]
'Collatz.Research.RefinementAtlas.Batch058.even_cutoff_7_98' depends on axioms: [propext, Classical.choice, Quot.sound]
'Collatz.Research.RefinementAtlas.Batch058.odd_cleared_7_98' depends on axioms: [propext, Classical.choice, Quot.sound]
'Collatz.Research.RefinementAtlas.Batch058.data_7_99' does not depend on any axioms
'Collatz.Research.RefinementAtlas.Batch058.gap_7_99' does not depend on any axioms
'Collatz.Research.RefinementAtlas.Batch058.cutoff_7_99' does not depend on any axioms
'Collatz.Research.RefinementAtlas.Batch058.even_endpoint_7_99' depends on axioms: [propext, Quot.sound]
'Collatz.Research.RefinementAtlas.Batch058.odd_endpoint_7_99' depends on axioms: [propext, Quot.sound]
'Collatz.Research.RefinementAtlas.Batch058.even_cutoff_7_99' depends on axioms: [propext, Classical.choice, Quot.sound]
'Collatz.Research.RefinementAtlas.Batch058.odd_cleared_7_99' depends on axioms: [propext, Classical.choice, Quot.sound]
'Collatz.Research.RefinementAtlas.Batch059.data_7_100' does not depend on any axioms
'Collatz.Research.RefinementAtlas.Batch059.gap_7_100' does not depend on any axioms
'Collatz.Research.RefinementAtlas.Batch059.cutoff_7_100' does not depend on any axioms
'Collatz.Research.RefinementAtlas.Batch059.even_endpoint_7_100' depends on axioms: [propext, Quot.sound]
'Collatz.Research.RefinementAtlas.Batch059.odd_endpoint_7_100' depends on axioms: [propext, Quot.sound]
'Collatz.Research.RefinementAtlas.Batch059.even_cutoff_7_100' depends on axioms: [propext, Classical.choice, Quot.sound]
'Collatz.Research.RefinementAtlas.Batch059.odd_cleared_7_100' depends on axioms: [propext, Classical.choice, Quot.sound]
'Collatz.Research.RefinementAtlas.Batch059.data_7_101' does not depend on any axioms
'Collatz.Research.RefinementAtlas.Batch059.gap_7_101' does not depend on any axioms
'Collatz.Research.RefinementAtlas.Batch059.cutoff_7_101' does not depend on any axioms
'Collatz.Research.RefinementAtlas.Batch059.even_endpoint_7_101' depends on axioms: [propext, Quot.sound]
'Collatz.Research.RefinementAtlas.Batch059.odd_endpoint_7_101' depends on axioms: [propext, Quot.sound]
'Collatz.Research.RefinementAtlas.Batch059.even_cutoff_7_101' depends on axioms: [propext, Classical.choice, Quot.sound]
'Collatz.Research.RefinementAtlas.Batch059.odd_cleared_7_101' depends on axioms: [propext, Classical.choice, Quot.sound]
'Collatz.Research.RefinementAtlas.Batch059.data_7_102' does not depend on any axioms
'Collatz.Research.RefinementAtlas.Batch059.gap_7_102' does not depend on any axioms
'Collatz.Research.RefinementAtlas.Batch059.cutoff_7_102' does not depend on any axioms
'Collatz.Research.RefinementAtlas.Batch059.even_endpoint_7_102' depends on axioms: [propext, Quot.sound]
'Collatz.Research.RefinementAtlas.Batch059.odd_endpoint_7_102' depends on axioms: [propext, Quot.sound]
'Collatz.Research.RefinementAtlas.Batch059.even_cutoff_7_102' depends on axioms: [propext, Classical.choice, Quot.sound]
'Collatz.Research.RefinementAtlas.Batch059.odd_cleared_7_102' depends on axioms: [propext, Classical.choice, Quot.sound]
'Collatz.Research.RefinementAtlas.Batch060.data_7_104' does not depend on any axioms
'Collatz.Research.RefinementAtlas.Batch060.gap_7_104' does not depend on any axioms
'Collatz.Research.RefinementAtlas.Batch060.cutoff_7_104' does not depend on any axioms
'Collatz.Research.RefinementAtlas.Batch060.even_endpoint_7_104' depends on axioms: [propext, Quot.sound]
'Collatz.Research.RefinementAtlas.Batch060.odd_endpoint_7_104' depends on axioms: [propext, Quot.sound]
'Collatz.Research.RefinementAtlas.Batch060.even_cutoff_7_104' depends on axioms: [propext, Classical.choice, Quot.sound]
'Collatz.Research.RefinementAtlas.Batch060.odd_cleared_7_104' depends on axioms: [propext, Classical.choice, Quot.sound]
'Collatz.Research.RefinementAtlas.Batch060.data_7_106' does not depend on any axioms
'Collatz.Research.RefinementAtlas.Batch060.gap_7_106' does not depend on any axioms
'Collatz.Research.RefinementAtlas.Batch060.cutoff_7_106' does not depend on any axioms
'Collatz.Research.RefinementAtlas.Batch060.even_endpoint_7_106' depends on axioms: [propext, Quot.sound]
'Collatz.Research.RefinementAtlas.Batch060.odd_endpoint_7_106' depends on axioms: [propext, Quot.sound]
'Collatz.Research.RefinementAtlas.Batch060.even_cutoff_7_106' depends on axioms: [propext, Classical.choice, Quot.sound]
'Collatz.Research.RefinementAtlas.Batch060.odd_cleared_7_106' depends on axioms: [propext, Classical.choice, Quot.sound]
'Collatz.Research.RefinementAtlas.Batch060.data_7_108' does not depend on any axioms
'Collatz.Research.RefinementAtlas.Batch060.gap_7_108' does not depend on any axioms
'Collatz.Research.RefinementAtlas.Batch060.cutoff_7_108' does not depend on any axioms
'Collatz.Research.RefinementAtlas.Batch060.even_endpoint_7_108' depends on axioms: [propext, Quot.sound]
'Collatz.Research.RefinementAtlas.Batch060.odd_endpoint_7_108' depends on axioms: [propext, Quot.sound]
'Collatz.Research.RefinementAtlas.Batch060.even_cutoff_7_108' depends on axioms: [propext, Classical.choice, Quot.sound]
'Collatz.Research.RefinementAtlas.Batch060.odd_cleared_7_108' depends on axioms: [propext, Classical.choice, Quot.sound]
'Collatz.Research.RefinementAtlas.Batch061.data_7_109' does not depend on any axioms
'Collatz.Research.RefinementAtlas.Batch061.gap_7_109' does not depend on any axioms
'Collatz.Research.RefinementAtlas.Batch061.cutoff_7_109' does not depend on any axioms
'Collatz.Research.RefinementAtlas.Batch061.even_endpoint_7_109' depends on axioms: [propext, Quot.sound]
'Collatz.Research.RefinementAtlas.Batch061.odd_endpoint_7_109' depends on axioms: [propext, Quot.sound]
'Collatz.Research.RefinementAtlas.Batch061.even_cutoff_7_109' depends on axioms: [propext, Classical.choice, Quot.sound]
'Collatz.Research.RefinementAtlas.Batch061.odd_cleared_7_109' depends on axioms: [propext, Classical.choice, Quot.sound]
'Collatz.Research.RefinementAtlas.Batch061.data_7_110' does not depend on any axioms
'Collatz.Research.RefinementAtlas.Batch061.gap_7_110' does not depend on any axioms
'Collatz.Research.RefinementAtlas.Batch061.cutoff_7_110' does not depend on any axioms
'Collatz.Research.RefinementAtlas.Batch061.even_endpoint_7_110' depends on axioms: [propext, Quot.sound]
'Collatz.Research.RefinementAtlas.Batch061.odd_endpoint_7_110' depends on axioms: [propext, Quot.sound]
'Collatz.Research.RefinementAtlas.Batch061.even_cutoff_7_110' depends on axioms: [propext, Classical.choice, Quot.sound]
'Collatz.Research.RefinementAtlas.Batch061.odd_cleared_7_110' depends on axioms: [propext, Classical.choice, Quot.sound]
'Collatz.Research.RefinementAtlas.Batch061.data_7_112' does not depend on any axioms
'Collatz.Research.RefinementAtlas.Batch061.gap_7_112' does not depend on any axioms
'Collatz.Research.RefinementAtlas.Batch061.cutoff_7_112' does not depend on any axioms
'Collatz.Research.RefinementAtlas.Batch061.even_endpoint_7_112' depends on axioms: [propext, Quot.sound]
'Collatz.Research.RefinementAtlas.Batch061.odd_endpoint_7_112' depends on axioms: [propext, Quot.sound]
'Collatz.Research.RefinementAtlas.Batch061.even_cutoff_7_112' depends on axioms: [propext, Classical.choice, Quot.sound]
'Collatz.Research.RefinementAtlas.Batch061.odd_cleared_7_112' depends on axioms: [propext, Classical.choice, Quot.sound]
'Collatz.Research.RefinementAtlas.Batch062.data_7_113' does not depend on any axioms
'Collatz.Research.RefinementAtlas.Batch062.gap_7_113' does not depend on any axioms
'Collatz.Research.RefinementAtlas.Batch062.cutoff_7_113' does not depend on any axioms
'Collatz.Research.RefinementAtlas.Batch062.even_endpoint_7_113' depends on axioms: [propext, Quot.sound]
'Collatz.Research.RefinementAtlas.Batch062.odd_endpoint_7_113' depends on axioms: [propext, Quot.sound]
'Collatz.Research.RefinementAtlas.Batch062.even_cutoff_7_113' depends on axioms: [propext, Classical.choice, Quot.sound]
'Collatz.Research.RefinementAtlas.Batch062.odd_cleared_7_113' depends on axioms: [propext, Classical.choice, Quot.sound]
'Collatz.Research.RefinementAtlas.Batch062.data_7_114' does not depend on any axioms
'Collatz.Research.RefinementAtlas.Batch062.gap_7_114' does not depend on any axioms
'Collatz.Research.RefinementAtlas.Batch062.cutoff_7_114' does not depend on any axioms
'Collatz.Research.RefinementAtlas.Batch062.even_endpoint_7_114' depends on axioms: [propext, Quot.sound]
'Collatz.Research.RefinementAtlas.Batch062.odd_endpoint_7_114' depends on axioms: [propext, Quot.sound]
'Collatz.Research.RefinementAtlas.Batch062.even_cutoff_7_114' depends on axioms: [propext, Classical.choice, Quot.sound]
'Collatz.Research.RefinementAtlas.Batch062.odd_cleared_7_114' depends on axioms: [propext, Classical.choice, Quot.sound]
'Collatz.Research.RefinementAtlas.Batch062.data_7_115' does not depend on any axioms
'Collatz.Research.RefinementAtlas.Batch062.gap_7_115' does not depend on any axioms
'Collatz.Research.RefinementAtlas.Batch062.cutoff_7_115' does not depend on any axioms
'Collatz.Research.RefinementAtlas.Batch062.even_endpoint_7_115' depends on axioms: [propext, Quot.sound]
'Collatz.Research.RefinementAtlas.Batch062.odd_endpoint_7_115' depends on axioms: [propext, Quot.sound]
'Collatz.Research.RefinementAtlas.Batch062.even_cutoff_7_115' depends on axioms: [propext, Classical.choice, Quot.sound]
'Collatz.Research.RefinementAtlas.Batch062.odd_cleared_7_115' depends on axioms: [propext, Classical.choice, Quot.sound]
'Collatz.Research.RefinementAtlas.Batch063.data_7_116' does not depend on any axioms
'Collatz.Research.RefinementAtlas.Batch063.gap_7_116' does not depend on any axioms
'Collatz.Research.RefinementAtlas.Batch063.cutoff_7_116' does not depend on any axioms
'Collatz.Research.RefinementAtlas.Batch063.even_endpoint_7_116' depends on axioms: [propext, Quot.sound]
'Collatz.Research.RefinementAtlas.Batch063.odd_endpoint_7_116' depends on axioms: [propext, Quot.sound]
'Collatz.Research.RefinementAtlas.Batch063.even_cutoff_7_116' depends on axioms: [propext, Classical.choice, Quot.sound]
'Collatz.Research.RefinementAtlas.Batch063.odd_cleared_7_116' depends on axioms: [propext, Classical.choice, Quot.sound]
'Collatz.Research.RefinementAtlas.Batch063.data_7_117' does not depend on any axioms
'Collatz.Research.RefinementAtlas.Batch063.gap_7_117' does not depend on any axioms
'Collatz.Research.RefinementAtlas.Batch063.cutoff_7_117' does not depend on any axioms
'Collatz.Research.RefinementAtlas.Batch063.even_endpoint_7_117' depends on axioms: [propext, Quot.sound]
'Collatz.Research.RefinementAtlas.Batch063.odd_endpoint_7_117' depends on axioms: [propext, Quot.sound]
'Collatz.Research.RefinementAtlas.Batch063.even_cutoff_7_117' depends on axioms: [propext, Classical.choice, Quot.sound]
'Collatz.Research.RefinementAtlas.Batch063.odd_cleared_7_117' depends on axioms: [propext, Classical.choice, Quot.sound]
'Collatz.Research.RefinementAtlas.Batch063.data_7_118' does not depend on any axioms
'Collatz.Research.RefinementAtlas.Batch063.gap_7_118' does not depend on any axioms
'Collatz.Research.RefinementAtlas.Batch063.cutoff_7_118' does not depend on any axioms
'Collatz.Research.RefinementAtlas.Batch063.even_endpoint_7_118' depends on axioms: [propext, Quot.sound]
'Collatz.Research.RefinementAtlas.Batch063.odd_endpoint_7_118' depends on axioms: [propext, Quot.sound]
'Collatz.Research.RefinementAtlas.Batch063.even_cutoff_7_118' depends on axioms: [propext, Classical.choice, Quot.sound]
'Collatz.Research.RefinementAtlas.Batch063.odd_cleared_7_118' depends on axioms: [propext, Classical.choice, Quot.sound]
'Collatz.Research.RefinementAtlas.Batch064.data_7_119' does not depend on any axioms
'Collatz.Research.RefinementAtlas.Batch064.gap_7_119' does not depend on any axioms
'Collatz.Research.RefinementAtlas.Batch064.cutoff_7_119' does not depend on any axioms
'Collatz.Research.RefinementAtlas.Batch064.even_endpoint_7_119' depends on axioms: [propext, Quot.sound]
'Collatz.Research.RefinementAtlas.Batch064.odd_endpoint_7_119' depends on axioms: [propext, Quot.sound]
'Collatz.Research.RefinementAtlas.Batch064.even_cutoff_7_119' depends on axioms: [propext, Classical.choice, Quot.sound]
'Collatz.Research.RefinementAtlas.Batch064.odd_cleared_7_119' depends on axioms: [propext, Classical.choice, Quot.sound]
'Collatz.Research.RefinementAtlas.Batch064.data_7_120' does not depend on any axioms
'Collatz.Research.RefinementAtlas.Batch064.gap_7_120' does not depend on any axioms
'Collatz.Research.RefinementAtlas.Batch064.cutoff_7_120' does not depend on any axioms
'Collatz.Research.RefinementAtlas.Batch064.even_endpoint_7_120' depends on axioms: [propext, Quot.sound]
'Collatz.Research.RefinementAtlas.Batch064.odd_endpoint_7_120' depends on axioms: [propext, Quot.sound]
'Collatz.Research.RefinementAtlas.Batch064.even_cutoff_7_120' depends on axioms: [propext, Classical.choice, Quot.sound]
'Collatz.Research.RefinementAtlas.Batch064.odd_cleared_7_120' depends on axioms: [propext, Classical.choice, Quot.sound]
'Collatz.Research.RefinementAtlas.Batch064.data_7_122' does not depend on any axioms
'Collatz.Research.RefinementAtlas.Batch064.gap_7_122' does not depend on any axioms
'Collatz.Research.RefinementAtlas.Batch064.cutoff_7_122' does not depend on any axioms
'Collatz.Research.RefinementAtlas.Batch064.even_endpoint_7_122' depends on axioms: [propext, Quot.sound]
'Collatz.Research.RefinementAtlas.Batch064.odd_endpoint_7_122' depends on axioms: [propext, Quot.sound]
'Collatz.Research.RefinementAtlas.Batch064.even_cutoff_7_122' depends on axioms: [propext, Classical.choice, Quot.sound]
'Collatz.Research.RefinementAtlas.Batch064.odd_cleared_7_122' depends on axioms: [propext, Classical.choice, Quot.sound]
'Collatz.Research.RefinementAtlas.Batch065.data_8_3' does not depend on any axioms
'Collatz.Research.RefinementAtlas.Batch065.gap_8_3' does not depend on any axioms
'Collatz.Research.RefinementAtlas.Batch065.cutoff_8_3' does not depend on any axioms
'Collatz.Research.RefinementAtlas.Batch065.even_endpoint_8_3' depends on axioms: [propext, Quot.sound]
'Collatz.Research.RefinementAtlas.Batch065.odd_endpoint_8_3' depends on axioms: [propext, Quot.sound]
'Collatz.Research.RefinementAtlas.Batch065.even_cutoff_8_3' depends on axioms: [propext, Classical.choice, Quot.sound]
'Collatz.Research.RefinementAtlas.Batch065.odd_cleared_8_3' depends on axioms: [propext, Classical.choice, Quot.sound]
'Collatz.Research.RefinementAtlas.Batch065.data_8_4' does not depend on any axioms
'Collatz.Research.RefinementAtlas.Batch065.gap_8_4' does not depend on any axioms
'Collatz.Research.RefinementAtlas.Batch065.cutoff_8_4' does not depend on any axioms
'Collatz.Research.RefinementAtlas.Batch065.even_endpoint_8_4' depends on axioms: [propext, Quot.sound]
'Collatz.Research.RefinementAtlas.Batch065.odd_endpoint_8_4' depends on axioms: [propext, Quot.sound]
'Collatz.Research.RefinementAtlas.Batch065.even_cutoff_8_4' depends on axioms: [propext, Classical.choice, Quot.sound]
'Collatz.Research.RefinementAtlas.Batch065.odd_cleared_8_4' depends on axioms: [propext, Classical.choice, Quot.sound]
'Collatz.Research.RefinementAtlas.Batch065.data_8_5' does not depend on any axioms
'Collatz.Research.RefinementAtlas.Batch065.gap_8_5' does not depend on any axioms
'Collatz.Research.RefinementAtlas.Batch065.cutoff_8_5' does not depend on any axioms
'Collatz.Research.RefinementAtlas.Batch065.even_endpoint_8_5' depends on axioms: [propext, Quot.sound]
'Collatz.Research.RefinementAtlas.Batch065.odd_endpoint_8_5' depends on axioms: [propext, Quot.sound]
'Collatz.Research.RefinementAtlas.Batch065.even_cutoff_8_5' depends on axioms: [propext, Classical.choice, Quot.sound]
'Collatz.Research.RefinementAtlas.Batch065.odd_cleared_8_5' depends on axioms: [propext, Classical.choice, Quot.sound]
'Collatz.Research.RefinementAtlas.Batch066.data_8_6' does not depend on any axioms
'Collatz.Research.RefinementAtlas.Batch066.gap_8_6' does not depend on any axioms
'Collatz.Research.RefinementAtlas.Batch066.cutoff_8_6' does not depend on any axioms
'Collatz.Research.RefinementAtlas.Batch066.even_endpoint_8_6' depends on axioms: [propext, Quot.sound]
'Collatz.Research.RefinementAtlas.Batch066.odd_endpoint_8_6' depends on axioms: [propext, Quot.sound]
'Collatz.Research.RefinementAtlas.Batch066.even_cutoff_8_6' depends on axioms: [propext, Classical.choice, Quot.sound]
'Collatz.Research.RefinementAtlas.Batch066.odd_cleared_8_6' depends on axioms: [propext, Classical.choice, Quot.sound]
'Collatz.Research.RefinementAtlas.Batch066.data_8_8' does not depend on any axioms
'Collatz.Research.RefinementAtlas.Batch066.gap_8_8' does not depend on any axioms
'Collatz.Research.RefinementAtlas.Batch066.cutoff_8_8' does not depend on any axioms
'Collatz.Research.RefinementAtlas.Batch066.even_endpoint_8_8' depends on axioms: [propext, Quot.sound]
'Collatz.Research.RefinementAtlas.Batch066.odd_endpoint_8_8' depends on axioms: [propext, Quot.sound]
'Collatz.Research.RefinementAtlas.Batch066.even_cutoff_8_8' depends on axioms: [propext, Classical.choice, Quot.sound]
'Collatz.Research.RefinementAtlas.Batch066.odd_cleared_8_8' depends on axioms: [propext, Classical.choice, Quot.sound]
'Collatz.Research.RefinementAtlas.Batch066.data_8_10' does not depend on any axioms
'Collatz.Research.RefinementAtlas.Batch066.gap_8_10' does not depend on any axioms
'Collatz.Research.RefinementAtlas.Batch066.cutoff_8_10' does not depend on any axioms
'Collatz.Research.RefinementAtlas.Batch066.even_endpoint_8_10' depends on axioms: [propext, Quot.sound]
'Collatz.Research.RefinementAtlas.Batch066.odd_endpoint_8_10' depends on axioms: [propext, Quot.sound]
'Collatz.Research.RefinementAtlas.Batch066.even_cutoff_8_10' depends on axioms: [propext, Classical.choice, Quot.sound]
'Collatz.Research.RefinementAtlas.Batch066.odd_cleared_8_10' depends on axioms: [propext, Classical.choice, Quot.sound]
'Collatz.Research.RefinementAtlas.Batch067.data_8_11' does not depend on any axioms
'Collatz.Research.RefinementAtlas.Batch067.gap_8_11' does not depend on any axioms
'Collatz.Research.RefinementAtlas.Batch067.cutoff_8_11' does not depend on any axioms
'Collatz.Research.RefinementAtlas.Batch067.even_endpoint_8_11' depends on axioms: [propext, Quot.sound]
'Collatz.Research.RefinementAtlas.Batch067.odd_endpoint_8_11' depends on axioms: [propext, Quot.sound]
'Collatz.Research.RefinementAtlas.Batch067.even_cutoff_8_11' depends on axioms: [propext, Classical.choice, Quot.sound]
'Collatz.Research.RefinementAtlas.Batch067.odd_cleared_8_11' depends on axioms: [propext, Classical.choice, Quot.sound]
'Collatz.Research.RefinementAtlas.Batch067.data_8_12' does not depend on any axioms
'Collatz.Research.RefinementAtlas.Batch067.gap_8_12' does not depend on any axioms
'Collatz.Research.RefinementAtlas.Batch067.cutoff_8_12' does not depend on any axioms
'Collatz.Research.RefinementAtlas.Batch067.even_endpoint_8_12' depends on axioms: [propext, Quot.sound]
'Collatz.Research.RefinementAtlas.Batch067.odd_endpoint_8_12' depends on axioms: [propext, Quot.sound]
'Collatz.Research.RefinementAtlas.Batch067.even_cutoff_8_12' depends on axioms: [propext, Classical.choice, Quot.sound]
'Collatz.Research.RefinementAtlas.Batch067.odd_cleared_8_12' depends on axioms: [propext, Classical.choice, Quot.sound]
'Collatz.Research.RefinementAtlas.Batch067.data_8_13' does not depend on any axioms
'Collatz.Research.RefinementAtlas.Batch067.gap_8_13' does not depend on any axioms
'Collatz.Research.RefinementAtlas.Batch067.cutoff_8_13' does not depend on any axioms
'Collatz.Research.RefinementAtlas.Batch067.even_endpoint_8_13' depends on axioms: [propext, Quot.sound]
'Collatz.Research.RefinementAtlas.Batch067.odd_endpoint_8_13' depends on axioms: [propext, Quot.sound]
'Collatz.Research.RefinementAtlas.Batch067.even_cutoff_8_13' depends on axioms: [propext, Classical.choice, Quot.sound]
'Collatz.Research.RefinementAtlas.Batch067.odd_cleared_8_13' depends on axioms: [propext, Classical.choice, Quot.sound]
'Collatz.Research.RefinementAtlas.Batch068.data_8_14' does not depend on any axioms
'Collatz.Research.RefinementAtlas.Batch068.gap_8_14' does not depend on any axioms
'Collatz.Research.RefinementAtlas.Batch068.cutoff_8_14' does not depend on any axioms
'Collatz.Research.RefinementAtlas.Batch068.even_endpoint_8_14' depends on axioms: [propext, Quot.sound]
'Collatz.Research.RefinementAtlas.Batch068.odd_endpoint_8_14' depends on axioms: [propext, Quot.sound]
'Collatz.Research.RefinementAtlas.Batch068.even_cutoff_8_14' depends on axioms: [propext, Classical.choice, Quot.sound]
'Collatz.Research.RefinementAtlas.Batch068.odd_cleared_8_14' depends on axioms: [propext, Classical.choice, Quot.sound]
'Collatz.Research.RefinementAtlas.Batch068.data_8_15' does not depend on any axioms
'Collatz.Research.RefinementAtlas.Batch068.gap_8_15' does not depend on any axioms
'Collatz.Research.RefinementAtlas.Batch068.cutoff_8_15' does not depend on any axioms
'Collatz.Research.RefinementAtlas.Batch068.even_endpoint_8_15' depends on axioms: [propext, Quot.sound]
'Collatz.Research.RefinementAtlas.Batch068.odd_endpoint_8_15' depends on axioms: [propext, Quot.sound]
'Collatz.Research.RefinementAtlas.Batch068.even_cutoff_8_15' depends on axioms: [propext, Classical.choice, Quot.sound]
'Collatz.Research.RefinementAtlas.Batch068.odd_cleared_8_15' depends on axioms: [propext, Classical.choice, Quot.sound]
'Collatz.Research.RefinementAtlas.Batch068.data_8_16' does not depend on any axioms
'Collatz.Research.RefinementAtlas.Batch068.gap_8_16' does not depend on any axioms
'Collatz.Research.RefinementAtlas.Batch068.cutoff_8_16' does not depend on any axioms
'Collatz.Research.RefinementAtlas.Batch068.even_endpoint_8_16' depends on axioms: [propext, Quot.sound]
'Collatz.Research.RefinementAtlas.Batch068.odd_endpoint_8_16' depends on axioms: [propext, Quot.sound]
'Collatz.Research.RefinementAtlas.Batch068.even_cutoff_8_16' depends on axioms: [propext, Classical.choice, Quot.sound]
'Collatz.Research.RefinementAtlas.Batch068.odd_cleared_8_16' depends on axioms: [propext, Classical.choice, Quot.sound]
'Collatz.Research.RefinementAtlas.Batch069.data_8_17' does not depend on any axioms
'Collatz.Research.RefinementAtlas.Batch069.gap_8_17' does not depend on any axioms
'Collatz.Research.RefinementAtlas.Batch069.cutoff_8_17' does not depend on any axioms
'Collatz.Research.RefinementAtlas.Batch069.even_endpoint_8_17' depends on axioms: [propext, Quot.sound]
'Collatz.Research.RefinementAtlas.Batch069.odd_endpoint_8_17' depends on axioms: [propext, Quot.sound]
'Collatz.Research.RefinementAtlas.Batch069.even_cutoff_8_17' depends on axioms: [propext, Classical.choice, Quot.sound]
'Collatz.Research.RefinementAtlas.Batch069.odd_cleared_8_17' depends on axioms: [propext, Classical.choice, Quot.sound]
'Collatz.Research.RefinementAtlas.Batch069.data_8_20' does not depend on any axioms
'Collatz.Research.RefinementAtlas.Batch069.gap_8_20' does not depend on any axioms
'Collatz.Research.RefinementAtlas.Batch069.cutoff_8_20' does not depend on any axioms
'Collatz.Research.RefinementAtlas.Batch069.even_endpoint_8_20' depends on axioms: [propext, Quot.sound]
'Collatz.Research.RefinementAtlas.Batch069.odd_endpoint_8_20' depends on axioms: [propext, Quot.sound]
'Collatz.Research.RefinementAtlas.Batch069.even_cutoff_8_20' depends on axioms: [propext, Classical.choice, Quot.sound]
'Collatz.Research.RefinementAtlas.Batch069.odd_cleared_8_20' depends on axioms: [propext, Classical.choice, Quot.sound]
'Collatz.Research.RefinementAtlas.Batch069.data_8_21' does not depend on any axioms
'Collatz.Research.RefinementAtlas.Batch069.gap_8_21' does not depend on any axioms
'Collatz.Research.RefinementAtlas.Batch069.cutoff_8_21' does not depend on any axioms
'Collatz.Research.RefinementAtlas.Batch069.even_endpoint_8_21' depends on axioms: [propext, Quot.sound]
'Collatz.Research.RefinementAtlas.Batch069.odd_endpoint_8_21' depends on axioms: [propext, Quot.sound]
'Collatz.Research.RefinementAtlas.Batch069.even_cutoff_8_21' depends on axioms: [propext, Classical.choice, Quot.sound]
'Collatz.Research.RefinementAtlas.Batch069.odd_cleared_8_21' depends on axioms: [propext, Classical.choice, Quot.sound]
'Collatz.Research.RefinementAtlas.Batch070.data_8_22' does not depend on any axioms
'Collatz.Research.RefinementAtlas.Batch070.gap_8_22' does not depend on any axioms
'Collatz.Research.RefinementAtlas.Batch070.cutoff_8_22' does not depend on any axioms
'Collatz.Research.RefinementAtlas.Batch070.even_endpoint_8_22' depends on axioms: [propext, Quot.sound]
'Collatz.Research.RefinementAtlas.Batch070.odd_endpoint_8_22' depends on axioms: [propext, Quot.sound]
'Collatz.Research.RefinementAtlas.Batch070.even_cutoff_8_22' depends on axioms: [propext, Classical.choice, Quot.sound]
'Collatz.Research.RefinementAtlas.Batch070.odd_cleared_8_22' depends on axioms: [propext, Classical.choice, Quot.sound]
'Collatz.Research.RefinementAtlas.Batch070.data_8_23' does not depend on any axioms
'Collatz.Research.RefinementAtlas.Batch070.gap_8_23' does not depend on any axioms
'Collatz.Research.RefinementAtlas.Batch070.cutoff_8_23' does not depend on any axioms
'Collatz.Research.RefinementAtlas.Batch070.even_endpoint_8_23' depends on axioms: [propext, Quot.sound]
'Collatz.Research.RefinementAtlas.Batch070.odd_endpoint_8_23' depends on axioms: [propext, Quot.sound]
'Collatz.Research.RefinementAtlas.Batch070.even_cutoff_8_23' depends on axioms: [propext, Classical.choice, Quot.sound]
'Collatz.Research.RefinementAtlas.Batch070.odd_cleared_8_23' depends on axioms: [propext, Classical.choice, Quot.sound]
'Collatz.Research.RefinementAtlas.Batch070.data_8_24' does not depend on any axioms
'Collatz.Research.RefinementAtlas.Batch070.gap_8_24' does not depend on any axioms
'Collatz.Research.RefinementAtlas.Batch070.cutoff_8_24' does not depend on any axioms
'Collatz.Research.RefinementAtlas.Batch070.even_endpoint_8_24' depends on axioms: [propext, Quot.sound]
'Collatz.Research.RefinementAtlas.Batch070.odd_endpoint_8_24' depends on axioms: [propext, Quot.sound]
'Collatz.Research.RefinementAtlas.Batch070.even_cutoff_8_24' depends on axioms: [propext, Classical.choice, Quot.sound]
'Collatz.Research.RefinementAtlas.Batch070.odd_cleared_8_24' depends on axioms: [propext, Classical.choice, Quot.sound]
'Collatz.Research.RefinementAtlas.Batch071.data_8_26' does not depend on any axioms
'Collatz.Research.RefinementAtlas.Batch071.gap_8_26' does not depend on any axioms
'Collatz.Research.RefinementAtlas.Batch071.cutoff_8_26' does not depend on any axioms
'Collatz.Research.RefinementAtlas.Batch071.even_endpoint_8_26' depends on axioms: [propext, Quot.sound]
'Collatz.Research.RefinementAtlas.Batch071.odd_endpoint_8_26' depends on axioms: [propext, Quot.sound]
'Collatz.Research.RefinementAtlas.Batch071.even_cutoff_8_26' depends on axioms: [propext, Classical.choice, Quot.sound]
'Collatz.Research.RefinementAtlas.Batch071.odd_cleared_8_26' depends on axioms: [propext, Classical.choice, Quot.sound]
'Collatz.Research.RefinementAtlas.Batch071.data_8_28' does not depend on any axioms
'Collatz.Research.RefinementAtlas.Batch071.gap_8_28' does not depend on any axioms
'Collatz.Research.RefinementAtlas.Batch071.cutoff_8_28' does not depend on any axioms
'Collatz.Research.RefinementAtlas.Batch071.even_endpoint_8_28' depends on axioms: [propext, Quot.sound]
'Collatz.Research.RefinementAtlas.Batch071.odd_endpoint_8_28' depends on axioms: [propext, Quot.sound]
'Collatz.Research.RefinementAtlas.Batch071.even_cutoff_8_28' depends on axioms: [propext, Classical.choice, Quot.sound]
'Collatz.Research.RefinementAtlas.Batch071.odd_cleared_8_28' depends on axioms: [propext, Classical.choice, Quot.sound]
'Collatz.Research.RefinementAtlas.Batch071.data_8_29' does not depend on any axioms
'Collatz.Research.RefinementAtlas.Batch071.gap_8_29' does not depend on any axioms
'Collatz.Research.RefinementAtlas.Batch071.cutoff_8_29' does not depend on any axioms
'Collatz.Research.RefinementAtlas.Batch071.even_endpoint_8_29' depends on axioms: [propext, Quot.sound]
'Collatz.Research.RefinementAtlas.Batch071.odd_endpoint_8_29' depends on axioms: [propext, Quot.sound]
'Collatz.Research.RefinementAtlas.Batch071.even_cutoff_8_29' depends on axioms: [propext, Classical.choice, Quot.sound]
'Collatz.Research.RefinementAtlas.Batch071.odd_cleared_8_29' depends on axioms: [propext, Classical.choice, Quot.sound]
'Collatz.Research.RefinementAtlas.Batch072.data_8_30' does not depend on any axioms
'Collatz.Research.RefinementAtlas.Batch072.gap_8_30' does not depend on any axioms
'Collatz.Research.RefinementAtlas.Batch072.cutoff_8_30' does not depend on any axioms
'Collatz.Research.RefinementAtlas.Batch072.even_endpoint_8_30' depends on axioms: [propext, Quot.sound]
'Collatz.Research.RefinementAtlas.Batch072.odd_endpoint_8_30' depends on axioms: [propext, Quot.sound]
'Collatz.Research.RefinementAtlas.Batch072.even_cutoff_8_30' depends on axioms: [propext, Classical.choice, Quot.sound]
'Collatz.Research.RefinementAtlas.Batch072.odd_cleared_8_30' depends on axioms: [propext, Classical.choice, Quot.sound]
'Collatz.Research.RefinementAtlas.Batch072.data_8_32' does not depend on any axioms
'Collatz.Research.RefinementAtlas.Batch072.gap_8_32' does not depend on any axioms
'Collatz.Research.RefinementAtlas.Batch072.cutoff_8_32' does not depend on any axioms
'Collatz.Research.RefinementAtlas.Batch072.even_endpoint_8_32' depends on axioms: [propext, Quot.sound]
'Collatz.Research.RefinementAtlas.Batch072.odd_endpoint_8_32' depends on axioms: [propext, Quot.sound]
'Collatz.Research.RefinementAtlas.Batch072.even_cutoff_8_32' depends on axioms: [propext, Classical.choice, Quot.sound]
'Collatz.Research.RefinementAtlas.Batch072.odd_cleared_8_32' depends on axioms: [propext, Classical.choice, Quot.sound]
'Collatz.Research.RefinementAtlas.Batch072.data_8_33' does not depend on any axioms
'Collatz.Research.RefinementAtlas.Batch072.gap_8_33' does not depend on any axioms
'Collatz.Research.RefinementAtlas.Batch072.cutoff_8_33' does not depend on any axioms
'Collatz.Research.RefinementAtlas.Batch072.even_endpoint_8_33' depends on axioms: [propext, Quot.sound]
'Collatz.Research.RefinementAtlas.Batch072.odd_endpoint_8_33' depends on axioms: [propext, Quot.sound]
'Collatz.Research.RefinementAtlas.Batch072.even_cutoff_8_33' depends on axioms: [propext, Classical.choice, Quot.sound]
'Collatz.Research.RefinementAtlas.Batch072.odd_cleared_8_33' depends on axioms: [propext, Classical.choice, Quot.sound]
'Collatz.Research.RefinementAtlas.Batch073.data_8_34' does not depend on any axioms
'Collatz.Research.RefinementAtlas.Batch073.gap_8_34' does not depend on any axioms
'Collatz.Research.RefinementAtlas.Batch073.cutoff_8_34' does not depend on any axioms
'Collatz.Research.RefinementAtlas.Batch073.even_endpoint_8_34' depends on axioms: [propext, Quot.sound]
'Collatz.Research.RefinementAtlas.Batch073.odd_endpoint_8_34' depends on axioms: [propext, Quot.sound]
'Collatz.Research.RefinementAtlas.Batch073.even_cutoff_8_34' depends on axioms: [propext, Classical.choice, Quot.sound]
'Collatz.Research.RefinementAtlas.Batch073.odd_cleared_8_34' depends on axioms: [propext, Classical.choice, Quot.sound]
'Collatz.Research.RefinementAtlas.Batch073.data_8_35' does not depend on any axioms
'Collatz.Research.RefinementAtlas.Batch073.gap_8_35' does not depend on any axioms
'Collatz.Research.RefinementAtlas.Batch073.cutoff_8_35' does not depend on any axioms
'Collatz.Research.RefinementAtlas.Batch073.even_endpoint_8_35' depends on axioms: [propext, Quot.sound]
'Collatz.Research.RefinementAtlas.Batch073.odd_endpoint_8_35' depends on axioms: [propext, Quot.sound]
'Collatz.Research.RefinementAtlas.Batch073.even_cutoff_8_35' depends on axioms: [propext, Classical.choice, Quot.sound]
'Collatz.Research.RefinementAtlas.Batch073.odd_cleared_8_35' depends on axioms: [propext, Classical.choice, Quot.sound]
'Collatz.Research.RefinementAtlas.Batch073.data_8_36' does not depend on any axioms
'Collatz.Research.RefinementAtlas.Batch073.gap_8_36' does not depend on any axioms
'Collatz.Research.RefinementAtlas.Batch073.cutoff_8_36' does not depend on any axioms
'Collatz.Research.RefinementAtlas.Batch073.even_endpoint_8_36' depends on axioms: [propext, Quot.sound]
'Collatz.Research.RefinementAtlas.Batch073.odd_endpoint_8_36' depends on axioms: [propext, Quot.sound]
'Collatz.Research.RefinementAtlas.Batch073.even_cutoff_8_36' depends on axioms: [propext, Classical.choice, Quot.sound]
'Collatz.Research.RefinementAtlas.Batch073.odd_cleared_8_36' depends on axioms: [propext, Classical.choice, Quot.sound]
'Collatz.Research.RefinementAtlas.Batch074.data_8_37' does not depend on any axioms
'Collatz.Research.RefinementAtlas.Batch074.gap_8_37' does not depend on any axioms
'Collatz.Research.RefinementAtlas.Batch074.cutoff_8_37' does not depend on any axioms
'Collatz.Research.RefinementAtlas.Batch074.even_endpoint_8_37' depends on axioms: [propext, Quot.sound]
'Collatz.Research.RefinementAtlas.Batch074.odd_endpoint_8_37' depends on axioms: [propext, Quot.sound]
'Collatz.Research.RefinementAtlas.Batch074.even_cutoff_8_37' depends on axioms: [propext, Classical.choice, Quot.sound]
'Collatz.Research.RefinementAtlas.Batch074.odd_cleared_8_37' depends on axioms: [propext, Classical.choice, Quot.sound]
'Collatz.Research.RefinementAtlas.Batch074.data_8_38' does not depend on any axioms
'Collatz.Research.RefinementAtlas.Batch074.gap_8_38' does not depend on any axioms
'Collatz.Research.RefinementAtlas.Batch074.cutoff_8_38' does not depend on any axioms
'Collatz.Research.RefinementAtlas.Batch074.even_endpoint_8_38' depends on axioms: [propext, Quot.sound]
'Collatz.Research.RefinementAtlas.Batch074.odd_endpoint_8_38' depends on axioms: [propext, Quot.sound]
'Collatz.Research.RefinementAtlas.Batch074.even_cutoff_8_38' depends on axioms: [propext, Classical.choice, Quot.sound]
'Collatz.Research.RefinementAtlas.Batch074.odd_cleared_8_38' depends on axioms: [propext, Classical.choice, Quot.sound]
'Collatz.Research.RefinementAtlas.Batch074.data_8_39' does not depend on any axioms
'Collatz.Research.RefinementAtlas.Batch074.gap_8_39' does not depend on any axioms
'Collatz.Research.RefinementAtlas.Batch074.cutoff_8_39' does not depend on any axioms
'Collatz.Research.RefinementAtlas.Batch074.even_endpoint_8_39' depends on axioms: [propext, Quot.sound]
'Collatz.Research.RefinementAtlas.Batch074.odd_endpoint_8_39' depends on axioms: [propext, Quot.sound]
'Collatz.Research.RefinementAtlas.Batch074.even_cutoff_8_39' depends on axioms: [propext, Classical.choice, Quot.sound]
'Collatz.Research.RefinementAtlas.Batch074.odd_cleared_8_39' depends on axioms: [propext, Classical.choice, Quot.sound]
'Collatz.Research.RefinementAtlas.Batch075.data_8_40' does not depend on any axioms
'Collatz.Research.RefinementAtlas.Batch075.gap_8_40' does not depend on any axioms
'Collatz.Research.RefinementAtlas.Batch075.cutoff_8_40' does not depend on any axioms
'Collatz.Research.RefinementAtlas.Batch075.even_endpoint_8_40' depends on axioms: [propext, Quot.sound]
'Collatz.Research.RefinementAtlas.Batch075.odd_endpoint_8_40' depends on axioms: [propext, Quot.sound]
'Collatz.Research.RefinementAtlas.Batch075.even_cutoff_8_40' depends on axioms: [propext, Classical.choice, Quot.sound]
'Collatz.Research.RefinementAtlas.Batch075.odd_cleared_8_40' depends on axioms: [propext, Classical.choice, Quot.sound]
'Collatz.Research.RefinementAtlas.Batch075.data_8_42' does not depend on any axioms
'Collatz.Research.RefinementAtlas.Batch075.gap_8_42' does not depend on any axioms
'Collatz.Research.RefinementAtlas.Batch075.cutoff_8_42' does not depend on any axioms
'Collatz.Research.RefinementAtlas.Batch075.even_endpoint_8_42' depends on axioms: [propext, Quot.sound]
'Collatz.Research.RefinementAtlas.Batch075.odd_endpoint_8_42' depends on axioms: [propext, Quot.sound]
'Collatz.Research.RefinementAtlas.Batch075.even_cutoff_8_42' depends on axioms: [propext, Classical.choice, Quot.sound]
'Collatz.Research.RefinementAtlas.Batch075.odd_cleared_8_42' depends on axioms: [propext, Classical.choice, Quot.sound]
'Collatz.Research.RefinementAtlas.Batch075.data_8_43' does not depend on any axioms
'Collatz.Research.RefinementAtlas.Batch075.gap_8_43' does not depend on any axioms
'Collatz.Research.RefinementAtlas.Batch075.cutoff_8_43' does not depend on any axioms
'Collatz.Research.RefinementAtlas.Batch075.even_endpoint_8_43' depends on axioms: [propext, Quot.sound]
'Collatz.Research.RefinementAtlas.Batch075.odd_endpoint_8_43' depends on axioms: [propext, Quot.sound]
'Collatz.Research.RefinementAtlas.Batch075.even_cutoff_8_43' depends on axioms: [propext, Classical.choice, Quot.sound]
'Collatz.Research.RefinementAtlas.Batch075.odd_cleared_8_43' depends on axioms: [propext, Classical.choice, Quot.sound]
'Collatz.Research.RefinementAtlas.Batch076.data_8_44' does not depend on any axioms
'Collatz.Research.RefinementAtlas.Batch076.gap_8_44' does not depend on any axioms
'Collatz.Research.RefinementAtlas.Batch076.cutoff_8_44' does not depend on any axioms
'Collatz.Research.RefinementAtlas.Batch076.even_endpoint_8_44' depends on axioms: [propext, Quot.sound]
'Collatz.Research.RefinementAtlas.Batch076.odd_endpoint_8_44' depends on axioms: [propext, Quot.sound]
'Collatz.Research.RefinementAtlas.Batch076.even_cutoff_8_44' depends on axioms: [propext, Classical.choice, Quot.sound]
'Collatz.Research.RefinementAtlas.Batch076.odd_cleared_8_44' depends on axioms: [propext, Classical.choice, Quot.sound]
'Collatz.Research.RefinementAtlas.Batch076.data_8_45' does not depend on any axioms
'Collatz.Research.RefinementAtlas.Batch076.gap_8_45' does not depend on any axioms
'Collatz.Research.RefinementAtlas.Batch076.cutoff_8_45' does not depend on any axioms
'Collatz.Research.RefinementAtlas.Batch076.even_endpoint_8_45' depends on axioms: [propext, Quot.sound]
'Collatz.Research.RefinementAtlas.Batch076.odd_endpoint_8_45' depends on axioms: [propext, Quot.sound]
'Collatz.Research.RefinementAtlas.Batch076.even_cutoff_8_45' depends on axioms: [propext, Classical.choice, Quot.sound]
'Collatz.Research.RefinementAtlas.Batch076.odd_cleared_8_45' depends on axioms: [propext, Classical.choice, Quot.sound]
'Collatz.Research.RefinementAtlas.Batch076.data_8_46' does not depend on any axioms
'Collatz.Research.RefinementAtlas.Batch076.gap_8_46' does not depend on any axioms
'Collatz.Research.RefinementAtlas.Batch076.cutoff_8_46' does not depend on any axioms
'Collatz.Research.RefinementAtlas.Batch076.even_endpoint_8_46' depends on axioms: [propext, Quot.sound]
'Collatz.Research.RefinementAtlas.Batch076.odd_endpoint_8_46' depends on axioms: [propext, Quot.sound]
'Collatz.Research.RefinementAtlas.Batch076.even_cutoff_8_46' depends on axioms: [propext, Classical.choice, Quot.sound]
'Collatz.Research.RefinementAtlas.Batch076.odd_cleared_8_46' depends on axioms: [propext, Classical.choice, Quot.sound]
'Collatz.Research.RefinementAtlas.Batch077.data_8_48' does not depend on any axioms
'Collatz.Research.RefinementAtlas.Batch077.gap_8_48' does not depend on any axioms
'Collatz.Research.RefinementAtlas.Batch077.cutoff_8_48' does not depend on any axioms
'Collatz.Research.RefinementAtlas.Batch077.even_endpoint_8_48' depends on axioms: [propext, Quot.sound]
'Collatz.Research.RefinementAtlas.Batch077.odd_endpoint_8_48' depends on axioms: [propext, Quot.sound]
'Collatz.Research.RefinementAtlas.Batch077.even_cutoff_8_48' depends on axioms: [propext, Classical.choice, Quot.sound]
'Collatz.Research.RefinementAtlas.Batch077.odd_cleared_8_48' depends on axioms: [propext, Classical.choice, Quot.sound]
'Collatz.Research.RefinementAtlas.Batch077.data_8_49' does not depend on any axioms
'Collatz.Research.RefinementAtlas.Batch077.gap_8_49' does not depend on any axioms
'Collatz.Research.RefinementAtlas.Batch077.cutoff_8_49' does not depend on any axioms
'Collatz.Research.RefinementAtlas.Batch077.even_endpoint_8_49' depends on axioms: [propext, Quot.sound]
'Collatz.Research.RefinementAtlas.Batch077.odd_endpoint_8_49' depends on axioms: [propext, Quot.sound]
'Collatz.Research.RefinementAtlas.Batch077.even_cutoff_8_49' depends on axioms: [propext, Classical.choice, Quot.sound]
'Collatz.Research.RefinementAtlas.Batch077.odd_cleared_8_49' depends on axioms: [propext, Classical.choice, Quot.sound]
'Collatz.Research.RefinementAtlas.Batch077.data_8_50' does not depend on any axioms
'Collatz.Research.RefinementAtlas.Batch077.gap_8_50' does not depend on any axioms
'Collatz.Research.RefinementAtlas.Batch077.cutoff_8_50' does not depend on any axioms
'Collatz.Research.RefinementAtlas.Batch077.even_endpoint_8_50' depends on axioms: [propext, Quot.sound]
'Collatz.Research.RefinementAtlas.Batch077.odd_endpoint_8_50' depends on axioms: [propext, Quot.sound]
'Collatz.Research.RefinementAtlas.Batch077.even_cutoff_8_50' depends on axioms: [propext, Classical.choice, Quot.sound]
'Collatz.Research.RefinementAtlas.Batch077.odd_cleared_8_50' depends on axioms: [propext, Classical.choice, Quot.sound]
'Collatz.Research.RefinementAtlas.Batch078.data_8_51' does not depend on any axioms
'Collatz.Research.RefinementAtlas.Batch078.gap_8_51' does not depend on any axioms
'Collatz.Research.RefinementAtlas.Batch078.cutoff_8_51' does not depend on any axioms
'Collatz.Research.RefinementAtlas.Batch078.even_endpoint_8_51' depends on axioms: [propext, Quot.sound]
'Collatz.Research.RefinementAtlas.Batch078.odd_endpoint_8_51' depends on axioms: [propext, Quot.sound]
'Collatz.Research.RefinementAtlas.Batch078.even_cutoff_8_51' depends on axioms: [propext, Classical.choice, Quot.sound]
'Collatz.Research.RefinementAtlas.Batch078.odd_cleared_8_51' depends on axioms: [propext, Classical.choice, Quot.sound]
'Collatz.Research.RefinementAtlas.Batch078.data_8_52' does not depend on any axioms
'Collatz.Research.RefinementAtlas.Batch078.gap_8_52' does not depend on any axioms
'Collatz.Research.RefinementAtlas.Batch078.cutoff_8_52' does not depend on any axioms
'Collatz.Research.RefinementAtlas.Batch078.even_endpoint_8_52' depends on axioms: [propext, Quot.sound]
'Collatz.Research.RefinementAtlas.Batch078.odd_endpoint_8_52' depends on axioms: [propext, Quot.sound]
'Collatz.Research.RefinementAtlas.Batch078.even_cutoff_8_52' depends on axioms: [propext, Classical.choice, Quot.sound]
'Collatz.Research.RefinementAtlas.Batch078.odd_cleared_8_52' depends on axioms: [propext, Classical.choice, Quot.sound]
'Collatz.Research.RefinementAtlas.Batch078.data_8_53' does not depend on any axioms
'Collatz.Research.RefinementAtlas.Batch078.gap_8_53' does not depend on any axioms
'Collatz.Research.RefinementAtlas.Batch078.cutoff_8_53' does not depend on any axioms
'Collatz.Research.RefinementAtlas.Batch078.even_endpoint_8_53' depends on axioms: [propext, Quot.sound]
'Collatz.Research.RefinementAtlas.Batch078.odd_endpoint_8_53' depends on axioms: [propext, Quot.sound]
'Collatz.Research.RefinementAtlas.Batch078.even_cutoff_8_53' depends on axioms: [propext, Classical.choice, Quot.sound]
'Collatz.Research.RefinementAtlas.Batch078.odd_cleared_8_53' depends on axioms: [propext, Classical.choice, Quot.sound]
'Collatz.Research.RefinementAtlas.Batch079.data_8_56' does not depend on any axioms
'Collatz.Research.RefinementAtlas.Batch079.gap_8_56' does not depend on any axioms
'Collatz.Research.RefinementAtlas.Batch079.cutoff_8_56' does not depend on any axioms
'Collatz.Research.RefinementAtlas.Batch079.even_endpoint_8_56' depends on axioms: [propext, Quot.sound]
'Collatz.Research.RefinementAtlas.Batch079.odd_endpoint_8_56' depends on axioms: [propext, Quot.sound]
'Collatz.Research.RefinementAtlas.Batch079.even_cutoff_8_56' depends on axioms: [propext, Classical.choice, Quot.sound]
'Collatz.Research.RefinementAtlas.Batch079.odd_cleared_8_56' depends on axioms: [propext, Classical.choice, Quot.sound]
'Collatz.Research.RefinementAtlas.Batch079.data_8_57' does not depend on any axioms
'Collatz.Research.RefinementAtlas.Batch079.gap_8_57' does not depend on any axioms
'Collatz.Research.RefinementAtlas.Batch079.cutoff_8_57' does not depend on any axioms
'Collatz.Research.RefinementAtlas.Batch079.even_endpoint_8_57' depends on axioms: [propext, Quot.sound]
'Collatz.Research.RefinementAtlas.Batch079.odd_endpoint_8_57' depends on axioms: [propext, Quot.sound]
'Collatz.Research.RefinementAtlas.Batch079.even_cutoff_8_57' depends on axioms: [propext, Classical.choice, Quot.sound]
'Collatz.Research.RefinementAtlas.Batch079.odd_cleared_8_57' depends on axioms: [propext, Classical.choice, Quot.sound]
'Collatz.Research.RefinementAtlas.Batch079.data_8_58' does not depend on any axioms
'Collatz.Research.RefinementAtlas.Batch079.gap_8_58' does not depend on any axioms
'Collatz.Research.RefinementAtlas.Batch079.cutoff_8_58' does not depend on any axioms
'Collatz.Research.RefinementAtlas.Batch079.even_endpoint_8_58' depends on axioms: [propext, Quot.sound]
'Collatz.Research.RefinementAtlas.Batch079.odd_endpoint_8_58' depends on axioms: [propext, Quot.sound]
'Collatz.Research.RefinementAtlas.Batch079.even_cutoff_8_58' depends on axioms: [propext, Classical.choice, Quot.sound]
'Collatz.Research.RefinementAtlas.Batch079.odd_cleared_8_58' depends on axioms: [propext, Classical.choice, Quot.sound]
'Collatz.Research.RefinementAtlas.Batch080.data_8_59' does not depend on any axioms
'Collatz.Research.RefinementAtlas.Batch080.gap_8_59' does not depend on any axioms
'Collatz.Research.RefinementAtlas.Batch080.cutoff_8_59' does not depend on any axioms
'Collatz.Research.RefinementAtlas.Batch080.even_endpoint_8_59' depends on axioms: [propext, Quot.sound]
'Collatz.Research.RefinementAtlas.Batch080.odd_endpoint_8_59' depends on axioms: [propext, Quot.sound]
'Collatz.Research.RefinementAtlas.Batch080.even_cutoff_8_59' depends on axioms: [propext, Classical.choice, Quot.sound]
'Collatz.Research.RefinementAtlas.Batch080.odd_cleared_8_59' depends on axioms: [propext, Classical.choice, Quot.sound]
'Collatz.Research.RefinementAtlas.Batch080.data_8_60' does not depend on any axioms
'Collatz.Research.RefinementAtlas.Batch080.gap_8_60' does not depend on any axioms
'Collatz.Research.RefinementAtlas.Batch080.cutoff_8_60' does not depend on any axioms
'Collatz.Research.RefinementAtlas.Batch080.even_endpoint_8_60' depends on axioms: [propext, Quot.sound]
'Collatz.Research.RefinementAtlas.Batch080.odd_endpoint_8_60' depends on axioms: [propext, Quot.sound]
'Collatz.Research.RefinementAtlas.Batch080.even_cutoff_8_60' depends on axioms: [propext, Classical.choice, Quot.sound]
'Collatz.Research.RefinementAtlas.Batch080.odd_cleared_8_60' depends on axioms: [propext, Classical.choice, Quot.sound]
'Collatz.Research.RefinementAtlas.Batch080.data_8_61' does not depend on any axioms
'Collatz.Research.RefinementAtlas.Batch080.gap_8_61' does not depend on any axioms
'Collatz.Research.RefinementAtlas.Batch080.cutoff_8_61' does not depend on any axioms
'Collatz.Research.RefinementAtlas.Batch080.even_endpoint_8_61' depends on axioms: [propext, Quot.sound]
'Collatz.Research.RefinementAtlas.Batch080.odd_endpoint_8_61' depends on axioms: [propext, Quot.sound]
'Collatz.Research.RefinementAtlas.Batch080.even_cutoff_8_61' depends on axioms: [propext, Classical.choice, Quot.sound]
'Collatz.Research.RefinementAtlas.Batch080.odd_cleared_8_61' depends on axioms: [propext, Classical.choice, Quot.sound]
'Collatz.Research.RefinementAtlas.Batch081.data_8_64' does not depend on any axioms
'Collatz.Research.RefinementAtlas.Batch081.gap_8_64' does not depend on any axioms
'Collatz.Research.RefinementAtlas.Batch081.cutoff_8_64' does not depend on any axioms
'Collatz.Research.RefinementAtlas.Batch081.even_endpoint_8_64' depends on axioms: [propext, Quot.sound]
'Collatz.Research.RefinementAtlas.Batch081.odd_endpoint_8_64' depends on axioms: [propext, Quot.sound]
'Collatz.Research.RefinementAtlas.Batch081.even_cutoff_8_64' depends on axioms: [propext, Classical.choice, Quot.sound]
'Collatz.Research.RefinementAtlas.Batch081.odd_cleared_8_64' depends on axioms: [propext, Classical.choice, Quot.sound]
'Collatz.Research.RefinementAtlas.Batch081.data_8_65' does not depend on any axioms
'Collatz.Research.RefinementAtlas.Batch081.gap_8_65' does not depend on any axioms
'Collatz.Research.RefinementAtlas.Batch081.cutoff_8_65' does not depend on any axioms
'Collatz.Research.RefinementAtlas.Batch081.even_endpoint_8_65' depends on axioms: [propext, Quot.sound]
'Collatz.Research.RefinementAtlas.Batch081.odd_endpoint_8_65' depends on axioms: [propext, Quot.sound]
'Collatz.Research.RefinementAtlas.Batch081.even_cutoff_8_65' depends on axioms: [propext, Classical.choice, Quot.sound]
'Collatz.Research.RefinementAtlas.Batch081.odd_cleared_8_65' depends on axioms: [propext, Classical.choice, Quot.sound]
'Collatz.Research.RefinementAtlas.Batch081.data_8_66' does not depend on any axioms
'Collatz.Research.RefinementAtlas.Batch081.gap_8_66' does not depend on any axioms
'Collatz.Research.RefinementAtlas.Batch081.cutoff_8_66' does not depend on any axioms
'Collatz.Research.RefinementAtlas.Batch081.even_endpoint_8_66' depends on axioms: [propext, Quot.sound]
'Collatz.Research.RefinementAtlas.Batch081.odd_endpoint_8_66' depends on axioms: [propext, Quot.sound]
'Collatz.Research.RefinementAtlas.Batch081.even_cutoff_8_66' depends on axioms: [propext, Classical.choice, Quot.sound]
'Collatz.Research.RefinementAtlas.Batch081.odd_cleared_8_66' depends on axioms: [propext, Classical.choice, Quot.sound]
'Collatz.Research.RefinementAtlas.Batch082.data_8_67' does not depend on any axioms
'Collatz.Research.RefinementAtlas.Batch082.gap_8_67' does not depend on any axioms
'Collatz.Research.RefinementAtlas.Batch082.cutoff_8_67' does not depend on any axioms
'Collatz.Research.RefinementAtlas.Batch082.even_endpoint_8_67' depends on axioms: [propext, Quot.sound]
'Collatz.Research.RefinementAtlas.Batch082.odd_endpoint_8_67' depends on axioms: [propext, Quot.sound]
'Collatz.Research.RefinementAtlas.Batch082.even_cutoff_8_67' depends on axioms: [propext, Classical.choice, Quot.sound]
'Collatz.Research.RefinementAtlas.Batch082.odd_cleared_8_67' depends on axioms: [propext, Classical.choice, Quot.sound]
'Collatz.Research.RefinementAtlas.Batch082.data_8_68' does not depend on any axioms
'Collatz.Research.RefinementAtlas.Batch082.gap_8_68' does not depend on any axioms
'Collatz.Research.RefinementAtlas.Batch082.cutoff_8_68' does not depend on any axioms
'Collatz.Research.RefinementAtlas.Batch082.even_endpoint_8_68' depends on axioms: [propext, Quot.sound]
'Collatz.Research.RefinementAtlas.Batch082.odd_endpoint_8_68' depends on axioms: [propext, Quot.sound]
'Collatz.Research.RefinementAtlas.Batch082.even_cutoff_8_68' depends on axioms: [propext, Classical.choice, Quot.sound]
'Collatz.Research.RefinementAtlas.Batch082.odd_cleared_8_68' depends on axioms: [propext, Classical.choice, Quot.sound]
'Collatz.Research.RefinementAtlas.Batch082.data_8_69' does not depend on any axioms
'Collatz.Research.RefinementAtlas.Batch082.gap_8_69' does not depend on any axioms
'Collatz.Research.RefinementAtlas.Batch082.cutoff_8_69' does not depend on any axioms
'Collatz.Research.RefinementAtlas.Batch082.even_endpoint_8_69' depends on axioms: [propext, Quot.sound]
'Collatz.Research.RefinementAtlas.Batch082.odd_endpoint_8_69' depends on axioms: [propext, Quot.sound]
'Collatz.Research.RefinementAtlas.Batch082.even_cutoff_8_69' depends on axioms: [propext, Classical.choice, Quot.sound]
'Collatz.Research.RefinementAtlas.Batch082.odd_cleared_8_69' depends on axioms: [propext, Classical.choice, Quot.sound]
'Collatz.Research.RefinementAtlas.Batch083.data_8_70' does not depend on any axioms
'Collatz.Research.RefinementAtlas.Batch083.gap_8_70' does not depend on any axioms
'Collatz.Research.RefinementAtlas.Batch083.cutoff_8_70' does not depend on any axioms
'Collatz.Research.RefinementAtlas.Batch083.even_endpoint_8_70' depends on axioms: [propext, Quot.sound]
'Collatz.Research.RefinementAtlas.Batch083.odd_endpoint_8_70' depends on axioms: [propext, Quot.sound]
'Collatz.Research.RefinementAtlas.Batch083.even_cutoff_8_70' depends on axioms: [propext, Classical.choice, Quot.sound]
'Collatz.Research.RefinementAtlas.Batch083.odd_cleared_8_70' depends on axioms: [propext, Classical.choice, Quot.sound]
'Collatz.Research.RefinementAtlas.Batch083.data_8_72' does not depend on any axioms
'Collatz.Research.RefinementAtlas.Batch083.gap_8_72' does not depend on any axioms
'Collatz.Research.RefinementAtlas.Batch083.cutoff_8_72' does not depend on any axioms
'Collatz.Research.RefinementAtlas.Batch083.even_endpoint_8_72' depends on axioms: [propext, Quot.sound]
'Collatz.Research.RefinementAtlas.Batch083.odd_endpoint_8_72' depends on axioms: [propext, Quot.sound]
'Collatz.Research.RefinementAtlas.Batch083.even_cutoff_8_72' depends on axioms: [propext, Classical.choice, Quot.sound]
'Collatz.Research.RefinementAtlas.Batch083.odd_cleared_8_72' depends on axioms: [propext, Classical.choice, Quot.sound]
'Collatz.Research.RefinementAtlas.Batch083.data_8_73' does not depend on any axioms
'Collatz.Research.RefinementAtlas.Batch083.gap_8_73' does not depend on any axioms
'Collatz.Research.RefinementAtlas.Batch083.cutoff_8_73' does not depend on any axioms
'Collatz.Research.RefinementAtlas.Batch083.even_endpoint_8_73' depends on axioms: [propext, Quot.sound]
'Collatz.Research.RefinementAtlas.Batch083.odd_endpoint_8_73' depends on axioms: [propext, Quot.sound]
'Collatz.Research.RefinementAtlas.Batch083.even_cutoff_8_73' depends on axioms: [propext, Classical.choice, Quot.sound]
'Collatz.Research.RefinementAtlas.Batch083.odd_cleared_8_73' depends on axioms: [propext, Classical.choice, Quot.sound]
'Collatz.Research.RefinementAtlas.Batch084.data_8_74' does not depend on any axioms
'Collatz.Research.RefinementAtlas.Batch084.gap_8_74' does not depend on any axioms
'Collatz.Research.RefinementAtlas.Batch084.cutoff_8_74' does not depend on any axioms
'Collatz.Research.RefinementAtlas.Batch084.even_endpoint_8_74' depends on axioms: [propext, Quot.sound]
'Collatz.Research.RefinementAtlas.Batch084.odd_endpoint_8_74' depends on axioms: [propext, Quot.sound]
'Collatz.Research.RefinementAtlas.Batch084.even_cutoff_8_74' depends on axioms: [propext, Classical.choice, Quot.sound]
'Collatz.Research.RefinementAtlas.Batch084.odd_cleared_8_74' depends on axioms: [propext, Classical.choice, Quot.sound]
'Collatz.Research.RefinementAtlas.Batch084.data_8_75' does not depend on any axioms
'Collatz.Research.RefinementAtlas.Batch084.gap_8_75' does not depend on any axioms
'Collatz.Research.RefinementAtlas.Batch084.cutoff_8_75' does not depend on any axioms
'Collatz.Research.RefinementAtlas.Batch084.even_endpoint_8_75' depends on axioms: [propext, Quot.sound]
'Collatz.Research.RefinementAtlas.Batch084.odd_endpoint_8_75' depends on axioms: [propext, Quot.sound]
'Collatz.Research.RefinementAtlas.Batch084.even_cutoff_8_75' depends on axioms: [propext, Classical.choice, Quot.sound]
'Collatz.Research.RefinementAtlas.Batch084.odd_cleared_8_75' depends on axioms: [propext, Classical.choice, Quot.sound]
'Collatz.Research.RefinementAtlas.Batch084.data_8_76' does not depend on any axioms
'Collatz.Research.RefinementAtlas.Batch084.gap_8_76' does not depend on any axioms
'Collatz.Research.RefinementAtlas.Batch084.cutoff_8_76' does not depend on any axioms
'Collatz.Research.RefinementAtlas.Batch084.even_endpoint_8_76' depends on axioms: [propext, Quot.sound]
'Collatz.Research.RefinementAtlas.Batch084.odd_endpoint_8_76' depends on axioms: [propext, Quot.sound]
'Collatz.Research.RefinementAtlas.Batch084.even_cutoff_8_76' depends on axioms: [propext, Classical.choice, Quot.sound]
'Collatz.Research.RefinementAtlas.Batch084.odd_cleared_8_76' depends on axioms: [propext, Classical.choice, Quot.sound]
'Collatz.Research.RefinementAtlas.Batch085.data_8_77' does not depend on any axioms
'Collatz.Research.RefinementAtlas.Batch085.gap_8_77' does not depend on any axioms
'Collatz.Research.RefinementAtlas.Batch085.cutoff_8_77' does not depend on any axioms
'Collatz.Research.RefinementAtlas.Batch085.even_endpoint_8_77' depends on axioms: [propext, Quot.sound]
'Collatz.Research.RefinementAtlas.Batch085.odd_endpoint_8_77' depends on axioms: [propext, Quot.sound]
'Collatz.Research.RefinementAtlas.Batch085.even_cutoff_8_77' depends on axioms: [propext, Classical.choice, Quot.sound]
'Collatz.Research.RefinementAtlas.Batch085.odd_cleared_8_77' depends on axioms: [propext, Classical.choice, Quot.sound]
'Collatz.Research.RefinementAtlas.Batch085.data_8_78' does not depend on any axioms
'Collatz.Research.RefinementAtlas.Batch085.gap_8_78' does not depend on any axioms
'Collatz.Research.RefinementAtlas.Batch085.cutoff_8_78' does not depend on any axioms
'Collatz.Research.RefinementAtlas.Batch085.even_endpoint_8_78' depends on axioms: [propext, Quot.sound]
'Collatz.Research.RefinementAtlas.Batch085.odd_endpoint_8_78' depends on axioms: [propext, Quot.sound]
'Collatz.Research.RefinementAtlas.Batch085.even_cutoff_8_78' depends on axioms: [propext, Classical.choice, Quot.sound]
'Collatz.Research.RefinementAtlas.Batch085.odd_cleared_8_78' depends on axioms: [propext, Classical.choice, Quot.sound]
'Collatz.Research.RefinementAtlas.Batch085.data_8_79' does not depend on any axioms
'Collatz.Research.RefinementAtlas.Batch085.gap_8_79' does not depend on any axioms
'Collatz.Research.RefinementAtlas.Batch085.cutoff_8_79' does not depend on any axioms
'Collatz.Research.RefinementAtlas.Batch085.even_endpoint_8_79' depends on axioms: [propext, Quot.sound]
'Collatz.Research.RefinementAtlas.Batch085.odd_endpoint_8_79' depends on axioms: [propext, Quot.sound]
'Collatz.Research.RefinementAtlas.Batch085.even_cutoff_8_79' depends on axioms: [propext, Classical.choice, Quot.sound]
'Collatz.Research.RefinementAtlas.Batch085.odd_cleared_8_79' depends on axioms: [propext, Classical.choice, Quot.sound]
'Collatz.Research.RefinementAtlas.Batch086.data_8_80' does not depend on any axioms
'Collatz.Research.RefinementAtlas.Batch086.gap_8_80' does not depend on any axioms
'Collatz.Research.RefinementAtlas.Batch086.cutoff_8_80' does not depend on any axioms
'Collatz.Research.RefinementAtlas.Batch086.even_endpoint_8_80' depends on axioms: [propext, Quot.sound]
'Collatz.Research.RefinementAtlas.Batch086.odd_endpoint_8_80' depends on axioms: [propext, Quot.sound]
'Collatz.Research.RefinementAtlas.Batch086.even_cutoff_8_80' depends on axioms: [propext, Classical.choice, Quot.sound]
'Collatz.Research.RefinementAtlas.Batch086.odd_cleared_8_80' depends on axioms: [propext, Classical.choice, Quot.sound]
'Collatz.Research.RefinementAtlas.Batch086.data_8_81' does not depend on any axioms
'Collatz.Research.RefinementAtlas.Batch086.gap_8_81' does not depend on any axioms
'Collatz.Research.RefinementAtlas.Batch086.cutoff_8_81' does not depend on any axioms
'Collatz.Research.RefinementAtlas.Batch086.even_endpoint_8_81' depends on axioms: [propext, Quot.sound]
'Collatz.Research.RefinementAtlas.Batch086.odd_endpoint_8_81' depends on axioms: [propext, Quot.sound]
'Collatz.Research.RefinementAtlas.Batch086.even_cutoff_8_81' depends on axioms: [propext, Classical.choice, Quot.sound]
'Collatz.Research.RefinementAtlas.Batch086.odd_cleared_8_81' depends on axioms: [propext, Classical.choice, Quot.sound]
'Collatz.Research.RefinementAtlas.Batch086.data_8_84' does not depend on any axioms
'Collatz.Research.RefinementAtlas.Batch086.gap_8_84' does not depend on any axioms
'Collatz.Research.RefinementAtlas.Batch086.cutoff_8_84' does not depend on any axioms
'Collatz.Research.RefinementAtlas.Batch086.even_endpoint_8_84' depends on axioms: [propext, Quot.sound]
'Collatz.Research.RefinementAtlas.Batch086.odd_endpoint_8_84' depends on axioms: [propext, Quot.sound]
'Collatz.Research.RefinementAtlas.Batch086.even_cutoff_8_84' depends on axioms: [propext, Classical.choice, Quot.sound]
'Collatz.Research.RefinementAtlas.Batch086.odd_cleared_8_84' depends on axioms: [propext, Classical.choice, Quot.sound]
'Collatz.Research.RefinementAtlas.Batch087.data_8_85' does not depend on any axioms
'Collatz.Research.RefinementAtlas.Batch087.gap_8_85' does not depend on any axioms
'Collatz.Research.RefinementAtlas.Batch087.cutoff_8_85' does not depend on any axioms
'Collatz.Research.RefinementAtlas.Batch087.even_endpoint_8_85' depends on axioms: [propext, Quot.sound]
'Collatz.Research.RefinementAtlas.Batch087.odd_endpoint_8_85' depends on axioms: [propext, Quot.sound]
'Collatz.Research.RefinementAtlas.Batch087.even_cutoff_8_85' depends on axioms: [propext, Classical.choice, Quot.sound]
'Collatz.Research.RefinementAtlas.Batch087.odd_cleared_8_85' depends on axioms: [propext, Classical.choice, Quot.sound]
'Collatz.Research.RefinementAtlas.Batch087.data_8_86' does not depend on any axioms
'Collatz.Research.RefinementAtlas.Batch087.gap_8_86' does not depend on any axioms
'Collatz.Research.RefinementAtlas.Batch087.cutoff_8_86' does not depend on any axioms
'Collatz.Research.RefinementAtlas.Batch087.even_endpoint_8_86' depends on axioms: [propext, Quot.sound]
'Collatz.Research.RefinementAtlas.Batch087.odd_endpoint_8_86' depends on axioms: [propext, Quot.sound]
'Collatz.Research.RefinementAtlas.Batch087.even_cutoff_8_86' depends on axioms: [propext, Classical.choice, Quot.sound]
'Collatz.Research.RefinementAtlas.Batch087.odd_cleared_8_86' depends on axioms: [propext, Classical.choice, Quot.sound]
'Collatz.Research.RefinementAtlas.Batch087.data_8_87' does not depend on any axioms
'Collatz.Research.RefinementAtlas.Batch087.gap_8_87' does not depend on any axioms
'Collatz.Research.RefinementAtlas.Batch087.cutoff_8_87' does not depend on any axioms
'Collatz.Research.RefinementAtlas.Batch087.even_endpoint_8_87' depends on axioms: [propext, Quot.sound]
'Collatz.Research.RefinementAtlas.Batch087.odd_endpoint_8_87' depends on axioms: [propext, Quot.sound]
'Collatz.Research.RefinementAtlas.Batch087.even_cutoff_8_87' depends on axioms: [propext, Classical.choice, Quot.sound]
'Collatz.Research.RefinementAtlas.Batch087.odd_cleared_8_87' depends on axioms: [propext, Classical.choice, Quot.sound]
'Collatz.Research.RefinementAtlas.Batch088.data_8_88' does not depend on any axioms
'Collatz.Research.RefinementAtlas.Batch088.gap_8_88' does not depend on any axioms
'Collatz.Research.RefinementAtlas.Batch088.cutoff_8_88' does not depend on any axioms
'Collatz.Research.RefinementAtlas.Batch088.even_endpoint_8_88' depends on axioms: [propext, Quot.sound]
'Collatz.Research.RefinementAtlas.Batch088.odd_endpoint_8_88' depends on axioms: [propext, Quot.sound]
'Collatz.Research.RefinementAtlas.Batch088.even_cutoff_8_88' depends on axioms: [propext, Classical.choice, Quot.sound]
'Collatz.Research.RefinementAtlas.Batch088.odd_cleared_8_88' depends on axioms: [propext, Classical.choice, Quot.sound]
'Collatz.Research.RefinementAtlas.Batch088.data_8_89' does not depend on any axioms
'Collatz.Research.RefinementAtlas.Batch088.gap_8_89' does not depend on any axioms
'Collatz.Research.RefinementAtlas.Batch088.cutoff_8_89' does not depend on any axioms
'Collatz.Research.RefinementAtlas.Batch088.even_endpoint_8_89' depends on axioms: [propext, Quot.sound]
'Collatz.Research.RefinementAtlas.Batch088.odd_endpoint_8_89' depends on axioms: [propext, Quot.sound]
'Collatz.Research.RefinementAtlas.Batch088.even_cutoff_8_89' depends on axioms: [propext, Classical.choice, Quot.sound]
'Collatz.Research.RefinementAtlas.Batch088.odd_cleared_8_89' depends on axioms: [propext, Classical.choice, Quot.sound]
'Collatz.Research.RefinementAtlas.Batch088.data_8_90' does not depend on any axioms
'Collatz.Research.RefinementAtlas.Batch088.gap_8_90' does not depend on any axioms
'Collatz.Research.RefinementAtlas.Batch088.cutoff_8_90' does not depend on any axioms
'Collatz.Research.RefinementAtlas.Batch088.even_endpoint_8_90' depends on axioms: [propext, Quot.sound]
'Collatz.Research.RefinementAtlas.Batch088.odd_endpoint_8_90' depends on axioms: [propext, Quot.sound]
'Collatz.Research.RefinementAtlas.Batch088.even_cutoff_8_90' depends on axioms: [propext, Classical.choice, Quot.sound]
'Collatz.Research.RefinementAtlas.Batch088.odd_cleared_8_90' depends on axioms: [propext, Classical.choice, Quot.sound]
'Collatz.Research.RefinementAtlas.Batch089.data_8_92' does not depend on any axioms
'Collatz.Research.RefinementAtlas.Batch089.gap_8_92' does not depend on any axioms
'Collatz.Research.RefinementAtlas.Batch089.cutoff_8_92' does not depend on any axioms
'Collatz.Research.RefinementAtlas.Batch089.even_endpoint_8_92' depends on axioms: [propext, Quot.sound]
'Collatz.Research.RefinementAtlas.Batch089.odd_endpoint_8_92' depends on axioms: [propext, Quot.sound]
'Collatz.Research.RefinementAtlas.Batch089.even_cutoff_8_92' depends on axioms: [propext, Classical.choice, Quot.sound]
'Collatz.Research.RefinementAtlas.Batch089.odd_cleared_8_92' depends on axioms: [propext, Classical.choice, Quot.sound]
'Collatz.Research.RefinementAtlas.Batch089.data_8_93' does not depend on any axioms
'Collatz.Research.RefinementAtlas.Batch089.gap_8_93' does not depend on any axioms
'Collatz.Research.RefinementAtlas.Batch089.cutoff_8_93' does not depend on any axioms
'Collatz.Research.RefinementAtlas.Batch089.even_endpoint_8_93' depends on axioms: [propext, Quot.sound]
'Collatz.Research.RefinementAtlas.Batch089.odd_endpoint_8_93' depends on axioms: [propext, Quot.sound]
'Collatz.Research.RefinementAtlas.Batch089.even_cutoff_8_93' depends on axioms: [propext, Classical.choice, Quot.sound]
'Collatz.Research.RefinementAtlas.Batch089.odd_cleared_8_93' depends on axioms: [propext, Classical.choice, Quot.sound]
'Collatz.Research.RefinementAtlas.Batch089.data_8_94' does not depend on any axioms
'Collatz.Research.RefinementAtlas.Batch089.gap_8_94' does not depend on any axioms
'Collatz.Research.RefinementAtlas.Batch089.cutoff_8_94' does not depend on any axioms
'Collatz.Research.RefinementAtlas.Batch089.even_endpoint_8_94' depends on axioms: [propext, Quot.sound]
'Collatz.Research.RefinementAtlas.Batch089.odd_endpoint_8_94' depends on axioms: [propext, Quot.sound]
'Collatz.Research.RefinementAtlas.Batch089.even_cutoff_8_94' depends on axioms: [propext, Classical.choice, Quot.sound]
'Collatz.Research.RefinementAtlas.Batch089.odd_cleared_8_94' depends on axioms: [propext, Classical.choice, Quot.sound]
'Collatz.Research.RefinementAtlas.Batch090.data_8_95' does not depend on any axioms
'Collatz.Research.RefinementAtlas.Batch090.gap_8_95' does not depend on any axioms
'Collatz.Research.RefinementAtlas.Batch090.cutoff_8_95' does not depend on any axioms
'Collatz.Research.RefinementAtlas.Batch090.even_endpoint_8_95' depends on axioms: [propext, Quot.sound]
'Collatz.Research.RefinementAtlas.Batch090.odd_endpoint_8_95' depends on axioms: [propext, Quot.sound]
'Collatz.Research.RefinementAtlas.Batch090.even_cutoff_8_95' depends on axioms: [propext, Classical.choice, Quot.sound]
'Collatz.Research.RefinementAtlas.Batch090.odd_cleared_8_95' depends on axioms: [propext, Classical.choice, Quot.sound]
'Collatz.Research.RefinementAtlas.Batch090.data_8_96' does not depend on any axioms
'Collatz.Research.RefinementAtlas.Batch090.gap_8_96' does not depend on any axioms
'Collatz.Research.RefinementAtlas.Batch090.cutoff_8_96' does not depend on any axioms
'Collatz.Research.RefinementAtlas.Batch090.even_endpoint_8_96' depends on axioms: [propext, Quot.sound]
'Collatz.Research.RefinementAtlas.Batch090.odd_endpoint_8_96' depends on axioms: [propext, Quot.sound]
'Collatz.Research.RefinementAtlas.Batch090.even_cutoff_8_96' depends on axioms: [propext, Classical.choice, Quot.sound]
'Collatz.Research.RefinementAtlas.Batch090.odd_cleared_8_96' depends on axioms: [propext, Classical.choice, Quot.sound]
'Collatz.Research.RefinementAtlas.Batch090.data_8_97' does not depend on any axioms
'Collatz.Research.RefinementAtlas.Batch090.gap_8_97' does not depend on any axioms
'Collatz.Research.RefinementAtlas.Batch090.cutoff_8_97' does not depend on any axioms
'Collatz.Research.RefinementAtlas.Batch090.even_endpoint_8_97' depends on axioms: [propext, Quot.sound]
'Collatz.Research.RefinementAtlas.Batch090.odd_endpoint_8_97' depends on axioms: [propext, Quot.sound]
'Collatz.Research.RefinementAtlas.Batch090.even_cutoff_8_97' depends on axioms: [propext, Classical.choice, Quot.sound]
'Collatz.Research.RefinementAtlas.Batch090.odd_cleared_8_97' depends on axioms: [propext, Classical.choice, Quot.sound]
'Collatz.Research.RefinementAtlas.Batch091.data_8_98' does not depend on any axioms
'Collatz.Research.RefinementAtlas.Batch091.gap_8_98' does not depend on any axioms
'Collatz.Research.RefinementAtlas.Batch091.cutoff_8_98' does not depend on any axioms
'Collatz.Research.RefinementAtlas.Batch091.even_endpoint_8_98' depends on axioms: [propext, Quot.sound]
'Collatz.Research.RefinementAtlas.Batch091.odd_endpoint_8_98' depends on axioms: [propext, Quot.sound]
'Collatz.Research.RefinementAtlas.Batch091.even_cutoff_8_98' depends on axioms: [propext, Classical.choice, Quot.sound]
'Collatz.Research.RefinementAtlas.Batch091.odd_cleared_8_98' depends on axioms: [propext, Classical.choice, Quot.sound]
'Collatz.Research.RefinementAtlas.Batch091.data_8_99' does not depend on any axioms
'Collatz.Research.RefinementAtlas.Batch091.gap_8_99' does not depend on any axioms
'Collatz.Research.RefinementAtlas.Batch091.cutoff_8_99' does not depend on any axioms
'Collatz.Research.RefinementAtlas.Batch091.even_endpoint_8_99' depends on axioms: [propext, Quot.sound]
'Collatz.Research.RefinementAtlas.Batch091.odd_endpoint_8_99' depends on axioms: [propext, Quot.sound]
'Collatz.Research.RefinementAtlas.Batch091.even_cutoff_8_99' depends on axioms: [propext, Classical.choice, Quot.sound]
'Collatz.Research.RefinementAtlas.Batch091.odd_cleared_8_99' depends on axioms: [propext, Classical.choice, Quot.sound]
'Collatz.Research.RefinementAtlas.Batch091.data_8_100' does not depend on any axioms
'Collatz.Research.RefinementAtlas.Batch091.gap_8_100' does not depend on any axioms
'Collatz.Research.RefinementAtlas.Batch091.cutoff_8_100' does not depend on any axioms
'Collatz.Research.RefinementAtlas.Batch091.even_endpoint_8_100' depends on axioms: [propext, Quot.sound]
'Collatz.Research.RefinementAtlas.Batch091.odd_endpoint_8_100' depends on axioms: [propext, Quot.sound]
'Collatz.Research.RefinementAtlas.Batch091.even_cutoff_8_100' depends on axioms: [propext, Classical.choice, Quot.sound]
'Collatz.Research.RefinementAtlas.Batch091.odd_cleared_8_100' depends on axioms: [propext, Classical.choice, Quot.sound]
'Collatz.Research.RefinementAtlas.Batch092.data_8_101' does not depend on any axioms
'Collatz.Research.RefinementAtlas.Batch092.gap_8_101' does not depend on any axioms
'Collatz.Research.RefinementAtlas.Batch092.cutoff_8_101' does not depend on any axioms
'Collatz.Research.RefinementAtlas.Batch092.even_endpoint_8_101' depends on axioms: [propext, Quot.sound]
'Collatz.Research.RefinementAtlas.Batch092.odd_endpoint_8_101' depends on axioms: [propext, Quot.sound]
'Collatz.Research.RefinementAtlas.Batch092.even_cutoff_8_101' depends on axioms: [propext, Classical.choice, Quot.sound]
'Collatz.Research.RefinementAtlas.Batch092.odd_cleared_8_101' depends on axioms: [propext, Classical.choice, Quot.sound]
'Collatz.Research.RefinementAtlas.Batch092.data_8_102' does not depend on any axioms
'Collatz.Research.RefinementAtlas.Batch092.gap_8_102' does not depend on any axioms
'Collatz.Research.RefinementAtlas.Batch092.cutoff_8_102' does not depend on any axioms
'Collatz.Research.RefinementAtlas.Batch092.even_endpoint_8_102' depends on axioms: [propext, Quot.sound]
'Collatz.Research.RefinementAtlas.Batch092.odd_endpoint_8_102' depends on axioms: [propext, Quot.sound]
'Collatz.Research.RefinementAtlas.Batch092.even_cutoff_8_102' depends on axioms: [propext, Classical.choice, Quot.sound]
'Collatz.Research.RefinementAtlas.Batch092.odd_cleared_8_102' depends on axioms: [propext, Classical.choice, Quot.sound]
'Collatz.Research.RefinementAtlas.Batch092.data_8_104' does not depend on any axioms
'Collatz.Research.RefinementAtlas.Batch092.gap_8_104' does not depend on any axioms
'Collatz.Research.RefinementAtlas.Batch092.cutoff_8_104' does not depend on any axioms
'Collatz.Research.RefinementAtlas.Batch092.even_endpoint_8_104' depends on axioms: [propext, Quot.sound]
'Collatz.Research.RefinementAtlas.Batch092.odd_endpoint_8_104' depends on axioms: [propext, Quot.sound]
'Collatz.Research.RefinementAtlas.Batch092.even_cutoff_8_104' depends on axioms: [propext, Classical.choice, Quot.sound]
'Collatz.Research.RefinementAtlas.Batch092.odd_cleared_8_104' depends on axioms: [propext, Classical.choice, Quot.sound]
'Collatz.Research.RefinementAtlas.Batch093.data_8_105' does not depend on any axioms
'Collatz.Research.RefinementAtlas.Batch093.gap_8_105' does not depend on any axioms
'Collatz.Research.RefinementAtlas.Batch093.cutoff_8_105' does not depend on any axioms
'Collatz.Research.RefinementAtlas.Batch093.even_endpoint_8_105' depends on axioms: [propext, Quot.sound]
'Collatz.Research.RefinementAtlas.Batch093.odd_endpoint_8_105' depends on axioms: [propext, Quot.sound]
'Collatz.Research.RefinementAtlas.Batch093.even_cutoff_8_105' depends on axioms: [propext, Classical.choice, Quot.sound]
'Collatz.Research.RefinementAtlas.Batch093.odd_cleared_8_105' depends on axioms: [propext, Classical.choice, Quot.sound]
'Collatz.Research.RefinementAtlas.Batch093.data_8_106' does not depend on any axioms
'Collatz.Research.RefinementAtlas.Batch093.gap_8_106' does not depend on any axioms
'Collatz.Research.RefinementAtlas.Batch093.cutoff_8_106' does not depend on any axioms
'Collatz.Research.RefinementAtlas.Batch093.even_endpoint_8_106' depends on axioms: [propext, Quot.sound]
'Collatz.Research.RefinementAtlas.Batch093.odd_endpoint_8_106' depends on axioms: [propext, Quot.sound]
'Collatz.Research.RefinementAtlas.Batch093.even_cutoff_8_106' depends on axioms: [propext, Classical.choice, Quot.sound]
'Collatz.Research.RefinementAtlas.Batch093.odd_cleared_8_106' depends on axioms: [propext, Classical.choice, Quot.sound]
'Collatz.Research.RefinementAtlas.Batch093.data_8_107' does not depend on any axioms
'Collatz.Research.RefinementAtlas.Batch093.gap_8_107' does not depend on any axioms
'Collatz.Research.RefinementAtlas.Batch093.cutoff_8_107' does not depend on any axioms
'Collatz.Research.RefinementAtlas.Batch093.even_endpoint_8_107' depends on axioms: [propext, Quot.sound]
'Collatz.Research.RefinementAtlas.Batch093.odd_endpoint_8_107' depends on axioms: [propext, Quot.sound]
'Collatz.Research.RefinementAtlas.Batch093.even_cutoff_8_107' depends on axioms: [propext, Classical.choice, Quot.sound]
'Collatz.Research.RefinementAtlas.Batch093.odd_cleared_8_107' depends on axioms: [propext, Classical.choice, Quot.sound]
'Collatz.Research.RefinementAtlas.Batch094.data_8_108' does not depend on any axioms
'Collatz.Research.RefinementAtlas.Batch094.gap_8_108' does not depend on any axioms
'Collatz.Research.RefinementAtlas.Batch094.cutoff_8_108' does not depend on any axioms
'Collatz.Research.RefinementAtlas.Batch094.even_endpoint_8_108' depends on axioms: [propext, Quot.sound]
'Collatz.Research.RefinementAtlas.Batch094.odd_endpoint_8_108' depends on axioms: [propext, Quot.sound]
'Collatz.Research.RefinementAtlas.Batch094.even_cutoff_8_108' depends on axioms: [propext, Classical.choice, Quot.sound]
'Collatz.Research.RefinementAtlas.Batch094.odd_cleared_8_108' depends on axioms: [propext, Classical.choice, Quot.sound]
'Collatz.Research.RefinementAtlas.Batch094.data_8_109' does not depend on any axioms
'Collatz.Research.RefinementAtlas.Batch094.gap_8_109' does not depend on any axioms
'Collatz.Research.RefinementAtlas.Batch094.cutoff_8_109' does not depend on any axioms
'Collatz.Research.RefinementAtlas.Batch094.even_endpoint_8_109' depends on axioms: [propext, Quot.sound]
'Collatz.Research.RefinementAtlas.Batch094.odd_endpoint_8_109' depends on axioms: [propext, Quot.sound]
'Collatz.Research.RefinementAtlas.Batch094.even_cutoff_8_109' depends on axioms: [propext, Classical.choice, Quot.sound]
'Collatz.Research.RefinementAtlas.Batch094.odd_cleared_8_109' depends on axioms: [propext, Classical.choice, Quot.sound]
'Collatz.Research.RefinementAtlas.Batch094.data_8_110' does not depend on any axioms
'Collatz.Research.RefinementAtlas.Batch094.gap_8_110' does not depend on any axioms
'Collatz.Research.RefinementAtlas.Batch094.cutoff_8_110' does not depend on any axioms
'Collatz.Research.RefinementAtlas.Batch094.even_endpoint_8_110' depends on axioms: [propext, Quot.sound]
'Collatz.Research.RefinementAtlas.Batch094.odd_endpoint_8_110' depends on axioms: [propext, Quot.sound]
'Collatz.Research.RefinementAtlas.Batch094.even_cutoff_8_110' depends on axioms: [propext, Classical.choice, Quot.sound]
'Collatz.Research.RefinementAtlas.Batch094.odd_cleared_8_110' depends on axioms: [propext, Classical.choice, Quot.sound]
'Collatz.Research.RefinementAtlas.Batch095.data_8_112' does not depend on any axioms
'Collatz.Research.RefinementAtlas.Batch095.gap_8_112' does not depend on any axioms
'Collatz.Research.RefinementAtlas.Batch095.cutoff_8_112' does not depend on any axioms
'Collatz.Research.RefinementAtlas.Batch095.even_endpoint_8_112' depends on axioms: [propext, Quot.sound]
'Collatz.Research.RefinementAtlas.Batch095.odd_endpoint_8_112' depends on axioms: [propext, Quot.sound]
'Collatz.Research.RefinementAtlas.Batch095.even_cutoff_8_112' depends on axioms: [propext, Classical.choice, Quot.sound]
'Collatz.Research.RefinementAtlas.Batch095.odd_cleared_8_112' depends on axioms: [propext, Classical.choice, Quot.sound]
'Collatz.Research.RefinementAtlas.Batch095.data_8_113' does not depend on any axioms
'Collatz.Research.RefinementAtlas.Batch095.gap_8_113' does not depend on any axioms
'Collatz.Research.RefinementAtlas.Batch095.cutoff_8_113' does not depend on any axioms
'Collatz.Research.RefinementAtlas.Batch095.even_endpoint_8_113' depends on axioms: [propext, Quot.sound]
'Collatz.Research.RefinementAtlas.Batch095.odd_endpoint_8_113' depends on axioms: [propext, Quot.sound]
'Collatz.Research.RefinementAtlas.Batch095.even_cutoff_8_113' depends on axioms: [propext, Classical.choice, Quot.sound]
'Collatz.Research.RefinementAtlas.Batch095.odd_cleared_8_113' depends on axioms: [propext, Classical.choice, Quot.sound]
'Collatz.Research.RefinementAtlas.Batch095.data_8_114' does not depend on any axioms
'Collatz.Research.RefinementAtlas.Batch095.gap_8_114' does not depend on any axioms
'Collatz.Research.RefinementAtlas.Batch095.cutoff_8_114' does not depend on any axioms
'Collatz.Research.RefinementAtlas.Batch095.even_endpoint_8_114' depends on axioms: [propext, Quot.sound]
'Collatz.Research.RefinementAtlas.Batch095.odd_endpoint_8_114' depends on axioms: [propext, Quot.sound]
'Collatz.Research.RefinementAtlas.Batch095.even_cutoff_8_114' depends on axioms: [propext, Classical.choice, Quot.sound]
'Collatz.Research.RefinementAtlas.Batch095.odd_cleared_8_114' depends on axioms: [propext, Classical.choice, Quot.sound]
'Collatz.Research.RefinementAtlas.Batch096.data_8_115' does not depend on any axioms
'Collatz.Research.RefinementAtlas.Batch096.gap_8_115' does not depend on any axioms
'Collatz.Research.RefinementAtlas.Batch096.cutoff_8_115' does not depend on any axioms
'Collatz.Research.RefinementAtlas.Batch096.even_endpoint_8_115' depends on axioms: [propext, Quot.sound]
'Collatz.Research.RefinementAtlas.Batch096.odd_endpoint_8_115' depends on axioms: [propext, Quot.sound]
'Collatz.Research.RefinementAtlas.Batch096.even_cutoff_8_115' depends on axioms: [propext, Classical.choice, Quot.sound]
'Collatz.Research.RefinementAtlas.Batch096.odd_cleared_8_115' depends on axioms: [propext, Classical.choice, Quot.sound]
'Collatz.Research.RefinementAtlas.Batch096.data_8_116' does not depend on any axioms
'Collatz.Research.RefinementAtlas.Batch096.gap_8_116' does not depend on any axioms
'Collatz.Research.RefinementAtlas.Batch096.cutoff_8_116' does not depend on any axioms
'Collatz.Research.RefinementAtlas.Batch096.even_endpoint_8_116' depends on axioms: [propext, Quot.sound]
'Collatz.Research.RefinementAtlas.Batch096.odd_endpoint_8_116' depends on axioms: [propext, Quot.sound]
'Collatz.Research.RefinementAtlas.Batch096.even_cutoff_8_116' depends on axioms: [propext, Classical.choice, Quot.sound]
'Collatz.Research.RefinementAtlas.Batch096.odd_cleared_8_116' depends on axioms: [propext, Classical.choice, Quot.sound]
'Collatz.Research.RefinementAtlas.Batch096.data_8_117' does not depend on any axioms
'Collatz.Research.RefinementAtlas.Batch096.gap_8_117' does not depend on any axioms
'Collatz.Research.RefinementAtlas.Batch096.cutoff_8_117' does not depend on any axioms
'Collatz.Research.RefinementAtlas.Batch096.even_endpoint_8_117' depends on axioms: [propext, Quot.sound]
'Collatz.Research.RefinementAtlas.Batch096.odd_endpoint_8_117' depends on axioms: [propext, Quot.sound]
'Collatz.Research.RefinementAtlas.Batch096.even_cutoff_8_117' depends on axioms: [propext, Classical.choice, Quot.sound]
'Collatz.Research.RefinementAtlas.Batch096.odd_cleared_8_117' depends on axioms: [propext, Classical.choice, Quot.sound]
'Collatz.Research.RefinementAtlas.Batch097.data_8_118' does not depend on any axioms
'Collatz.Research.RefinementAtlas.Batch097.gap_8_118' does not depend on any axioms
'Collatz.Research.RefinementAtlas.Batch097.cutoff_8_118' does not depend on any axioms
'Collatz.Research.RefinementAtlas.Batch097.even_endpoint_8_118' depends on axioms: [propext, Quot.sound]
'Collatz.Research.RefinementAtlas.Batch097.odd_endpoint_8_118' depends on axioms: [propext, Quot.sound]
'Collatz.Research.RefinementAtlas.Batch097.even_cutoff_8_118' depends on axioms: [propext, Classical.choice, Quot.sound]
'Collatz.Research.RefinementAtlas.Batch097.odd_cleared_8_118' depends on axioms: [propext, Classical.choice, Quot.sound]
'Collatz.Research.RefinementAtlas.Batch097.data_8_119' does not depend on any axioms
'Collatz.Research.RefinementAtlas.Batch097.gap_8_119' does not depend on any axioms
'Collatz.Research.RefinementAtlas.Batch097.cutoff_8_119' does not depend on any axioms
'Collatz.Research.RefinementAtlas.Batch097.even_endpoint_8_119' depends on axioms: [propext, Quot.sound]
'Collatz.Research.RefinementAtlas.Batch097.odd_endpoint_8_119' depends on axioms: [propext, Quot.sound]
'Collatz.Research.RefinementAtlas.Batch097.even_cutoff_8_119' depends on axioms: [propext, Classical.choice, Quot.sound]
'Collatz.Research.RefinementAtlas.Batch097.odd_cleared_8_119' depends on axioms: [propext, Classical.choice, Quot.sound]
'Collatz.Research.RefinementAtlas.Batch097.data_8_120' does not depend on any axioms
'Collatz.Research.RefinementAtlas.Batch097.gap_8_120' does not depend on any axioms
'Collatz.Research.RefinementAtlas.Batch097.cutoff_8_120' does not depend on any axioms
'Collatz.Research.RefinementAtlas.Batch097.even_endpoint_8_120' depends on axioms: [propext, Quot.sound]
'Collatz.Research.RefinementAtlas.Batch097.odd_endpoint_8_120' depends on axioms: [propext, Quot.sound]
'Collatz.Research.RefinementAtlas.Batch097.even_cutoff_8_120' depends on axioms: [propext, Classical.choice, Quot.sound]
'Collatz.Research.RefinementAtlas.Batch097.odd_cleared_8_120' depends on axioms: [propext, Classical.choice, Quot.sound]
'Collatz.Research.RefinementAtlas.Batch098.data_8_122' does not depend on any axioms
'Collatz.Research.RefinementAtlas.Batch098.gap_8_122' does not depend on any axioms
'Collatz.Research.RefinementAtlas.Batch098.cutoff_8_122' does not depend on any axioms
'Collatz.Research.RefinementAtlas.Batch098.even_endpoint_8_122' depends on axioms: [propext, Quot.sound]
'Collatz.Research.RefinementAtlas.Batch098.odd_endpoint_8_122' depends on axioms: [propext, Quot.sound]
'Collatz.Research.RefinementAtlas.Batch098.even_cutoff_8_122' depends on axioms: [propext, Classical.choice, Quot.sound]
'Collatz.Research.RefinementAtlas.Batch098.odd_cleared_8_122' depends on axioms: [propext, Classical.choice, Quot.sound]
'Collatz.Research.RefinementAtlas.Batch098.data_8_123' does not depend on any axioms
'Collatz.Research.RefinementAtlas.Batch098.gap_8_123' does not depend on any axioms
'Collatz.Research.RefinementAtlas.Batch098.cutoff_8_123' does not depend on any axioms
'Collatz.Research.RefinementAtlas.Batch098.even_endpoint_8_123' depends on axioms: [propext, Quot.sound]
'Collatz.Research.RefinementAtlas.Batch098.odd_endpoint_8_123' depends on axioms: [propext, Quot.sound]
'Collatz.Research.RefinementAtlas.Batch098.even_cutoff_8_123' depends on axioms: [propext, Classical.choice, Quot.sound]
'Collatz.Research.RefinementAtlas.Batch098.odd_cleared_8_123' depends on axioms: [propext, Classical.choice, Quot.sound]
'Collatz.Research.RefinementAtlas.Batch098.data_8_124' does not depend on any axioms
'Collatz.Research.RefinementAtlas.Batch098.gap_8_124' does not depend on any axioms
'Collatz.Research.RefinementAtlas.Batch098.cutoff_8_124' does not depend on any axioms
'Collatz.Research.RefinementAtlas.Batch098.even_endpoint_8_124' depends on axioms: [propext, Quot.sound]
'Collatz.Research.RefinementAtlas.Batch098.odd_endpoint_8_124' depends on axioms: [propext, Quot.sound]
'Collatz.Research.RefinementAtlas.Batch098.even_cutoff_8_124' depends on axioms: [propext, Classical.choice, Quot.sound]
'Collatz.Research.RefinementAtlas.Batch098.odd_cleared_8_124' depends on axioms: [propext, Classical.choice, Quot.sound]
'Collatz.Research.RefinementAtlas.Batch099.data_8_125' does not depend on any axioms
'Collatz.Research.RefinementAtlas.Batch099.gap_8_125' does not depend on any axioms
'Collatz.Research.RefinementAtlas.Batch099.cutoff_8_125' does not depend on any axioms
'Collatz.Research.RefinementAtlas.Batch099.even_endpoint_8_125' depends on axioms: [propext, Quot.sound]
'Collatz.Research.RefinementAtlas.Batch099.odd_endpoint_8_125' depends on axioms: [propext, Quot.sound]
'Collatz.Research.RefinementAtlas.Batch099.even_cutoff_8_125' depends on axioms: [propext, Classical.choice, Quot.sound]
'Collatz.Research.RefinementAtlas.Batch099.odd_cleared_8_125' depends on axioms: [propext, Classical.choice, Quot.sound]
'Collatz.Research.RefinementAtlas.Batch099.data_8_128' does not depend on any axioms
'Collatz.Research.RefinementAtlas.Batch099.gap_8_128' does not depend on any axioms
'Collatz.Research.RefinementAtlas.Batch099.cutoff_8_128' does not depend on any axioms
'Collatz.Research.RefinementAtlas.Batch099.even_endpoint_8_128' depends on axioms: [propext, Quot.sound]
'Collatz.Research.RefinementAtlas.Batch099.odd_endpoint_8_128' depends on axioms: [propext, Quot.sound]
'Collatz.Research.RefinementAtlas.Batch099.even_cutoff_8_128' depends on axioms: [propext, Classical.choice, Quot.sound]
'Collatz.Research.RefinementAtlas.Batch099.odd_cleared_8_128' depends on axioms: [propext, Classical.choice, Quot.sound]
'Collatz.Research.RefinementAtlas.Batch099.data_8_129' does not depend on any axioms
'Collatz.Research.RefinementAtlas.Batch099.gap_8_129' does not depend on any axioms
'Collatz.Research.RefinementAtlas.Batch099.cutoff_8_129' does not depend on any axioms
'Collatz.Research.RefinementAtlas.Batch099.even_endpoint_8_129' depends on axioms: [propext, Quot.sound]
'Collatz.Research.RefinementAtlas.Batch099.odd_endpoint_8_129' depends on axioms: [propext, Quot.sound]
'Collatz.Research.RefinementAtlas.Batch099.even_cutoff_8_129' depends on axioms: [propext, Classical.choice, Quot.sound]
'Collatz.Research.RefinementAtlas.Batch099.odd_cleared_8_129' depends on axioms: [propext, Classical.choice, Quot.sound]
'Collatz.Research.RefinementAtlas.Batch100.data_8_130' does not depend on any axioms
'Collatz.Research.RefinementAtlas.Batch100.gap_8_130' does not depend on any axioms
'Collatz.Research.RefinementAtlas.Batch100.cutoff_8_130' does not depend on any axioms
'Collatz.Research.RefinementAtlas.Batch100.even_endpoint_8_130' depends on axioms: [propext, Quot.sound]
'Collatz.Research.RefinementAtlas.Batch100.odd_endpoint_8_130' depends on axioms: [propext, Quot.sound]
'Collatz.Research.RefinementAtlas.Batch100.even_cutoff_8_130' depends on axioms: [propext, Classical.choice, Quot.sound]
'Collatz.Research.RefinementAtlas.Batch100.odd_cleared_8_130' depends on axioms: [propext, Classical.choice, Quot.sound]
'Collatz.Research.RefinementAtlas.Batch100.data_8_131' does not depend on any axioms
'Collatz.Research.RefinementAtlas.Batch100.gap_8_131' does not depend on any axioms
'Collatz.Research.RefinementAtlas.Batch100.cutoff_8_131' does not depend on any axioms
'Collatz.Research.RefinementAtlas.Batch100.even_endpoint_8_131' depends on axioms: [propext, Quot.sound]
'Collatz.Research.RefinementAtlas.Batch100.odd_endpoint_8_131' depends on axioms: [propext, Quot.sound]
'Collatz.Research.RefinementAtlas.Batch100.even_cutoff_8_131' depends on axioms: [propext, Classical.choice, Quot.sound]
'Collatz.Research.RefinementAtlas.Batch100.odd_cleared_8_131' depends on axioms: [propext, Classical.choice, Quot.sound]
'Collatz.Research.RefinementAtlas.Batch100.data_8_132' does not depend on any axioms
'Collatz.Research.RefinementAtlas.Batch100.gap_8_132' does not depend on any axioms
'Collatz.Research.RefinementAtlas.Batch100.cutoff_8_132' does not depend on any axioms
'Collatz.Research.RefinementAtlas.Batch100.even_endpoint_8_132' depends on axioms: [propext, Quot.sound]
'Collatz.Research.RefinementAtlas.Batch100.odd_endpoint_8_132' depends on axioms: [propext, Quot.sound]
'Collatz.Research.RefinementAtlas.Batch100.even_cutoff_8_132' depends on axioms: [propext, Classical.choice, Quot.sound]
'Collatz.Research.RefinementAtlas.Batch100.odd_cleared_8_132' depends on axioms: [propext, Classical.choice, Quot.sound]
'Collatz.Research.RefinementAtlas.Batch101.data_8_133' does not depend on any axioms
'Collatz.Research.RefinementAtlas.Batch101.gap_8_133' does not depend on any axioms
'Collatz.Research.RefinementAtlas.Batch101.cutoff_8_133' does not depend on any axioms
'Collatz.Research.RefinementAtlas.Batch101.even_endpoint_8_133' depends on axioms: [propext, Quot.sound]
'Collatz.Research.RefinementAtlas.Batch101.odd_endpoint_8_133' depends on axioms: [propext, Quot.sound]
'Collatz.Research.RefinementAtlas.Batch101.even_cutoff_8_133' depends on axioms: [propext, Classical.choice, Quot.sound]
'Collatz.Research.RefinementAtlas.Batch101.odd_cleared_8_133' depends on axioms: [propext, Classical.choice, Quot.sound]
'Collatz.Research.RefinementAtlas.Batch101.data_8_134' does not depend on any axioms
'Collatz.Research.RefinementAtlas.Batch101.gap_8_134' does not depend on any axioms
'Collatz.Research.RefinementAtlas.Batch101.cutoff_8_134' does not depend on any axioms
'Collatz.Research.RefinementAtlas.Batch101.even_endpoint_8_134' depends on axioms: [propext, Quot.sound]
'Collatz.Research.RefinementAtlas.Batch101.odd_endpoint_8_134' depends on axioms: [propext, Quot.sound]
'Collatz.Research.RefinementAtlas.Batch101.even_cutoff_8_134' depends on axioms: [propext, Classical.choice, Quot.sound]
'Collatz.Research.RefinementAtlas.Batch101.odd_cleared_8_134' depends on axioms: [propext, Classical.choice, Quot.sound]
'Collatz.Research.RefinementAtlas.Batch101.data_8_135' does not depend on any axioms
'Collatz.Research.RefinementAtlas.Batch101.gap_8_135' does not depend on any axioms
'Collatz.Research.RefinementAtlas.Batch101.cutoff_8_135' does not depend on any axioms
'Collatz.Research.RefinementAtlas.Batch101.even_endpoint_8_135' depends on axioms: [propext, Quot.sound]
'Collatz.Research.RefinementAtlas.Batch101.odd_endpoint_8_135' depends on axioms: [propext, Quot.sound]
'Collatz.Research.RefinementAtlas.Batch101.even_cutoff_8_135' depends on axioms: [propext, Classical.choice, Quot.sound]
'Collatz.Research.RefinementAtlas.Batch101.odd_cleared_8_135' depends on axioms: [propext, Classical.choice, Quot.sound]
'Collatz.Research.RefinementAtlas.Batch102.data_8_136' does not depend on any axioms
'Collatz.Research.RefinementAtlas.Batch102.gap_8_136' does not depend on any axioms
'Collatz.Research.RefinementAtlas.Batch102.cutoff_8_136' does not depend on any axioms
'Collatz.Research.RefinementAtlas.Batch102.even_endpoint_8_136' depends on axioms: [propext, Quot.sound]
'Collatz.Research.RefinementAtlas.Batch102.odd_endpoint_8_136' depends on axioms: [propext, Quot.sound]
'Collatz.Research.RefinementAtlas.Batch102.even_cutoff_8_136' depends on axioms: [propext, Classical.choice, Quot.sound]
'Collatz.Research.RefinementAtlas.Batch102.odd_cleared_8_136' depends on axioms: [propext, Classical.choice, Quot.sound]
'Collatz.Research.RefinementAtlas.Batch102.data_8_138' does not depend on any axioms
'Collatz.Research.RefinementAtlas.Batch102.gap_8_138' does not depend on any axioms
'Collatz.Research.RefinementAtlas.Batch102.cutoff_8_138' does not depend on any axioms
'Collatz.Research.RefinementAtlas.Batch102.even_endpoint_8_138' depends on axioms: [propext, Quot.sound]
'Collatz.Research.RefinementAtlas.Batch102.odd_endpoint_8_138' depends on axioms: [propext, Quot.sound]
'Collatz.Research.RefinementAtlas.Batch102.even_cutoff_8_138' depends on axioms: [propext, Classical.choice, Quot.sound]
'Collatz.Research.RefinementAtlas.Batch102.odd_cleared_8_138' depends on axioms: [propext, Classical.choice, Quot.sound]
'Collatz.Research.RefinementAtlas.Batch102.data_8_139' does not depend on any axioms
'Collatz.Research.RefinementAtlas.Batch102.gap_8_139' does not depend on any axioms
'Collatz.Research.RefinementAtlas.Batch102.cutoff_8_139' does not depend on any axioms
'Collatz.Research.RefinementAtlas.Batch102.even_endpoint_8_139' depends on axioms: [propext, Quot.sound]
'Collatz.Research.RefinementAtlas.Batch102.odd_endpoint_8_139' depends on axioms: [propext, Quot.sound]
'Collatz.Research.RefinementAtlas.Batch102.even_cutoff_8_139' depends on axioms: [propext, Classical.choice, Quot.sound]
'Collatz.Research.RefinementAtlas.Batch102.odd_cleared_8_139' depends on axioms: [propext, Classical.choice, Quot.sound]
'Collatz.Research.RefinementAtlas.Batch103.data_8_140' does not depend on any axioms
'Collatz.Research.RefinementAtlas.Batch103.gap_8_140' does not depend on any axioms
'Collatz.Research.RefinementAtlas.Batch103.cutoff_8_140' does not depend on any axioms
'Collatz.Research.RefinementAtlas.Batch103.even_endpoint_8_140' depends on axioms: [propext, Quot.sound]
'Collatz.Research.RefinementAtlas.Batch103.odd_endpoint_8_140' depends on axioms: [propext, Quot.sound]
'Collatz.Research.RefinementAtlas.Batch103.even_cutoff_8_140' depends on axioms: [propext, Classical.choice, Quot.sound]
'Collatz.Research.RefinementAtlas.Batch103.odd_cleared_8_140' depends on axioms: [propext, Classical.choice, Quot.sound]
'Collatz.Research.RefinementAtlas.Batch103.data_8_141' does not depend on any axioms
'Collatz.Research.RefinementAtlas.Batch103.gap_8_141' does not depend on any axioms
'Collatz.Research.RefinementAtlas.Batch103.cutoff_8_141' does not depend on any axioms
'Collatz.Research.RefinementAtlas.Batch103.even_endpoint_8_141' depends on axioms: [propext, Quot.sound]
'Collatz.Research.RefinementAtlas.Batch103.odd_endpoint_8_141' depends on axioms: [propext, Quot.sound]
'Collatz.Research.RefinementAtlas.Batch103.even_cutoff_8_141' depends on axioms: [propext, Classical.choice, Quot.sound]
'Collatz.Research.RefinementAtlas.Batch103.odd_cleared_8_141' depends on axioms: [propext, Classical.choice, Quot.sound]
'Collatz.Research.RefinementAtlas.Batch103.data_8_142' does not depend on any axioms
'Collatz.Research.RefinementAtlas.Batch103.gap_8_142' does not depend on any axioms
'Collatz.Research.RefinementAtlas.Batch103.cutoff_8_142' does not depend on any axioms
'Collatz.Research.RefinementAtlas.Batch103.even_endpoint_8_142' depends on axioms: [propext, Quot.sound]
'Collatz.Research.RefinementAtlas.Batch103.odd_endpoint_8_142' depends on axioms: [propext, Quot.sound]
'Collatz.Research.RefinementAtlas.Batch103.even_cutoff_8_142' depends on axioms: [propext, Classical.choice, Quot.sound]
'Collatz.Research.RefinementAtlas.Batch103.odd_cleared_8_142' depends on axioms: [propext, Classical.choice, Quot.sound]
'Collatz.Research.RefinementAtlas.Batch104.data_8_143' does not depend on any axioms
'Collatz.Research.RefinementAtlas.Batch104.gap_8_143' does not depend on any axioms
'Collatz.Research.RefinementAtlas.Batch104.cutoff_8_143' does not depend on any axioms
'Collatz.Research.RefinementAtlas.Batch104.even_endpoint_8_143' depends on axioms: [propext, Quot.sound]
'Collatz.Research.RefinementAtlas.Batch104.odd_endpoint_8_143' depends on axioms: [propext, Quot.sound]
'Collatz.Research.RefinementAtlas.Batch104.even_cutoff_8_143' depends on axioms: [propext, Classical.choice, Quot.sound]
'Collatz.Research.RefinementAtlas.Batch104.odd_cleared_8_143' depends on axioms: [propext, Classical.choice, Quot.sound]
'Collatz.Research.RefinementAtlas.Batch104.data_8_144' does not depend on any axioms
'Collatz.Research.RefinementAtlas.Batch104.gap_8_144' does not depend on any axioms
'Collatz.Research.RefinementAtlas.Batch104.cutoff_8_144' does not depend on any axioms
'Collatz.Research.RefinementAtlas.Batch104.even_endpoint_8_144' depends on axioms: [propext, Quot.sound]
'Collatz.Research.RefinementAtlas.Batch104.odd_endpoint_8_144' depends on axioms: [propext, Quot.sound]
'Collatz.Research.RefinementAtlas.Batch104.even_cutoff_8_144' depends on axioms: [propext, Classical.choice, Quot.sound]
'Collatz.Research.RefinementAtlas.Batch104.odd_cleared_8_144' depends on axioms: [propext, Classical.choice, Quot.sound]
'Collatz.Research.RefinementAtlas.Batch104.data_8_145' does not depend on any axioms
'Collatz.Research.RefinementAtlas.Batch104.gap_8_145' does not depend on any axioms
'Collatz.Research.RefinementAtlas.Batch104.cutoff_8_145' does not depend on any axioms
'Collatz.Research.RefinementAtlas.Batch104.even_endpoint_8_145' depends on axioms: [propext, Quot.sound]
'Collatz.Research.RefinementAtlas.Batch104.odd_endpoint_8_145' depends on axioms: [propext, Quot.sound]
'Collatz.Research.RefinementAtlas.Batch104.even_cutoff_8_145' depends on axioms: [propext, Classical.choice, Quot.sound]
'Collatz.Research.RefinementAtlas.Batch104.odd_cleared_8_145' depends on axioms: [propext, Classical.choice, Quot.sound]
'Collatz.Research.RefinementAtlas.Batch105.data_8_146' does not depend on any axioms
'Collatz.Research.RefinementAtlas.Batch105.gap_8_146' does not depend on any axioms
'Collatz.Research.RefinementAtlas.Batch105.cutoff_8_146' does not depend on any axioms
'Collatz.Research.RefinementAtlas.Batch105.even_endpoint_8_146' depends on axioms: [propext, Quot.sound]
'Collatz.Research.RefinementAtlas.Batch105.odd_endpoint_8_146' depends on axioms: [propext, Quot.sound]
'Collatz.Research.RefinementAtlas.Batch105.even_cutoff_8_146' depends on axioms: [propext, Classical.choice, Quot.sound]
'Collatz.Research.RefinementAtlas.Batch105.odd_cleared_8_146' depends on axioms: [propext, Classical.choice, Quot.sound]
'Collatz.Research.RefinementAtlas.Batch105.data_8_147' does not depend on any axioms
'Collatz.Research.RefinementAtlas.Batch105.gap_8_147' does not depend on any axioms
'Collatz.Research.RefinementAtlas.Batch105.cutoff_8_147' does not depend on any axioms
'Collatz.Research.RefinementAtlas.Batch105.even_endpoint_8_147' depends on axioms: [propext, Quot.sound]
'Collatz.Research.RefinementAtlas.Batch105.odd_endpoint_8_147' depends on axioms: [propext, Quot.sound]
'Collatz.Research.RefinementAtlas.Batch105.even_cutoff_8_147' depends on axioms: [propext, Classical.choice, Quot.sound]
'Collatz.Research.RefinementAtlas.Batch105.odd_cleared_8_147' depends on axioms: [propext, Classical.choice, Quot.sound]
'Collatz.Research.RefinementAtlas.Batch105.data_8_148' does not depend on any axioms
'Collatz.Research.RefinementAtlas.Batch105.gap_8_148' does not depend on any axioms
'Collatz.Research.RefinementAtlas.Batch105.cutoff_8_148' does not depend on any axioms
'Collatz.Research.RefinementAtlas.Batch105.even_endpoint_8_148' depends on axioms: [propext, Quot.sound]
'Collatz.Research.RefinementAtlas.Batch105.odd_endpoint_8_148' depends on axioms: [propext, Quot.sound]
'Collatz.Research.RefinementAtlas.Batch105.even_cutoff_8_148' depends on axioms: [propext, Classical.choice, Quot.sound]
'Collatz.Research.RefinementAtlas.Batch105.odd_cleared_8_148' depends on axioms: [propext, Classical.choice, Quot.sound]
'Collatz.Research.RefinementAtlas.Batch106.data_8_149' does not depend on any axioms
'Collatz.Research.RefinementAtlas.Batch106.gap_8_149' does not depend on any axioms
'Collatz.Research.RefinementAtlas.Batch106.cutoff_8_149' does not depend on any axioms
'Collatz.Research.RefinementAtlas.Batch106.even_endpoint_8_149' depends on axioms: [propext, Quot.sound]
'Collatz.Research.RefinementAtlas.Batch106.odd_endpoint_8_149' depends on axioms: [propext, Quot.sound]
'Collatz.Research.RefinementAtlas.Batch106.even_cutoff_8_149' depends on axioms: [propext, Classical.choice, Quot.sound]
'Collatz.Research.RefinementAtlas.Batch106.odd_cleared_8_149' depends on axioms: [propext, Classical.choice, Quot.sound]
'Collatz.Research.RefinementAtlas.Batch106.data_8_150' does not depend on any axioms
'Collatz.Research.RefinementAtlas.Batch106.gap_8_150' does not depend on any axioms
'Collatz.Research.RefinementAtlas.Batch106.cutoff_8_150' does not depend on any axioms
'Collatz.Research.RefinementAtlas.Batch106.even_endpoint_8_150' depends on axioms: [propext, Quot.sound]
'Collatz.Research.RefinementAtlas.Batch106.odd_endpoint_8_150' depends on axioms: [propext, Quot.sound]
'Collatz.Research.RefinementAtlas.Batch106.even_cutoff_8_150' depends on axioms: [propext, Classical.choice, Quot.sound]
'Collatz.Research.RefinementAtlas.Batch106.odd_cleared_8_150' depends on axioms: [propext, Classical.choice, Quot.sound]
'Collatz.Research.RefinementAtlas.Batch106.data_8_151' does not depend on any axioms
'Collatz.Research.RefinementAtlas.Batch106.gap_8_151' does not depend on any axioms
'Collatz.Research.RefinementAtlas.Batch106.cutoff_8_151' does not depend on any axioms
'Collatz.Research.RefinementAtlas.Batch106.even_endpoint_8_151' depends on axioms: [propext, Quot.sound]
'Collatz.Research.RefinementAtlas.Batch106.odd_endpoint_8_151' depends on axioms: [propext, Quot.sound]
'Collatz.Research.RefinementAtlas.Batch106.even_cutoff_8_151' depends on axioms: [propext, Classical.choice, Quot.sound]
'Collatz.Research.RefinementAtlas.Batch106.odd_cleared_8_151' depends on axioms: [propext, Classical.choice, Quot.sound]
'Collatz.Research.RefinementAtlas.Batch107.data_8_152' does not depend on any axioms
'Collatz.Research.RefinementAtlas.Batch107.gap_8_152' does not depend on any axioms
'Collatz.Research.RefinementAtlas.Batch107.cutoff_8_152' does not depend on any axioms
'Collatz.Research.RefinementAtlas.Batch107.even_endpoint_8_152' depends on axioms: [propext, Quot.sound]
'Collatz.Research.RefinementAtlas.Batch107.odd_endpoint_8_152' depends on axioms: [propext, Quot.sound]
'Collatz.Research.RefinementAtlas.Batch107.even_cutoff_8_152' depends on axioms: [propext, Classical.choice, Quot.sound]
'Collatz.Research.RefinementAtlas.Batch107.odd_cleared_8_152' depends on axioms: [propext, Classical.choice, Quot.sound]
'Collatz.Research.RefinementAtlas.Batch107.data_8_153' does not depend on any axioms
'Collatz.Research.RefinementAtlas.Batch107.gap_8_153' does not depend on any axioms
'Collatz.Research.RefinementAtlas.Batch107.cutoff_8_153' does not depend on any axioms
'Collatz.Research.RefinementAtlas.Batch107.even_endpoint_8_153' depends on axioms: [propext, Quot.sound]
'Collatz.Research.RefinementAtlas.Batch107.odd_endpoint_8_153' depends on axioms: [propext, Quot.sound]
'Collatz.Research.RefinementAtlas.Batch107.even_cutoff_8_153' depends on axioms: [propext, Classical.choice, Quot.sound]
'Collatz.Research.RefinementAtlas.Batch107.odd_cleared_8_153' depends on axioms: [propext, Classical.choice, Quot.sound]
'Collatz.Research.RefinementAtlas.Batch107.data_8_154' does not depend on any axioms
'Collatz.Research.RefinementAtlas.Batch107.gap_8_154' does not depend on any axioms
'Collatz.Research.RefinementAtlas.Batch107.cutoff_8_154' does not depend on any axioms
'Collatz.Research.RefinementAtlas.Batch107.even_endpoint_8_154' depends on axioms: [propext, Quot.sound]
'Collatz.Research.RefinementAtlas.Batch107.odd_endpoint_8_154' depends on axioms: [propext, Quot.sound]
'Collatz.Research.RefinementAtlas.Batch107.even_cutoff_8_154' depends on axioms: [propext, Classical.choice, Quot.sound]
'Collatz.Research.RefinementAtlas.Batch107.odd_cleared_8_154' depends on axioms: [propext, Classical.choice, Quot.sound]
'Collatz.Research.RefinementAtlas.Batch108.data_8_156' does not depend on any axioms
'Collatz.Research.RefinementAtlas.Batch108.gap_8_156' does not depend on any axioms
'Collatz.Research.RefinementAtlas.Batch108.cutoff_8_156' does not depend on any axioms
'Collatz.Research.RefinementAtlas.Batch108.even_endpoint_8_156' depends on axioms: [propext, Quot.sound]
'Collatz.Research.RefinementAtlas.Batch108.odd_endpoint_8_156' depends on axioms: [propext, Quot.sound]
'Collatz.Research.RefinementAtlas.Batch108.even_cutoff_8_156' depends on axioms: [propext, Classical.choice, Quot.sound]
'Collatz.Research.RefinementAtlas.Batch108.odd_cleared_8_156' depends on axioms: [propext, Classical.choice, Quot.sound]
'Collatz.Research.RefinementAtlas.Batch108.data_8_157' does not depend on any axioms
'Collatz.Research.RefinementAtlas.Batch108.gap_8_157' does not depend on any axioms
'Collatz.Research.RefinementAtlas.Batch108.cutoff_8_157' does not depend on any axioms
'Collatz.Research.RefinementAtlas.Batch108.even_endpoint_8_157' depends on axioms: [propext, Quot.sound]
'Collatz.Research.RefinementAtlas.Batch108.odd_endpoint_8_157' depends on axioms: [propext, Quot.sound]
'Collatz.Research.RefinementAtlas.Batch108.even_cutoff_8_157' depends on axioms: [propext, Classical.choice, Quot.sound]
'Collatz.Research.RefinementAtlas.Batch108.odd_cleared_8_157' depends on axioms: [propext, Classical.choice, Quot.sound]
'Collatz.Research.RefinementAtlas.Batch108.data_8_158' does not depend on any axioms
'Collatz.Research.RefinementAtlas.Batch108.gap_8_158' does not depend on any axioms
'Collatz.Research.RefinementAtlas.Batch108.cutoff_8_158' does not depend on any axioms
'Collatz.Research.RefinementAtlas.Batch108.even_endpoint_8_158' depends on axioms: [propext, Quot.sound]
'Collatz.Research.RefinementAtlas.Batch108.odd_endpoint_8_158' depends on axioms: [propext, Quot.sound]
'Collatz.Research.RefinementAtlas.Batch108.even_cutoff_8_158' depends on axioms: [propext, Classical.choice, Quot.sound]
'Collatz.Research.RefinementAtlas.Batch108.odd_cleared_8_158' depends on axioms: [propext, Classical.choice, Quot.sound]
'Collatz.Research.RefinementAtlas.Batch109.data_8_160' does not depend on any axioms
'Collatz.Research.RefinementAtlas.Batch109.gap_8_160' does not depend on any axioms
'Collatz.Research.RefinementAtlas.Batch109.cutoff_8_160' does not depend on any axioms
'Collatz.Research.RefinementAtlas.Batch109.even_endpoint_8_160' depends on axioms: [propext, Quot.sound]
'Collatz.Research.RefinementAtlas.Batch109.odd_endpoint_8_160' depends on axioms: [propext, Quot.sound]
'Collatz.Research.RefinementAtlas.Batch109.even_cutoff_8_160' depends on axioms: [propext, Classical.choice, Quot.sound]
'Collatz.Research.RefinementAtlas.Batch109.odd_cleared_8_160' depends on axioms: [propext, Classical.choice, Quot.sound]
'Collatz.Research.RefinementAtlas.Batch109.data_8_161' does not depend on any axioms
'Collatz.Research.RefinementAtlas.Batch109.gap_8_161' does not depend on any axioms
'Collatz.Research.RefinementAtlas.Batch109.cutoff_8_161' does not depend on any axioms
'Collatz.Research.RefinementAtlas.Batch109.even_endpoint_8_161' depends on axioms: [propext, Quot.sound]
'Collatz.Research.RefinementAtlas.Batch109.odd_endpoint_8_161' depends on axioms: [propext, Quot.sound]
'Collatz.Research.RefinementAtlas.Batch109.even_cutoff_8_161' depends on axioms: [propext, Classical.choice, Quot.sound]
'Collatz.Research.RefinementAtlas.Batch109.odd_cleared_8_161' depends on axioms: [propext, Classical.choice, Quot.sound]
'Collatz.Research.RefinementAtlas.Batch109.data_8_162' does not depend on any axioms
'Collatz.Research.RefinementAtlas.Batch109.gap_8_162' does not depend on any axioms
'Collatz.Research.RefinementAtlas.Batch109.cutoff_8_162' does not depend on any axioms
'Collatz.Research.RefinementAtlas.Batch109.even_endpoint_8_162' depends on axioms: [propext, Quot.sound]
'Collatz.Research.RefinementAtlas.Batch109.odd_endpoint_8_162' depends on axioms: [propext, Quot.sound]
'Collatz.Research.RefinementAtlas.Batch109.even_cutoff_8_162' depends on axioms: [propext, Classical.choice, Quot.sound]
'Collatz.Research.RefinementAtlas.Batch109.odd_cleared_8_162' depends on axioms: [propext, Classical.choice, Quot.sound]
'Collatz.Research.RefinementAtlas.Batch110.data_8_163' does not depend on any axioms
'Collatz.Research.RefinementAtlas.Batch110.gap_8_163' does not depend on any axioms
'Collatz.Research.RefinementAtlas.Batch110.cutoff_8_163' does not depend on any axioms
'Collatz.Research.RefinementAtlas.Batch110.even_endpoint_8_163' depends on axioms: [propext, Quot.sound]
'Collatz.Research.RefinementAtlas.Batch110.odd_endpoint_8_163' depends on axioms: [propext, Quot.sound]
'Collatz.Research.RefinementAtlas.Batch110.even_cutoff_8_163' depends on axioms: [propext, Classical.choice, Quot.sound]
'Collatz.Research.RefinementAtlas.Batch110.odd_cleared_8_163' depends on axioms: [propext, Classical.choice, Quot.sound]
'Collatz.Research.RefinementAtlas.Batch110.data_8_164' does not depend on any axioms
'Collatz.Research.RefinementAtlas.Batch110.gap_8_164' does not depend on any axioms
'Collatz.Research.RefinementAtlas.Batch110.cutoff_8_164' does not depend on any axioms
'Collatz.Research.RefinementAtlas.Batch110.even_endpoint_8_164' depends on axioms: [propext, Quot.sound]
'Collatz.Research.RefinementAtlas.Batch110.odd_endpoint_8_164' depends on axioms: [propext, Quot.sound]
'Collatz.Research.RefinementAtlas.Batch110.even_cutoff_8_164' depends on axioms: [propext, Classical.choice, Quot.sound]
'Collatz.Research.RefinementAtlas.Batch110.odd_cleared_8_164' depends on axioms: [propext, Classical.choice, Quot.sound]
'Collatz.Research.RefinementAtlas.Batch110.data_8_165' does not depend on any axioms
'Collatz.Research.RefinementAtlas.Batch110.gap_8_165' does not depend on any axioms
'Collatz.Research.RefinementAtlas.Batch110.cutoff_8_165' does not depend on any axioms
'Collatz.Research.RefinementAtlas.Batch110.even_endpoint_8_165' depends on axioms: [propext, Quot.sound]
'Collatz.Research.RefinementAtlas.Batch110.odd_endpoint_8_165' depends on axioms: [propext, Quot.sound]
'Collatz.Research.RefinementAtlas.Batch110.even_cutoff_8_165' depends on axioms: [propext, Classical.choice, Quot.sound]
'Collatz.Research.RefinementAtlas.Batch110.odd_cleared_8_165' depends on axioms: [propext, Classical.choice, Quot.sound]
'Collatz.Research.RefinementAtlas.Batch111.data_8_166' does not depend on any axioms
'Collatz.Research.RefinementAtlas.Batch111.gap_8_166' does not depend on any axioms
'Collatz.Research.RefinementAtlas.Batch111.cutoff_8_166' does not depend on any axioms
'Collatz.Research.RefinementAtlas.Batch111.even_endpoint_8_166' depends on axioms: [propext, Quot.sound]
'Collatz.Research.RefinementAtlas.Batch111.odd_endpoint_8_166' depends on axioms: [propext, Quot.sound]
'Collatz.Research.RefinementAtlas.Batch111.even_cutoff_8_166' depends on axioms: [propext, Classical.choice, Quot.sound]
'Collatz.Research.RefinementAtlas.Batch111.odd_cleared_8_166' depends on axioms: [propext, Classical.choice, Quot.sound]
'Collatz.Research.RefinementAtlas.Batch111.data_8_168' does not depend on any axioms
'Collatz.Research.RefinementAtlas.Batch111.gap_8_168' does not depend on any axioms
'Collatz.Research.RefinementAtlas.Batch111.cutoff_8_168' does not depend on any axioms
'Collatz.Research.RefinementAtlas.Batch111.even_endpoint_8_168' depends on axioms: [propext, Quot.sound]
'Collatz.Research.RefinementAtlas.Batch111.odd_endpoint_8_168' depends on axioms: [propext, Quot.sound]
'Collatz.Research.RefinementAtlas.Batch111.even_cutoff_8_168' depends on axioms: [propext, Classical.choice, Quot.sound]
'Collatz.Research.RefinementAtlas.Batch111.odd_cleared_8_168' depends on axioms: [propext, Classical.choice, Quot.sound]
'Collatz.Research.RefinementAtlas.Batch111.data_8_170' does not depend on any axioms
'Collatz.Research.RefinementAtlas.Batch111.gap_8_170' does not depend on any axioms
'Collatz.Research.RefinementAtlas.Batch111.cutoff_8_170' does not depend on any axioms
'Collatz.Research.RefinementAtlas.Batch111.even_endpoint_8_170' depends on axioms: [propext, Quot.sound]
'Collatz.Research.RefinementAtlas.Batch111.odd_endpoint_8_170' depends on axioms: [propext, Quot.sound]
'Collatz.Research.RefinementAtlas.Batch111.even_cutoff_8_170' depends on axioms: [propext, Classical.choice, Quot.sound]
'Collatz.Research.RefinementAtlas.Batch111.odd_cleared_8_170' depends on axioms: [propext, Classical.choice, Quot.sound]
'Collatz.Research.RefinementAtlas.Batch112.data_8_171' does not depend on any axioms
'Collatz.Research.RefinementAtlas.Batch112.gap_8_171' does not depend on any axioms
'Collatz.Research.RefinementAtlas.Batch112.cutoff_8_171' does not depend on any axioms
'Collatz.Research.RefinementAtlas.Batch112.even_endpoint_8_171' depends on axioms: [propext, Quot.sound]
'Collatz.Research.RefinementAtlas.Batch112.odd_endpoint_8_171' depends on axioms: [propext, Quot.sound]
'Collatz.Research.RefinementAtlas.Batch112.even_cutoff_8_171' depends on axioms: [propext, Classical.choice, Quot.sound]
'Collatz.Research.RefinementAtlas.Batch112.odd_cleared_8_171' depends on axioms: [propext, Classical.choice, Quot.sound]
'Collatz.Research.RefinementAtlas.Batch112.data_8_172' does not depend on any axioms
'Collatz.Research.RefinementAtlas.Batch112.gap_8_172' does not depend on any axioms
'Collatz.Research.RefinementAtlas.Batch112.cutoff_8_172' does not depend on any axioms
'Collatz.Research.RefinementAtlas.Batch112.even_endpoint_8_172' depends on axioms: [propext, Quot.sound]
'Collatz.Research.RefinementAtlas.Batch112.odd_endpoint_8_172' depends on axioms: [propext, Quot.sound]
'Collatz.Research.RefinementAtlas.Batch112.even_cutoff_8_172' depends on axioms: [propext, Classical.choice, Quot.sound]
'Collatz.Research.RefinementAtlas.Batch112.odd_cleared_8_172' depends on axioms: [propext, Classical.choice, Quot.sound]
'Collatz.Research.RefinementAtlas.Batch112.data_8_173' does not depend on any axioms
'Collatz.Research.RefinementAtlas.Batch112.gap_8_173' does not depend on any axioms
'Collatz.Research.RefinementAtlas.Batch112.cutoff_8_173' does not depend on any axioms
'Collatz.Research.RefinementAtlas.Batch112.even_endpoint_8_173' depends on axioms: [propext, Quot.sound]
'Collatz.Research.RefinementAtlas.Batch112.odd_endpoint_8_173' depends on axioms: [propext, Quot.sound]
'Collatz.Research.RefinementAtlas.Batch112.even_cutoff_8_173' depends on axioms: [propext, Classical.choice, Quot.sound]
'Collatz.Research.RefinementAtlas.Batch112.odd_cleared_8_173' depends on axioms: [propext, Classical.choice, Quot.sound]
'Collatz.Research.RefinementAtlas.Batch113.data_8_174' does not depend on any axioms
'Collatz.Research.RefinementAtlas.Batch113.gap_8_174' does not depend on any axioms
'Collatz.Research.RefinementAtlas.Batch113.cutoff_8_174' does not depend on any axioms
'Collatz.Research.RefinementAtlas.Batch113.even_endpoint_8_174' depends on axioms: [propext, Quot.sound]
'Collatz.Research.RefinementAtlas.Batch113.odd_endpoint_8_174' depends on axioms: [propext, Quot.sound]
'Collatz.Research.RefinementAtlas.Batch113.even_cutoff_8_174' depends on axioms: [propext, Classical.choice, Quot.sound]
'Collatz.Research.RefinementAtlas.Batch113.odd_cleared_8_174' depends on axioms: [propext, Classical.choice, Quot.sound]
'Collatz.Research.RefinementAtlas.Batch113.data_8_175' does not depend on any axioms
'Collatz.Research.RefinementAtlas.Batch113.gap_8_175' does not depend on any axioms
'Collatz.Research.RefinementAtlas.Batch113.cutoff_8_175' does not depend on any axioms
'Collatz.Research.RefinementAtlas.Batch113.even_endpoint_8_175' depends on axioms: [propext, Quot.sound]
'Collatz.Research.RefinementAtlas.Batch113.odd_endpoint_8_175' depends on axioms: [propext, Quot.sound]
'Collatz.Research.RefinementAtlas.Batch113.even_cutoff_8_175' depends on axioms: [propext, Classical.choice, Quot.sound]
'Collatz.Research.RefinementAtlas.Batch113.odd_cleared_8_175' depends on axioms: [propext, Classical.choice, Quot.sound]
'Collatz.Research.RefinementAtlas.Batch113.data_8_176' does not depend on any axioms
'Collatz.Research.RefinementAtlas.Batch113.gap_8_176' does not depend on any axioms
'Collatz.Research.RefinementAtlas.Batch113.cutoff_8_176' does not depend on any axioms
'Collatz.Research.RefinementAtlas.Batch113.even_endpoint_8_176' depends on axioms: [propext, Quot.sound]
'Collatz.Research.RefinementAtlas.Batch113.odd_endpoint_8_176' depends on axioms: [propext, Quot.sound]
'Collatz.Research.RefinementAtlas.Batch113.even_cutoff_8_176' depends on axioms: [propext, Classical.choice, Quot.sound]
'Collatz.Research.RefinementAtlas.Batch113.odd_cleared_8_176' depends on axioms: [propext, Classical.choice, Quot.sound]
'Collatz.Research.RefinementAtlas.Batch114.data_8_177' does not depend on any axioms
'Collatz.Research.RefinementAtlas.Batch114.gap_8_177' does not depend on any axioms
'Collatz.Research.RefinementAtlas.Batch114.cutoff_8_177' does not depend on any axioms
'Collatz.Research.RefinementAtlas.Batch114.even_endpoint_8_177' depends on axioms: [propext, Quot.sound]
'Collatz.Research.RefinementAtlas.Batch114.odd_endpoint_8_177' depends on axioms: [propext, Quot.sound]
'Collatz.Research.RefinementAtlas.Batch114.even_cutoff_8_177' depends on axioms: [propext, Classical.choice, Quot.sound]
'Collatz.Research.RefinementAtlas.Batch114.odd_cleared_8_177' depends on axioms: [propext, Classical.choice, Quot.sound]
'Collatz.Research.RefinementAtlas.Batch114.data_8_178' does not depend on any axioms
'Collatz.Research.RefinementAtlas.Batch114.gap_8_178' does not depend on any axioms
'Collatz.Research.RefinementAtlas.Batch114.cutoff_8_178' does not depend on any axioms
'Collatz.Research.RefinementAtlas.Batch114.even_endpoint_8_178' depends on axioms: [propext, Quot.sound]
'Collatz.Research.RefinementAtlas.Batch114.odd_endpoint_8_178' depends on axioms: [propext, Quot.sound]
'Collatz.Research.RefinementAtlas.Batch114.even_cutoff_8_178' depends on axioms: [propext, Classical.choice, Quot.sound]
'Collatz.Research.RefinementAtlas.Batch114.odd_cleared_8_178' depends on axioms: [propext, Classical.choice, Quot.sound]
'Collatz.Research.RefinementAtlas.Batch114.data_8_179' does not depend on any axioms
'Collatz.Research.RefinementAtlas.Batch114.gap_8_179' does not depend on any axioms
'Collatz.Research.RefinementAtlas.Batch114.cutoff_8_179' does not depend on any axioms
'Collatz.Research.RefinementAtlas.Batch114.even_endpoint_8_179' depends on axioms: [propext, Quot.sound]
'Collatz.Research.RefinementAtlas.Batch114.odd_endpoint_8_179' depends on axioms: [propext, Quot.sound]
'Collatz.Research.RefinementAtlas.Batch114.even_cutoff_8_179' depends on axioms: [propext, Classical.choice, Quot.sound]
'Collatz.Research.RefinementAtlas.Batch114.odd_cleared_8_179' depends on axioms: [propext, Classical.choice, Quot.sound]
'Collatz.Research.RefinementAtlas.Batch115.data_8_180' does not depend on any axioms
'Collatz.Research.RefinementAtlas.Batch115.gap_8_180' does not depend on any axioms
'Collatz.Research.RefinementAtlas.Batch115.cutoff_8_180' does not depend on any axioms
'Collatz.Research.RefinementAtlas.Batch115.even_endpoint_8_180' depends on axioms: [propext, Quot.sound]
'Collatz.Research.RefinementAtlas.Batch115.odd_endpoint_8_180' depends on axioms: [propext, Quot.sound]
'Collatz.Research.RefinementAtlas.Batch115.even_cutoff_8_180' depends on axioms: [propext, Classical.choice, Quot.sound]
'Collatz.Research.RefinementAtlas.Batch115.odd_cleared_8_180' depends on axioms: [propext, Classical.choice, Quot.sound]
'Collatz.Research.RefinementAtlas.Batch115.data_8_181' does not depend on any axioms
'Collatz.Research.RefinementAtlas.Batch115.gap_8_181' does not depend on any axioms
'Collatz.Research.RefinementAtlas.Batch115.cutoff_8_181' does not depend on any axioms
'Collatz.Research.RefinementAtlas.Batch115.even_endpoint_8_181' depends on axioms: [propext, Quot.sound]
'Collatz.Research.RefinementAtlas.Batch115.odd_endpoint_8_181' depends on axioms: [propext, Quot.sound]
'Collatz.Research.RefinementAtlas.Batch115.even_cutoff_8_181' depends on axioms: [propext, Classical.choice, Quot.sound]
'Collatz.Research.RefinementAtlas.Batch115.odd_cleared_8_181' depends on axioms: [propext, Classical.choice, Quot.sound]
'Collatz.Research.RefinementAtlas.Batch115.data_8_182' does not depend on any axioms
'Collatz.Research.RefinementAtlas.Batch115.gap_8_182' does not depend on any axioms
'Collatz.Research.RefinementAtlas.Batch115.cutoff_8_182' does not depend on any axioms
'Collatz.Research.RefinementAtlas.Batch115.even_endpoint_8_182' depends on axioms: [propext, Quot.sound]
'Collatz.Research.RefinementAtlas.Batch115.odd_endpoint_8_182' depends on axioms: [propext, Quot.sound]
'Collatz.Research.RefinementAtlas.Batch115.even_cutoff_8_182' depends on axioms: [propext, Classical.choice, Quot.sound]
'Collatz.Research.RefinementAtlas.Batch115.odd_cleared_8_182' depends on axioms: [propext, Classical.choice, Quot.sound]
'Collatz.Research.RefinementAtlas.Batch116.data_8_183' does not depend on any axioms
'Collatz.Research.RefinementAtlas.Batch116.gap_8_183' does not depend on any axioms
'Collatz.Research.RefinementAtlas.Batch116.cutoff_8_183' does not depend on any axioms
'Collatz.Research.RefinementAtlas.Batch116.even_endpoint_8_183' depends on axioms: [propext, Quot.sound]
'Collatz.Research.RefinementAtlas.Batch116.odd_endpoint_8_183' depends on axioms: [propext, Quot.sound]
'Collatz.Research.RefinementAtlas.Batch116.even_cutoff_8_183' depends on axioms: [propext, Classical.choice, Quot.sound]
'Collatz.Research.RefinementAtlas.Batch116.odd_cleared_8_183' depends on axioms: [propext, Classical.choice, Quot.sound]
'Collatz.Research.RefinementAtlas.Batch116.data_8_184' does not depend on any axioms
'Collatz.Research.RefinementAtlas.Batch116.gap_8_184' does not depend on any axioms
'Collatz.Research.RefinementAtlas.Batch116.cutoff_8_184' does not depend on any axioms
'Collatz.Research.RefinementAtlas.Batch116.even_endpoint_8_184' depends on axioms: [propext, Quot.sound]
'Collatz.Research.RefinementAtlas.Batch116.odd_endpoint_8_184' depends on axioms: [propext, Quot.sound]
'Collatz.Research.RefinementAtlas.Batch116.even_cutoff_8_184' depends on axioms: [propext, Classical.choice, Quot.sound]
'Collatz.Research.RefinementAtlas.Batch116.odd_cleared_8_184' depends on axioms: [propext, Classical.choice, Quot.sound]
'Collatz.Research.RefinementAtlas.Batch116.data_8_185' does not depend on any axioms
'Collatz.Research.RefinementAtlas.Batch116.gap_8_185' does not depend on any axioms
'Collatz.Research.RefinementAtlas.Batch116.cutoff_8_185' does not depend on any axioms
'Collatz.Research.RefinementAtlas.Batch116.even_endpoint_8_185' depends on axioms: [propext, Quot.sound]
'Collatz.Research.RefinementAtlas.Batch116.odd_endpoint_8_185' depends on axioms: [propext, Quot.sound]
'Collatz.Research.RefinementAtlas.Batch116.even_cutoff_8_185' depends on axioms: [propext, Classical.choice, Quot.sound]
'Collatz.Research.RefinementAtlas.Batch116.odd_cleared_8_185' depends on axioms: [propext, Classical.choice, Quot.sound]
'Collatz.Research.RefinementAtlas.Batch117.data_8_186' does not depend on any axioms
'Collatz.Research.RefinementAtlas.Batch117.gap_8_186' does not depend on any axioms
'Collatz.Research.RefinementAtlas.Batch117.cutoff_8_186' does not depend on any axioms
'Collatz.Research.RefinementAtlas.Batch117.even_endpoint_8_186' depends on axioms: [propext, Quot.sound]
'Collatz.Research.RefinementAtlas.Batch117.odd_endpoint_8_186' depends on axioms: [propext, Quot.sound]
'Collatz.Research.RefinementAtlas.Batch117.even_cutoff_8_186' depends on axioms: [propext, Classical.choice, Quot.sound]
'Collatz.Research.RefinementAtlas.Batch117.odd_cleared_8_186' depends on axioms: [propext, Classical.choice, Quot.sound]
'Collatz.Research.RefinementAtlas.Batch117.data_8_187' does not depend on any axioms
'Collatz.Research.RefinementAtlas.Batch117.gap_8_187' does not depend on any axioms
'Collatz.Research.RefinementAtlas.Batch117.cutoff_8_187' does not depend on any axioms
'Collatz.Research.RefinementAtlas.Batch117.even_endpoint_8_187' depends on axioms: [propext, Quot.sound]
'Collatz.Research.RefinementAtlas.Batch117.odd_endpoint_8_187' depends on axioms: [propext, Quot.sound]
'Collatz.Research.RefinementAtlas.Batch117.even_cutoff_8_187' depends on axioms: [propext, Classical.choice, Quot.sound]
'Collatz.Research.RefinementAtlas.Batch117.odd_cleared_8_187' depends on axioms: [propext, Classical.choice, Quot.sound]
'Collatz.Research.RefinementAtlas.Batch117.data_8_188' does not depend on any axioms
'Collatz.Research.RefinementAtlas.Batch117.gap_8_188' does not depend on any axioms
'Collatz.Research.RefinementAtlas.Batch117.cutoff_8_188' does not depend on any axioms
'Collatz.Research.RefinementAtlas.Batch117.even_endpoint_8_188' depends on axioms: [propext, Quot.sound]
'Collatz.Research.RefinementAtlas.Batch117.odd_endpoint_8_188' depends on axioms: [propext, Quot.sound]
'Collatz.Research.RefinementAtlas.Batch117.even_cutoff_8_188' depends on axioms: [propext, Classical.choice, Quot.sound]
'Collatz.Research.RefinementAtlas.Batch117.odd_cleared_8_188' depends on axioms: [propext, Classical.choice, Quot.sound]
'Collatz.Research.RefinementAtlas.Batch118.data_8_189' does not depend on any axioms
'Collatz.Research.RefinementAtlas.Batch118.gap_8_189' does not depend on any axioms
'Collatz.Research.RefinementAtlas.Batch118.cutoff_8_189' does not depend on any axioms
'Collatz.Research.RefinementAtlas.Batch118.even_endpoint_8_189' depends on axioms: [propext, Quot.sound]
'Collatz.Research.RefinementAtlas.Batch118.odd_endpoint_8_189' depends on axioms: [propext, Quot.sound]
'Collatz.Research.RefinementAtlas.Batch118.even_cutoff_8_189' depends on axioms: [propext, Classical.choice, Quot.sound]
'Collatz.Research.RefinementAtlas.Batch118.odd_cleared_8_189' depends on axioms: [propext, Classical.choice, Quot.sound]
'Collatz.Research.RefinementAtlas.Batch118.data_8_190' does not depend on any axioms
'Collatz.Research.RefinementAtlas.Batch118.gap_8_190' does not depend on any axioms
'Collatz.Research.RefinementAtlas.Batch118.cutoff_8_190' does not depend on any axioms
'Collatz.Research.RefinementAtlas.Batch118.even_endpoint_8_190' depends on axioms: [propext, Quot.sound]
'Collatz.Research.RefinementAtlas.Batch118.odd_endpoint_8_190' depends on axioms: [propext, Quot.sound]
'Collatz.Research.RefinementAtlas.Batch118.even_cutoff_8_190' depends on axioms: [propext, Classical.choice, Quot.sound]
'Collatz.Research.RefinementAtlas.Batch118.odd_cleared_8_190' depends on axioms: [propext, Classical.choice, Quot.sound]
'Collatz.Research.RefinementAtlas.Batch118.data_8_192' does not depend on any axioms
'Collatz.Research.RefinementAtlas.Batch118.gap_8_192' does not depend on any axioms
'Collatz.Research.RefinementAtlas.Batch118.cutoff_8_192' does not depend on any axioms
'Collatz.Research.RefinementAtlas.Batch118.even_endpoint_8_192' depends on axioms: [propext, Quot.sound]
'Collatz.Research.RefinementAtlas.Batch118.odd_endpoint_8_192' depends on axioms: [propext, Quot.sound]
'Collatz.Research.RefinementAtlas.Batch118.even_cutoff_8_192' depends on axioms: [propext, Classical.choice, Quot.sound]
'Collatz.Research.RefinementAtlas.Batch118.odd_cleared_8_192' depends on axioms: [propext, Classical.choice, Quot.sound]
'Collatz.Research.RefinementAtlas.Batch119.data_8_193' does not depend on any axioms
'Collatz.Research.RefinementAtlas.Batch119.gap_8_193' does not depend on any axioms
'Collatz.Research.RefinementAtlas.Batch119.cutoff_8_193' does not depend on any axioms
'Collatz.Research.RefinementAtlas.Batch119.even_endpoint_8_193' depends on axioms: [propext, Quot.sound]
'Collatz.Research.RefinementAtlas.Batch119.odd_endpoint_8_193' depends on axioms: [propext, Quot.sound]
'Collatz.Research.RefinementAtlas.Batch119.even_cutoff_8_193' depends on axioms: [propext, Classical.choice, Quot.sound]
'Collatz.Research.RefinementAtlas.Batch119.odd_cleared_8_193' depends on axioms: [propext, Classical.choice, Quot.sound]
'Collatz.Research.RefinementAtlas.Batch119.data_8_194' does not depend on any axioms
'Collatz.Research.RefinementAtlas.Batch119.gap_8_194' does not depend on any axioms
'Collatz.Research.RefinementAtlas.Batch119.cutoff_8_194' does not depend on any axioms
'Collatz.Research.RefinementAtlas.Batch119.even_endpoint_8_194' depends on axioms: [propext, Quot.sound]
'Collatz.Research.RefinementAtlas.Batch119.odd_endpoint_8_194' depends on axioms: [propext, Quot.sound]
'Collatz.Research.RefinementAtlas.Batch119.even_cutoff_8_194' depends on axioms: [propext, Classical.choice, Quot.sound]
'Collatz.Research.RefinementAtlas.Batch119.odd_cleared_8_194' depends on axioms: [propext, Classical.choice, Quot.sound]
'Collatz.Research.RefinementAtlas.Batch119.data_8_195' does not depend on any axioms
'Collatz.Research.RefinementAtlas.Batch119.gap_8_195' does not depend on any axioms
'Collatz.Research.RefinementAtlas.Batch119.cutoff_8_195' does not depend on any axioms
'Collatz.Research.RefinementAtlas.Batch119.even_endpoint_8_195' depends on axioms: [propext, Quot.sound]
'Collatz.Research.RefinementAtlas.Batch119.odd_endpoint_8_195' depends on axioms: [propext, Quot.sound]
'Collatz.Research.RefinementAtlas.Batch119.even_cutoff_8_195' depends on axioms: [propext, Classical.choice, Quot.sound]
'Collatz.Research.RefinementAtlas.Batch119.odd_cleared_8_195' depends on axioms: [propext, Classical.choice, Quot.sound]
'Collatz.Research.RefinementAtlas.Batch120.data_8_196' does not depend on any axioms
'Collatz.Research.RefinementAtlas.Batch120.gap_8_196' does not depend on any axioms
'Collatz.Research.RefinementAtlas.Batch120.cutoff_8_196' does not depend on any axioms
'Collatz.Research.RefinementAtlas.Batch120.even_endpoint_8_196' depends on axioms: [propext, Quot.sound]
'Collatz.Research.RefinementAtlas.Batch120.odd_endpoint_8_196' depends on axioms: [propext, Quot.sound]
'Collatz.Research.RefinementAtlas.Batch120.even_cutoff_8_196' depends on axioms: [propext, Classical.choice, Quot.sound]
'Collatz.Research.RefinementAtlas.Batch120.odd_cleared_8_196' depends on axioms: [propext, Classical.choice, Quot.sound]
'Collatz.Research.RefinementAtlas.Batch120.data_8_197' does not depend on any axioms
'Collatz.Research.RefinementAtlas.Batch120.gap_8_197' does not depend on any axioms
'Collatz.Research.RefinementAtlas.Batch120.cutoff_8_197' does not depend on any axioms
'Collatz.Research.RefinementAtlas.Batch120.even_endpoint_8_197' depends on axioms: [propext, Quot.sound]
'Collatz.Research.RefinementAtlas.Batch120.odd_endpoint_8_197' depends on axioms: [propext, Quot.sound]
'Collatz.Research.RefinementAtlas.Batch120.even_cutoff_8_197' depends on axioms: [propext, Classical.choice, Quot.sound]
'Collatz.Research.RefinementAtlas.Batch120.odd_cleared_8_197' depends on axioms: [propext, Classical.choice, Quot.sound]
'Collatz.Research.RefinementAtlas.Batch120.data_8_198' does not depend on any axioms
'Collatz.Research.RefinementAtlas.Batch120.gap_8_198' does not depend on any axioms
'Collatz.Research.RefinementAtlas.Batch120.cutoff_8_198' does not depend on any axioms
'Collatz.Research.RefinementAtlas.Batch120.even_endpoint_8_198' depends on axioms: [propext, Quot.sound]
'Collatz.Research.RefinementAtlas.Batch120.odd_endpoint_8_198' depends on axioms: [propext, Quot.sound]
'Collatz.Research.RefinementAtlas.Batch120.even_cutoff_8_198' depends on axioms: [propext, Classical.choice, Quot.sound]
'Collatz.Research.RefinementAtlas.Batch120.odd_cleared_8_198' depends on axioms: [propext, Classical.choice, Quot.sound]
'Collatz.Research.RefinementAtlas.Batch121.data_8_199' does not depend on any axioms
'Collatz.Research.RefinementAtlas.Batch121.gap_8_199' does not depend on any axioms
'Collatz.Research.RefinementAtlas.Batch121.cutoff_8_199' does not depend on any axioms
'Collatz.Research.RefinementAtlas.Batch121.even_endpoint_8_199' depends on axioms: [propext, Quot.sound]
'Collatz.Research.RefinementAtlas.Batch121.odd_endpoint_8_199' depends on axioms: [propext, Quot.sound]
'Collatz.Research.RefinementAtlas.Batch121.even_cutoff_8_199' depends on axioms: [propext, Classical.choice, Quot.sound]
'Collatz.Research.RefinementAtlas.Batch121.odd_cleared_8_199' depends on axioms: [propext, Classical.choice, Quot.sound]
'Collatz.Research.RefinementAtlas.Batch121.data_8_200' does not depend on any axioms
'Collatz.Research.RefinementAtlas.Batch121.gap_8_200' does not depend on any axioms
'Collatz.Research.RefinementAtlas.Batch121.cutoff_8_200' does not depend on any axioms
'Collatz.Research.RefinementAtlas.Batch121.even_endpoint_8_200' depends on axioms: [propext, Quot.sound]
'Collatz.Research.RefinementAtlas.Batch121.odd_endpoint_8_200' depends on axioms: [propext, Quot.sound]
'Collatz.Research.RefinementAtlas.Batch121.even_cutoff_8_200' depends on axioms: [propext, Classical.choice, Quot.sound]
'Collatz.Research.RefinementAtlas.Batch121.odd_cleared_8_200' depends on axioms: [propext, Classical.choice, Quot.sound]
'Collatz.Research.RefinementAtlas.Batch121.data_8_201' does not depend on any axioms
'Collatz.Research.RefinementAtlas.Batch121.gap_8_201' does not depend on any axioms
'Collatz.Research.RefinementAtlas.Batch121.cutoff_8_201' does not depend on any axioms
'Collatz.Research.RefinementAtlas.Batch121.even_endpoint_8_201' depends on axioms: [propext, Quot.sound]
'Collatz.Research.RefinementAtlas.Batch121.odd_endpoint_8_201' depends on axioms: [propext, Quot.sound]
'Collatz.Research.RefinementAtlas.Batch121.even_cutoff_8_201' depends on axioms: [propext, Classical.choice, Quot.sound]
'Collatz.Research.RefinementAtlas.Batch121.odd_cleared_8_201' depends on axioms: [propext, Classical.choice, Quot.sound]
'Collatz.Research.RefinementAtlas.Batch122.data_8_202' does not depend on any axioms
'Collatz.Research.RefinementAtlas.Batch122.gap_8_202' does not depend on any axioms
'Collatz.Research.RefinementAtlas.Batch122.cutoff_8_202' does not depend on any axioms
'Collatz.Research.RefinementAtlas.Batch122.even_endpoint_8_202' depends on axioms: [propext, Quot.sound]
'Collatz.Research.RefinementAtlas.Batch122.odd_endpoint_8_202' depends on axioms: [propext, Quot.sound]
'Collatz.Research.RefinementAtlas.Batch122.even_cutoff_8_202' depends on axioms: [propext, Classical.choice, Quot.sound]
'Collatz.Research.RefinementAtlas.Batch122.odd_cleared_8_202' depends on axioms: [propext, Classical.choice, Quot.sound]
'Collatz.Research.RefinementAtlas.Batch122.data_8_203' does not depend on any axioms
'Collatz.Research.RefinementAtlas.Batch122.gap_8_203' does not depend on any axioms
'Collatz.Research.RefinementAtlas.Batch122.cutoff_8_203' does not depend on any axioms
'Collatz.Research.RefinementAtlas.Batch122.even_endpoint_8_203' depends on axioms: [propext, Quot.sound]
'Collatz.Research.RefinementAtlas.Batch122.odd_endpoint_8_203' depends on axioms: [propext, Quot.sound]
'Collatz.Research.RefinementAtlas.Batch122.even_cutoff_8_203' depends on axioms: [propext, Classical.choice, Quot.sound]
'Collatz.Research.RefinementAtlas.Batch122.odd_cleared_8_203' depends on axioms: [propext, Classical.choice, Quot.sound]
'Collatz.Research.RefinementAtlas.Batch122.data_8_204' does not depend on any axioms
'Collatz.Research.RefinementAtlas.Batch122.gap_8_204' does not depend on any axioms
'Collatz.Research.RefinementAtlas.Batch122.cutoff_8_204' does not depend on any axioms
'Collatz.Research.RefinementAtlas.Batch122.even_endpoint_8_204' depends on axioms: [propext, Quot.sound]
'Collatz.Research.RefinementAtlas.Batch122.odd_endpoint_8_204' depends on axioms: [propext, Quot.sound]
'Collatz.Research.RefinementAtlas.Batch122.even_cutoff_8_204' depends on axioms: [propext, Classical.choice, Quot.sound]
'Collatz.Research.RefinementAtlas.Batch122.odd_cleared_8_204' depends on axioms: [propext, Classical.choice, Quot.sound]
'Collatz.Research.RefinementAtlas.Batch123.data_8_205' does not depend on any axioms
'Collatz.Research.RefinementAtlas.Batch123.gap_8_205' does not depend on any axioms
'Collatz.Research.RefinementAtlas.Batch123.cutoff_8_205' does not depend on any axioms
'Collatz.Research.RefinementAtlas.Batch123.even_endpoint_8_205' depends on axioms: [propext, Quot.sound]
'Collatz.Research.RefinementAtlas.Batch123.odd_endpoint_8_205' depends on axioms: [propext, Quot.sound]
'Collatz.Research.RefinementAtlas.Batch123.even_cutoff_8_205' depends on axioms: [propext, Classical.choice, Quot.sound]
'Collatz.Research.RefinementAtlas.Batch123.odd_cleared_8_205' depends on axioms: [propext, Classical.choice, Quot.sound]
'Collatz.Research.RefinementAtlas.Batch123.data_8_208' does not depend on any axioms
'Collatz.Research.RefinementAtlas.Batch123.gap_8_208' does not depend on any axioms
'Collatz.Research.RefinementAtlas.Batch123.cutoff_8_208' does not depend on any axioms
'Collatz.Research.RefinementAtlas.Batch123.even_endpoint_8_208' depends on axioms: [propext, Quot.sound]
'Collatz.Research.RefinementAtlas.Batch123.odd_endpoint_8_208' depends on axioms: [propext, Quot.sound]
'Collatz.Research.RefinementAtlas.Batch123.even_cutoff_8_208' depends on axioms: [propext, Classical.choice, Quot.sound]
'Collatz.Research.RefinementAtlas.Batch123.odd_cleared_8_208' depends on axioms: [propext, Classical.choice, Quot.sound]
'Collatz.Research.RefinementAtlas.Batch123.data_8_209' does not depend on any axioms
'Collatz.Research.RefinementAtlas.Batch123.gap_8_209' does not depend on any axioms
'Collatz.Research.RefinementAtlas.Batch123.cutoff_8_209' does not depend on any axioms
'Collatz.Research.RefinementAtlas.Batch123.even_endpoint_8_209' depends on axioms: [propext, Quot.sound]
'Collatz.Research.RefinementAtlas.Batch123.odd_endpoint_8_209' depends on axioms: [propext, Quot.sound]
'Collatz.Research.RefinementAtlas.Batch123.even_cutoff_8_209' depends on axioms: [propext, Classical.choice, Quot.sound]
'Collatz.Research.RefinementAtlas.Batch123.odd_cleared_8_209' depends on axioms: [propext, Classical.choice, Quot.sound]
'Collatz.Research.RefinementAtlas.Batch124.data_8_210' does not depend on any axioms
'Collatz.Research.RefinementAtlas.Batch124.gap_8_210' does not depend on any axioms
'Collatz.Research.RefinementAtlas.Batch124.cutoff_8_210' does not depend on any axioms
'Collatz.Research.RefinementAtlas.Batch124.even_endpoint_8_210' depends on axioms: [propext, Quot.sound]
'Collatz.Research.RefinementAtlas.Batch124.odd_endpoint_8_210' depends on axioms: [propext, Quot.sound]
'Collatz.Research.RefinementAtlas.Batch124.even_cutoff_8_210' depends on axioms: [propext, Classical.choice, Quot.sound]
'Collatz.Research.RefinementAtlas.Batch124.odd_cleared_8_210' depends on axioms: [propext, Classical.choice, Quot.sound]
'Collatz.Research.RefinementAtlas.Batch124.data_8_211' does not depend on any axioms
'Collatz.Research.RefinementAtlas.Batch124.gap_8_211' does not depend on any axioms
'Collatz.Research.RefinementAtlas.Batch124.cutoff_8_211' does not depend on any axioms
'Collatz.Research.RefinementAtlas.Batch124.even_endpoint_8_211' depends on axioms: [propext, Quot.sound]
'Collatz.Research.RefinementAtlas.Batch124.odd_endpoint_8_211' depends on axioms: [propext, Quot.sound]
'Collatz.Research.RefinementAtlas.Batch124.even_cutoff_8_211' depends on axioms: [propext, Classical.choice, Quot.sound]
'Collatz.Research.RefinementAtlas.Batch124.odd_cleared_8_211' depends on axioms: [propext, Classical.choice, Quot.sound]
'Collatz.Research.RefinementAtlas.Batch124.data_8_212' does not depend on any axioms
'Collatz.Research.RefinementAtlas.Batch124.gap_8_212' does not depend on any axioms
'Collatz.Research.RefinementAtlas.Batch124.cutoff_8_212' does not depend on any axioms
'Collatz.Research.RefinementAtlas.Batch124.even_endpoint_8_212' depends on axioms: [propext, Quot.sound]
'Collatz.Research.RefinementAtlas.Batch124.odd_endpoint_8_212' depends on axioms: [propext, Quot.sound]
'Collatz.Research.RefinementAtlas.Batch124.even_cutoff_8_212' depends on axioms: [propext, Classical.choice, Quot.sound]
'Collatz.Research.RefinementAtlas.Batch124.odd_cleared_8_212' depends on axioms: [propext, Classical.choice, Quot.sound]
'Collatz.Research.RefinementAtlas.Batch125.data_8_213' does not depend on any axioms
'Collatz.Research.RefinementAtlas.Batch125.gap_8_213' does not depend on any axioms
'Collatz.Research.RefinementAtlas.Batch125.cutoff_8_213' does not depend on any axioms
'Collatz.Research.RefinementAtlas.Batch125.even_endpoint_8_213' depends on axioms: [propext, Quot.sound]
'Collatz.Research.RefinementAtlas.Batch125.odd_endpoint_8_213' depends on axioms: [propext, Quot.sound]
'Collatz.Research.RefinementAtlas.Batch125.even_cutoff_8_213' depends on axioms: [propext, Classical.choice, Quot.sound]
'Collatz.Research.RefinementAtlas.Batch125.odd_cleared_8_213' depends on axioms: [propext, Classical.choice, Quot.sound]
'Collatz.Research.RefinementAtlas.Batch125.data_8_214' does not depend on any axioms
'Collatz.Research.RefinementAtlas.Batch125.gap_8_214' does not depend on any axioms
'Collatz.Research.RefinementAtlas.Batch125.cutoff_8_214' does not depend on any axioms
'Collatz.Research.RefinementAtlas.Batch125.even_endpoint_8_214' depends on axioms: [propext, Quot.sound]
'Collatz.Research.RefinementAtlas.Batch125.odd_endpoint_8_214' depends on axioms: [propext, Quot.sound]
'Collatz.Research.RefinementAtlas.Batch125.even_cutoff_8_214' depends on axioms: [propext, Classical.choice, Quot.sound]
'Collatz.Research.RefinementAtlas.Batch125.odd_cleared_8_214' depends on axioms: [propext, Classical.choice, Quot.sound]
'Collatz.Research.RefinementAtlas.Batch125.data_8_215' does not depend on any axioms
'Collatz.Research.RefinementAtlas.Batch125.gap_8_215' does not depend on any axioms
'Collatz.Research.RefinementAtlas.Batch125.cutoff_8_215' does not depend on any axioms
'Collatz.Research.RefinementAtlas.Batch125.even_endpoint_8_215' depends on axioms: [propext, Quot.sound]
'Collatz.Research.RefinementAtlas.Batch125.odd_endpoint_8_215' depends on axioms: [propext, Quot.sound]
'Collatz.Research.RefinementAtlas.Batch125.even_cutoff_8_215' depends on axioms: [propext, Classical.choice, Quot.sound]
'Collatz.Research.RefinementAtlas.Batch125.odd_cleared_8_215' depends on axioms: [propext, Classical.choice, Quot.sound]
'Collatz.Research.RefinementAtlas.Batch126.data_8_216' does not depend on any axioms
'Collatz.Research.RefinementAtlas.Batch126.gap_8_216' does not depend on any axioms
'Collatz.Research.RefinementAtlas.Batch126.cutoff_8_216' does not depend on any axioms
'Collatz.Research.RefinementAtlas.Batch126.even_endpoint_8_216' depends on axioms: [propext, Quot.sound]
'Collatz.Research.RefinementAtlas.Batch126.odd_endpoint_8_216' depends on axioms: [propext, Quot.sound]
'Collatz.Research.RefinementAtlas.Batch126.even_cutoff_8_216' depends on axioms: [propext, Classical.choice, Quot.sound]
'Collatz.Research.RefinementAtlas.Batch126.odd_cleared_8_216' depends on axioms: [propext, Classical.choice, Quot.sound]
'Collatz.Research.RefinementAtlas.Batch126.data_8_217' does not depend on any axioms
'Collatz.Research.RefinementAtlas.Batch126.gap_8_217' does not depend on any axioms
'Collatz.Research.RefinementAtlas.Batch126.cutoff_8_217' does not depend on any axioms
'Collatz.Research.RefinementAtlas.Batch126.even_endpoint_8_217' depends on axioms: [propext, Quot.sound]
'Collatz.Research.RefinementAtlas.Batch126.odd_endpoint_8_217' depends on axioms: [propext, Quot.sound]
'Collatz.Research.RefinementAtlas.Batch126.even_cutoff_8_217' depends on axioms: [propext, Classical.choice, Quot.sound]
'Collatz.Research.RefinementAtlas.Batch126.odd_cleared_8_217' depends on axioms: [propext, Classical.choice, Quot.sound]
'Collatz.Research.RefinementAtlas.Batch126.data_8_218' does not depend on any axioms
'Collatz.Research.RefinementAtlas.Batch126.gap_8_218' does not depend on any axioms
'Collatz.Research.RefinementAtlas.Batch126.cutoff_8_218' does not depend on any axioms
'Collatz.Research.RefinementAtlas.Batch126.even_endpoint_8_218' depends on axioms: [propext, Quot.sound]
'Collatz.Research.RefinementAtlas.Batch126.odd_endpoint_8_218' depends on axioms: [propext, Quot.sound]
'Collatz.Research.RefinementAtlas.Batch126.even_cutoff_8_218' depends on axioms: [propext, Classical.choice, Quot.sound]
'Collatz.Research.RefinementAtlas.Batch126.odd_cleared_8_218' depends on axioms: [propext, Classical.choice, Quot.sound]
'Collatz.Research.RefinementAtlas.Batch127.data_8_219' does not depend on any axioms
'Collatz.Research.RefinementAtlas.Batch127.gap_8_219' does not depend on any axioms
'Collatz.Research.RefinementAtlas.Batch127.cutoff_8_219' does not depend on any axioms
'Collatz.Research.RefinementAtlas.Batch127.even_endpoint_8_219' depends on axioms: [propext, Quot.sound]
'Collatz.Research.RefinementAtlas.Batch127.odd_endpoint_8_219' depends on axioms: [propext, Quot.sound]
'Collatz.Research.RefinementAtlas.Batch127.even_cutoff_8_219' depends on axioms: [propext, Classical.choice, Quot.sound]
'Collatz.Research.RefinementAtlas.Batch127.odd_cleared_8_219' depends on axioms: [propext, Classical.choice, Quot.sound]
'Collatz.Research.RefinementAtlas.Batch127.data_8_220' does not depend on any axioms
'Collatz.Research.RefinementAtlas.Batch127.gap_8_220' does not depend on any axioms
'Collatz.Research.RefinementAtlas.Batch127.cutoff_8_220' does not depend on any axioms
'Collatz.Research.RefinementAtlas.Batch127.even_endpoint_8_220' depends on axioms: [propext, Quot.sound]
'Collatz.Research.RefinementAtlas.Batch127.odd_endpoint_8_220' depends on axioms: [propext, Quot.sound]
'Collatz.Research.RefinementAtlas.Batch127.even_cutoff_8_220' depends on axioms: [propext, Classical.choice, Quot.sound]
'Collatz.Research.RefinementAtlas.Batch127.odd_cleared_8_220' depends on axioms: [propext, Classical.choice, Quot.sound]
'Collatz.Research.RefinementAtlas.Batch127.data_8_221' does not depend on any axioms
'Collatz.Research.RefinementAtlas.Batch127.gap_8_221' does not depend on any axioms
'Collatz.Research.RefinementAtlas.Batch127.cutoff_8_221' does not depend on any axioms
'Collatz.Research.RefinementAtlas.Batch127.even_endpoint_8_221' depends on axioms: [propext, Quot.sound]
'Collatz.Research.RefinementAtlas.Batch127.odd_endpoint_8_221' depends on axioms: [propext, Quot.sound]
'Collatz.Research.RefinementAtlas.Batch127.even_cutoff_8_221' depends on axioms: [propext, Classical.choice, Quot.sound]
'Collatz.Research.RefinementAtlas.Batch127.odd_cleared_8_221' depends on axioms: [propext, Classical.choice, Quot.sound]
'Collatz.Research.RefinementAtlas.Batch128.data_8_224' does not depend on any axioms
'Collatz.Research.RefinementAtlas.Batch128.gap_8_224' does not depend on any axioms
'Collatz.Research.RefinementAtlas.Batch128.cutoff_8_224' does not depend on any axioms
'Collatz.Research.RefinementAtlas.Batch128.even_endpoint_8_224' depends on axioms: [propext, Quot.sound]
'Collatz.Research.RefinementAtlas.Batch128.odd_endpoint_8_224' depends on axioms: [propext, Quot.sound]
'Collatz.Research.RefinementAtlas.Batch128.even_cutoff_8_224' depends on axioms: [propext, Classical.choice, Quot.sound]
'Collatz.Research.RefinementAtlas.Batch128.odd_cleared_8_224' depends on axioms: [propext, Classical.choice, Quot.sound]
'Collatz.Research.RefinementAtlas.Batch128.data_8_226' does not depend on any axioms
'Collatz.Research.RefinementAtlas.Batch128.gap_8_226' does not depend on any axioms
'Collatz.Research.RefinementAtlas.Batch128.cutoff_8_226' does not depend on any axioms
'Collatz.Research.RefinementAtlas.Batch128.even_endpoint_8_226' depends on axioms: [propext, Quot.sound]
'Collatz.Research.RefinementAtlas.Batch128.odd_endpoint_8_226' depends on axioms: [propext, Quot.sound]
'Collatz.Research.RefinementAtlas.Batch128.even_cutoff_8_226' depends on axioms: [propext, Classical.choice, Quot.sound]
'Collatz.Research.RefinementAtlas.Batch128.odd_cleared_8_226' depends on axioms: [propext, Classical.choice, Quot.sound]
'Collatz.Research.RefinementAtlas.Batch128.data_8_227' does not depend on any axioms
'Collatz.Research.RefinementAtlas.Batch128.gap_8_227' does not depend on any axioms
'Collatz.Research.RefinementAtlas.Batch128.cutoff_8_227' does not depend on any axioms
'Collatz.Research.RefinementAtlas.Batch128.even_endpoint_8_227' depends on axioms: [propext, Quot.sound]
'Collatz.Research.RefinementAtlas.Batch128.odd_endpoint_8_227' depends on axioms: [propext, Quot.sound]
'Collatz.Research.RefinementAtlas.Batch128.even_cutoff_8_227' depends on axioms: [propext, Classical.choice, Quot.sound]
'Collatz.Research.RefinementAtlas.Batch128.odd_cleared_8_227' depends on axioms: [propext, Classical.choice, Quot.sound]
'Collatz.Research.RefinementAtlas.Batch129.data_8_228' does not depend on any axioms
'Collatz.Research.RefinementAtlas.Batch129.gap_8_228' does not depend on any axioms
'Collatz.Research.RefinementAtlas.Batch129.cutoff_8_228' does not depend on any axioms
'Collatz.Research.RefinementAtlas.Batch129.even_endpoint_8_228' depends on axioms: [propext, Quot.sound]
'Collatz.Research.RefinementAtlas.Batch129.odd_endpoint_8_228' depends on axioms: [propext, Quot.sound]
'Collatz.Research.RefinementAtlas.Batch129.even_cutoff_8_228' depends on axioms: [propext, Classical.choice, Quot.sound]
'Collatz.Research.RefinementAtlas.Batch129.odd_cleared_8_228' depends on axioms: [propext, Classical.choice, Quot.sound]
'Collatz.Research.RefinementAtlas.Batch129.data_8_229' does not depend on any axioms
'Collatz.Research.RefinementAtlas.Batch129.gap_8_229' does not depend on any axioms
'Collatz.Research.RefinementAtlas.Batch129.cutoff_8_229' does not depend on any axioms
'Collatz.Research.RefinementAtlas.Batch129.even_endpoint_8_229' depends on axioms: [propext, Quot.sound]
'Collatz.Research.RefinementAtlas.Batch129.odd_endpoint_8_229' depends on axioms: [propext, Quot.sound]
'Collatz.Research.RefinementAtlas.Batch129.even_cutoff_8_229' depends on axioms: [propext, Classical.choice, Quot.sound]
'Collatz.Research.RefinementAtlas.Batch129.odd_cleared_8_229' depends on axioms: [propext, Classical.choice, Quot.sound]
'Collatz.Research.RefinementAtlas.Batch129.data_8_230' does not depend on any axioms
'Collatz.Research.RefinementAtlas.Batch129.gap_8_230' does not depend on any axioms
'Collatz.Research.RefinementAtlas.Batch129.cutoff_8_230' does not depend on any axioms
'Collatz.Research.RefinementAtlas.Batch129.even_endpoint_8_230' depends on axioms: [propext, Quot.sound]
'Collatz.Research.RefinementAtlas.Batch129.odd_endpoint_8_230' depends on axioms: [propext, Quot.sound]
'Collatz.Research.RefinementAtlas.Batch129.even_cutoff_8_230' depends on axioms: [propext, Classical.choice, Quot.sound]
'Collatz.Research.RefinementAtlas.Batch129.odd_cleared_8_230' depends on axioms: [propext, Classical.choice, Quot.sound]
'Collatz.Research.RefinementAtlas.Batch130.data_8_232' does not depend on any axioms
'Collatz.Research.RefinementAtlas.Batch130.gap_8_232' does not depend on any axioms
'Collatz.Research.RefinementAtlas.Batch130.cutoff_8_232' does not depend on any axioms
'Collatz.Research.RefinementAtlas.Batch130.even_endpoint_8_232' depends on axioms: [propext, Quot.sound]
'Collatz.Research.RefinementAtlas.Batch130.odd_endpoint_8_232' depends on axioms: [propext, Quot.sound]
'Collatz.Research.RefinementAtlas.Batch130.even_cutoff_8_232' depends on axioms: [propext, Classical.choice, Quot.sound]
'Collatz.Research.RefinementAtlas.Batch130.odd_cleared_8_232' depends on axioms: [propext, Classical.choice, Quot.sound]
'Collatz.Research.RefinementAtlas.Batch130.data_8_234' does not depend on any axioms
'Collatz.Research.RefinementAtlas.Batch130.gap_8_234' does not depend on any axioms
'Collatz.Research.RefinementAtlas.Batch130.cutoff_8_234' does not depend on any axioms
'Collatz.Research.RefinementAtlas.Batch130.even_endpoint_8_234' depends on axioms: [propext, Quot.sound]
'Collatz.Research.RefinementAtlas.Batch130.odd_endpoint_8_234' depends on axioms: [propext, Quot.sound]
'Collatz.Research.RefinementAtlas.Batch130.even_cutoff_8_234' depends on axioms: [propext, Classical.choice, Quot.sound]
'Collatz.Research.RefinementAtlas.Batch130.odd_cleared_8_234' depends on axioms: [propext, Classical.choice, Quot.sound]
'Collatz.Research.RefinementAtlas.Batch130.data_8_236' does not depend on any axioms
'Collatz.Research.RefinementAtlas.Batch130.gap_8_236' does not depend on any axioms
'Collatz.Research.RefinementAtlas.Batch130.cutoff_8_236' does not depend on any axioms
'Collatz.Research.RefinementAtlas.Batch130.even_endpoint_8_236' depends on axioms: [propext, Quot.sound]
'Collatz.Research.RefinementAtlas.Batch130.odd_endpoint_8_236' depends on axioms: [propext, Quot.sound]
'Collatz.Research.RefinementAtlas.Batch130.even_cutoff_8_236' depends on axioms: [propext, Classical.choice, Quot.sound]
'Collatz.Research.RefinementAtlas.Batch130.odd_cleared_8_236' depends on axioms: [propext, Classical.choice, Quot.sound]
'Collatz.Research.RefinementAtlas.Batch131.data_8_237' does not depend on any axioms
'Collatz.Research.RefinementAtlas.Batch131.gap_8_237' does not depend on any axioms
'Collatz.Research.RefinementAtlas.Batch131.cutoff_8_237' does not depend on any axioms
'Collatz.Research.RefinementAtlas.Batch131.even_endpoint_8_237' depends on axioms: [propext, Quot.sound]
'Collatz.Research.RefinementAtlas.Batch131.odd_endpoint_8_237' depends on axioms: [propext, Quot.sound]
'Collatz.Research.RefinementAtlas.Batch131.even_cutoff_8_237' depends on axioms: [propext, Classical.choice, Quot.sound]
'Collatz.Research.RefinementAtlas.Batch131.odd_cleared_8_237' depends on axioms: [propext, Classical.choice, Quot.sound]
'Collatz.Research.RefinementAtlas.Batch131.data_8_238' does not depend on any axioms
'Collatz.Research.RefinementAtlas.Batch131.gap_8_238' does not depend on any axioms
'Collatz.Research.RefinementAtlas.Batch131.cutoff_8_238' does not depend on any axioms
'Collatz.Research.RefinementAtlas.Batch131.even_endpoint_8_238' depends on axioms: [propext, Quot.sound]
'Collatz.Research.RefinementAtlas.Batch131.odd_endpoint_8_238' depends on axioms: [propext, Quot.sound]
'Collatz.Research.RefinementAtlas.Batch131.even_cutoff_8_238' depends on axioms: [propext, Classical.choice, Quot.sound]
'Collatz.Research.RefinementAtlas.Batch131.odd_cleared_8_238' depends on axioms: [propext, Classical.choice, Quot.sound]
'Collatz.Research.RefinementAtlas.Batch131.data_8_240' does not depend on any axioms
'Collatz.Research.RefinementAtlas.Batch131.gap_8_240' does not depend on any axioms
'Collatz.Research.RefinementAtlas.Batch131.cutoff_8_240' does not depend on any axioms
'Collatz.Research.RefinementAtlas.Batch131.even_endpoint_8_240' depends on axioms: [propext, Quot.sound]
'Collatz.Research.RefinementAtlas.Batch131.odd_endpoint_8_240' depends on axioms: [propext, Quot.sound]
'Collatz.Research.RefinementAtlas.Batch131.even_cutoff_8_240' depends on axioms: [propext, Classical.choice, Quot.sound]
'Collatz.Research.RefinementAtlas.Batch131.odd_cleared_8_240' depends on axioms: [propext, Classical.choice, Quot.sound]
'Collatz.Research.RefinementAtlas.Batch132.data_8_241' does not depend on any axioms
'Collatz.Research.RefinementAtlas.Batch132.gap_8_241' does not depend on any axioms
'Collatz.Research.RefinementAtlas.Batch132.cutoff_8_241' does not depend on any axioms
'Collatz.Research.RefinementAtlas.Batch132.even_endpoint_8_241' depends on axioms: [propext, Quot.sound]
'Collatz.Research.RefinementAtlas.Batch132.odd_endpoint_8_241' depends on axioms: [propext, Quot.sound]
'Collatz.Research.RefinementAtlas.Batch132.even_cutoff_8_241' depends on axioms: [propext, Classical.choice, Quot.sound]
'Collatz.Research.RefinementAtlas.Batch132.odd_cleared_8_241' depends on axioms: [propext, Classical.choice, Quot.sound]
'Collatz.Research.RefinementAtlas.Batch132.data_8_242' does not depend on any axioms
'Collatz.Research.RefinementAtlas.Batch132.gap_8_242' does not depend on any axioms
'Collatz.Research.RefinementAtlas.Batch132.cutoff_8_242' does not depend on any axioms
'Collatz.Research.RefinementAtlas.Batch132.even_endpoint_8_242' depends on axioms: [propext, Quot.sound]
'Collatz.Research.RefinementAtlas.Batch132.odd_endpoint_8_242' depends on axioms: [propext, Quot.sound]
'Collatz.Research.RefinementAtlas.Batch132.even_cutoff_8_242' depends on axioms: [propext, Classical.choice, Quot.sound]
'Collatz.Research.RefinementAtlas.Batch132.odd_cleared_8_242' depends on axioms: [propext, Classical.choice, Quot.sound]
'Collatz.Research.RefinementAtlas.Batch132.data_8_243' does not depend on any axioms
'Collatz.Research.RefinementAtlas.Batch132.gap_8_243' does not depend on any axioms
'Collatz.Research.RefinementAtlas.Batch132.cutoff_8_243' does not depend on any axioms
'Collatz.Research.RefinementAtlas.Batch132.even_endpoint_8_243' depends on axioms: [propext, Quot.sound]
'Collatz.Research.RefinementAtlas.Batch132.odd_endpoint_8_243' depends on axioms: [propext, Quot.sound]
'Collatz.Research.RefinementAtlas.Batch132.even_cutoff_8_243' depends on axioms: [propext, Classical.choice, Quot.sound]
'Collatz.Research.RefinementAtlas.Batch132.odd_cleared_8_243' depends on axioms: [propext, Classical.choice, Quot.sound]
'Collatz.Research.RefinementAtlas.Batch133.data_8_244' does not depend on any axioms
'Collatz.Research.RefinementAtlas.Batch133.gap_8_244' does not depend on any axioms
'Collatz.Research.RefinementAtlas.Batch133.cutoff_8_244' does not depend on any axioms
'Collatz.Research.RefinementAtlas.Batch133.even_endpoint_8_244' depends on axioms: [propext, Quot.sound]
'Collatz.Research.RefinementAtlas.Batch133.odd_endpoint_8_244' depends on axioms: [propext, Quot.sound]
'Collatz.Research.RefinementAtlas.Batch133.even_cutoff_8_244' depends on axioms: [propext, Classical.choice, Quot.sound]
'Collatz.Research.RefinementAtlas.Batch133.odd_cleared_8_244' depends on axioms: [propext, Classical.choice, Quot.sound]
'Collatz.Research.RefinementAtlas.Batch133.data_8_245' does not depend on any axioms
'Collatz.Research.RefinementAtlas.Batch133.gap_8_245' does not depend on any axioms
'Collatz.Research.RefinementAtlas.Batch133.cutoff_8_245' does not depend on any axioms
'Collatz.Research.RefinementAtlas.Batch133.even_endpoint_8_245' depends on axioms: [propext, Quot.sound]
'Collatz.Research.RefinementAtlas.Batch133.odd_endpoint_8_245' depends on axioms: [propext, Quot.sound]
'Collatz.Research.RefinementAtlas.Batch133.even_cutoff_8_245' depends on axioms: [propext, Classical.choice, Quot.sound]
'Collatz.Research.RefinementAtlas.Batch133.odd_cleared_8_245' depends on axioms: [propext, Classical.choice, Quot.sound]
'Collatz.Research.RefinementAtlas.Batch133.data_8_246' does not depend on any axioms
'Collatz.Research.RefinementAtlas.Batch133.gap_8_246' does not depend on any axioms
'Collatz.Research.RefinementAtlas.Batch133.cutoff_8_246' does not depend on any axioms
'Collatz.Research.RefinementAtlas.Batch133.even_endpoint_8_246' depends on axioms: [propext, Quot.sound]
'Collatz.Research.RefinementAtlas.Batch133.odd_endpoint_8_246' depends on axioms: [propext, Quot.sound]
'Collatz.Research.RefinementAtlas.Batch133.even_cutoff_8_246' depends on axioms: [propext, Classical.choice, Quot.sound]
'Collatz.Research.RefinementAtlas.Batch133.odd_cleared_8_246' depends on axioms: [propext, Classical.choice, Quot.sound]
'Collatz.Research.RefinementAtlas.Batch134.data_8_247' does not depend on any axioms
'Collatz.Research.RefinementAtlas.Batch134.gap_8_247' does not depend on any axioms
'Collatz.Research.RefinementAtlas.Batch134.cutoff_8_247' does not depend on any axioms
'Collatz.Research.RefinementAtlas.Batch134.even_endpoint_8_247' depends on axioms: [propext, Quot.sound]
'Collatz.Research.RefinementAtlas.Batch134.odd_endpoint_8_247' depends on axioms: [propext, Quot.sound]
'Collatz.Research.RefinementAtlas.Batch134.even_cutoff_8_247' depends on axioms: [propext, Classical.choice, Quot.sound]
'Collatz.Research.RefinementAtlas.Batch134.odd_cleared_8_247' depends on axioms: [propext, Classical.choice, Quot.sound]
'Collatz.Research.RefinementAtlas.Batch134.data_8_248' does not depend on any axioms
'Collatz.Research.RefinementAtlas.Batch134.gap_8_248' does not depend on any axioms
'Collatz.Research.RefinementAtlas.Batch134.cutoff_8_248' does not depend on any axioms
'Collatz.Research.RefinementAtlas.Batch134.even_endpoint_8_248' depends on axioms: [propext, Quot.sound]
'Collatz.Research.RefinementAtlas.Batch134.odd_endpoint_8_248' depends on axioms: [propext, Quot.sound]
'Collatz.Research.RefinementAtlas.Batch134.even_cutoff_8_248' depends on axioms: [propext, Classical.choice, Quot.sound]
'Collatz.Research.RefinementAtlas.Batch134.odd_cleared_8_248' depends on axioms: [propext, Classical.choice, Quot.sound]
'Collatz.Research.RefinementAtlas.Batch134.data_8_249' does not depend on any axioms
'Collatz.Research.RefinementAtlas.Batch134.gap_8_249' does not depend on any axioms
'Collatz.Research.RefinementAtlas.Batch134.cutoff_8_249' does not depend on any axioms
'Collatz.Research.RefinementAtlas.Batch134.even_endpoint_8_249' depends on axioms: [propext, Quot.sound]
'Collatz.Research.RefinementAtlas.Batch134.odd_endpoint_8_249' depends on axioms: [propext, Quot.sound]
'Collatz.Research.RefinementAtlas.Batch134.even_cutoff_8_249' depends on axioms: [propext, Classical.choice, Quot.sound]
'Collatz.Research.RefinementAtlas.Batch134.odd_cleared_8_249' depends on axioms: [propext, Classical.choice, Quot.sound]
'Collatz.Research.RefinementAtlas.Batch135.data_8_250' does not depend on any axioms
'Collatz.Research.RefinementAtlas.Batch135.gap_8_250' does not depend on any axioms
'Collatz.Research.RefinementAtlas.Batch135.cutoff_8_250' does not depend on any axioms
'Collatz.Research.RefinementAtlas.Batch135.even_endpoint_8_250' depends on axioms: [propext, Quot.sound]
'Collatz.Research.RefinementAtlas.Batch135.odd_endpoint_8_250' depends on axioms: [propext, Quot.sound]
'Collatz.Research.RefinementAtlas.Batch135.even_cutoff_8_250' depends on axioms: [propext, Classical.choice, Quot.sound]
'Collatz.Research.RefinementAtlas.Batch135.odd_cleared_8_250' depends on axioms: [propext, Classical.choice, Quot.sound]
'Collatz.Research.RefinementAtlas.Batch135.data_9_2' does not depend on any axioms
'Collatz.Research.RefinementAtlas.Batch135.gap_9_2' does not depend on any axioms
'Collatz.Research.RefinementAtlas.Batch135.cutoff_9_2' does not depend on any axioms
'Collatz.Research.RefinementAtlas.Batch135.even_endpoint_9_2' depends on axioms: [propext, Quot.sound]
'Collatz.Research.RefinementAtlas.Batch135.odd_endpoint_9_2' depends on axioms: [propext, Quot.sound]
'Collatz.Research.RefinementAtlas.Batch135.even_cutoff_9_2' depends on axioms: [propext, Classical.choice, Quot.sound]
'Collatz.Research.RefinementAtlas.Batch135.odd_cleared_9_2' depends on axioms: [propext, Classical.choice, Quot.sound]
'Collatz.Research.RefinementAtlas.Batch135.data_9_3' does not depend on any axioms
'Collatz.Research.RefinementAtlas.Batch135.gap_9_3' does not depend on any axioms
'Collatz.Research.RefinementAtlas.Batch135.cutoff_9_3' does not depend on any axioms
'Collatz.Research.RefinementAtlas.Batch135.even_endpoint_9_3' depends on axioms: [propext, Quot.sound]
'Collatz.Research.RefinementAtlas.Batch135.odd_endpoint_9_3' depends on axioms: [propext, Quot.sound]
'Collatz.Research.RefinementAtlas.Batch135.even_cutoff_9_3' depends on axioms: [propext, Classical.choice, Quot.sound]
'Collatz.Research.RefinementAtlas.Batch135.odd_cleared_9_3' depends on axioms: [propext, Classical.choice, Quot.sound]
'Collatz.Research.RefinementAtlas.Batch136.data_9_4' does not depend on any axioms
'Collatz.Research.RefinementAtlas.Batch136.gap_9_4' does not depend on any axioms
'Collatz.Research.RefinementAtlas.Batch136.cutoff_9_4' does not depend on any axioms
'Collatz.Research.RefinementAtlas.Batch136.even_endpoint_9_4' depends on axioms: [propext, Quot.sound]
'Collatz.Research.RefinementAtlas.Batch136.odd_endpoint_9_4' depends on axioms: [propext, Quot.sound]
'Collatz.Research.RefinementAtlas.Batch136.even_cutoff_9_4' depends on axioms: [propext, Classical.choice, Quot.sound]
'Collatz.Research.RefinementAtlas.Batch136.odd_cleared_9_4' depends on axioms: [propext, Classical.choice, Quot.sound]
'Collatz.Research.RefinementAtlas.Batch136.data_9_5' does not depend on any axioms
'Collatz.Research.RefinementAtlas.Batch136.gap_9_5' does not depend on any axioms
'Collatz.Research.RefinementAtlas.Batch136.cutoff_9_5' does not depend on any axioms
'Collatz.Research.RefinementAtlas.Batch136.even_endpoint_9_5' depends on axioms: [propext, Quot.sound]
'Collatz.Research.RefinementAtlas.Batch136.odd_endpoint_9_5' depends on axioms: [propext, Quot.sound]
'Collatz.Research.RefinementAtlas.Batch136.even_cutoff_9_5' depends on axioms: [propext, Classical.choice, Quot.sound]
'Collatz.Research.RefinementAtlas.Batch136.odd_cleared_9_5' depends on axioms: [propext, Classical.choice, Quot.sound]
'Collatz.Research.RefinementAtlas.Batch136.data_9_6' does not depend on any axioms
'Collatz.Research.RefinementAtlas.Batch136.gap_9_6' does not depend on any axioms
'Collatz.Research.RefinementAtlas.Batch136.cutoff_9_6' does not depend on any axioms
'Collatz.Research.RefinementAtlas.Batch136.even_endpoint_9_6' depends on axioms: [propext, Quot.sound]
'Collatz.Research.RefinementAtlas.Batch136.odd_endpoint_9_6' depends on axioms: [propext, Quot.sound]
'Collatz.Research.RefinementAtlas.Batch136.even_cutoff_9_6' depends on axioms: [propext, Classical.choice, Quot.sound]
'Collatz.Research.RefinementAtlas.Batch136.odd_cleared_9_6' depends on axioms: [propext, Classical.choice, Quot.sound]
'Collatz.Research.RefinementAtlas.Batch137.data_9_7' does not depend on any axioms
'Collatz.Research.RefinementAtlas.Batch137.gap_9_7' does not depend on any axioms
'Collatz.Research.RefinementAtlas.Batch137.cutoff_9_7' does not depend on any axioms
'Collatz.Research.RefinementAtlas.Batch137.even_endpoint_9_7' depends on axioms: [propext, Quot.sound]
'Collatz.Research.RefinementAtlas.Batch137.odd_endpoint_9_7' depends on axioms: [propext, Quot.sound]
'Collatz.Research.RefinementAtlas.Batch137.even_cutoff_9_7' depends on axioms: [propext, Classical.choice, Quot.sound]
'Collatz.Research.RefinementAtlas.Batch137.odd_cleared_9_7' depends on axioms: [propext, Classical.choice, Quot.sound]
'Collatz.Research.RefinementAtlas.Batch137.data_9_8' does not depend on any axioms
'Collatz.Research.RefinementAtlas.Batch137.gap_9_8' does not depend on any axioms
'Collatz.Research.RefinementAtlas.Batch137.cutoff_9_8' does not depend on any axioms
'Collatz.Research.RefinementAtlas.Batch137.even_endpoint_9_8' depends on axioms: [propext, Quot.sound]
'Collatz.Research.RefinementAtlas.Batch137.odd_endpoint_9_8' depends on axioms: [propext, Quot.sound]
'Collatz.Research.RefinementAtlas.Batch137.even_cutoff_9_8' depends on axioms: [propext, Classical.choice, Quot.sound]
'Collatz.Research.RefinementAtlas.Batch137.odd_cleared_9_8' depends on axioms: [propext, Classical.choice, Quot.sound]
'Collatz.Research.RefinementAtlas.Batch137.data_9_9' does not depend on any axioms
'Collatz.Research.RefinementAtlas.Batch137.gap_9_9' does not depend on any axioms
'Collatz.Research.RefinementAtlas.Batch137.cutoff_9_9' does not depend on any axioms
'Collatz.Research.RefinementAtlas.Batch137.even_endpoint_9_9' depends on axioms: [propext, Quot.sound]
'Collatz.Research.RefinementAtlas.Batch137.odd_endpoint_9_9' depends on axioms: [propext, Quot.sound]
'Collatz.Research.RefinementAtlas.Batch137.even_cutoff_9_9' depends on axioms: [propext, Classical.choice, Quot.sound]
'Collatz.Research.RefinementAtlas.Batch137.odd_cleared_9_9' depends on axioms: [propext, Classical.choice, Quot.sound]
'Collatz.Research.RefinementAtlas.Batch138.data_9_10' does not depend on any axioms
'Collatz.Research.RefinementAtlas.Batch138.gap_9_10' does not depend on any axioms
'Collatz.Research.RefinementAtlas.Batch138.cutoff_9_10' does not depend on any axioms
'Collatz.Research.RefinementAtlas.Batch138.even_endpoint_9_10' depends on axioms: [propext, Quot.sound]
'Collatz.Research.RefinementAtlas.Batch138.odd_endpoint_9_10' depends on axioms: [propext, Quot.sound]
'Collatz.Research.RefinementAtlas.Batch138.even_cutoff_9_10' depends on axioms: [propext, Classical.choice, Quot.sound]
'Collatz.Research.RefinementAtlas.Batch138.odd_cleared_9_10' depends on axioms: [propext, Classical.choice, Quot.sound]
'Collatz.Research.RefinementAtlas.Batch138.data_9_11' does not depend on any axioms
'Collatz.Research.RefinementAtlas.Batch138.gap_9_11' does not depend on any axioms
'Collatz.Research.RefinementAtlas.Batch138.cutoff_9_11' does not depend on any axioms
'Collatz.Research.RefinementAtlas.Batch138.even_endpoint_9_11' depends on axioms: [propext, Quot.sound]
'Collatz.Research.RefinementAtlas.Batch138.odd_endpoint_9_11' depends on axioms: [propext, Quot.sound]
'Collatz.Research.RefinementAtlas.Batch138.even_cutoff_9_11' depends on axioms: [propext, Classical.choice, Quot.sound]
'Collatz.Research.RefinementAtlas.Batch138.odd_cleared_9_11' depends on axioms: [propext, Classical.choice, Quot.sound]
'Collatz.Research.RefinementAtlas.Batch138.data_9_12' does not depend on any axioms
'Collatz.Research.RefinementAtlas.Batch138.gap_9_12' does not depend on any axioms
'Collatz.Research.RefinementAtlas.Batch138.cutoff_9_12' does not depend on any axioms
'Collatz.Research.RefinementAtlas.Batch138.even_endpoint_9_12' depends on axioms: [propext, Quot.sound]
'Collatz.Research.RefinementAtlas.Batch138.odd_endpoint_9_12' depends on axioms: [propext, Quot.sound]
'Collatz.Research.RefinementAtlas.Batch138.even_cutoff_9_12' depends on axioms: [propext, Classical.choice, Quot.sound]
'Collatz.Research.RefinementAtlas.Batch138.odd_cleared_9_12' depends on axioms: [propext, Classical.choice, Quot.sound]
'Collatz.Research.RefinementAtlas.Batch139.data_9_13' does not depend on any axioms
'Collatz.Research.RefinementAtlas.Batch139.gap_9_13' does not depend on any axioms
'Collatz.Research.RefinementAtlas.Batch139.cutoff_9_13' does not depend on any axioms
'Collatz.Research.RefinementAtlas.Batch139.even_endpoint_9_13' depends on axioms: [propext, Quot.sound]
'Collatz.Research.RefinementAtlas.Batch139.odd_endpoint_9_13' depends on axioms: [propext, Quot.sound]
'Collatz.Research.RefinementAtlas.Batch139.even_cutoff_9_13' depends on axioms: [propext, Classical.choice, Quot.sound]
'Collatz.Research.RefinementAtlas.Batch139.odd_cleared_9_13' depends on axioms: [propext, Classical.choice, Quot.sound]
'Collatz.Research.RefinementAtlas.Batch139.data_9_14' does not depend on any axioms
'Collatz.Research.RefinementAtlas.Batch139.gap_9_14' does not depend on any axioms
'Collatz.Research.RefinementAtlas.Batch139.cutoff_9_14' does not depend on any axioms
'Collatz.Research.RefinementAtlas.Batch139.even_endpoint_9_14' depends on axioms: [propext, Quot.sound]
'Collatz.Research.RefinementAtlas.Batch139.odd_endpoint_9_14' depends on axioms: [propext, Quot.sound]
'Collatz.Research.RefinementAtlas.Batch139.even_cutoff_9_14' depends on axioms: [propext, Classical.choice, Quot.sound]
'Collatz.Research.RefinementAtlas.Batch139.odd_cleared_9_14' depends on axioms: [propext, Classical.choice, Quot.sound]
'Collatz.Research.RefinementAtlas.Batch139.data_9_15' does not depend on any axioms
'Collatz.Research.RefinementAtlas.Batch139.gap_9_15' does not depend on any axioms
'Collatz.Research.RefinementAtlas.Batch139.cutoff_9_15' does not depend on any axioms
'Collatz.Research.RefinementAtlas.Batch139.even_endpoint_9_15' depends on axioms: [propext, Quot.sound]
'Collatz.Research.RefinementAtlas.Batch139.odd_endpoint_9_15' depends on axioms: [propext, Quot.sound]
'Collatz.Research.RefinementAtlas.Batch139.even_cutoff_9_15' depends on axioms: [propext, Classical.choice, Quot.sound]
'Collatz.Research.RefinementAtlas.Batch139.odd_cleared_9_15' depends on axioms: [propext, Classical.choice, Quot.sound]
'Collatz.Research.RefinementAtlas.Batch140.data_9_16' does not depend on any axioms
'Collatz.Research.RefinementAtlas.Batch140.gap_9_16' does not depend on any axioms
'Collatz.Research.RefinementAtlas.Batch140.cutoff_9_16' does not depend on any axioms
'Collatz.Research.RefinementAtlas.Batch140.even_endpoint_9_16' depends on axioms: [propext, Quot.sound]
'Collatz.Research.RefinementAtlas.Batch140.odd_endpoint_9_16' depends on axioms: [propext, Quot.sound]
'Collatz.Research.RefinementAtlas.Batch140.even_cutoff_9_16' depends on axioms: [propext, Classical.choice, Quot.sound]
'Collatz.Research.RefinementAtlas.Batch140.odd_cleared_9_16' depends on axioms: [propext, Classical.choice, Quot.sound]
'Collatz.Research.RefinementAtlas.Batch140.data_9_17' does not depend on any axioms
'Collatz.Research.RefinementAtlas.Batch140.gap_9_17' does not depend on any axioms
'Collatz.Research.RefinementAtlas.Batch140.cutoff_9_17' does not depend on any axioms
'Collatz.Research.RefinementAtlas.Batch140.even_endpoint_9_17' depends on axioms: [propext, Quot.sound]
'Collatz.Research.RefinementAtlas.Batch140.odd_endpoint_9_17' depends on axioms: [propext, Quot.sound]
'Collatz.Research.RefinementAtlas.Batch140.even_cutoff_9_17' depends on axioms: [propext, Classical.choice, Quot.sound]
'Collatz.Research.RefinementAtlas.Batch140.odd_cleared_9_17' depends on axioms: [propext, Classical.choice, Quot.sound]
'Collatz.Research.RefinementAtlas.Batch140.data_9_18' does not depend on any axioms
'Collatz.Research.RefinementAtlas.Batch140.gap_9_18' does not depend on any axioms
'Collatz.Research.RefinementAtlas.Batch140.cutoff_9_18' does not depend on any axioms
'Collatz.Research.RefinementAtlas.Batch140.even_endpoint_9_18' depends on axioms: [propext, Quot.sound]
'Collatz.Research.RefinementAtlas.Batch140.odd_endpoint_9_18' depends on axioms: [propext, Quot.sound]
'Collatz.Research.RefinementAtlas.Batch140.even_cutoff_9_18' depends on axioms: [propext, Classical.choice, Quot.sound]
'Collatz.Research.RefinementAtlas.Batch140.odd_cleared_9_18' depends on axioms: [propext, Classical.choice, Quot.sound]
'Collatz.Research.RefinementAtlas.Batch141.data_9_19' does not depend on any axioms
'Collatz.Research.RefinementAtlas.Batch141.gap_9_19' does not depend on any axioms
'Collatz.Research.RefinementAtlas.Batch141.cutoff_9_19' does not depend on any axioms
'Collatz.Research.RefinementAtlas.Batch141.even_endpoint_9_19' depends on axioms: [propext, Quot.sound]
'Collatz.Research.RefinementAtlas.Batch141.odd_endpoint_9_19' depends on axioms: [propext, Quot.sound]
'Collatz.Research.RefinementAtlas.Batch141.even_cutoff_9_19' depends on axioms: [propext, Classical.choice, Quot.sound]
'Collatz.Research.RefinementAtlas.Batch141.odd_cleared_9_19' depends on axioms: [propext, Classical.choice, Quot.sound]
'Collatz.Research.RefinementAtlas.Batch141.data_9_20' does not depend on any axioms
'Collatz.Research.RefinementAtlas.Batch141.gap_9_20' does not depend on any axioms
'Collatz.Research.RefinementAtlas.Batch141.cutoff_9_20' does not depend on any axioms
'Collatz.Research.RefinementAtlas.Batch141.even_endpoint_9_20' depends on axioms: [propext, Quot.sound]
'Collatz.Research.RefinementAtlas.Batch141.odd_endpoint_9_20' depends on axioms: [propext, Quot.sound]
'Collatz.Research.RefinementAtlas.Batch141.even_cutoff_9_20' depends on axioms: [propext, Classical.choice, Quot.sound]
'Collatz.Research.RefinementAtlas.Batch141.odd_cleared_9_20' depends on axioms: [propext, Classical.choice, Quot.sound]
'Collatz.Research.RefinementAtlas.Batch141.data_9_21' does not depend on any axioms
'Collatz.Research.RefinementAtlas.Batch141.gap_9_21' does not depend on any axioms
'Collatz.Research.RefinementAtlas.Batch141.cutoff_9_21' does not depend on any axioms
'Collatz.Research.RefinementAtlas.Batch141.even_endpoint_9_21' depends on axioms: [propext, Quot.sound]
'Collatz.Research.RefinementAtlas.Batch141.odd_endpoint_9_21' depends on axioms: [propext, Quot.sound]
'Collatz.Research.RefinementAtlas.Batch141.even_cutoff_9_21' depends on axioms: [propext, Classical.choice, Quot.sound]
'Collatz.Research.RefinementAtlas.Batch141.odd_cleared_9_21' depends on axioms: [propext, Classical.choice, Quot.sound]
'Collatz.Research.RefinementAtlas.Batch142.data_9_22' does not depend on any axioms
'Collatz.Research.RefinementAtlas.Batch142.gap_9_22' does not depend on any axioms
'Collatz.Research.RefinementAtlas.Batch142.cutoff_9_22' does not depend on any axioms
'Collatz.Research.RefinementAtlas.Batch142.even_endpoint_9_22' depends on axioms: [propext, Quot.sound]
'Collatz.Research.RefinementAtlas.Batch142.odd_endpoint_9_22' depends on axioms: [propext, Quot.sound]
'Collatz.Research.RefinementAtlas.Batch142.even_cutoff_9_22' depends on axioms: [propext, Classical.choice, Quot.sound]
'Collatz.Research.RefinementAtlas.Batch142.odd_cleared_9_22' depends on axioms: [propext, Classical.choice, Quot.sound]
'Collatz.Research.RefinementAtlas.Batch142.data_9_23' does not depend on any axioms
'Collatz.Research.RefinementAtlas.Batch142.gap_9_23' does not depend on any axioms
'Collatz.Research.RefinementAtlas.Batch142.cutoff_9_23' does not depend on any axioms
'Collatz.Research.RefinementAtlas.Batch142.even_endpoint_9_23' depends on axioms: [propext, Quot.sound]
'Collatz.Research.RefinementAtlas.Batch142.odd_endpoint_9_23' depends on axioms: [propext, Quot.sound]
'Collatz.Research.RefinementAtlas.Batch142.even_cutoff_9_23' depends on axioms: [propext, Classical.choice, Quot.sound]
'Collatz.Research.RefinementAtlas.Batch142.odd_cleared_9_23' depends on axioms: [propext, Classical.choice, Quot.sound]
'Collatz.Research.RefinementAtlas.Batch142.data_9_24' does not depend on any axioms
'Collatz.Research.RefinementAtlas.Batch142.gap_9_24' does not depend on any axioms
'Collatz.Research.RefinementAtlas.Batch142.cutoff_9_24' does not depend on any axioms
'Collatz.Research.RefinementAtlas.Batch142.even_endpoint_9_24' depends on axioms: [propext, Quot.sound]
'Collatz.Research.RefinementAtlas.Batch142.odd_endpoint_9_24' depends on axioms: [propext, Quot.sound]
'Collatz.Research.RefinementAtlas.Batch142.even_cutoff_9_24' depends on axioms: [propext, Classical.choice, Quot.sound]
'Collatz.Research.RefinementAtlas.Batch142.odd_cleared_9_24' depends on axioms: [propext, Classical.choice, Quot.sound]
'Collatz.Research.RefinementAtlas.Batch143.data_9_25' does not depend on any axioms
'Collatz.Research.RefinementAtlas.Batch143.gap_9_25' does not depend on any axioms
'Collatz.Research.RefinementAtlas.Batch143.cutoff_9_25' does not depend on any axioms
'Collatz.Research.RefinementAtlas.Batch143.even_endpoint_9_25' depends on axioms: [propext, Quot.sound]
'Collatz.Research.RefinementAtlas.Batch143.odd_endpoint_9_25' depends on axioms: [propext, Quot.sound]
'Collatz.Research.RefinementAtlas.Batch143.even_cutoff_9_25' depends on axioms: [propext, Classical.choice, Quot.sound]
'Collatz.Research.RefinementAtlas.Batch143.odd_cleared_9_25' depends on axioms: [propext, Classical.choice, Quot.sound]
'Collatz.Research.RefinementAtlas.Batch143.data_9_26' does not depend on any axioms
'Collatz.Research.RefinementAtlas.Batch143.gap_9_26' does not depend on any axioms
'Collatz.Research.RefinementAtlas.Batch143.cutoff_9_26' does not depend on any axioms
'Collatz.Research.RefinementAtlas.Batch143.even_endpoint_9_26' depends on axioms: [propext, Quot.sound]
'Collatz.Research.RefinementAtlas.Batch143.odd_endpoint_9_26' depends on axioms: [propext, Quot.sound]
'Collatz.Research.RefinementAtlas.Batch143.even_cutoff_9_26' depends on axioms: [propext, Classical.choice, Quot.sound]
'Collatz.Research.RefinementAtlas.Batch143.odd_cleared_9_26' depends on axioms: [propext, Classical.choice, Quot.sound]
'Collatz.Research.RefinementAtlas.Batch143.data_9_28' does not depend on any axioms
'Collatz.Research.RefinementAtlas.Batch143.gap_9_28' does not depend on any axioms
'Collatz.Research.RefinementAtlas.Batch143.cutoff_9_28' does not depend on any axioms
'Collatz.Research.RefinementAtlas.Batch143.even_endpoint_9_28' depends on axioms: [propext, Quot.sound]
'Collatz.Research.RefinementAtlas.Batch143.odd_endpoint_9_28' depends on axioms: [propext, Quot.sound]
'Collatz.Research.RefinementAtlas.Batch143.even_cutoff_9_28' depends on axioms: [propext, Classical.choice, Quot.sound]
'Collatz.Research.RefinementAtlas.Batch143.odd_cleared_9_28' depends on axioms: [propext, Classical.choice, Quot.sound]
'Collatz.Research.RefinementAtlas.Batch144.data_9_29' does not depend on any axioms
'Collatz.Research.RefinementAtlas.Batch144.gap_9_29' does not depend on any axioms
'Collatz.Research.RefinementAtlas.Batch144.cutoff_9_29' does not depend on any axioms
'Collatz.Research.RefinementAtlas.Batch144.even_endpoint_9_29' depends on axioms: [propext, Quot.sound]
'Collatz.Research.RefinementAtlas.Batch144.odd_endpoint_9_29' depends on axioms: [propext, Quot.sound]
'Collatz.Research.RefinementAtlas.Batch144.even_cutoff_9_29' depends on axioms: [propext, Classical.choice, Quot.sound]
'Collatz.Research.RefinementAtlas.Batch144.odd_cleared_9_29' depends on axioms: [propext, Classical.choice, Quot.sound]
'Collatz.Research.RefinementAtlas.Batch144.data_9_30' does not depend on any axioms
'Collatz.Research.RefinementAtlas.Batch144.gap_9_30' does not depend on any axioms
'Collatz.Research.RefinementAtlas.Batch144.cutoff_9_30' does not depend on any axioms
'Collatz.Research.RefinementAtlas.Batch144.even_endpoint_9_30' depends on axioms: [propext, Quot.sound]
'Collatz.Research.RefinementAtlas.Batch144.odd_endpoint_9_30' depends on axioms: [propext, Quot.sound]
'Collatz.Research.RefinementAtlas.Batch144.even_cutoff_9_30' depends on axioms: [propext, Classical.choice, Quot.sound]
'Collatz.Research.RefinementAtlas.Batch144.odd_cleared_9_30' depends on axioms: [propext, Classical.choice, Quot.sound]
'Collatz.Research.RefinementAtlas.Batch144.data_9_32' does not depend on any axioms
'Collatz.Research.RefinementAtlas.Batch144.gap_9_32' does not depend on any axioms
'Collatz.Research.RefinementAtlas.Batch144.cutoff_9_32' does not depend on any axioms
'Collatz.Research.RefinementAtlas.Batch144.even_endpoint_9_32' depends on axioms: [propext, Quot.sound]
'Collatz.Research.RefinementAtlas.Batch144.odd_endpoint_9_32' depends on axioms: [propext, Quot.sound]
'Collatz.Research.RefinementAtlas.Batch144.even_cutoff_9_32' depends on axioms: [propext, Classical.choice, Quot.sound]
'Collatz.Research.RefinementAtlas.Batch144.odd_cleared_9_32' depends on axioms: [propext, Classical.choice, Quot.sound]
'Collatz.Research.RefinementAtlas.Batch145.data_9_33' does not depend on any axioms
'Collatz.Research.RefinementAtlas.Batch145.gap_9_33' does not depend on any axioms
'Collatz.Research.RefinementAtlas.Batch145.cutoff_9_33' does not depend on any axioms
'Collatz.Research.RefinementAtlas.Batch145.even_endpoint_9_33' depends on axioms: [propext, Quot.sound]
'Collatz.Research.RefinementAtlas.Batch145.odd_endpoint_9_33' depends on axioms: [propext, Quot.sound]
'Collatz.Research.RefinementAtlas.Batch145.even_cutoff_9_33' depends on axioms: [propext, Classical.choice, Quot.sound]
'Collatz.Research.RefinementAtlas.Batch145.odd_cleared_9_33' depends on axioms: [propext, Classical.choice, Quot.sound]
'Collatz.Research.RefinementAtlas.Batch145.data_9_34' does not depend on any axioms
'Collatz.Research.RefinementAtlas.Batch145.gap_9_34' does not depend on any axioms
'Collatz.Research.RefinementAtlas.Batch145.cutoff_9_34' does not depend on any axioms
'Collatz.Research.RefinementAtlas.Batch145.even_endpoint_9_34' depends on axioms: [propext, Quot.sound]
'Collatz.Research.RefinementAtlas.Batch145.odd_endpoint_9_34' depends on axioms: [propext, Quot.sound]
'Collatz.Research.RefinementAtlas.Batch145.even_cutoff_9_34' depends on axioms: [propext, Classical.choice, Quot.sound]
'Collatz.Research.RefinementAtlas.Batch145.odd_cleared_9_34' depends on axioms: [propext, Classical.choice, Quot.sound]
'Collatz.Research.RefinementAtlas.Batch145.data_9_35' does not depend on any axioms
'Collatz.Research.RefinementAtlas.Batch145.gap_9_35' does not depend on any axioms
'Collatz.Research.RefinementAtlas.Batch145.cutoff_9_35' does not depend on any axioms
'Collatz.Research.RefinementAtlas.Batch145.even_endpoint_9_35' depends on axioms: [propext, Quot.sound]
'Collatz.Research.RefinementAtlas.Batch145.odd_endpoint_9_35' depends on axioms: [propext, Quot.sound]
'Collatz.Research.RefinementAtlas.Batch145.even_cutoff_9_35' depends on axioms: [propext, Classical.choice, Quot.sound]
'Collatz.Research.RefinementAtlas.Batch145.odd_cleared_9_35' depends on axioms: [propext, Classical.choice, Quot.sound]
'Collatz.Research.RefinementAtlas.Batch146.data_9_36' does not depend on any axioms
'Collatz.Research.RefinementAtlas.Batch146.gap_9_36' does not depend on any axioms
'Collatz.Research.RefinementAtlas.Batch146.cutoff_9_36' does not depend on any axioms
'Collatz.Research.RefinementAtlas.Batch146.even_endpoint_9_36' depends on axioms: [propext, Quot.sound]
'Collatz.Research.RefinementAtlas.Batch146.odd_endpoint_9_36' depends on axioms: [propext, Quot.sound]
'Collatz.Research.RefinementAtlas.Batch146.even_cutoff_9_36' depends on axioms: [propext, Classical.choice, Quot.sound]
'Collatz.Research.RefinementAtlas.Batch146.odd_cleared_9_36' depends on axioms: [propext, Classical.choice, Quot.sound]
'Collatz.Research.RefinementAtlas.Batch146.data_9_37' does not depend on any axioms
'Collatz.Research.RefinementAtlas.Batch146.gap_9_37' does not depend on any axioms
'Collatz.Research.RefinementAtlas.Batch146.cutoff_9_37' does not depend on any axioms
'Collatz.Research.RefinementAtlas.Batch146.even_endpoint_9_37' depends on axioms: [propext, Quot.sound]
'Collatz.Research.RefinementAtlas.Batch146.odd_endpoint_9_37' depends on axioms: [propext, Quot.sound]
'Collatz.Research.RefinementAtlas.Batch146.even_cutoff_9_37' depends on axioms: [propext, Classical.choice, Quot.sound]
'Collatz.Research.RefinementAtlas.Batch146.odd_cleared_9_37' depends on axioms: [propext, Classical.choice, Quot.sound]
'Collatz.Research.RefinementAtlas.Batch146.data_9_38' does not depend on any axioms
'Collatz.Research.RefinementAtlas.Batch146.gap_9_38' does not depend on any axioms
'Collatz.Research.RefinementAtlas.Batch146.cutoff_9_38' does not depend on any axioms
'Collatz.Research.RefinementAtlas.Batch146.even_endpoint_9_38' depends on axioms: [propext, Quot.sound]
'Collatz.Research.RefinementAtlas.Batch146.odd_endpoint_9_38' depends on axioms: [propext, Quot.sound]
'Collatz.Research.RefinementAtlas.Batch146.even_cutoff_9_38' depends on axioms: [propext, Classical.choice, Quot.sound]
'Collatz.Research.RefinementAtlas.Batch146.odd_cleared_9_38' depends on axioms: [propext, Classical.choice, Quot.sound]
'Collatz.Research.RefinementAtlas.Batch147.data_9_39' does not depend on any axioms
'Collatz.Research.RefinementAtlas.Batch147.gap_9_39' does not depend on any axioms
'Collatz.Research.RefinementAtlas.Batch147.cutoff_9_39' does not depend on any axioms
'Collatz.Research.RefinementAtlas.Batch147.even_endpoint_9_39' depends on axioms: [propext, Quot.sound]
'Collatz.Research.RefinementAtlas.Batch147.odd_endpoint_9_39' depends on axioms: [propext, Quot.sound]
'Collatz.Research.RefinementAtlas.Batch147.even_cutoff_9_39' depends on axioms: [propext, Classical.choice, Quot.sound]
'Collatz.Research.RefinementAtlas.Batch147.odd_cleared_9_39' depends on axioms: [propext, Classical.choice, Quot.sound]
'Collatz.Research.RefinementAtlas.Batch147.data_9_40' does not depend on any axioms
'Collatz.Research.RefinementAtlas.Batch147.gap_9_40' does not depend on any axioms
'Collatz.Research.RefinementAtlas.Batch147.cutoff_9_40' does not depend on any axioms
'Collatz.Research.RefinementAtlas.Batch147.even_endpoint_9_40' depends on axioms: [propext, Quot.sound]
'Collatz.Research.RefinementAtlas.Batch147.odd_endpoint_9_40' depends on axioms: [propext, Quot.sound]
'Collatz.Research.RefinementAtlas.Batch147.even_cutoff_9_40' depends on axioms: [propext, Classical.choice, Quot.sound]
'Collatz.Research.RefinementAtlas.Batch147.odd_cleared_9_40' depends on axioms: [propext, Classical.choice, Quot.sound]
'Collatz.Research.RefinementAtlas.Batch147.data_9_42' does not depend on any axioms
'Collatz.Research.RefinementAtlas.Batch147.gap_9_42' does not depend on any axioms
'Collatz.Research.RefinementAtlas.Batch147.cutoff_9_42' does not depend on any axioms
'Collatz.Research.RefinementAtlas.Batch147.even_endpoint_9_42' depends on axioms: [propext, Quot.sound]
'Collatz.Research.RefinementAtlas.Batch147.odd_endpoint_9_42' depends on axioms: [propext, Quot.sound]
'Collatz.Research.RefinementAtlas.Batch147.even_cutoff_9_42' depends on axioms: [propext, Classical.choice, Quot.sound]
'Collatz.Research.RefinementAtlas.Batch147.odd_cleared_9_42' depends on axioms: [propext, Classical.choice, Quot.sound]
'Collatz.Research.RefinementAtlas.Batch148.data_9_43' does not depend on any axioms
'Collatz.Research.RefinementAtlas.Batch148.gap_9_43' does not depend on any axioms
'Collatz.Research.RefinementAtlas.Batch148.cutoff_9_43' does not depend on any axioms
'Collatz.Research.RefinementAtlas.Batch148.even_endpoint_9_43' depends on axioms: [propext, Quot.sound]
'Collatz.Research.RefinementAtlas.Batch148.odd_endpoint_9_43' depends on axioms: [propext, Quot.sound]
'Collatz.Research.RefinementAtlas.Batch148.even_cutoff_9_43' depends on axioms: [propext, Classical.choice, Quot.sound]
'Collatz.Research.RefinementAtlas.Batch148.odd_cleared_9_43' depends on axioms: [propext, Classical.choice, Quot.sound]
'Collatz.Research.RefinementAtlas.Batch148.data_9_44' does not depend on any axioms
'Collatz.Research.RefinementAtlas.Batch148.gap_9_44' does not depend on any axioms
'Collatz.Research.RefinementAtlas.Batch148.cutoff_9_44' does not depend on any axioms
'Collatz.Research.RefinementAtlas.Batch148.even_endpoint_9_44' depends on axioms: [propext, Quot.sound]
'Collatz.Research.RefinementAtlas.Batch148.odd_endpoint_9_44' depends on axioms: [propext, Quot.sound]
'Collatz.Research.RefinementAtlas.Batch148.even_cutoff_9_44' depends on axioms: [propext, Classical.choice, Quot.sound]
'Collatz.Research.RefinementAtlas.Batch148.odd_cleared_9_44' depends on axioms: [propext, Classical.choice, Quot.sound]
'Collatz.Research.RefinementAtlas.Batch148.data_9_45' does not depend on any axioms
'Collatz.Research.RefinementAtlas.Batch148.gap_9_45' does not depend on any axioms
'Collatz.Research.RefinementAtlas.Batch148.cutoff_9_45' does not depend on any axioms
'Collatz.Research.RefinementAtlas.Batch148.even_endpoint_9_45' depends on axioms: [propext, Quot.sound]
'Collatz.Research.RefinementAtlas.Batch148.odd_endpoint_9_45' depends on axioms: [propext, Quot.sound]
'Collatz.Research.RefinementAtlas.Batch148.even_cutoff_9_45' depends on axioms: [propext, Classical.choice, Quot.sound]
'Collatz.Research.RefinementAtlas.Batch148.odd_cleared_9_45' depends on axioms: [propext, Classical.choice, Quot.sound]
'Collatz.Research.RefinementAtlas.Batch149.data_9_46' does not depend on any axioms
'Collatz.Research.RefinementAtlas.Batch149.gap_9_46' does not depend on any axioms
'Collatz.Research.RefinementAtlas.Batch149.cutoff_9_46' does not depend on any axioms
'Collatz.Research.RefinementAtlas.Batch149.even_endpoint_9_46' depends on axioms: [propext, Quot.sound]
'Collatz.Research.RefinementAtlas.Batch149.odd_endpoint_9_46' depends on axioms: [propext, Quot.sound]
'Collatz.Research.RefinementAtlas.Batch149.even_cutoff_9_46' depends on axioms: [propext, Classical.choice, Quot.sound]
'Collatz.Research.RefinementAtlas.Batch149.odd_cleared_9_46' depends on axioms: [propext, Classical.choice, Quot.sound]
'Collatz.Research.RefinementAtlas.Batch149.data_9_48' does not depend on any axioms
'Collatz.Research.RefinementAtlas.Batch149.gap_9_48' does not depend on any axioms
'Collatz.Research.RefinementAtlas.Batch149.cutoff_9_48' does not depend on any axioms
'Collatz.Research.RefinementAtlas.Batch149.even_endpoint_9_48' depends on axioms: [propext, Quot.sound]
'Collatz.Research.RefinementAtlas.Batch149.odd_endpoint_9_48' depends on axioms: [propext, Quot.sound]
'Collatz.Research.RefinementAtlas.Batch149.even_cutoff_9_48' depends on axioms: [propext, Classical.choice, Quot.sound]
'Collatz.Research.RefinementAtlas.Batch149.odd_cleared_9_48' depends on axioms: [propext, Classical.choice, Quot.sound]
'Collatz.Research.RefinementAtlas.Batch149.data_9_49' does not depend on any axioms
'Collatz.Research.RefinementAtlas.Batch149.gap_9_49' does not depend on any axioms
'Collatz.Research.RefinementAtlas.Batch149.cutoff_9_49' does not depend on any axioms
'Collatz.Research.RefinementAtlas.Batch149.even_endpoint_9_49' depends on axioms: [propext, Quot.sound]
'Collatz.Research.RefinementAtlas.Batch149.odd_endpoint_9_49' depends on axioms: [propext, Quot.sound]
'Collatz.Research.RefinementAtlas.Batch149.even_cutoff_9_49' depends on axioms: [propext, Classical.choice, Quot.sound]
'Collatz.Research.RefinementAtlas.Batch149.odd_cleared_9_49' depends on axioms: [propext, Classical.choice, Quot.sound]
'Collatz.Research.RefinementAtlas.Batch150.data_9_50' does not depend on any axioms
'Collatz.Research.RefinementAtlas.Batch150.gap_9_50' does not depend on any axioms
'Collatz.Research.RefinementAtlas.Batch150.cutoff_9_50' does not depend on any axioms
'Collatz.Research.RefinementAtlas.Batch150.even_endpoint_9_50' depends on axioms: [propext, Quot.sound]
'Collatz.Research.RefinementAtlas.Batch150.odd_endpoint_9_50' depends on axioms: [propext, Quot.sound]
'Collatz.Research.RefinementAtlas.Batch150.even_cutoff_9_50' depends on axioms: [propext, Classical.choice, Quot.sound]
'Collatz.Research.RefinementAtlas.Batch150.odd_cleared_9_50' depends on axioms: [propext, Classical.choice, Quot.sound]
'Collatz.Research.RefinementAtlas.Batch150.data_9_51' does not depend on any axioms
'Collatz.Research.RefinementAtlas.Batch150.gap_9_51' does not depend on any axioms
'Collatz.Research.RefinementAtlas.Batch150.cutoff_9_51' does not depend on any axioms
'Collatz.Research.RefinementAtlas.Batch150.even_endpoint_9_51' depends on axioms: [propext, Quot.sound]
'Collatz.Research.RefinementAtlas.Batch150.odd_endpoint_9_51' depends on axioms: [propext, Quot.sound]
'Collatz.Research.RefinementAtlas.Batch150.even_cutoff_9_51' depends on axioms: [propext, Classical.choice, Quot.sound]
'Collatz.Research.RefinementAtlas.Batch150.odd_cleared_9_51' depends on axioms: [propext, Classical.choice, Quot.sound]
'Collatz.Research.RefinementAtlas.Batch150.data_9_52' does not depend on any axioms
'Collatz.Research.RefinementAtlas.Batch150.gap_9_52' does not depend on any axioms
'Collatz.Research.RefinementAtlas.Batch150.cutoff_9_52' does not depend on any axioms
'Collatz.Research.RefinementAtlas.Batch150.even_endpoint_9_52' depends on axioms: [propext, Quot.sound]
'Collatz.Research.RefinementAtlas.Batch150.odd_endpoint_9_52' depends on axioms: [propext, Quot.sound]
'Collatz.Research.RefinementAtlas.Batch150.even_cutoff_9_52' depends on axioms: [propext, Classical.choice, Quot.sound]
'Collatz.Research.RefinementAtlas.Batch150.odd_cleared_9_52' depends on axioms: [propext, Classical.choice, Quot.sound]
'Collatz.Research.RefinementAtlas.Batch151.data_9_53' does not depend on any axioms
'Collatz.Research.RefinementAtlas.Batch151.gap_9_53' does not depend on any axioms
'Collatz.Research.RefinementAtlas.Batch151.cutoff_9_53' does not depend on any axioms
'Collatz.Research.RefinementAtlas.Batch151.even_endpoint_9_53' depends on axioms: [propext, Quot.sound]
'Collatz.Research.RefinementAtlas.Batch151.odd_endpoint_9_53' depends on axioms: [propext, Quot.sound]
'Collatz.Research.RefinementAtlas.Batch151.even_cutoff_9_53' depends on axioms: [propext, Classical.choice, Quot.sound]
'Collatz.Research.RefinementAtlas.Batch151.odd_cleared_9_53' depends on axioms: [propext, Classical.choice, Quot.sound]
'Collatz.Research.RefinementAtlas.Batch151.data_9_56' does not depend on any axioms
'Collatz.Research.RefinementAtlas.Batch151.gap_9_56' does not depend on any axioms
'Collatz.Research.RefinementAtlas.Batch151.cutoff_9_56' does not depend on any axioms
'Collatz.Research.RefinementAtlas.Batch151.even_endpoint_9_56' depends on axioms: [propext, Quot.sound]
'Collatz.Research.RefinementAtlas.Batch151.odd_endpoint_9_56' depends on axioms: [propext, Quot.sound]
'Collatz.Research.RefinementAtlas.Batch151.even_cutoff_9_56' depends on axioms: [propext, Classical.choice, Quot.sound]
'Collatz.Research.RefinementAtlas.Batch151.odd_cleared_9_56' depends on axioms: [propext, Classical.choice, Quot.sound]
'Collatz.Research.RefinementAtlas.Batch151.data_9_57' does not depend on any axioms
'Collatz.Research.RefinementAtlas.Batch151.gap_9_57' does not depend on any axioms
'Collatz.Research.RefinementAtlas.Batch151.cutoff_9_57' does not depend on any axioms
'Collatz.Research.RefinementAtlas.Batch151.even_endpoint_9_57' depends on axioms: [propext, Quot.sound]
'Collatz.Research.RefinementAtlas.Batch151.odd_endpoint_9_57' depends on axioms: [propext, Quot.sound]
'Collatz.Research.RefinementAtlas.Batch151.even_cutoff_9_57' depends on axioms: [propext, Classical.choice, Quot.sound]
'Collatz.Research.RefinementAtlas.Batch151.odd_cleared_9_57' depends on axioms: [propext, Classical.choice, Quot.sound]
'Collatz.Research.RefinementAtlas.Batch152.data_9_58' does not depend on any axioms
'Collatz.Research.RefinementAtlas.Batch152.gap_9_58' does not depend on any axioms
'Collatz.Research.RefinementAtlas.Batch152.cutoff_9_58' does not depend on any axioms
'Collatz.Research.RefinementAtlas.Batch152.even_endpoint_9_58' depends on axioms: [propext, Quot.sound]
'Collatz.Research.RefinementAtlas.Batch152.odd_endpoint_9_58' depends on axioms: [propext, Quot.sound]
'Collatz.Research.RefinementAtlas.Batch152.even_cutoff_9_58' depends on axioms: [propext, Classical.choice, Quot.sound]
'Collatz.Research.RefinementAtlas.Batch152.odd_cleared_9_58' depends on axioms: [propext, Classical.choice, Quot.sound]
'Collatz.Research.RefinementAtlas.Batch152.data_9_59' does not depend on any axioms
'Collatz.Research.RefinementAtlas.Batch152.gap_9_59' does not depend on any axioms
'Collatz.Research.RefinementAtlas.Batch152.cutoff_9_59' does not depend on any axioms
'Collatz.Research.RefinementAtlas.Batch152.even_endpoint_9_59' depends on axioms: [propext, Quot.sound]
'Collatz.Research.RefinementAtlas.Batch152.odd_endpoint_9_59' depends on axioms: [propext, Quot.sound]
'Collatz.Research.RefinementAtlas.Batch152.even_cutoff_9_59' depends on axioms: [propext, Classical.choice, Quot.sound]
'Collatz.Research.RefinementAtlas.Batch152.odd_cleared_9_59' depends on axioms: [propext, Classical.choice, Quot.sound]
'Collatz.Research.RefinementAtlas.Batch152.data_9_60' does not depend on any axioms
'Collatz.Research.RefinementAtlas.Batch152.gap_9_60' does not depend on any axioms
'Collatz.Research.RefinementAtlas.Batch152.cutoff_9_60' does not depend on any axioms
'Collatz.Research.RefinementAtlas.Batch152.even_endpoint_9_60' depends on axioms: [propext, Quot.sound]
'Collatz.Research.RefinementAtlas.Batch152.odd_endpoint_9_60' depends on axioms: [propext, Quot.sound]
'Collatz.Research.RefinementAtlas.Batch152.even_cutoff_9_60' depends on axioms: [propext, Classical.choice, Quot.sound]
'Collatz.Research.RefinementAtlas.Batch152.odd_cleared_9_60' depends on axioms: [propext, Classical.choice, Quot.sound]
'Collatz.Research.RefinementAtlas.Batch153.data_9_61' does not depend on any axioms
'Collatz.Research.RefinementAtlas.Batch153.gap_9_61' does not depend on any axioms
'Collatz.Research.RefinementAtlas.Batch153.cutoff_9_61' does not depend on any axioms
'Collatz.Research.RefinementAtlas.Batch153.even_endpoint_9_61' depends on axioms: [propext, Quot.sound]
'Collatz.Research.RefinementAtlas.Batch153.odd_endpoint_9_61' depends on axioms: [propext, Quot.sound]
'Collatz.Research.RefinementAtlas.Batch153.even_cutoff_9_61' depends on axioms: [propext, Classical.choice, Quot.sound]
'Collatz.Research.RefinementAtlas.Batch153.odd_cleared_9_61' depends on axioms: [propext, Classical.choice, Quot.sound]
'Collatz.Research.RefinementAtlas.Batch153.data_9_64' does not depend on any axioms
'Collatz.Research.RefinementAtlas.Batch153.gap_9_64' does not depend on any axioms
'Collatz.Research.RefinementAtlas.Batch153.cutoff_9_64' does not depend on any axioms
'Collatz.Research.RefinementAtlas.Batch153.even_endpoint_9_64' depends on axioms: [propext, Quot.sound]
'Collatz.Research.RefinementAtlas.Batch153.odd_endpoint_9_64' depends on axioms: [propext, Quot.sound]
'Collatz.Research.RefinementAtlas.Batch153.even_cutoff_9_64' depends on axioms: [propext, Classical.choice, Quot.sound]
'Collatz.Research.RefinementAtlas.Batch153.odd_cleared_9_64' depends on axioms: [propext, Classical.choice, Quot.sound]
'Collatz.Research.RefinementAtlas.Batch153.data_9_65' does not depend on any axioms
'Collatz.Research.RefinementAtlas.Batch153.gap_9_65' does not depend on any axioms
'Collatz.Research.RefinementAtlas.Batch153.cutoff_9_65' does not depend on any axioms
'Collatz.Research.RefinementAtlas.Batch153.even_endpoint_9_65' depends on axioms: [propext, Quot.sound]
'Collatz.Research.RefinementAtlas.Batch153.odd_endpoint_9_65' depends on axioms: [propext, Quot.sound]
'Collatz.Research.RefinementAtlas.Batch153.even_cutoff_9_65' depends on axioms: [propext, Classical.choice, Quot.sound]
'Collatz.Research.RefinementAtlas.Batch153.odd_cleared_9_65' depends on axioms: [propext, Classical.choice, Quot.sound]
'Collatz.Research.RefinementAtlas.Batch154.data_9_66' does not depend on any axioms
'Collatz.Research.RefinementAtlas.Batch154.gap_9_66' does not depend on any axioms
'Collatz.Research.RefinementAtlas.Batch154.cutoff_9_66' does not depend on any axioms
'Collatz.Research.RefinementAtlas.Batch154.even_endpoint_9_66' depends on axioms: [propext, Quot.sound]
'Collatz.Research.RefinementAtlas.Batch154.odd_endpoint_9_66' depends on axioms: [propext, Quot.sound]
'Collatz.Research.RefinementAtlas.Batch154.even_cutoff_9_66' depends on axioms: [propext, Classical.choice, Quot.sound]
'Collatz.Research.RefinementAtlas.Batch154.odd_cleared_9_66' depends on axioms: [propext, Classical.choice, Quot.sound]
'Collatz.Research.RefinementAtlas.Batch154.data_9_67' does not depend on any axioms
'Collatz.Research.RefinementAtlas.Batch154.gap_9_67' does not depend on any axioms
'Collatz.Research.RefinementAtlas.Batch154.cutoff_9_67' does not depend on any axioms
'Collatz.Research.RefinementAtlas.Batch154.even_endpoint_9_67' depends on axioms: [propext, Quot.sound]
'Collatz.Research.RefinementAtlas.Batch154.odd_endpoint_9_67' depends on axioms: [propext, Quot.sound]
'Collatz.Research.RefinementAtlas.Batch154.even_cutoff_9_67' depends on axioms: [propext, Classical.choice, Quot.sound]
'Collatz.Research.RefinementAtlas.Batch154.odd_cleared_9_67' depends on axioms: [propext, Classical.choice, Quot.sound]
'Collatz.Research.RefinementAtlas.Batch154.data_9_68' does not depend on any axioms
'Collatz.Research.RefinementAtlas.Batch154.gap_9_68' does not depend on any axioms
'Collatz.Research.RefinementAtlas.Batch154.cutoff_9_68' does not depend on any axioms
'Collatz.Research.RefinementAtlas.Batch154.even_endpoint_9_68' depends on axioms: [propext, Quot.sound]
'Collatz.Research.RefinementAtlas.Batch154.odd_endpoint_9_68' depends on axioms: [propext, Quot.sound]
'Collatz.Research.RefinementAtlas.Batch154.even_cutoff_9_68' depends on axioms: [propext, Classical.choice, Quot.sound]
'Collatz.Research.RefinementAtlas.Batch154.odd_cleared_9_68' depends on axioms: [propext, Classical.choice, Quot.sound]
'Collatz.Research.RefinementAtlas.Batch155.data_9_69' does not depend on any axioms
'Collatz.Research.RefinementAtlas.Batch155.gap_9_69' does not depend on any axioms
'Collatz.Research.RefinementAtlas.Batch155.cutoff_9_69' does not depend on any axioms
'Collatz.Research.RefinementAtlas.Batch155.even_endpoint_9_69' depends on axioms: [propext, Quot.sound]
'Collatz.Research.RefinementAtlas.Batch155.odd_endpoint_9_69' depends on axioms: [propext, Quot.sound]
'Collatz.Research.RefinementAtlas.Batch155.even_cutoff_9_69' depends on axioms: [propext, Classical.choice, Quot.sound]
'Collatz.Research.RefinementAtlas.Batch155.odd_cleared_9_69' depends on axioms: [propext, Classical.choice, Quot.sound]
'Collatz.Research.RefinementAtlas.Batch155.data_9_70' does not depend on any axioms
'Collatz.Research.RefinementAtlas.Batch155.gap_9_70' does not depend on any axioms
'Collatz.Research.RefinementAtlas.Batch155.cutoff_9_70' does not depend on any axioms
'Collatz.Research.RefinementAtlas.Batch155.even_endpoint_9_70' depends on axioms: [propext, Quot.sound]
'Collatz.Research.RefinementAtlas.Batch155.odd_endpoint_9_70' depends on axioms: [propext, Quot.sound]
'Collatz.Research.RefinementAtlas.Batch155.even_cutoff_9_70' depends on axioms: [propext, Classical.choice, Quot.sound]
'Collatz.Research.RefinementAtlas.Batch155.odd_cleared_9_70' depends on axioms: [propext, Classical.choice, Quot.sound]
'Collatz.Research.RefinementAtlas.Batch155.data_9_72' does not depend on any axioms
'Collatz.Research.RefinementAtlas.Batch155.gap_9_72' does not depend on any axioms
'Collatz.Research.RefinementAtlas.Batch155.cutoff_9_72' does not depend on any axioms
'Collatz.Research.RefinementAtlas.Batch155.even_endpoint_9_72' depends on axioms: [propext, Quot.sound]
'Collatz.Research.RefinementAtlas.Batch155.odd_endpoint_9_72' depends on axioms: [propext, Quot.sound]
'Collatz.Research.RefinementAtlas.Batch155.even_cutoff_9_72' depends on axioms: [propext, Classical.choice, Quot.sound]
'Collatz.Research.RefinementAtlas.Batch155.odd_cleared_9_72' depends on axioms: [propext, Classical.choice, Quot.sound]
'Collatz.Research.RefinementAtlas.Batch156.data_9_74' does not depend on any axioms
'Collatz.Research.RefinementAtlas.Batch156.gap_9_74' does not depend on any axioms
'Collatz.Research.RefinementAtlas.Batch156.cutoff_9_74' does not depend on any axioms
'Collatz.Research.RefinementAtlas.Batch156.even_endpoint_9_74' depends on axioms: [propext, Quot.sound]
'Collatz.Research.RefinementAtlas.Batch156.odd_endpoint_9_74' depends on axioms: [propext, Quot.sound]
'Collatz.Research.RefinementAtlas.Batch156.even_cutoff_9_74' depends on axioms: [propext, Classical.choice, Quot.sound]
'Collatz.Research.RefinementAtlas.Batch156.odd_cleared_9_74' depends on axioms: [propext, Classical.choice, Quot.sound]
'Collatz.Research.RefinementAtlas.Batch156.data_9_75' does not depend on any axioms
'Collatz.Research.RefinementAtlas.Batch156.gap_9_75' does not depend on any axioms
'Collatz.Research.RefinementAtlas.Batch156.cutoff_9_75' does not depend on any axioms
'Collatz.Research.RefinementAtlas.Batch156.even_endpoint_9_75' depends on axioms: [propext, Quot.sound]
'Collatz.Research.RefinementAtlas.Batch156.odd_endpoint_9_75' depends on axioms: [propext, Quot.sound]
'Collatz.Research.RefinementAtlas.Batch156.even_cutoff_9_75' depends on axioms: [propext, Classical.choice, Quot.sound]
'Collatz.Research.RefinementAtlas.Batch156.odd_cleared_9_75' depends on axioms: [propext, Classical.choice, Quot.sound]
'Collatz.Research.RefinementAtlas.Batch156.data_9_76' does not depend on any axioms
'Collatz.Research.RefinementAtlas.Batch156.gap_9_76' does not depend on any axioms
'Collatz.Research.RefinementAtlas.Batch156.cutoff_9_76' does not depend on any axioms
'Collatz.Research.RefinementAtlas.Batch156.even_endpoint_9_76' depends on axioms: [propext, Quot.sound]
'Collatz.Research.RefinementAtlas.Batch156.odd_endpoint_9_76' depends on axioms: [propext, Quot.sound]
'Collatz.Research.RefinementAtlas.Batch156.even_cutoff_9_76' depends on axioms: [propext, Classical.choice, Quot.sound]
'Collatz.Research.RefinementAtlas.Batch156.odd_cleared_9_76' depends on axioms: [propext, Classical.choice, Quot.sound]
'Collatz.Research.RefinementAtlas.Batch157.data_9_77' does not depend on any axioms
'Collatz.Research.RefinementAtlas.Batch157.gap_9_77' does not depend on any axioms
'Collatz.Research.RefinementAtlas.Batch157.cutoff_9_77' does not depend on any axioms
'Collatz.Research.RefinementAtlas.Batch157.even_endpoint_9_77' depends on axioms: [propext, Quot.sound]
'Collatz.Research.RefinementAtlas.Batch157.odd_endpoint_9_77' depends on axioms: [propext, Quot.sound]
'Collatz.Research.RefinementAtlas.Batch157.even_cutoff_9_77' depends on axioms: [propext, Classical.choice, Quot.sound]
'Collatz.Research.RefinementAtlas.Batch157.odd_cleared_9_77' depends on axioms: [propext, Classical.choice, Quot.sound]
'Collatz.Research.RefinementAtlas.Batch157.data_9_78' does not depend on any axioms
'Collatz.Research.RefinementAtlas.Batch157.gap_9_78' does not depend on any axioms
'Collatz.Research.RefinementAtlas.Batch157.cutoff_9_78' does not depend on any axioms
'Collatz.Research.RefinementAtlas.Batch157.even_endpoint_9_78' depends on axioms: [propext, Quot.sound]
'Collatz.Research.RefinementAtlas.Batch157.odd_endpoint_9_78' depends on axioms: [propext, Quot.sound]
'Collatz.Research.RefinementAtlas.Batch157.even_cutoff_9_78' depends on axioms: [propext, Classical.choice, Quot.sound]
'Collatz.Research.RefinementAtlas.Batch157.odd_cleared_9_78' depends on axioms: [propext, Classical.choice, Quot.sound]
'Collatz.Research.RefinementAtlas.Batch157.data_9_79' does not depend on any axioms
'Collatz.Research.RefinementAtlas.Batch157.gap_9_79' does not depend on any axioms
'Collatz.Research.RefinementAtlas.Batch157.cutoff_9_79' does not depend on any axioms
'Collatz.Research.RefinementAtlas.Batch157.even_endpoint_9_79' depends on axioms: [propext, Quot.sound]
'Collatz.Research.RefinementAtlas.Batch157.odd_endpoint_9_79' depends on axioms: [propext, Quot.sound]
'Collatz.Research.RefinementAtlas.Batch157.even_cutoff_9_79' depends on axioms: [propext, Classical.choice, Quot.sound]
'Collatz.Research.RefinementAtlas.Batch157.odd_cleared_9_79' depends on axioms: [propext, Classical.choice, Quot.sound]
'Collatz.Research.RefinementAtlas.Batch158.data_9_80' does not depend on any axioms
'Collatz.Research.RefinementAtlas.Batch158.gap_9_80' does not depend on any axioms
'Collatz.Research.RefinementAtlas.Batch158.cutoff_9_80' does not depend on any axioms
'Collatz.Research.RefinementAtlas.Batch158.even_endpoint_9_80' depends on axioms: [propext, Quot.sound]
'Collatz.Research.RefinementAtlas.Batch158.odd_endpoint_9_80' depends on axioms: [propext, Quot.sound]
'Collatz.Research.RefinementAtlas.Batch158.even_cutoff_9_80' depends on axioms: [propext, Classical.choice, Quot.sound]
'Collatz.Research.RefinementAtlas.Batch158.odd_cleared_9_80' depends on axioms: [propext, Classical.choice, Quot.sound]
'Collatz.Research.RefinementAtlas.Batch158.data_9_81' does not depend on any axioms
'Collatz.Research.RefinementAtlas.Batch158.gap_9_81' does not depend on any axioms
'Collatz.Research.RefinementAtlas.Batch158.cutoff_9_81' does not depend on any axioms
'Collatz.Research.RefinementAtlas.Batch158.even_endpoint_9_81' depends on axioms: [propext, Quot.sound]
'Collatz.Research.RefinementAtlas.Batch158.odd_endpoint_9_81' depends on axioms: [propext, Quot.sound]
'Collatz.Research.RefinementAtlas.Batch158.even_cutoff_9_81' depends on axioms: [propext, Classical.choice, Quot.sound]
'Collatz.Research.RefinementAtlas.Batch158.odd_cleared_9_81' depends on axioms: [propext, Classical.choice, Quot.sound]
'Collatz.Research.RefinementAtlas.Batch158.data_9_84' does not depend on any axioms
'Collatz.Research.RefinementAtlas.Batch158.gap_9_84' does not depend on any axioms
'Collatz.Research.RefinementAtlas.Batch158.cutoff_9_84' does not depend on any axioms
'Collatz.Research.RefinementAtlas.Batch158.even_endpoint_9_84' depends on axioms: [propext, Quot.sound]
'Collatz.Research.RefinementAtlas.Batch158.odd_endpoint_9_84' depends on axioms: [propext, Quot.sound]
'Collatz.Research.RefinementAtlas.Batch158.even_cutoff_9_84' depends on axioms: [propext, Classical.choice, Quot.sound]
'Collatz.Research.RefinementAtlas.Batch158.odd_cleared_9_84' depends on axioms: [propext, Classical.choice, Quot.sound]
'Collatz.Research.RefinementAtlas.Batch159.data_9_85' does not depend on any axioms
'Collatz.Research.RefinementAtlas.Batch159.gap_9_85' does not depend on any axioms
'Collatz.Research.RefinementAtlas.Batch159.cutoff_9_85' does not depend on any axioms
'Collatz.Research.RefinementAtlas.Batch159.even_endpoint_9_85' depends on axioms: [propext, Quot.sound]
'Collatz.Research.RefinementAtlas.Batch159.odd_endpoint_9_85' depends on axioms: [propext, Quot.sound]
'Collatz.Research.RefinementAtlas.Batch159.even_cutoff_9_85' depends on axioms: [propext, Classical.choice, Quot.sound]
'Collatz.Research.RefinementAtlas.Batch159.odd_cleared_9_85' depends on axioms: [propext, Classical.choice, Quot.sound]
'Collatz.Research.RefinementAtlas.Batch159.data_9_86' does not depend on any axioms
'Collatz.Research.RefinementAtlas.Batch159.gap_9_86' does not depend on any axioms
'Collatz.Research.RefinementAtlas.Batch159.cutoff_9_86' does not depend on any axioms
'Collatz.Research.RefinementAtlas.Batch159.even_endpoint_9_86' depends on axioms: [propext, Quot.sound]
'Collatz.Research.RefinementAtlas.Batch159.odd_endpoint_9_86' depends on axioms: [propext, Quot.sound]
'Collatz.Research.RefinementAtlas.Batch159.even_cutoff_9_86' depends on axioms: [propext, Classical.choice, Quot.sound]
'Collatz.Research.RefinementAtlas.Batch159.odd_cleared_9_86' depends on axioms: [propext, Classical.choice, Quot.sound]
'Collatz.Research.RefinementAtlas.Batch159.data_9_87' does not depend on any axioms
'Collatz.Research.RefinementAtlas.Batch159.gap_9_87' does not depend on any axioms
'Collatz.Research.RefinementAtlas.Batch159.cutoff_9_87' does not depend on any axioms
'Collatz.Research.RefinementAtlas.Batch159.even_endpoint_9_87' depends on axioms: [propext, Quot.sound]
'Collatz.Research.RefinementAtlas.Batch159.odd_endpoint_9_87' depends on axioms: [propext, Quot.sound]
'Collatz.Research.RefinementAtlas.Batch159.even_cutoff_9_87' depends on axioms: [propext, Classical.choice, Quot.sound]
'Collatz.Research.RefinementAtlas.Batch159.odd_cleared_9_87' depends on axioms: [propext, Classical.choice, Quot.sound]
'Collatz.Research.RefinementAtlas.Batch160.data_9_88' does not depend on any axioms
'Collatz.Research.RefinementAtlas.Batch160.gap_9_88' does not depend on any axioms
'Collatz.Research.RefinementAtlas.Batch160.cutoff_9_88' does not depend on any axioms
'Collatz.Research.RefinementAtlas.Batch160.even_endpoint_9_88' depends on axioms: [propext, Quot.sound]
'Collatz.Research.RefinementAtlas.Batch160.odd_endpoint_9_88' depends on axioms: [propext, Quot.sound]
'Collatz.Research.RefinementAtlas.Batch160.even_cutoff_9_88' depends on axioms: [propext, Classical.choice, Quot.sound]
'Collatz.Research.RefinementAtlas.Batch160.odd_cleared_9_88' depends on axioms: [propext, Classical.choice, Quot.sound]
'Collatz.Research.RefinementAtlas.Batch160.data_9_89' does not depend on any axioms
'Collatz.Research.RefinementAtlas.Batch160.gap_9_89' does not depend on any axioms
'Collatz.Research.RefinementAtlas.Batch160.cutoff_9_89' does not depend on any axioms
'Collatz.Research.RefinementAtlas.Batch160.even_endpoint_9_89' depends on axioms: [propext, Quot.sound]
'Collatz.Research.RefinementAtlas.Batch160.odd_endpoint_9_89' depends on axioms: [propext, Quot.sound]
'Collatz.Research.RefinementAtlas.Batch160.even_cutoff_9_89' depends on axioms: [propext, Classical.choice, Quot.sound]
'Collatz.Research.RefinementAtlas.Batch160.odd_cleared_9_89' depends on axioms: [propext, Classical.choice, Quot.sound]
'Collatz.Research.RefinementAtlas.Batch160.data_9_90' does not depend on any axioms
'Collatz.Research.RefinementAtlas.Batch160.gap_9_90' does not depend on any axioms
'Collatz.Research.RefinementAtlas.Batch160.cutoff_9_90' does not depend on any axioms
'Collatz.Research.RefinementAtlas.Batch160.even_endpoint_9_90' depends on axioms: [propext, Quot.sound]
'Collatz.Research.RefinementAtlas.Batch160.odd_endpoint_9_90' depends on axioms: [propext, Quot.sound]
'Collatz.Research.RefinementAtlas.Batch160.even_cutoff_9_90' depends on axioms: [propext, Classical.choice, Quot.sound]
'Collatz.Research.RefinementAtlas.Batch160.odd_cleared_9_90' depends on axioms: [propext, Classical.choice, Quot.sound]
'Collatz.Research.RefinementAtlas.Batch161.data_9_92' does not depend on any axioms
'Collatz.Research.RefinementAtlas.Batch161.gap_9_92' does not depend on any axioms
'Collatz.Research.RefinementAtlas.Batch161.cutoff_9_92' does not depend on any axioms
'Collatz.Research.RefinementAtlas.Batch161.even_endpoint_9_92' depends on axioms: [propext, Quot.sound]
'Collatz.Research.RefinementAtlas.Batch161.odd_endpoint_9_92' depends on axioms: [propext, Quot.sound]
'Collatz.Research.RefinementAtlas.Batch161.even_cutoff_9_92' depends on axioms: [propext, Classical.choice, Quot.sound]
'Collatz.Research.RefinementAtlas.Batch161.odd_cleared_9_92' depends on axioms: [propext, Classical.choice, Quot.sound]
'Collatz.Research.RefinementAtlas.Batch161.data_9_93' does not depend on any axioms
'Collatz.Research.RefinementAtlas.Batch161.gap_9_93' does not depend on any axioms
'Collatz.Research.RefinementAtlas.Batch161.cutoff_9_93' does not depend on any axioms
'Collatz.Research.RefinementAtlas.Batch161.even_endpoint_9_93' depends on axioms: [propext, Quot.sound]
'Collatz.Research.RefinementAtlas.Batch161.odd_endpoint_9_93' depends on axioms: [propext, Quot.sound]
'Collatz.Research.RefinementAtlas.Batch161.even_cutoff_9_93' depends on axioms: [propext, Classical.choice, Quot.sound]
'Collatz.Research.RefinementAtlas.Batch161.odd_cleared_9_93' depends on axioms: [propext, Classical.choice, Quot.sound]
'Collatz.Research.RefinementAtlas.Batch161.data_9_96' does not depend on any axioms
'Collatz.Research.RefinementAtlas.Batch161.gap_9_96' does not depend on any axioms
'Collatz.Research.RefinementAtlas.Batch161.cutoff_9_96' does not depend on any axioms
'Collatz.Research.RefinementAtlas.Batch161.even_endpoint_9_96' depends on axioms: [propext, Quot.sound]
'Collatz.Research.RefinementAtlas.Batch161.odd_endpoint_9_96' depends on axioms: [propext, Quot.sound]
'Collatz.Research.RefinementAtlas.Batch161.even_cutoff_9_96' depends on axioms: [propext, Classical.choice, Quot.sound]
'Collatz.Research.RefinementAtlas.Batch161.odd_cleared_9_96' depends on axioms: [propext, Classical.choice, Quot.sound]
'Collatz.Research.RefinementAtlas.Batch162.data_9_97' does not depend on any axioms
'Collatz.Research.RefinementAtlas.Batch162.gap_9_97' does not depend on any axioms
'Collatz.Research.RefinementAtlas.Batch162.cutoff_9_97' does not depend on any axioms
'Collatz.Research.RefinementAtlas.Batch162.even_endpoint_9_97' depends on axioms: [propext, Quot.sound]
'Collatz.Research.RefinementAtlas.Batch162.odd_endpoint_9_97' depends on axioms: [propext, Quot.sound]
'Collatz.Research.RefinementAtlas.Batch162.even_cutoff_9_97' depends on axioms: [propext, Classical.choice, Quot.sound]
'Collatz.Research.RefinementAtlas.Batch162.odd_cleared_9_97' depends on axioms: [propext, Classical.choice, Quot.sound]
'Collatz.Research.RefinementAtlas.Batch162.data_9_98' does not depend on any axioms
'Collatz.Research.RefinementAtlas.Batch162.gap_9_98' does not depend on any axioms
'Collatz.Research.RefinementAtlas.Batch162.cutoff_9_98' does not depend on any axioms
'Collatz.Research.RefinementAtlas.Batch162.even_endpoint_9_98' depends on axioms: [propext, Quot.sound]
'Collatz.Research.RefinementAtlas.Batch162.odd_endpoint_9_98' depends on axioms: [propext, Quot.sound]
'Collatz.Research.RefinementAtlas.Batch162.even_cutoff_9_98' depends on axioms: [propext, Classical.choice, Quot.sound]
'Collatz.Research.RefinementAtlas.Batch162.odd_cleared_9_98' depends on axioms: [propext, Classical.choice, Quot.sound]
'Collatz.Research.RefinementAtlas.Batch162.data_9_99' does not depend on any axioms
'Collatz.Research.RefinementAtlas.Batch162.gap_9_99' does not depend on any axioms
'Collatz.Research.RefinementAtlas.Batch162.cutoff_9_99' does not depend on any axioms
'Collatz.Research.RefinementAtlas.Batch162.even_endpoint_9_99' depends on axioms: [propext, Quot.sound]
'Collatz.Research.RefinementAtlas.Batch162.odd_endpoint_9_99' depends on axioms: [propext, Quot.sound]
'Collatz.Research.RefinementAtlas.Batch162.even_cutoff_9_99' depends on axioms: [propext, Classical.choice, Quot.sound]
'Collatz.Research.RefinementAtlas.Batch162.odd_cleared_9_99' depends on axioms: [propext, Classical.choice, Quot.sound]
'Collatz.Research.RefinementAtlas.Batch163.data_9_100' does not depend on any axioms
'Collatz.Research.RefinementAtlas.Batch163.gap_9_100' does not depend on any axioms
'Collatz.Research.RefinementAtlas.Batch163.cutoff_9_100' does not depend on any axioms
'Collatz.Research.RefinementAtlas.Batch163.even_endpoint_9_100' depends on axioms: [propext, Quot.sound]
'Collatz.Research.RefinementAtlas.Batch163.odd_endpoint_9_100' depends on axioms: [propext, Quot.sound]
'Collatz.Research.RefinementAtlas.Batch163.even_cutoff_9_100' depends on axioms: [propext, Classical.choice, Quot.sound]
'Collatz.Research.RefinementAtlas.Batch163.odd_cleared_9_100' depends on axioms: [propext, Classical.choice, Quot.sound]
'Collatz.Research.RefinementAtlas.Batch163.data_9_101' does not depend on any axioms
'Collatz.Research.RefinementAtlas.Batch163.gap_9_101' does not depend on any axioms
'Collatz.Research.RefinementAtlas.Batch163.cutoff_9_101' does not depend on any axioms
'Collatz.Research.RefinementAtlas.Batch163.even_endpoint_9_101' depends on axioms: [propext, Quot.sound]
'Collatz.Research.RefinementAtlas.Batch163.odd_endpoint_9_101' depends on axioms: [propext, Quot.sound]
'Collatz.Research.RefinementAtlas.Batch163.even_cutoff_9_101' depends on axioms: [propext, Classical.choice, Quot.sound]
'Collatz.Research.RefinementAtlas.Batch163.odd_cleared_9_101' depends on axioms: [propext, Classical.choice, Quot.sound]
'Collatz.Research.RefinementAtlas.Batch163.data_9_102' does not depend on any axioms
'Collatz.Research.RefinementAtlas.Batch163.gap_9_102' does not depend on any axioms
'Collatz.Research.RefinementAtlas.Batch163.cutoff_9_102' does not depend on any axioms
'Collatz.Research.RefinementAtlas.Batch163.even_endpoint_9_102' depends on axioms: [propext, Quot.sound]
'Collatz.Research.RefinementAtlas.Batch163.odd_endpoint_9_102' depends on axioms: [propext, Quot.sound]
'Collatz.Research.RefinementAtlas.Batch163.even_cutoff_9_102' depends on axioms: [propext, Classical.choice, Quot.sound]
'Collatz.Research.RefinementAtlas.Batch163.odd_cleared_9_102' depends on axioms: [propext, Classical.choice, Quot.sound]
'Collatz.Research.RefinementAtlas.Batch164.data_9_104' does not depend on any axioms
'Collatz.Research.RefinementAtlas.Batch164.gap_9_104' does not depend on any axioms
'Collatz.Research.RefinementAtlas.Batch164.cutoff_9_104' does not depend on any axioms
'Collatz.Research.RefinementAtlas.Batch164.even_endpoint_9_104' depends on axioms: [propext, Quot.sound]
'Collatz.Research.RefinementAtlas.Batch164.odd_endpoint_9_104' depends on axioms: [propext, Quot.sound]
'Collatz.Research.RefinementAtlas.Batch164.even_cutoff_9_104' depends on axioms: [propext, Classical.choice, Quot.sound]
'Collatz.Research.RefinementAtlas.Batch164.odd_cleared_9_104' depends on axioms: [propext, Classical.choice, Quot.sound]
'Collatz.Research.RefinementAtlas.Batch164.data_9_106' does not depend on any axioms
'Collatz.Research.RefinementAtlas.Batch164.gap_9_106' does not depend on any axioms
'Collatz.Research.RefinementAtlas.Batch164.cutoff_9_106' does not depend on any axioms
'Collatz.Research.RefinementAtlas.Batch164.even_endpoint_9_106' depends on axioms: [propext, Quot.sound]
'Collatz.Research.RefinementAtlas.Batch164.odd_endpoint_9_106' depends on axioms: [propext, Quot.sound]
'Collatz.Research.RefinementAtlas.Batch164.even_cutoff_9_106' depends on axioms: [propext, Classical.choice, Quot.sound]
'Collatz.Research.RefinementAtlas.Batch164.odd_cleared_9_106' depends on axioms: [propext, Classical.choice, Quot.sound]
'Collatz.Research.RefinementAtlas.Batch164.data_9_112' does not depend on any axioms
'Collatz.Research.RefinementAtlas.Batch164.gap_9_112' does not depend on any axioms
'Collatz.Research.RefinementAtlas.Batch164.cutoff_9_112' does not depend on any axioms
'Collatz.Research.RefinementAtlas.Batch164.even_endpoint_9_112' depends on axioms: [propext, Quot.sound]
'Collatz.Research.RefinementAtlas.Batch164.odd_endpoint_9_112' depends on axioms: [propext, Quot.sound]
'Collatz.Research.RefinementAtlas.Batch164.even_cutoff_9_112' depends on axioms: [propext, Classical.choice, Quot.sound]
'Collatz.Research.RefinementAtlas.Batch164.odd_cleared_9_112' depends on axioms: [propext, Classical.choice, Quot.sound]
'Collatz.Research.RefinementAtlas.Batch165.data_9_113' does not depend on any axioms
'Collatz.Research.RefinementAtlas.Batch165.gap_9_113' does not depend on any axioms
'Collatz.Research.RefinementAtlas.Batch165.cutoff_9_113' does not depend on any axioms
'Collatz.Research.RefinementAtlas.Batch165.even_endpoint_9_113' depends on axioms: [propext, Quot.sound]
'Collatz.Research.RefinementAtlas.Batch165.odd_endpoint_9_113' depends on axioms: [propext, Quot.sound]
'Collatz.Research.RefinementAtlas.Batch165.even_cutoff_9_113' depends on axioms: [propext, Classical.choice, Quot.sound]
'Collatz.Research.RefinementAtlas.Batch165.odd_cleared_9_113' depends on axioms: [propext, Classical.choice, Quot.sound]
'Collatz.Research.RefinementAtlas.Batch165.data_9_114' does not depend on any axioms
'Collatz.Research.RefinementAtlas.Batch165.gap_9_114' does not depend on any axioms
'Collatz.Research.RefinementAtlas.Batch165.cutoff_9_114' does not depend on any axioms
'Collatz.Research.RefinementAtlas.Batch165.even_endpoint_9_114' depends on axioms: [propext, Quot.sound]
'Collatz.Research.RefinementAtlas.Batch165.odd_endpoint_9_114' depends on axioms: [propext, Quot.sound]
'Collatz.Research.RefinementAtlas.Batch165.even_cutoff_9_114' depends on axioms: [propext, Classical.choice, Quot.sound]
'Collatz.Research.RefinementAtlas.Batch165.odd_cleared_9_114' depends on axioms: [propext, Classical.choice, Quot.sound]
'Collatz.Research.RefinementAtlas.Batch165.data_9_115' does not depend on any axioms
'Collatz.Research.RefinementAtlas.Batch165.gap_9_115' does not depend on any axioms
'Collatz.Research.RefinementAtlas.Batch165.cutoff_9_115' does not depend on any axioms
'Collatz.Research.RefinementAtlas.Batch165.even_endpoint_9_115' depends on axioms: [propext, Quot.sound]
'Collatz.Research.RefinementAtlas.Batch165.odd_endpoint_9_115' depends on axioms: [propext, Quot.sound]
'Collatz.Research.RefinementAtlas.Batch165.even_cutoff_9_115' depends on axioms: [propext, Classical.choice, Quot.sound]
'Collatz.Research.RefinementAtlas.Batch165.odd_cleared_9_115' depends on axioms: [propext, Classical.choice, Quot.sound]
'Collatz.Research.RefinementAtlas.Batch166.data_9_116' does not depend on any axioms
'Collatz.Research.RefinementAtlas.Batch166.gap_9_116' does not depend on any axioms
'Collatz.Research.RefinementAtlas.Batch166.cutoff_9_116' does not depend on any axioms
'Collatz.Research.RefinementAtlas.Batch166.even_endpoint_9_116' depends on axioms: [propext, Quot.sound]
'Collatz.Research.RefinementAtlas.Batch166.odd_endpoint_9_116' depends on axioms: [propext, Quot.sound]
'Collatz.Research.RefinementAtlas.Batch166.even_cutoff_9_116' depends on axioms: [propext, Classical.choice, Quot.sound]
'Collatz.Research.RefinementAtlas.Batch166.odd_cleared_9_116' depends on axioms: [propext, Classical.choice, Quot.sound]
'Collatz.Research.RefinementAtlas.Batch166.data_9_117' does not depend on any axioms
'Collatz.Research.RefinementAtlas.Batch166.gap_9_117' does not depend on any axioms
'Collatz.Research.RefinementAtlas.Batch166.cutoff_9_117' does not depend on any axioms
'Collatz.Research.RefinementAtlas.Batch166.even_endpoint_9_117' depends on axioms: [propext, Quot.sound]
'Collatz.Research.RefinementAtlas.Batch166.odd_endpoint_9_117' depends on axioms: [propext, Quot.sound]
'Collatz.Research.RefinementAtlas.Batch166.even_cutoff_9_117' depends on axioms: [propext, Classical.choice, Quot.sound]
'Collatz.Research.RefinementAtlas.Batch166.odd_cleared_9_117' depends on axioms: [propext, Classical.choice, Quot.sound]
'Collatz.Research.RefinementAtlas.Batch166.data_9_118' does not depend on any axioms
'Collatz.Research.RefinementAtlas.Batch166.gap_9_118' does not depend on any axioms
'Collatz.Research.RefinementAtlas.Batch166.cutoff_9_118' does not depend on any axioms
'Collatz.Research.RefinementAtlas.Batch166.even_endpoint_9_118' depends on axioms: [propext, Quot.sound]
'Collatz.Research.RefinementAtlas.Batch166.odd_endpoint_9_118' depends on axioms: [propext, Quot.sound]
'Collatz.Research.RefinementAtlas.Batch166.even_cutoff_9_118' depends on axioms: [propext, Classical.choice, Quot.sound]
'Collatz.Research.RefinementAtlas.Batch166.odd_cleared_9_118' depends on axioms: [propext, Classical.choice, Quot.sound]
'Collatz.Research.RefinementAtlas.Batch167.data_9_119' does not depend on any axioms
'Collatz.Research.RefinementAtlas.Batch167.gap_9_119' does not depend on any axioms
'Collatz.Research.RefinementAtlas.Batch167.cutoff_9_119' does not depend on any axioms
'Collatz.Research.RefinementAtlas.Batch167.even_endpoint_9_119' depends on axioms: [propext, Quot.sound]
'Collatz.Research.RefinementAtlas.Batch167.odd_endpoint_9_119' depends on axioms: [propext, Quot.sound]
'Collatz.Research.RefinementAtlas.Batch167.even_cutoff_9_119' depends on axioms: [propext, Classical.choice, Quot.sound]
'Collatz.Research.RefinementAtlas.Batch167.odd_cleared_9_119' depends on axioms: [propext, Classical.choice, Quot.sound]
'Collatz.Research.RefinementAtlas.Batch167.data_9_120' does not depend on any axioms
'Collatz.Research.RefinementAtlas.Batch167.gap_9_120' does not depend on any axioms
'Collatz.Research.RefinementAtlas.Batch167.cutoff_9_120' does not depend on any axioms
'Collatz.Research.RefinementAtlas.Batch167.even_endpoint_9_120' depends on axioms: [propext, Quot.sound]
'Collatz.Research.RefinementAtlas.Batch167.odd_endpoint_9_120' depends on axioms: [propext, Quot.sound]
'Collatz.Research.RefinementAtlas.Batch167.even_cutoff_9_120' depends on axioms: [propext, Classical.choice, Quot.sound]
'Collatz.Research.RefinementAtlas.Batch167.odd_cleared_9_120' depends on axioms: [propext, Classical.choice, Quot.sound]
'Collatz.Research.RefinementAtlas.Batch167.data_9_122' does not depend on any axioms
'Collatz.Research.RefinementAtlas.Batch167.gap_9_122' does not depend on any axioms
'Collatz.Research.RefinementAtlas.Batch167.cutoff_9_122' does not depend on any axioms
'Collatz.Research.RefinementAtlas.Batch167.even_endpoint_9_122' depends on axioms: [propext, Quot.sound]
'Collatz.Research.RefinementAtlas.Batch167.odd_endpoint_9_122' depends on axioms: [propext, Quot.sound]
'Collatz.Research.RefinementAtlas.Batch167.even_cutoff_9_122' depends on axioms: [propext, Classical.choice, Quot.sound]
'Collatz.Research.RefinementAtlas.Batch167.odd_cleared_9_122' depends on axioms: [propext, Classical.choice, Quot.sound]
'Collatz.Research.RefinementAtlas.Batch168.data_9_123' does not depend on any axioms
'Collatz.Research.RefinementAtlas.Batch168.gap_9_123' does not depend on any axioms
'Collatz.Research.RefinementAtlas.Batch168.cutoff_9_123' does not depend on any axioms
'Collatz.Research.RefinementAtlas.Batch168.even_endpoint_9_123' depends on axioms: [propext, Quot.sound]
'Collatz.Research.RefinementAtlas.Batch168.odd_endpoint_9_123' depends on axioms: [propext, Quot.sound]
'Collatz.Research.RefinementAtlas.Batch168.even_cutoff_9_123' depends on axioms: [propext, Classical.choice, Quot.sound]
'Collatz.Research.RefinementAtlas.Batch168.odd_cleared_9_123' depends on axioms: [propext, Classical.choice, Quot.sound]
'Collatz.Research.RefinementAtlas.Batch168.data_9_128' does not depend on any axioms
'Collatz.Research.RefinementAtlas.Batch168.gap_9_128' does not depend on any axioms
'Collatz.Research.RefinementAtlas.Batch168.cutoff_9_128' does not depend on any axioms
'Collatz.Research.RefinementAtlas.Batch168.even_endpoint_9_128' depends on axioms: [propext, Quot.sound]
'Collatz.Research.RefinementAtlas.Batch168.odd_endpoint_9_128' depends on axioms: [propext, Quot.sound]
'Collatz.Research.RefinementAtlas.Batch168.even_cutoff_9_128' depends on axioms: [propext, Classical.choice, Quot.sound]
'Collatz.Research.RefinementAtlas.Batch168.odd_cleared_9_128' depends on axioms: [propext, Classical.choice, Quot.sound]
'Collatz.Research.RefinementAtlas.Batch168.data_9_130' does not depend on any axioms
'Collatz.Research.RefinementAtlas.Batch168.gap_9_130' does not depend on any axioms
'Collatz.Research.RefinementAtlas.Batch168.cutoff_9_130' does not depend on any axioms
'Collatz.Research.RefinementAtlas.Batch168.even_endpoint_9_130' depends on axioms: [propext, Quot.sound]
'Collatz.Research.RefinementAtlas.Batch168.odd_endpoint_9_130' depends on axioms: [propext, Quot.sound]
'Collatz.Research.RefinementAtlas.Batch168.even_cutoff_9_130' depends on axioms: [propext, Classical.choice, Quot.sound]
'Collatz.Research.RefinementAtlas.Batch168.odd_cleared_9_130' depends on axioms: [propext, Classical.choice, Quot.sound]
'Collatz.Research.RefinementAtlas.Batch169.data_9_131' does not depend on any axioms
'Collatz.Research.RefinementAtlas.Batch169.gap_9_131' does not depend on any axioms
'Collatz.Research.RefinementAtlas.Batch169.cutoff_9_131' does not depend on any axioms
'Collatz.Research.RefinementAtlas.Batch169.even_endpoint_9_131' depends on axioms: [propext, Quot.sound]
'Collatz.Research.RefinementAtlas.Batch169.odd_endpoint_9_131' depends on axioms: [propext, Quot.sound]
'Collatz.Research.RefinementAtlas.Batch169.even_cutoff_9_131' depends on axioms: [propext, Classical.choice, Quot.sound]
'Collatz.Research.RefinementAtlas.Batch169.odd_cleared_9_131' depends on axioms: [propext, Classical.choice, Quot.sound]
'Collatz.Research.RefinementAtlas.Batch169.data_9_132' does not depend on any axioms
'Collatz.Research.RefinementAtlas.Batch169.gap_9_132' does not depend on any axioms
'Collatz.Research.RefinementAtlas.Batch169.cutoff_9_132' does not depend on any axioms
'Collatz.Research.RefinementAtlas.Batch169.even_endpoint_9_132' depends on axioms: [propext, Quot.sound]
'Collatz.Research.RefinementAtlas.Batch169.odd_endpoint_9_132' depends on axioms: [propext, Quot.sound]
'Collatz.Research.RefinementAtlas.Batch169.even_cutoff_9_132' depends on axioms: [propext, Classical.choice, Quot.sound]
'Collatz.Research.RefinementAtlas.Batch169.odd_cleared_9_132' depends on axioms: [propext, Classical.choice, Quot.sound]
'Collatz.Research.RefinementAtlas.Batch169.data_9_133' does not depend on any axioms
'Collatz.Research.RefinementAtlas.Batch169.gap_9_133' does not depend on any axioms
'Collatz.Research.RefinementAtlas.Batch169.cutoff_9_133' does not depend on any axioms
'Collatz.Research.RefinementAtlas.Batch169.even_endpoint_9_133' depends on axioms: [propext, Quot.sound]
'Collatz.Research.RefinementAtlas.Batch169.odd_endpoint_9_133' depends on axioms: [propext, Quot.sound]
'Collatz.Research.RefinementAtlas.Batch169.even_cutoff_9_133' depends on axioms: [propext, Classical.choice, Quot.sound]
'Collatz.Research.RefinementAtlas.Batch169.odd_cleared_9_133' depends on axioms: [propext, Classical.choice, Quot.sound]
'Collatz.Research.RefinementAtlas.Batch170.data_9_134' does not depend on any axioms
'Collatz.Research.RefinementAtlas.Batch170.gap_9_134' does not depend on any axioms
'Collatz.Research.RefinementAtlas.Batch170.cutoff_9_134' does not depend on any axioms
'Collatz.Research.RefinementAtlas.Batch170.even_endpoint_9_134' depends on axioms: [propext, Quot.sound]
'Collatz.Research.RefinementAtlas.Batch170.odd_endpoint_9_134' depends on axioms: [propext, Quot.sound]
'Collatz.Research.RefinementAtlas.Batch170.even_cutoff_9_134' depends on axioms: [propext, Classical.choice, Quot.sound]
'Collatz.Research.RefinementAtlas.Batch170.odd_cleared_9_134' depends on axioms: [propext, Classical.choice, Quot.sound]
'Collatz.Research.RefinementAtlas.Batch170.data_9_135' does not depend on any axioms
'Collatz.Research.RefinementAtlas.Batch170.gap_9_135' does not depend on any axioms
'Collatz.Research.RefinementAtlas.Batch170.cutoff_9_135' does not depend on any axioms
'Collatz.Research.RefinementAtlas.Batch170.even_endpoint_9_135' depends on axioms: [propext, Quot.sound]
'Collatz.Research.RefinementAtlas.Batch170.odd_endpoint_9_135' depends on axioms: [propext, Quot.sound]
'Collatz.Research.RefinementAtlas.Batch170.even_cutoff_9_135' depends on axioms: [propext, Classical.choice, Quot.sound]
'Collatz.Research.RefinementAtlas.Batch170.odd_cleared_9_135' depends on axioms: [propext, Classical.choice, Quot.sound]
'Collatz.Research.RefinementAtlas.Batch170.data_9_136' does not depend on any axioms
'Collatz.Research.RefinementAtlas.Batch170.gap_9_136' does not depend on any axioms
'Collatz.Research.RefinementAtlas.Batch170.cutoff_9_136' does not depend on any axioms
'Collatz.Research.RefinementAtlas.Batch170.even_endpoint_9_136' depends on axioms: [propext, Quot.sound]
'Collatz.Research.RefinementAtlas.Batch170.odd_endpoint_9_136' depends on axioms: [propext, Quot.sound]
'Collatz.Research.RefinementAtlas.Batch170.even_cutoff_9_136' depends on axioms: [propext, Classical.choice, Quot.sound]
'Collatz.Research.RefinementAtlas.Batch170.odd_cleared_9_136' depends on axioms: [propext, Classical.choice, Quot.sound]
'Collatz.Research.RefinementAtlas.Batch171.data_9_138' does not depend on any axioms
'Collatz.Research.RefinementAtlas.Batch171.gap_9_138' does not depend on any axioms
'Collatz.Research.RefinementAtlas.Batch171.cutoff_9_138' does not depend on any axioms
'Collatz.Research.RefinementAtlas.Batch171.even_endpoint_9_138' depends on axioms: [propext, Quot.sound]
'Collatz.Research.RefinementAtlas.Batch171.odd_endpoint_9_138' depends on axioms: [propext, Quot.sound]
'Collatz.Research.RefinementAtlas.Batch171.even_cutoff_9_138' depends on axioms: [propext, Classical.choice, Quot.sound]
'Collatz.Research.RefinementAtlas.Batch171.odd_cleared_9_138' depends on axioms: [propext, Classical.choice, Quot.sound]
'Collatz.Research.RefinementAtlas.Batch171.data_9_139' does not depend on any axioms
'Collatz.Research.RefinementAtlas.Batch171.gap_9_139' does not depend on any axioms
'Collatz.Research.RefinementAtlas.Batch171.cutoff_9_139' does not depend on any axioms
'Collatz.Research.RefinementAtlas.Batch171.even_endpoint_9_139' depends on axioms: [propext, Quot.sound]
'Collatz.Research.RefinementAtlas.Batch171.odd_endpoint_9_139' depends on axioms: [propext, Quot.sound]
'Collatz.Research.RefinementAtlas.Batch171.even_cutoff_9_139' depends on axioms: [propext, Classical.choice, Quot.sound]
'Collatz.Research.RefinementAtlas.Batch171.odd_cleared_9_139' depends on axioms: [propext, Classical.choice, Quot.sound]
'Collatz.Research.RefinementAtlas.Batch171.data_9_140' does not depend on any axioms
'Collatz.Research.RefinementAtlas.Batch171.gap_9_140' does not depend on any axioms
'Collatz.Research.RefinementAtlas.Batch171.cutoff_9_140' does not depend on any axioms
'Collatz.Research.RefinementAtlas.Batch171.even_endpoint_9_140' depends on axioms: [propext, Quot.sound]
'Collatz.Research.RefinementAtlas.Batch171.odd_endpoint_9_140' depends on axioms: [propext, Quot.sound]
'Collatz.Research.RefinementAtlas.Batch171.even_cutoff_9_140' depends on axioms: [propext, Classical.choice, Quot.sound]
'Collatz.Research.RefinementAtlas.Batch171.odd_cleared_9_140' depends on axioms: [propext, Classical.choice, Quot.sound]
'Collatz.Research.RefinementAtlas.Batch172.data_9_141' does not depend on any axioms
'Collatz.Research.RefinementAtlas.Batch172.gap_9_141' does not depend on any axioms
'Collatz.Research.RefinementAtlas.Batch172.cutoff_9_141' does not depend on any axioms
'Collatz.Research.RefinementAtlas.Batch172.even_endpoint_9_141' depends on axioms: [propext, Quot.sound]
'Collatz.Research.RefinementAtlas.Batch172.odd_endpoint_9_141' depends on axioms: [propext, Quot.sound]
'Collatz.Research.RefinementAtlas.Batch172.even_cutoff_9_141' depends on axioms: [propext, Classical.choice, Quot.sound]
'Collatz.Research.RefinementAtlas.Batch172.odd_cleared_9_141' depends on axioms: [propext, Classical.choice, Quot.sound]
'Collatz.Research.RefinementAtlas.Batch172.data_9_144' does not depend on any axioms
'Collatz.Research.RefinementAtlas.Batch172.gap_9_144' does not depend on any axioms
'Collatz.Research.RefinementAtlas.Batch172.cutoff_9_144' does not depend on any axioms
'Collatz.Research.RefinementAtlas.Batch172.even_endpoint_9_144' depends on axioms: [propext, Quot.sound]
'Collatz.Research.RefinementAtlas.Batch172.odd_endpoint_9_144' depends on axioms: [propext, Quot.sound]
'Collatz.Research.RefinementAtlas.Batch172.even_cutoff_9_144' depends on axioms: [propext, Classical.choice, Quot.sound]
'Collatz.Research.RefinementAtlas.Batch172.odd_cleared_9_144' depends on axioms: [propext, Classical.choice, Quot.sound]
'Collatz.Research.RefinementAtlas.Batch172.data_9_145' does not depend on any axioms
'Collatz.Research.RefinementAtlas.Batch172.gap_9_145' does not depend on any axioms
'Collatz.Research.RefinementAtlas.Batch172.cutoff_9_145' does not depend on any axioms
'Collatz.Research.RefinementAtlas.Batch172.even_endpoint_9_145' depends on axioms: [propext, Quot.sound]
'Collatz.Research.RefinementAtlas.Batch172.odd_endpoint_9_145' depends on axioms: [propext, Quot.sound]
'Collatz.Research.RefinementAtlas.Batch172.even_cutoff_9_145' depends on axioms: [propext, Classical.choice, Quot.sound]
'Collatz.Research.RefinementAtlas.Batch172.odd_cleared_9_145' depends on axioms: [propext, Classical.choice, Quot.sound]
'Collatz.Research.RefinementAtlas.Batch173.data_9_146' does not depend on any axioms
'Collatz.Research.RefinementAtlas.Batch173.gap_9_146' does not depend on any axioms
'Collatz.Research.RefinementAtlas.Batch173.cutoff_9_146' does not depend on any axioms
'Collatz.Research.RefinementAtlas.Batch173.even_endpoint_9_146' depends on axioms: [propext, Quot.sound]
'Collatz.Research.RefinementAtlas.Batch173.odd_endpoint_9_146' depends on axioms: [propext, Quot.sound]
'Collatz.Research.RefinementAtlas.Batch173.even_cutoff_9_146' depends on axioms: [propext, Classical.choice, Quot.sound]
'Collatz.Research.RefinementAtlas.Batch173.odd_cleared_9_146' depends on axioms: [propext, Classical.choice, Quot.sound]
'Collatz.Research.RefinementAtlas.Batch173.data_9_147' does not depend on any axioms
'Collatz.Research.RefinementAtlas.Batch173.gap_9_147' does not depend on any axioms
'Collatz.Research.RefinementAtlas.Batch173.cutoff_9_147' does not depend on any axioms
'Collatz.Research.RefinementAtlas.Batch173.even_endpoint_9_147' depends on axioms: [propext, Quot.sound]
'Collatz.Research.RefinementAtlas.Batch173.odd_endpoint_9_147' depends on axioms: [propext, Quot.sound]
'Collatz.Research.RefinementAtlas.Batch173.even_cutoff_9_147' depends on axioms: [propext, Classical.choice, Quot.sound]
'Collatz.Research.RefinementAtlas.Batch173.odd_cleared_9_147' depends on axioms: [propext, Classical.choice, Quot.sound]
'Collatz.Research.RefinementAtlas.Batch173.data_9_148' does not depend on any axioms
'Collatz.Research.RefinementAtlas.Batch173.gap_9_148' does not depend on any axioms
'Collatz.Research.RefinementAtlas.Batch173.cutoff_9_148' does not depend on any axioms
'Collatz.Research.RefinementAtlas.Batch173.even_endpoint_9_148' depends on axioms: [propext, Quot.sound]
'Collatz.Research.RefinementAtlas.Batch173.odd_endpoint_9_148' depends on axioms: [propext, Quot.sound]
'Collatz.Research.RefinementAtlas.Batch173.even_cutoff_9_148' depends on axioms: [propext, Classical.choice, Quot.sound]
'Collatz.Research.RefinementAtlas.Batch173.odd_cleared_9_148' depends on axioms: [propext, Classical.choice, Quot.sound]
'Collatz.Research.RefinementAtlas.Batch174.data_9_149' does not depend on any axioms
'Collatz.Research.RefinementAtlas.Batch174.gap_9_149' does not depend on any axioms
'Collatz.Research.RefinementAtlas.Batch174.cutoff_9_149' does not depend on any axioms
'Collatz.Research.RefinementAtlas.Batch174.even_endpoint_9_149' depends on axioms: [propext, Quot.sound]
'Collatz.Research.RefinementAtlas.Batch174.odd_endpoint_9_149' depends on axioms: [propext, Quot.sound]
'Collatz.Research.RefinementAtlas.Batch174.even_cutoff_9_149' depends on axioms: [propext, Classical.choice, Quot.sound]
'Collatz.Research.RefinementAtlas.Batch174.odd_cleared_9_149' depends on axioms: [propext, Classical.choice, Quot.sound]
'Collatz.Research.RefinementAtlas.Batch174.data_9_150' does not depend on any axioms
'Collatz.Research.RefinementAtlas.Batch174.gap_9_150' does not depend on any axioms
'Collatz.Research.RefinementAtlas.Batch174.cutoff_9_150' does not depend on any axioms
'Collatz.Research.RefinementAtlas.Batch174.even_endpoint_9_150' depends on axioms: [propext, Quot.sound]
'Collatz.Research.RefinementAtlas.Batch174.odd_endpoint_9_150' depends on axioms: [propext, Quot.sound]
'Collatz.Research.RefinementAtlas.Batch174.even_cutoff_9_150' depends on axioms: [propext, Classical.choice, Quot.sound]
'Collatz.Research.RefinementAtlas.Batch174.odd_cleared_9_150' depends on axioms: [propext, Classical.choice, Quot.sound]
'Collatz.Research.RefinementAtlas.Batch174.data_9_151' does not depend on any axioms
'Collatz.Research.RefinementAtlas.Batch174.gap_9_151' does not depend on any axioms
'Collatz.Research.RefinementAtlas.Batch174.cutoff_9_151' does not depend on any axioms
'Collatz.Research.RefinementAtlas.Batch174.even_endpoint_9_151' depends on axioms: [propext, Quot.sound]
'Collatz.Research.RefinementAtlas.Batch174.odd_endpoint_9_151' depends on axioms: [propext, Quot.sound]
'Collatz.Research.RefinementAtlas.Batch174.even_cutoff_9_151' depends on axioms: [propext, Classical.choice, Quot.sound]
'Collatz.Research.RefinementAtlas.Batch174.odd_cleared_9_151' depends on axioms: [propext, Classical.choice, Quot.sound]
'Collatz.Research.RefinementAtlas.Batch175.data_9_152' does not depend on any axioms
'Collatz.Research.RefinementAtlas.Batch175.gap_9_152' does not depend on any axioms
'Collatz.Research.RefinementAtlas.Batch175.cutoff_9_152' does not depend on any axioms
'Collatz.Research.RefinementAtlas.Batch175.even_endpoint_9_152' depends on axioms: [propext, Quot.sound]
'Collatz.Research.RefinementAtlas.Batch175.odd_endpoint_9_152' depends on axioms: [propext, Quot.sound]
'Collatz.Research.RefinementAtlas.Batch175.even_cutoff_9_152' depends on axioms: [propext, Classical.choice, Quot.sound]
'Collatz.Research.RefinementAtlas.Batch175.odd_cleared_9_152' depends on axioms: [propext, Classical.choice, Quot.sound]
'Collatz.Research.RefinementAtlas.Batch175.data_9_153' does not depend on any axioms
'Collatz.Research.RefinementAtlas.Batch175.gap_9_153' does not depend on any axioms
'Collatz.Research.RefinementAtlas.Batch175.cutoff_9_153' does not depend on any axioms
'Collatz.Research.RefinementAtlas.Batch175.even_endpoint_9_153' depends on axioms: [propext, Quot.sound]
'Collatz.Research.RefinementAtlas.Batch175.odd_endpoint_9_153' depends on axioms: [propext, Quot.sound]
'Collatz.Research.RefinementAtlas.Batch175.even_cutoff_9_153' depends on axioms: [propext, Classical.choice, Quot.sound]
'Collatz.Research.RefinementAtlas.Batch175.odd_cleared_9_153' depends on axioms: [propext, Classical.choice, Quot.sound]
'Collatz.Research.RefinementAtlas.Batch175.data_9_154' does not depend on any axioms
'Collatz.Research.RefinementAtlas.Batch175.gap_9_154' does not depend on any axioms
'Collatz.Research.RefinementAtlas.Batch175.cutoff_9_154' does not depend on any axioms
'Collatz.Research.RefinementAtlas.Batch175.even_endpoint_9_154' depends on axioms: [propext, Quot.sound]
'Collatz.Research.RefinementAtlas.Batch175.odd_endpoint_9_154' depends on axioms: [propext, Quot.sound]
'Collatz.Research.RefinementAtlas.Batch175.even_cutoff_9_154' depends on axioms: [propext, Classical.choice, Quot.sound]
'Collatz.Research.RefinementAtlas.Batch175.odd_cleared_9_154' depends on axioms: [propext, Classical.choice, Quot.sound]
'Collatz.Research.RefinementAtlas.Batch176.data_9_156' does not depend on any axioms
'Collatz.Research.RefinementAtlas.Batch176.gap_9_156' does not depend on any axioms
'Collatz.Research.RefinementAtlas.Batch176.cutoff_9_156' does not depend on any axioms
'Collatz.Research.RefinementAtlas.Batch176.even_endpoint_9_156' depends on axioms: [propext, Quot.sound]
'Collatz.Research.RefinementAtlas.Batch176.odd_endpoint_9_156' depends on axioms: [propext, Quot.sound]
'Collatz.Research.RefinementAtlas.Batch176.even_cutoff_9_156' depends on axioms: [propext, Classical.choice, Quot.sound]
'Collatz.Research.RefinementAtlas.Batch176.odd_cleared_9_156' depends on axioms: [propext, Classical.choice, Quot.sound]
'Collatz.Research.RefinementAtlas.Batch176.data_9_157' does not depend on any axioms
'Collatz.Research.RefinementAtlas.Batch176.gap_9_157' does not depend on any axioms
'Collatz.Research.RefinementAtlas.Batch176.cutoff_9_157' does not depend on any axioms
'Collatz.Research.RefinementAtlas.Batch176.even_endpoint_9_157' depends on axioms: [propext, Quot.sound]
'Collatz.Research.RefinementAtlas.Batch176.odd_endpoint_9_157' depends on axioms: [propext, Quot.sound]
'Collatz.Research.RefinementAtlas.Batch176.even_cutoff_9_157' depends on axioms: [propext, Classical.choice, Quot.sound]
'Collatz.Research.RefinementAtlas.Batch176.odd_cleared_9_157' depends on axioms: [propext, Classical.choice, Quot.sound]
'Collatz.Research.RefinementAtlas.Batch176.data_9_158' does not depend on any axioms
'Collatz.Research.RefinementAtlas.Batch176.gap_9_158' does not depend on any axioms
'Collatz.Research.RefinementAtlas.Batch176.cutoff_9_158' does not depend on any axioms
'Collatz.Research.RefinementAtlas.Batch176.even_endpoint_9_158' depends on axioms: [propext, Quot.sound]
'Collatz.Research.RefinementAtlas.Batch176.odd_endpoint_9_158' depends on axioms: [propext, Quot.sound]
'Collatz.Research.RefinementAtlas.Batch176.even_cutoff_9_158' depends on axioms: [propext, Classical.choice, Quot.sound]
'Collatz.Research.RefinementAtlas.Batch176.odd_cleared_9_158' depends on axioms: [propext, Classical.choice, Quot.sound]
'Collatz.Research.RefinementAtlas.Batch177.data_9_160' does not depend on any axioms
'Collatz.Research.RefinementAtlas.Batch177.gap_9_160' does not depend on any axioms
'Collatz.Research.RefinementAtlas.Batch177.cutoff_9_160' does not depend on any axioms
'Collatz.Research.RefinementAtlas.Batch177.even_endpoint_9_160' depends on axioms: [propext, Quot.sound]
'Collatz.Research.RefinementAtlas.Batch177.odd_endpoint_9_160' depends on axioms: [propext, Quot.sound]
'Collatz.Research.RefinementAtlas.Batch177.even_cutoff_9_160' depends on axioms: [propext, Classical.choice, Quot.sound]
'Collatz.Research.RefinementAtlas.Batch177.odd_cleared_9_160' depends on axioms: [propext, Classical.choice, Quot.sound]
'Collatz.Research.RefinementAtlas.Batch177.data_9_162' does not depend on any axioms
'Collatz.Research.RefinementAtlas.Batch177.gap_9_162' does not depend on any axioms
'Collatz.Research.RefinementAtlas.Batch177.cutoff_9_162' does not depend on any axioms
'Collatz.Research.RefinementAtlas.Batch177.even_endpoint_9_162' depends on axioms: [propext, Quot.sound]
'Collatz.Research.RefinementAtlas.Batch177.odd_endpoint_9_162' depends on axioms: [propext, Quot.sound]
'Collatz.Research.RefinementAtlas.Batch177.even_cutoff_9_162' depends on axioms: [propext, Classical.choice, Quot.sound]
'Collatz.Research.RefinementAtlas.Batch177.odd_cleared_9_162' depends on axioms: [propext, Classical.choice, Quot.sound]
'Collatz.Research.RefinementAtlas.Batch177.data_9_163' does not depend on any axioms
'Collatz.Research.RefinementAtlas.Batch177.gap_9_163' does not depend on any axioms
'Collatz.Research.RefinementAtlas.Batch177.cutoff_9_163' does not depend on any axioms
'Collatz.Research.RefinementAtlas.Batch177.even_endpoint_9_163' depends on axioms: [propext, Quot.sound]
'Collatz.Research.RefinementAtlas.Batch177.odd_endpoint_9_163' depends on axioms: [propext, Quot.sound]
'Collatz.Research.RefinementAtlas.Batch177.even_cutoff_9_163' depends on axioms: [propext, Classical.choice, Quot.sound]
'Collatz.Research.RefinementAtlas.Batch177.odd_cleared_9_163' depends on axioms: [propext, Classical.choice, Quot.sound]
'Collatz.Research.RefinementAtlas.Batch178.data_9_168' does not depend on any axioms
'Collatz.Research.RefinementAtlas.Batch178.gap_9_168' does not depend on any axioms
'Collatz.Research.RefinementAtlas.Batch178.cutoff_9_168' does not depend on any axioms
'Collatz.Research.RefinementAtlas.Batch178.even_endpoint_9_168' depends on axioms: [propext, Quot.sound]
'Collatz.Research.RefinementAtlas.Batch178.odd_endpoint_9_168' depends on axioms: [propext, Quot.sound]
'Collatz.Research.RefinementAtlas.Batch178.even_cutoff_9_168' depends on axioms: [propext, Classical.choice, Quot.sound]
'Collatz.Research.RefinementAtlas.Batch178.odd_cleared_9_168' depends on axioms: [propext, Classical.choice, Quot.sound]
'Collatz.Research.RefinementAtlas.Batch178.data_9_170' does not depend on any axioms
'Collatz.Research.RefinementAtlas.Batch178.gap_9_170' does not depend on any axioms
'Collatz.Research.RefinementAtlas.Batch178.cutoff_9_170' does not depend on any axioms
'Collatz.Research.RefinementAtlas.Batch178.even_endpoint_9_170' depends on axioms: [propext, Quot.sound]
'Collatz.Research.RefinementAtlas.Batch178.odd_endpoint_9_170' depends on axioms: [propext, Quot.sound]
'Collatz.Research.RefinementAtlas.Batch178.even_cutoff_9_170' depends on axioms: [propext, Classical.choice, Quot.sound]
'Collatz.Research.RefinementAtlas.Batch178.odd_cleared_9_170' depends on axioms: [propext, Classical.choice, Quot.sound]
'Collatz.Research.RefinementAtlas.Batch178.data_9_171' does not depend on any axioms
'Collatz.Research.RefinementAtlas.Batch178.gap_9_171' does not depend on any axioms
'Collatz.Research.RefinementAtlas.Batch178.cutoff_9_171' does not depend on any axioms
'Collatz.Research.RefinementAtlas.Batch178.even_endpoint_9_171' depends on axioms: [propext, Quot.sound]
'Collatz.Research.RefinementAtlas.Batch178.odd_endpoint_9_171' depends on axioms: [propext, Quot.sound]
'Collatz.Research.RefinementAtlas.Batch178.even_cutoff_9_171' depends on axioms: [propext, Classical.choice, Quot.sound]
'Collatz.Research.RefinementAtlas.Batch178.odd_cleared_9_171' depends on axioms: [propext, Classical.choice, Quot.sound]
'Collatz.Research.RefinementAtlas.Batch179.data_9_172' does not depend on any axioms
'Collatz.Research.RefinementAtlas.Batch179.gap_9_172' does not depend on any axioms
'Collatz.Research.RefinementAtlas.Batch179.cutoff_9_172' does not depend on any axioms
'Collatz.Research.RefinementAtlas.Batch179.even_endpoint_9_172' depends on axioms: [propext, Quot.sound]
'Collatz.Research.RefinementAtlas.Batch179.odd_endpoint_9_172' depends on axioms: [propext, Quot.sound]
'Collatz.Research.RefinementAtlas.Batch179.even_cutoff_9_172' depends on axioms: [propext, Classical.choice, Quot.sound]
'Collatz.Research.RefinementAtlas.Batch179.odd_cleared_9_172' depends on axioms: [propext, Classical.choice, Quot.sound]
'Collatz.Research.RefinementAtlas.Batch179.data_9_173' does not depend on any axioms
'Collatz.Research.RefinementAtlas.Batch179.gap_9_173' does not depend on any axioms
'Collatz.Research.RefinementAtlas.Batch179.cutoff_9_173' does not depend on any axioms
'Collatz.Research.RefinementAtlas.Batch179.even_endpoint_9_173' depends on axioms: [propext, Quot.sound]
'Collatz.Research.RefinementAtlas.Batch179.odd_endpoint_9_173' depends on axioms: [propext, Quot.sound]
'Collatz.Research.RefinementAtlas.Batch179.even_cutoff_9_173' depends on axioms: [propext, Classical.choice, Quot.sound]
'Collatz.Research.RefinementAtlas.Batch179.odd_cleared_9_173' depends on axioms: [propext, Classical.choice, Quot.sound]
'Collatz.Research.RefinementAtlas.Batch179.data_9_174' does not depend on any axioms
'Collatz.Research.RefinementAtlas.Batch179.gap_9_174' does not depend on any axioms
'Collatz.Research.RefinementAtlas.Batch179.cutoff_9_174' does not depend on any axioms
'Collatz.Research.RefinementAtlas.Batch179.even_endpoint_9_174' depends on axioms: [propext, Quot.sound]
'Collatz.Research.RefinementAtlas.Batch179.odd_endpoint_9_174' depends on axioms: [propext, Quot.sound]
'Collatz.Research.RefinementAtlas.Batch179.even_cutoff_9_174' depends on axioms: [propext, Classical.choice, Quot.sound]
'Collatz.Research.RefinementAtlas.Batch179.odd_cleared_9_174' depends on axioms: [propext, Classical.choice, Quot.sound]
'Collatz.Research.RefinementAtlas.Batch180.data_9_176' does not depend on any axioms
'Collatz.Research.RefinementAtlas.Batch180.gap_9_176' does not depend on any axioms
'Collatz.Research.RefinementAtlas.Batch180.cutoff_9_176' does not depend on any axioms
'Collatz.Research.RefinementAtlas.Batch180.even_endpoint_9_176' depends on axioms: [propext, Quot.sound]
'Collatz.Research.RefinementAtlas.Batch180.odd_endpoint_9_176' depends on axioms: [propext, Quot.sound]
'Collatz.Research.RefinementAtlas.Batch180.even_cutoff_9_176' depends on axioms: [propext, Classical.choice, Quot.sound]
'Collatz.Research.RefinementAtlas.Batch180.odd_cleared_9_176' depends on axioms: [propext, Classical.choice, Quot.sound]
'Collatz.Research.RefinementAtlas.Batch180.data_9_177' does not depend on any axioms
'Collatz.Research.RefinementAtlas.Batch180.gap_9_177' does not depend on any axioms
'Collatz.Research.RefinementAtlas.Batch180.cutoff_9_177' does not depend on any axioms
'Collatz.Research.RefinementAtlas.Batch180.even_endpoint_9_177' depends on axioms: [propext, Quot.sound]
'Collatz.Research.RefinementAtlas.Batch180.odd_endpoint_9_177' depends on axioms: [propext, Quot.sound]
'Collatz.Research.RefinementAtlas.Batch180.even_cutoff_9_177' depends on axioms: [propext, Classical.choice, Quot.sound]
'Collatz.Research.RefinementAtlas.Batch180.odd_cleared_9_177' depends on axioms: [propext, Classical.choice, Quot.sound]
'Collatz.Research.RefinementAtlas.Batch180.data_9_178' does not depend on any axioms
'Collatz.Research.RefinementAtlas.Batch180.gap_9_178' does not depend on any axioms
'Collatz.Research.RefinementAtlas.Batch180.cutoff_9_178' does not depend on any axioms
'Collatz.Research.RefinementAtlas.Batch180.even_endpoint_9_178' depends on axioms: [propext, Quot.sound]
'Collatz.Research.RefinementAtlas.Batch180.odd_endpoint_9_178' depends on axioms: [propext, Quot.sound]
'Collatz.Research.RefinementAtlas.Batch180.even_cutoff_9_178' depends on axioms: [propext, Classical.choice, Quot.sound]
'Collatz.Research.RefinementAtlas.Batch180.odd_cleared_9_178' depends on axioms: [propext, Classical.choice, Quot.sound]
'Collatz.Research.RefinementAtlas.Batch181.data_9_179' does not depend on any axioms
'Collatz.Research.RefinementAtlas.Batch181.gap_9_179' does not depend on any axioms
'Collatz.Research.RefinementAtlas.Batch181.cutoff_9_179' does not depend on any axioms
'Collatz.Research.RefinementAtlas.Batch181.even_endpoint_9_179' depends on axioms: [propext, Quot.sound]
'Collatz.Research.RefinementAtlas.Batch181.odd_endpoint_9_179' depends on axioms: [propext, Quot.sound]
'Collatz.Research.RefinementAtlas.Batch181.even_cutoff_9_179' depends on axioms: [propext, Classical.choice, Quot.sound]
'Collatz.Research.RefinementAtlas.Batch181.odd_cleared_9_179' depends on axioms: [propext, Classical.choice, Quot.sound]
'Collatz.Research.RefinementAtlas.Batch181.data_9_180' does not depend on any axioms
'Collatz.Research.RefinementAtlas.Batch181.gap_9_180' does not depend on any axioms
'Collatz.Research.RefinementAtlas.Batch181.cutoff_9_180' does not depend on any axioms
'Collatz.Research.RefinementAtlas.Batch181.even_endpoint_9_180' depends on axioms: [propext, Quot.sound]
'Collatz.Research.RefinementAtlas.Batch181.odd_endpoint_9_180' depends on axioms: [propext, Quot.sound]
'Collatz.Research.RefinementAtlas.Batch181.even_cutoff_9_180' depends on axioms: [propext, Classical.choice, Quot.sound]
'Collatz.Research.RefinementAtlas.Batch181.odd_cleared_9_180' depends on axioms: [propext, Classical.choice, Quot.sound]
'Collatz.Research.RefinementAtlas.Batch181.data_9_181' does not depend on any axioms
'Collatz.Research.RefinementAtlas.Batch181.gap_9_181' does not depend on any axioms
'Collatz.Research.RefinementAtlas.Batch181.cutoff_9_181' does not depend on any axioms
'Collatz.Research.RefinementAtlas.Batch181.even_endpoint_9_181' depends on axioms: [propext, Quot.sound]
'Collatz.Research.RefinementAtlas.Batch181.odd_endpoint_9_181' depends on axioms: [propext, Quot.sound]
'Collatz.Research.RefinementAtlas.Batch181.even_cutoff_9_181' depends on axioms: [propext, Classical.choice, Quot.sound]
'Collatz.Research.RefinementAtlas.Batch181.odd_cleared_9_181' depends on axioms: [propext, Classical.choice, Quot.sound]
'Collatz.Research.RefinementAtlas.Batch182.data_9_184' does not depend on any axioms
'Collatz.Research.RefinementAtlas.Batch182.gap_9_184' does not depend on any axioms
'Collatz.Research.RefinementAtlas.Batch182.cutoff_9_184' does not depend on any axioms
'Collatz.Research.RefinementAtlas.Batch182.even_endpoint_9_184' depends on axioms: [propext, Quot.sound]
'Collatz.Research.RefinementAtlas.Batch182.odd_endpoint_9_184' depends on axioms: [propext, Quot.sound]
'Collatz.Research.RefinementAtlas.Batch182.even_cutoff_9_184' depends on axioms: [propext, Classical.choice, Quot.sound]
'Collatz.Research.RefinementAtlas.Batch182.odd_cleared_9_184' depends on axioms: [propext, Classical.choice, Quot.sound]
'Collatz.Research.RefinementAtlas.Batch182.data_9_185' does not depend on any axioms
'Collatz.Research.RefinementAtlas.Batch182.gap_9_185' does not depend on any axioms
'Collatz.Research.RefinementAtlas.Batch182.cutoff_9_185' does not depend on any axioms
'Collatz.Research.RefinementAtlas.Batch182.even_endpoint_9_185' depends on axioms: [propext, Quot.sound]
'Collatz.Research.RefinementAtlas.Batch182.odd_endpoint_9_185' depends on axioms: [propext, Quot.sound]
'Collatz.Research.RefinementAtlas.Batch182.even_cutoff_9_185' depends on axioms: [propext, Classical.choice, Quot.sound]
'Collatz.Research.RefinementAtlas.Batch182.odd_cleared_9_185' depends on axioms: [propext, Classical.choice, Quot.sound]
'Collatz.Research.RefinementAtlas.Batch182.data_9_186' does not depend on any axioms
'Collatz.Research.RefinementAtlas.Batch182.gap_9_186' does not depend on any axioms
'Collatz.Research.RefinementAtlas.Batch182.cutoff_9_186' does not depend on any axioms
'Collatz.Research.RefinementAtlas.Batch182.even_endpoint_9_186' depends on axioms: [propext, Quot.sound]
'Collatz.Research.RefinementAtlas.Batch182.odd_endpoint_9_186' depends on axioms: [propext, Quot.sound]
'Collatz.Research.RefinementAtlas.Batch182.even_cutoff_9_186' depends on axioms: [propext, Classical.choice, Quot.sound]
'Collatz.Research.RefinementAtlas.Batch182.odd_cleared_9_186' depends on axioms: [propext, Classical.choice, Quot.sound]
'Collatz.Research.RefinementAtlas.Batch183.data_9_188' does not depend on any axioms
'Collatz.Research.RefinementAtlas.Batch183.gap_9_188' does not depend on any axioms
'Collatz.Research.RefinementAtlas.Batch183.cutoff_9_188' does not depend on any axioms
'Collatz.Research.RefinementAtlas.Batch183.even_endpoint_9_188' depends on axioms: [propext, Quot.sound]
'Collatz.Research.RefinementAtlas.Batch183.odd_endpoint_9_188' depends on axioms: [propext, Quot.sound]
'Collatz.Research.RefinementAtlas.Batch183.even_cutoff_9_188' depends on axioms: [propext, Classical.choice, Quot.sound]
'Collatz.Research.RefinementAtlas.Batch183.odd_cleared_9_188' depends on axioms: [propext, Classical.choice, Quot.sound]
'Collatz.Research.RefinementAtlas.Batch183.data_9_189' does not depend on any axioms
'Collatz.Research.RefinementAtlas.Batch183.gap_9_189' does not depend on any axioms
'Collatz.Research.RefinementAtlas.Batch183.cutoff_9_189' does not depend on any axioms
'Collatz.Research.RefinementAtlas.Batch183.even_endpoint_9_189' depends on axioms: [propext, Quot.sound]
'Collatz.Research.RefinementAtlas.Batch183.odd_endpoint_9_189' depends on axioms: [propext, Quot.sound]
'Collatz.Research.RefinementAtlas.Batch183.even_cutoff_9_189' depends on axioms: [propext, Classical.choice, Quot.sound]
'Collatz.Research.RefinementAtlas.Batch183.odd_cleared_9_189' depends on axioms: [propext, Classical.choice, Quot.sound]
'Collatz.Research.RefinementAtlas.Batch183.data_9_190' does not depend on any axioms
'Collatz.Research.RefinementAtlas.Batch183.gap_9_190' does not depend on any axioms
'Collatz.Research.RefinementAtlas.Batch183.cutoff_9_190' does not depend on any axioms
'Collatz.Research.RefinementAtlas.Batch183.even_endpoint_9_190' depends on axioms: [propext, Quot.sound]
'Collatz.Research.RefinementAtlas.Batch183.odd_endpoint_9_190' depends on axioms: [propext, Quot.sound]
'Collatz.Research.RefinementAtlas.Batch183.even_cutoff_9_190' depends on axioms: [propext, Classical.choice, Quot.sound]
'Collatz.Research.RefinementAtlas.Batch183.odd_cleared_9_190' depends on axioms: [propext, Classical.choice, Quot.sound]
'Collatz.Research.RefinementAtlas.Batch184.data_9_192' does not depend on any axioms
'Collatz.Research.RefinementAtlas.Batch184.gap_9_192' does not depend on any axioms
'Collatz.Research.RefinementAtlas.Batch184.cutoff_9_192' does not depend on any axioms
'Collatz.Research.RefinementAtlas.Batch184.even_endpoint_9_192' depends on axioms: [propext, Quot.sound]
'Collatz.Research.RefinementAtlas.Batch184.odd_endpoint_9_192' depends on axioms: [propext, Quot.sound]
'Collatz.Research.RefinementAtlas.Batch184.even_cutoff_9_192' depends on axioms: [propext, Classical.choice, Quot.sound]
'Collatz.Research.RefinementAtlas.Batch184.odd_cleared_9_192' depends on axioms: [propext, Classical.choice, Quot.sound]
'Collatz.Research.RefinementAtlas.Batch184.data_9_193' does not depend on any axioms
'Collatz.Research.RefinementAtlas.Batch184.gap_9_193' does not depend on any axioms
'Collatz.Research.RefinementAtlas.Batch184.cutoff_9_193' does not depend on any axioms
'Collatz.Research.RefinementAtlas.Batch184.even_endpoint_9_193' depends on axioms: [propext, Quot.sound]
'Collatz.Research.RefinementAtlas.Batch184.odd_endpoint_9_193' depends on axioms: [propext, Quot.sound]
'Collatz.Research.RefinementAtlas.Batch184.even_cutoff_9_193' depends on axioms: [propext, Classical.choice, Quot.sound]
'Collatz.Research.RefinementAtlas.Batch184.odd_cleared_9_193' depends on axioms: [propext, Classical.choice, Quot.sound]
'Collatz.Research.RefinementAtlas.Batch184.data_9_194' does not depend on any axioms
'Collatz.Research.RefinementAtlas.Batch184.gap_9_194' does not depend on any axioms
'Collatz.Research.RefinementAtlas.Batch184.cutoff_9_194' does not depend on any axioms
'Collatz.Research.RefinementAtlas.Batch184.even_endpoint_9_194' depends on axioms: [propext, Quot.sound]
'Collatz.Research.RefinementAtlas.Batch184.odd_endpoint_9_194' depends on axioms: [propext, Quot.sound]
'Collatz.Research.RefinementAtlas.Batch184.even_cutoff_9_194' depends on axioms: [propext, Classical.choice, Quot.sound]
'Collatz.Research.RefinementAtlas.Batch184.odd_cleared_9_194' depends on axioms: [propext, Classical.choice, Quot.sound]
'Collatz.Research.RefinementAtlas.Batch185.data_9_195' does not depend on any axioms
'Collatz.Research.RefinementAtlas.Batch185.gap_9_195' does not depend on any axioms
'Collatz.Research.RefinementAtlas.Batch185.cutoff_9_195' does not depend on any axioms
'Collatz.Research.RefinementAtlas.Batch185.even_endpoint_9_195' depends on axioms: [propext, Quot.sound]
'Collatz.Research.RefinementAtlas.Batch185.odd_endpoint_9_195' depends on axioms: [propext, Quot.sound]
'Collatz.Research.RefinementAtlas.Batch185.even_cutoff_9_195' depends on axioms: [propext, Classical.choice, Quot.sound]
'Collatz.Research.RefinementAtlas.Batch185.odd_cleared_9_195' depends on axioms: [propext, Classical.choice, Quot.sound]
'Collatz.Research.RefinementAtlas.Batch185.data_9_196' does not depend on any axioms
'Collatz.Research.RefinementAtlas.Batch185.gap_9_196' does not depend on any axioms
'Collatz.Research.RefinementAtlas.Batch185.cutoff_9_196' does not depend on any axioms
'Collatz.Research.RefinementAtlas.Batch185.even_endpoint_9_196' depends on axioms: [propext, Quot.sound]
'Collatz.Research.RefinementAtlas.Batch185.odd_endpoint_9_196' depends on axioms: [propext, Quot.sound]
'Collatz.Research.RefinementAtlas.Batch185.even_cutoff_9_196' depends on axioms: [propext, Classical.choice, Quot.sound]
'Collatz.Research.RefinementAtlas.Batch185.odd_cleared_9_196' depends on axioms: [propext, Classical.choice, Quot.sound]
'Collatz.Research.RefinementAtlas.Batch185.data_9_197' does not depend on any axioms
'Collatz.Research.RefinementAtlas.Batch185.gap_9_197' does not depend on any axioms
'Collatz.Research.RefinementAtlas.Batch185.cutoff_9_197' does not depend on any axioms
'Collatz.Research.RefinementAtlas.Batch185.even_endpoint_9_197' depends on axioms: [propext, Quot.sound]
'Collatz.Research.RefinementAtlas.Batch185.odd_endpoint_9_197' depends on axioms: [propext, Quot.sound]
'Collatz.Research.RefinementAtlas.Batch185.even_cutoff_9_197' depends on axioms: [propext, Classical.choice, Quot.sound]
'Collatz.Research.RefinementAtlas.Batch185.odd_cleared_9_197' depends on axioms: [propext, Classical.choice, Quot.sound]
'Collatz.Research.RefinementAtlas.Batch186.data_9_198' does not depend on any axioms
'Collatz.Research.RefinementAtlas.Batch186.gap_9_198' does not depend on any axioms
'Collatz.Research.RefinementAtlas.Batch186.cutoff_9_198' does not depend on any axioms
'Collatz.Research.RefinementAtlas.Batch186.even_endpoint_9_198' depends on axioms: [propext, Quot.sound]
'Collatz.Research.RefinementAtlas.Batch186.odd_endpoint_9_198' depends on axioms: [propext, Quot.sound]
'Collatz.Research.RefinementAtlas.Batch186.even_cutoff_9_198' depends on axioms: [propext, Classical.choice, Quot.sound]
'Collatz.Research.RefinementAtlas.Batch186.odd_cleared_9_198' depends on axioms: [propext, Classical.choice, Quot.sound]
'Collatz.Research.RefinementAtlas.Batch186.data_9_199' does not depend on any axioms
'Collatz.Research.RefinementAtlas.Batch186.gap_9_199' does not depend on any axioms
'Collatz.Research.RefinementAtlas.Batch186.cutoff_9_199' does not depend on any axioms
'Collatz.Research.RefinementAtlas.Batch186.even_endpoint_9_199' depends on axioms: [propext, Quot.sound]
'Collatz.Research.RefinementAtlas.Batch186.odd_endpoint_9_199' depends on axioms: [propext, Quot.sound]
'Collatz.Research.RefinementAtlas.Batch186.even_cutoff_9_199' depends on axioms: [propext, Classical.choice, Quot.sound]
'Collatz.Research.RefinementAtlas.Batch186.odd_cleared_9_199' depends on axioms: [propext, Classical.choice, Quot.sound]
'Collatz.Research.RefinementAtlas.Batch186.data_9_200' does not depend on any axioms
'Collatz.Research.RefinementAtlas.Batch186.gap_9_200' does not depend on any axioms
'Collatz.Research.RefinementAtlas.Batch186.cutoff_9_200' does not depend on any axioms
'Collatz.Research.RefinementAtlas.Batch186.even_endpoint_9_200' depends on axioms: [propext, Quot.sound]
'Collatz.Research.RefinementAtlas.Batch186.odd_endpoint_9_200' depends on axioms: [propext, Quot.sound]
'Collatz.Research.RefinementAtlas.Batch186.even_cutoff_9_200' depends on axioms: [propext, Classical.choice, Quot.sound]
'Collatz.Research.RefinementAtlas.Batch186.odd_cleared_9_200' depends on axioms: [propext, Classical.choice, Quot.sound]
'Collatz.Research.RefinementAtlas.Batch187.data_9_201' does not depend on any axioms
'Collatz.Research.RefinementAtlas.Batch187.gap_9_201' does not depend on any axioms
'Collatz.Research.RefinementAtlas.Batch187.cutoff_9_201' does not depend on any axioms
'Collatz.Research.RefinementAtlas.Batch187.even_endpoint_9_201' depends on axioms: [propext, Quot.sound]
'Collatz.Research.RefinementAtlas.Batch187.odd_endpoint_9_201' depends on axioms: [propext, Quot.sound]
'Collatz.Research.RefinementAtlas.Batch187.even_cutoff_9_201' depends on axioms: [propext, Classical.choice, Quot.sound]
'Collatz.Research.RefinementAtlas.Batch187.odd_cleared_9_201' depends on axioms: [propext, Classical.choice, Quot.sound]
'Collatz.Research.RefinementAtlas.Batch187.data_9_202' does not depend on any axioms
'Collatz.Research.RefinementAtlas.Batch187.gap_9_202' does not depend on any axioms
'Collatz.Research.RefinementAtlas.Batch187.cutoff_9_202' does not depend on any axioms
'Collatz.Research.RefinementAtlas.Batch187.even_endpoint_9_202' depends on axioms: [propext, Quot.sound]
'Collatz.Research.RefinementAtlas.Batch187.odd_endpoint_9_202' depends on axioms: [propext, Quot.sound]
'Collatz.Research.RefinementAtlas.Batch187.even_cutoff_9_202' depends on axioms: [propext, Classical.choice, Quot.sound]
'Collatz.Research.RefinementAtlas.Batch187.odd_cleared_9_202' depends on axioms: [propext, Classical.choice, Quot.sound]
'Collatz.Research.RefinementAtlas.Batch187.data_9_203' does not depend on any axioms
'Collatz.Research.RefinementAtlas.Batch187.gap_9_203' does not depend on any axioms
'Collatz.Research.RefinementAtlas.Batch187.cutoff_9_203' does not depend on any axioms
'Collatz.Research.RefinementAtlas.Batch187.even_endpoint_9_203' depends on axioms: [propext, Quot.sound]
'Collatz.Research.RefinementAtlas.Batch187.odd_endpoint_9_203' depends on axioms: [propext, Quot.sound]
'Collatz.Research.RefinementAtlas.Batch187.even_cutoff_9_203' depends on axioms: [propext, Classical.choice, Quot.sound]
'Collatz.Research.RefinementAtlas.Batch187.odd_cleared_9_203' depends on axioms: [propext, Classical.choice, Quot.sound]
'Collatz.Research.RefinementAtlas.Batch188.data_9_204' does not depend on any axioms
'Collatz.Research.RefinementAtlas.Batch188.gap_9_204' does not depend on any axioms
'Collatz.Research.RefinementAtlas.Batch188.cutoff_9_204' does not depend on any axioms
'Collatz.Research.RefinementAtlas.Batch188.even_endpoint_9_204' depends on axioms: [propext, Quot.sound]
'Collatz.Research.RefinementAtlas.Batch188.odd_endpoint_9_204' depends on axioms: [propext, Quot.sound]
'Collatz.Research.RefinementAtlas.Batch188.even_cutoff_9_204' depends on axioms: [propext, Classical.choice, Quot.sound]
'Collatz.Research.RefinementAtlas.Batch188.odd_cleared_9_204' depends on axioms: [propext, Classical.choice, Quot.sound]
'Collatz.Research.RefinementAtlas.Batch188.data_9_205' does not depend on any axioms
'Collatz.Research.RefinementAtlas.Batch188.gap_9_205' does not depend on any axioms
'Collatz.Research.RefinementAtlas.Batch188.cutoff_9_205' does not depend on any axioms
'Collatz.Research.RefinementAtlas.Batch188.even_endpoint_9_205' depends on axioms: [propext, Quot.sound]
'Collatz.Research.RefinementAtlas.Batch188.odd_endpoint_9_205' depends on axioms: [propext, Quot.sound]
'Collatz.Research.RefinementAtlas.Batch188.even_cutoff_9_205' depends on axioms: [propext, Classical.choice, Quot.sound]
'Collatz.Research.RefinementAtlas.Batch188.odd_cleared_9_205' depends on axioms: [propext, Classical.choice, Quot.sound]
'Collatz.Research.RefinementAtlas.Batch188.data_9_208' does not depend on any axioms
'Collatz.Research.RefinementAtlas.Batch188.gap_9_208' does not depend on any axioms
'Collatz.Research.RefinementAtlas.Batch188.cutoff_9_208' does not depend on any axioms
'Collatz.Research.RefinementAtlas.Batch188.even_endpoint_9_208' depends on axioms: [propext, Quot.sound]
'Collatz.Research.RefinementAtlas.Batch188.odd_endpoint_9_208' depends on axioms: [propext, Quot.sound]
'Collatz.Research.RefinementAtlas.Batch188.even_cutoff_9_208' depends on axioms: [propext, Classical.choice, Quot.sound]
'Collatz.Research.RefinementAtlas.Batch188.odd_cleared_9_208' depends on axioms: [propext, Classical.choice, Quot.sound]
'Collatz.Research.RefinementAtlas.Batch189.data_9_209' does not depend on any axioms
'Collatz.Research.RefinementAtlas.Batch189.gap_9_209' does not depend on any axioms
'Collatz.Research.RefinementAtlas.Batch189.cutoff_9_209' does not depend on any axioms
'Collatz.Research.RefinementAtlas.Batch189.even_endpoint_9_209' depends on axioms: [propext, Quot.sound]
'Collatz.Research.RefinementAtlas.Batch189.odd_endpoint_9_209' depends on axioms: [propext, Quot.sound]
'Collatz.Research.RefinementAtlas.Batch189.even_cutoff_9_209' depends on axioms: [propext, Classical.choice, Quot.sound]
'Collatz.Research.RefinementAtlas.Batch189.odd_cleared_9_209' depends on axioms: [propext, Classical.choice, Quot.sound]
'Collatz.Research.RefinementAtlas.Batch189.data_9_210' does not depend on any axioms
'Collatz.Research.RefinementAtlas.Batch189.gap_9_210' does not depend on any axioms
'Collatz.Research.RefinementAtlas.Batch189.cutoff_9_210' does not depend on any axioms
'Collatz.Research.RefinementAtlas.Batch189.even_endpoint_9_210' depends on axioms: [propext, Quot.sound]
'Collatz.Research.RefinementAtlas.Batch189.odd_endpoint_9_210' depends on axioms: [propext, Quot.sound]
'Collatz.Research.RefinementAtlas.Batch189.even_cutoff_9_210' depends on axioms: [propext, Classical.choice, Quot.sound]
'Collatz.Research.RefinementAtlas.Batch189.odd_cleared_9_210' depends on axioms: [propext, Classical.choice, Quot.sound]
'Collatz.Research.RefinementAtlas.Batch189.data_9_211' does not depend on any axioms
'Collatz.Research.RefinementAtlas.Batch189.gap_9_211' does not depend on any axioms
'Collatz.Research.RefinementAtlas.Batch189.cutoff_9_211' does not depend on any axioms
'Collatz.Research.RefinementAtlas.Batch189.even_endpoint_9_211' depends on axioms: [propext, Quot.sound]
'Collatz.Research.RefinementAtlas.Batch189.odd_endpoint_9_211' depends on axioms: [propext, Quot.sound]
'Collatz.Research.RefinementAtlas.Batch189.even_cutoff_9_211' depends on axioms: [propext, Classical.choice, Quot.sound]
'Collatz.Research.RefinementAtlas.Batch189.odd_cleared_9_211' depends on axioms: [propext, Classical.choice, Quot.sound]
'Collatz.Research.RefinementAtlas.Batch190.data_9_212' does not depend on any axioms
'Collatz.Research.RefinementAtlas.Batch190.gap_9_212' does not depend on any axioms
'Collatz.Research.RefinementAtlas.Batch190.cutoff_9_212' does not depend on any axioms
'Collatz.Research.RefinementAtlas.Batch190.even_endpoint_9_212' depends on axioms: [propext, Quot.sound]
'Collatz.Research.RefinementAtlas.Batch190.odd_endpoint_9_212' depends on axioms: [propext, Quot.sound]
'Collatz.Research.RefinementAtlas.Batch190.even_cutoff_9_212' depends on axioms: [propext, Classical.choice, Quot.sound]
'Collatz.Research.RefinementAtlas.Batch190.odd_cleared_9_212' depends on axioms: [propext, Classical.choice, Quot.sound]
'Collatz.Research.RefinementAtlas.Batch190.data_9_213' does not depend on any axioms
'Collatz.Research.RefinementAtlas.Batch190.gap_9_213' does not depend on any axioms
'Collatz.Research.RefinementAtlas.Batch190.cutoff_9_213' does not depend on any axioms
'Collatz.Research.RefinementAtlas.Batch190.even_endpoint_9_213' depends on axioms: [propext, Quot.sound]
'Collatz.Research.RefinementAtlas.Batch190.odd_endpoint_9_213' depends on axioms: [propext, Quot.sound]
'Collatz.Research.RefinementAtlas.Batch190.even_cutoff_9_213' depends on axioms: [propext, Classical.choice, Quot.sound]
'Collatz.Research.RefinementAtlas.Batch190.odd_cleared_9_213' depends on axioms: [propext, Classical.choice, Quot.sound]
'Collatz.Research.RefinementAtlas.Batch190.data_9_214' does not depend on any axioms
'Collatz.Research.RefinementAtlas.Batch190.gap_9_214' does not depend on any axioms
'Collatz.Research.RefinementAtlas.Batch190.cutoff_9_214' does not depend on any axioms
'Collatz.Research.RefinementAtlas.Batch190.even_endpoint_9_214' depends on axioms: [propext, Quot.sound]
'Collatz.Research.RefinementAtlas.Batch190.odd_endpoint_9_214' depends on axioms: [propext, Quot.sound]
'Collatz.Research.RefinementAtlas.Batch190.even_cutoff_9_214' depends on axioms: [propext, Classical.choice, Quot.sound]
'Collatz.Research.RefinementAtlas.Batch190.odd_cleared_9_214' depends on axioms: [propext, Classical.choice, Quot.sound]
'Collatz.Research.RefinementAtlas.Batch191.data_9_215' does not depend on any axioms
'Collatz.Research.RefinementAtlas.Batch191.gap_9_215' does not depend on any axioms
'Collatz.Research.RefinementAtlas.Batch191.cutoff_9_215' does not depend on any axioms
'Collatz.Research.RefinementAtlas.Batch191.even_endpoint_9_215' depends on axioms: [propext, Quot.sound]
'Collatz.Research.RefinementAtlas.Batch191.odd_endpoint_9_215' depends on axioms: [propext, Quot.sound]
'Collatz.Research.RefinementAtlas.Batch191.even_cutoff_9_215' depends on axioms: [propext, Classical.choice, Quot.sound]
'Collatz.Research.RefinementAtlas.Batch191.odd_cleared_9_215' depends on axioms: [propext, Classical.choice, Quot.sound]
'Collatz.Research.RefinementAtlas.Batch191.data_9_216' does not depend on any axioms
'Collatz.Research.RefinementAtlas.Batch191.gap_9_216' does not depend on any axioms
'Collatz.Research.RefinementAtlas.Batch191.cutoff_9_216' does not depend on any axioms
'Collatz.Research.RefinementAtlas.Batch191.even_endpoint_9_216' depends on axioms: [propext, Quot.sound]
'Collatz.Research.RefinementAtlas.Batch191.odd_endpoint_9_216' depends on axioms: [propext, Quot.sound]
'Collatz.Research.RefinementAtlas.Batch191.even_cutoff_9_216' depends on axioms: [propext, Classical.choice, Quot.sound]
'Collatz.Research.RefinementAtlas.Batch191.odd_cleared_9_216' depends on axioms: [propext, Classical.choice, Quot.sound]
'Collatz.Research.RefinementAtlas.Batch191.data_9_217' does not depend on any axioms
'Collatz.Research.RefinementAtlas.Batch191.gap_9_217' does not depend on any axioms
'Collatz.Research.RefinementAtlas.Batch191.cutoff_9_217' does not depend on any axioms
'Collatz.Research.RefinementAtlas.Batch191.even_endpoint_9_217' depends on axioms: [propext, Quot.sound]
'Collatz.Research.RefinementAtlas.Batch191.odd_endpoint_9_217' depends on axioms: [propext, Quot.sound]
'Collatz.Research.RefinementAtlas.Batch191.even_cutoff_9_217' depends on axioms: [propext, Classical.choice, Quot.sound]
'Collatz.Research.RefinementAtlas.Batch191.odd_cleared_9_217' depends on axioms: [propext, Classical.choice, Quot.sound]
'Collatz.Research.RefinementAtlas.Batch192.data_9_218' does not depend on any axioms
'Collatz.Research.RefinementAtlas.Batch192.gap_9_218' does not depend on any axioms
'Collatz.Research.RefinementAtlas.Batch192.cutoff_9_218' does not depend on any axioms
'Collatz.Research.RefinementAtlas.Batch192.even_endpoint_9_218' depends on axioms: [propext, Quot.sound]
'Collatz.Research.RefinementAtlas.Batch192.odd_endpoint_9_218' depends on axioms: [propext, Quot.sound]
'Collatz.Research.RefinementAtlas.Batch192.even_cutoff_9_218' depends on axioms: [propext, Classical.choice, Quot.sound]
'Collatz.Research.RefinementAtlas.Batch192.odd_cleared_9_218' depends on axioms: [propext, Classical.choice, Quot.sound]
'Collatz.Research.RefinementAtlas.Batch192.data_9_220' does not depend on any axioms
'Collatz.Research.RefinementAtlas.Batch192.gap_9_220' does not depend on any axioms
'Collatz.Research.RefinementAtlas.Batch192.cutoff_9_220' does not depend on any axioms
'Collatz.Research.RefinementAtlas.Batch192.even_endpoint_9_220' depends on axioms: [propext, Quot.sound]
'Collatz.Research.RefinementAtlas.Batch192.odd_endpoint_9_220' depends on axioms: [propext, Quot.sound]
'Collatz.Research.RefinementAtlas.Batch192.even_cutoff_9_220' depends on axioms: [propext, Classical.choice, Quot.sound]
'Collatz.Research.RefinementAtlas.Batch192.odd_cleared_9_220' depends on axioms: [propext, Classical.choice, Quot.sound]
'Collatz.Research.RefinementAtlas.Batch192.data_9_221' does not depend on any axioms
'Collatz.Research.RefinementAtlas.Batch192.gap_9_221' does not depend on any axioms
'Collatz.Research.RefinementAtlas.Batch192.cutoff_9_221' does not depend on any axioms
'Collatz.Research.RefinementAtlas.Batch192.even_endpoint_9_221' depends on axioms: [propext, Quot.sound]
'Collatz.Research.RefinementAtlas.Batch192.odd_endpoint_9_221' depends on axioms: [propext, Quot.sound]
'Collatz.Research.RefinementAtlas.Batch192.even_cutoff_9_221' depends on axioms: [propext, Classical.choice, Quot.sound]
'Collatz.Research.RefinementAtlas.Batch192.odd_cleared_9_221' depends on axioms: [propext, Classical.choice, Quot.sound]
'Collatz.Research.RefinementAtlas.Batch193.data_9_224' does not depend on any axioms
'Collatz.Research.RefinementAtlas.Batch193.gap_9_224' does not depend on any axioms
'Collatz.Research.RefinementAtlas.Batch193.cutoff_9_224' does not depend on any axioms
'Collatz.Research.RefinementAtlas.Batch193.even_endpoint_9_224' depends on axioms: [propext, Quot.sound]
'Collatz.Research.RefinementAtlas.Batch193.odd_endpoint_9_224' depends on axioms: [propext, Quot.sound]
'Collatz.Research.RefinementAtlas.Batch193.even_cutoff_9_224' depends on axioms: [propext, Classical.choice, Quot.sound]
'Collatz.Research.RefinementAtlas.Batch193.odd_cleared_9_224' depends on axioms: [propext, Classical.choice, Quot.sound]
'Collatz.Research.RefinementAtlas.Batch193.data_9_226' does not depend on any axioms
'Collatz.Research.RefinementAtlas.Batch193.gap_9_226' does not depend on any axioms
'Collatz.Research.RefinementAtlas.Batch193.cutoff_9_226' does not depend on any axioms
'Collatz.Research.RefinementAtlas.Batch193.even_endpoint_9_226' depends on axioms: [propext, Quot.sound]
'Collatz.Research.RefinementAtlas.Batch193.odd_endpoint_9_226' depends on axioms: [propext, Quot.sound]
'Collatz.Research.RefinementAtlas.Batch193.even_cutoff_9_226' depends on axioms: [propext, Classical.choice, Quot.sound]
'Collatz.Research.RefinementAtlas.Batch193.odd_cleared_9_226' depends on axioms: [propext, Classical.choice, Quot.sound]
'Collatz.Research.RefinementAtlas.Batch193.data_9_227' does not depend on any axioms
'Collatz.Research.RefinementAtlas.Batch193.gap_9_227' does not depend on any axioms
'Collatz.Research.RefinementAtlas.Batch193.cutoff_9_227' does not depend on any axioms
'Collatz.Research.RefinementAtlas.Batch193.even_endpoint_9_227' depends on axioms: [propext, Quot.sound]
'Collatz.Research.RefinementAtlas.Batch193.odd_endpoint_9_227' depends on axioms: [propext, Quot.sound]
'Collatz.Research.RefinementAtlas.Batch193.even_cutoff_9_227' depends on axioms: [propext, Classical.choice, Quot.sound]
'Collatz.Research.RefinementAtlas.Batch193.odd_cleared_9_227' depends on axioms: [propext, Classical.choice, Quot.sound]
'Collatz.Research.RefinementAtlas.Batch194.data_9_228' does not depend on any axioms
'Collatz.Research.RefinementAtlas.Batch194.gap_9_228' does not depend on any axioms
'Collatz.Research.RefinementAtlas.Batch194.cutoff_9_228' does not depend on any axioms
'Collatz.Research.RefinementAtlas.Batch194.even_endpoint_9_228' depends on axioms: [propext, Quot.sound]
'Collatz.Research.RefinementAtlas.Batch194.odd_endpoint_9_228' depends on axioms: [propext, Quot.sound]
'Collatz.Research.RefinementAtlas.Batch194.even_cutoff_9_228' depends on axioms: [propext, Classical.choice, Quot.sound]
'Collatz.Research.RefinementAtlas.Batch194.odd_cleared_9_228' depends on axioms: [propext, Classical.choice, Quot.sound]
'Collatz.Research.RefinementAtlas.Batch194.data_9_229' does not depend on any axioms
'Collatz.Research.RefinementAtlas.Batch194.gap_9_229' does not depend on any axioms
'Collatz.Research.RefinementAtlas.Batch194.cutoff_9_229' does not depend on any axioms
'Collatz.Research.RefinementAtlas.Batch194.even_endpoint_9_229' depends on axioms: [propext, Quot.sound]
'Collatz.Research.RefinementAtlas.Batch194.odd_endpoint_9_229' depends on axioms: [propext, Quot.sound]
'Collatz.Research.RefinementAtlas.Batch194.even_cutoff_9_229' depends on axioms: [propext, Classical.choice, Quot.sound]
'Collatz.Research.RefinementAtlas.Batch194.odd_cleared_9_229' depends on axioms: [propext, Classical.choice, Quot.sound]
'Collatz.Research.RefinementAtlas.Batch194.data_9_230' does not depend on any axioms
'Collatz.Research.RefinementAtlas.Batch194.gap_9_230' does not depend on any axioms
'Collatz.Research.RefinementAtlas.Batch194.cutoff_9_230' does not depend on any axioms
'Collatz.Research.RefinementAtlas.Batch194.even_endpoint_9_230' depends on axioms: [propext, Quot.sound]
'Collatz.Research.RefinementAtlas.Batch194.odd_endpoint_9_230' depends on axioms: [propext, Quot.sound]
'Collatz.Research.RefinementAtlas.Batch194.even_cutoff_9_230' depends on axioms: [propext, Classical.choice, Quot.sound]
'Collatz.Research.RefinementAtlas.Batch194.odd_cleared_9_230' depends on axioms: [propext, Classical.choice, Quot.sound]
'Collatz.Research.RefinementAtlas.Batch195.data_9_232' does not depend on any axioms
'Collatz.Research.RefinementAtlas.Batch195.gap_9_232' does not depend on any axioms
'Collatz.Research.RefinementAtlas.Batch195.cutoff_9_232' does not depend on any axioms
'Collatz.Research.RefinementAtlas.Batch195.even_endpoint_9_232' depends on axioms: [propext, Quot.sound]
'Collatz.Research.RefinementAtlas.Batch195.odd_endpoint_9_232' depends on axioms: [propext, Quot.sound]
'Collatz.Research.RefinementAtlas.Batch195.even_cutoff_9_232' depends on axioms: [propext, Classical.choice, Quot.sound]
'Collatz.Research.RefinementAtlas.Batch195.odd_cleared_9_232' depends on axioms: [propext, Classical.choice, Quot.sound]
'Collatz.Research.RefinementAtlas.Batch195.data_9_234' does not depend on any axioms
'Collatz.Research.RefinementAtlas.Batch195.gap_9_234' does not depend on any axioms
'Collatz.Research.RefinementAtlas.Batch195.cutoff_9_234' does not depend on any axioms
'Collatz.Research.RefinementAtlas.Batch195.even_endpoint_9_234' depends on axioms: [propext, Quot.sound]
'Collatz.Research.RefinementAtlas.Batch195.odd_endpoint_9_234' depends on axioms: [propext, Quot.sound]
'Collatz.Research.RefinementAtlas.Batch195.even_cutoff_9_234' depends on axioms: [propext, Classical.choice, Quot.sound]
'Collatz.Research.RefinementAtlas.Batch195.odd_cleared_9_234' depends on axioms: [propext, Classical.choice, Quot.sound]
'Collatz.Research.RefinementAtlas.Batch195.data_9_236' does not depend on any axioms
'Collatz.Research.RefinementAtlas.Batch195.gap_9_236' does not depend on any axioms
'Collatz.Research.RefinementAtlas.Batch195.cutoff_9_236' does not depend on any axioms
'Collatz.Research.RefinementAtlas.Batch195.even_endpoint_9_236' depends on axioms: [propext, Quot.sound]
'Collatz.Research.RefinementAtlas.Batch195.odd_endpoint_9_236' depends on axioms: [propext, Quot.sound]
'Collatz.Research.RefinementAtlas.Batch195.even_cutoff_9_236' depends on axioms: [propext, Classical.choice, Quot.sound]
'Collatz.Research.RefinementAtlas.Batch195.odd_cleared_9_236' depends on axioms: [propext, Classical.choice, Quot.sound]
'Collatz.Research.RefinementAtlas.Batch196.data_9_237' does not depend on any axioms
'Collatz.Research.RefinementAtlas.Batch196.gap_9_237' does not depend on any axioms
'Collatz.Research.RefinementAtlas.Batch196.cutoff_9_237' does not depend on any axioms
'Collatz.Research.RefinementAtlas.Batch196.even_endpoint_9_237' depends on axioms: [propext, Quot.sound]
'Collatz.Research.RefinementAtlas.Batch196.odd_endpoint_9_237' depends on axioms: [propext, Quot.sound]
'Collatz.Research.RefinementAtlas.Batch196.even_cutoff_9_237' depends on axioms: [propext, Classical.choice, Quot.sound]
'Collatz.Research.RefinementAtlas.Batch196.odd_cleared_9_237' depends on axioms: [propext, Classical.choice, Quot.sound]
'Collatz.Research.RefinementAtlas.Batch196.data_9_238' does not depend on any axioms
'Collatz.Research.RefinementAtlas.Batch196.gap_9_238' does not depend on any axioms
'Collatz.Research.RefinementAtlas.Batch196.cutoff_9_238' does not depend on any axioms
'Collatz.Research.RefinementAtlas.Batch196.even_endpoint_9_238' depends on axioms: [propext, Quot.sound]
'Collatz.Research.RefinementAtlas.Batch196.odd_endpoint_9_238' depends on axioms: [propext, Quot.sound]
'Collatz.Research.RefinementAtlas.Batch196.even_cutoff_9_238' depends on axioms: [propext, Classical.choice, Quot.sound]
'Collatz.Research.RefinementAtlas.Batch196.odd_cleared_9_238' depends on axioms: [propext, Classical.choice, Quot.sound]
'Collatz.Research.RefinementAtlas.Batch196.data_9_240' does not depend on any axioms
'Collatz.Research.RefinementAtlas.Batch196.gap_9_240' does not depend on any axioms
'Collatz.Research.RefinementAtlas.Batch196.cutoff_9_240' does not depend on any axioms
'Collatz.Research.RefinementAtlas.Batch196.even_endpoint_9_240' depends on axioms: [propext, Quot.sound]
'Collatz.Research.RefinementAtlas.Batch196.odd_endpoint_9_240' depends on axioms: [propext, Quot.sound]
'Collatz.Research.RefinementAtlas.Batch196.even_cutoff_9_240' depends on axioms: [propext, Classical.choice, Quot.sound]
'Collatz.Research.RefinementAtlas.Batch196.odd_cleared_9_240' depends on axioms: [propext, Classical.choice, Quot.sound]
'Collatz.Research.RefinementAtlas.Batch197.data_9_241' does not depend on any axioms
'Collatz.Research.RefinementAtlas.Batch197.gap_9_241' does not depend on any axioms
'Collatz.Research.RefinementAtlas.Batch197.cutoff_9_241' does not depend on any axioms
'Collatz.Research.RefinementAtlas.Batch197.even_endpoint_9_241' depends on axioms: [propext, Quot.sound]
'Collatz.Research.RefinementAtlas.Batch197.odd_endpoint_9_241' depends on axioms: [propext, Quot.sound]
'Collatz.Research.RefinementAtlas.Batch197.even_cutoff_9_241' depends on axioms: [propext, Classical.choice, Quot.sound]
'Collatz.Research.RefinementAtlas.Batch197.odd_cleared_9_241' depends on axioms: [propext, Classical.choice, Quot.sound]
'Collatz.Research.RefinementAtlas.Batch197.data_9_244' does not depend on any axioms
'Collatz.Research.RefinementAtlas.Batch197.gap_9_244' does not depend on any axioms
'Collatz.Research.RefinementAtlas.Batch197.cutoff_9_244' does not depend on any axioms
'Collatz.Research.RefinementAtlas.Batch197.even_endpoint_9_244' depends on axioms: [propext, Quot.sound]
'Collatz.Research.RefinementAtlas.Batch197.odd_endpoint_9_244' depends on axioms: [propext, Quot.sound]
'Collatz.Research.RefinementAtlas.Batch197.even_cutoff_9_244' depends on axioms: [propext, Classical.choice, Quot.sound]
'Collatz.Research.RefinementAtlas.Batch197.odd_cleared_9_244' depends on axioms: [propext, Classical.choice, Quot.sound]
'Collatz.Research.RefinementAtlas.Batch197.data_9_245' does not depend on any axioms
'Collatz.Research.RefinementAtlas.Batch197.gap_9_245' does not depend on any axioms
'Collatz.Research.RefinementAtlas.Batch197.cutoff_9_245' does not depend on any axioms
'Collatz.Research.RefinementAtlas.Batch197.even_endpoint_9_245' depends on axioms: [propext, Quot.sound]
'Collatz.Research.RefinementAtlas.Batch197.odd_endpoint_9_245' depends on axioms: [propext, Quot.sound]
'Collatz.Research.RefinementAtlas.Batch197.even_cutoff_9_245' depends on axioms: [propext, Classical.choice, Quot.sound]
'Collatz.Research.RefinementAtlas.Batch197.odd_cleared_9_245' depends on axioms: [propext, Classical.choice, Quot.sound]
'Collatz.Research.RefinementAtlas.Batch198.data_9_246' does not depend on any axioms
'Collatz.Research.RefinementAtlas.Batch198.gap_9_246' does not depend on any axioms
'Collatz.Research.RefinementAtlas.Batch198.cutoff_9_246' does not depend on any axioms
'Collatz.Research.RefinementAtlas.Batch198.even_endpoint_9_246' depends on axioms: [propext, Quot.sound]
'Collatz.Research.RefinementAtlas.Batch198.odd_endpoint_9_246' depends on axioms: [propext, Quot.sound]
'Collatz.Research.RefinementAtlas.Batch198.even_cutoff_9_246' depends on axioms: [propext, Classical.choice, Quot.sound]
'Collatz.Research.RefinementAtlas.Batch198.odd_cleared_9_246' depends on axioms: [propext, Classical.choice, Quot.sound]
'Collatz.Research.RefinementAtlas.Batch198.data_9_247' does not depend on any axioms
'Collatz.Research.RefinementAtlas.Batch198.gap_9_247' does not depend on any axioms
'Collatz.Research.RefinementAtlas.Batch198.cutoff_9_247' does not depend on any axioms
'Collatz.Research.RefinementAtlas.Batch198.even_endpoint_9_247' depends on axioms: [propext, Quot.sound]
'Collatz.Research.RefinementAtlas.Batch198.odd_endpoint_9_247' depends on axioms: [propext, Quot.sound]
'Collatz.Research.RefinementAtlas.Batch198.even_cutoff_9_247' depends on axioms: [propext, Classical.choice, Quot.sound]
'Collatz.Research.RefinementAtlas.Batch198.odd_cleared_9_247' depends on axioms: [propext, Classical.choice, Quot.sound]
'Collatz.Research.RefinementAtlas.Batch198.data_9_248' does not depend on any axioms
'Collatz.Research.RefinementAtlas.Batch198.gap_9_248' does not depend on any axioms
'Collatz.Research.RefinementAtlas.Batch198.cutoff_9_248' does not depend on any axioms
'Collatz.Research.RefinementAtlas.Batch198.even_endpoint_9_248' depends on axioms: [propext, Quot.sound]
'Collatz.Research.RefinementAtlas.Batch198.odd_endpoint_9_248' depends on axioms: [propext, Quot.sound]
'Collatz.Research.RefinementAtlas.Batch198.even_cutoff_9_248' depends on axioms: [propext, Classical.choice, Quot.sound]
'Collatz.Research.RefinementAtlas.Batch198.odd_cleared_9_248' depends on axioms: [propext, Classical.choice, Quot.sound]
'Collatz.Research.RefinementAtlas.Batch199.data_9_249' does not depend on any axioms
'Collatz.Research.RefinementAtlas.Batch199.gap_9_249' does not depend on any axioms
'Collatz.Research.RefinementAtlas.Batch199.cutoff_9_249' does not depend on any axioms
'Collatz.Research.RefinementAtlas.Batch199.even_endpoint_9_249' depends on axioms: [propext, Quot.sound]
'Collatz.Research.RefinementAtlas.Batch199.odd_endpoint_9_249' depends on axioms: [propext, Quot.sound]
'Collatz.Research.RefinementAtlas.Batch199.even_cutoff_9_249' depends on axioms: [propext, Classical.choice, Quot.sound]
'Collatz.Research.RefinementAtlas.Batch199.odd_cleared_9_249' depends on axioms: [propext, Classical.choice, Quot.sound]
'Collatz.Research.RefinementAtlas.Batch199.data_9_250' does not depend on any axioms
'Collatz.Research.RefinementAtlas.Batch199.gap_9_250' does not depend on any axioms
'Collatz.Research.RefinementAtlas.Batch199.cutoff_9_250' does not depend on any axioms
'Collatz.Research.RefinementAtlas.Batch199.even_endpoint_9_250' depends on axioms: [propext, Quot.sound]
'Collatz.Research.RefinementAtlas.Batch199.odd_endpoint_9_250' depends on axioms: [propext, Quot.sound]
'Collatz.Research.RefinementAtlas.Batch199.even_cutoff_9_250' depends on axioms: [propext, Classical.choice, Quot.sound]
'Collatz.Research.RefinementAtlas.Batch199.odd_cleared_9_250' depends on axioms: [propext, Classical.choice, Quot.sound]
'Collatz.Research.RefinementAtlas.Batch199.data_9_256' does not depend on any axioms
'Collatz.Research.RefinementAtlas.Batch199.gap_9_256' does not depend on any axioms
'Collatz.Research.RefinementAtlas.Batch199.cutoff_9_256' does not depend on any axioms
'Collatz.Research.RefinementAtlas.Batch199.even_endpoint_9_256' depends on axioms: [propext, Quot.sound]
'Collatz.Research.RefinementAtlas.Batch199.odd_endpoint_9_256' depends on axioms: [propext, Quot.sound]
'Collatz.Research.RefinementAtlas.Batch199.even_cutoff_9_256' depends on axioms: [propext, Classical.choice, Quot.sound]
'Collatz.Research.RefinementAtlas.Batch199.odd_cleared_9_256' depends on axioms: [propext, Classical.choice, Quot.sound]
'Collatz.Research.RefinementAtlas.Batch200.data_9_257' does not depend on any axioms
'Collatz.Research.RefinementAtlas.Batch200.gap_9_257' does not depend on any axioms
'Collatz.Research.RefinementAtlas.Batch200.cutoff_9_257' does not depend on any axioms
'Collatz.Research.RefinementAtlas.Batch200.even_endpoint_9_257' depends on axioms: [propext, Quot.sound]
'Collatz.Research.RefinementAtlas.Batch200.odd_endpoint_9_257' depends on axioms: [propext, Quot.sound]
'Collatz.Research.RefinementAtlas.Batch200.even_cutoff_9_257' depends on axioms: [propext, Classical.choice, Quot.sound]
'Collatz.Research.RefinementAtlas.Batch200.odd_cleared_9_257' depends on axioms: [propext, Classical.choice, Quot.sound]
'Collatz.Research.RefinementAtlas.Batch200.data_9_258' does not depend on any axioms
'Collatz.Research.RefinementAtlas.Batch200.gap_9_258' does not depend on any axioms
'Collatz.Research.RefinementAtlas.Batch200.cutoff_9_258' does not depend on any axioms
'Collatz.Research.RefinementAtlas.Batch200.even_endpoint_9_258' depends on axioms: [propext, Quot.sound]
'Collatz.Research.RefinementAtlas.Batch200.odd_endpoint_9_258' depends on axioms: [propext, Quot.sound]
'Collatz.Research.RefinementAtlas.Batch200.even_cutoff_9_258' depends on axioms: [propext, Classical.choice, Quot.sound]
'Collatz.Research.RefinementAtlas.Batch200.odd_cleared_9_258' depends on axioms: [propext, Classical.choice, Quot.sound]
'Collatz.Research.RefinementAtlas.Batch200.data_9_259' does not depend on any axioms
'Collatz.Research.RefinementAtlas.Batch200.gap_9_259' does not depend on any axioms
'Collatz.Research.RefinementAtlas.Batch200.cutoff_9_259' does not depend on any axioms
'Collatz.Research.RefinementAtlas.Batch200.even_endpoint_9_259' depends on axioms: [propext, Quot.sound]
'Collatz.Research.RefinementAtlas.Batch200.odd_endpoint_9_259' depends on axioms: [propext, Quot.sound]
'Collatz.Research.RefinementAtlas.Batch200.even_cutoff_9_259' depends on axioms: [propext, Classical.choice, Quot.sound]
'Collatz.Research.RefinementAtlas.Batch200.odd_cleared_9_259' depends on axioms: [propext, Classical.choice, Quot.sound]
'Collatz.Research.RefinementAtlas.Batch201.data_9_260' does not depend on any axioms
'Collatz.Research.RefinementAtlas.Batch201.gap_9_260' does not depend on any axioms
'Collatz.Research.RefinementAtlas.Batch201.cutoff_9_260' does not depend on any axioms
'Collatz.Research.RefinementAtlas.Batch201.even_endpoint_9_260' depends on axioms: [propext, Quot.sound]
'Collatz.Research.RefinementAtlas.Batch201.odd_endpoint_9_260' depends on axioms: [propext, Quot.sound]
'Collatz.Research.RefinementAtlas.Batch201.even_cutoff_9_260' depends on axioms: [propext, Classical.choice, Quot.sound]
'Collatz.Research.RefinementAtlas.Batch201.odd_cleared_9_260' depends on axioms: [propext, Classical.choice, Quot.sound]
'Collatz.Research.RefinementAtlas.Batch201.data_9_261' does not depend on any axioms
'Collatz.Research.RefinementAtlas.Batch201.gap_9_261' does not depend on any axioms
'Collatz.Research.RefinementAtlas.Batch201.cutoff_9_261' does not depend on any axioms
'Collatz.Research.RefinementAtlas.Batch201.even_endpoint_9_261' depends on axioms: [propext, Quot.sound]
'Collatz.Research.RefinementAtlas.Batch201.odd_endpoint_9_261' depends on axioms: [propext, Quot.sound]
'Collatz.Research.RefinementAtlas.Batch201.even_cutoff_9_261' depends on axioms: [propext, Classical.choice, Quot.sound]
'Collatz.Research.RefinementAtlas.Batch201.odd_cleared_9_261' depends on axioms: [propext, Classical.choice, Quot.sound]
'Collatz.Research.RefinementAtlas.Batch201.data_9_262' does not depend on any axioms
'Collatz.Research.RefinementAtlas.Batch201.gap_9_262' does not depend on any axioms
'Collatz.Research.RefinementAtlas.Batch201.cutoff_9_262' does not depend on any axioms
'Collatz.Research.RefinementAtlas.Batch201.even_endpoint_9_262' depends on axioms: [propext, Quot.sound]
'Collatz.Research.RefinementAtlas.Batch201.odd_endpoint_9_262' depends on axioms: [propext, Quot.sound]
'Collatz.Research.RefinementAtlas.Batch201.even_cutoff_9_262' depends on axioms: [propext, Classical.choice, Quot.sound]
'Collatz.Research.RefinementAtlas.Batch201.odd_cleared_9_262' depends on axioms: [propext, Classical.choice, Quot.sound]
'Collatz.Research.RefinementAtlas.Batch202.data_9_264' does not depend on any axioms
'Collatz.Research.RefinementAtlas.Batch202.gap_9_264' does not depend on any axioms
'Collatz.Research.RefinementAtlas.Batch202.cutoff_9_264' does not depend on any axioms
'Collatz.Research.RefinementAtlas.Batch202.even_endpoint_9_264' depends on axioms: [propext, Quot.sound]
'Collatz.Research.RefinementAtlas.Batch202.odd_endpoint_9_264' depends on axioms: [propext, Quot.sound]
'Collatz.Research.RefinementAtlas.Batch202.even_cutoff_9_264' depends on axioms: [propext, Classical.choice, Quot.sound]
'Collatz.Research.RefinementAtlas.Batch202.odd_cleared_9_264' depends on axioms: [propext, Classical.choice, Quot.sound]
'Collatz.Research.RefinementAtlas.Batch202.data_9_266' does not depend on any axioms
'Collatz.Research.RefinementAtlas.Batch202.gap_9_266' does not depend on any axioms
'Collatz.Research.RefinementAtlas.Batch202.cutoff_9_266' does not depend on any axioms
'Collatz.Research.RefinementAtlas.Batch202.even_endpoint_9_266' depends on axioms: [propext, Quot.sound]
'Collatz.Research.RefinementAtlas.Batch202.odd_endpoint_9_266' depends on axioms: [propext, Quot.sound]
'Collatz.Research.RefinementAtlas.Batch202.even_cutoff_9_266' depends on axioms: [propext, Classical.choice, Quot.sound]
'Collatz.Research.RefinementAtlas.Batch202.odd_cleared_9_266' depends on axioms: [propext, Classical.choice, Quot.sound]
'Collatz.Research.RefinementAtlas.Batch202.data_9_267' does not depend on any axioms
'Collatz.Research.RefinementAtlas.Batch202.gap_9_267' does not depend on any axioms
'Collatz.Research.RefinementAtlas.Batch202.cutoff_9_267' does not depend on any axioms
'Collatz.Research.RefinementAtlas.Batch202.even_endpoint_9_267' depends on axioms: [propext, Quot.sound]
'Collatz.Research.RefinementAtlas.Batch202.odd_endpoint_9_267' depends on axioms: [propext, Quot.sound]
'Collatz.Research.RefinementAtlas.Batch202.even_cutoff_9_267' depends on axioms: [propext, Classical.choice, Quot.sound]
'Collatz.Research.RefinementAtlas.Batch202.odd_cleared_9_267' depends on axioms: [propext, Classical.choice, Quot.sound]
'Collatz.Research.RefinementAtlas.Batch203.data_9_268' does not depend on any axioms
'Collatz.Research.RefinementAtlas.Batch203.gap_9_268' does not depend on any axioms
'Collatz.Research.RefinementAtlas.Batch203.cutoff_9_268' does not depend on any axioms
'Collatz.Research.RefinementAtlas.Batch203.even_endpoint_9_268' depends on axioms: [propext, Quot.sound]
'Collatz.Research.RefinementAtlas.Batch203.odd_endpoint_9_268' depends on axioms: [propext, Quot.sound]
'Collatz.Research.RefinementAtlas.Batch203.even_cutoff_9_268' depends on axioms: [propext, Classical.choice, Quot.sound]
'Collatz.Research.RefinementAtlas.Batch203.odd_cleared_9_268' depends on axioms: [propext, Classical.choice, Quot.sound]
'Collatz.Research.RefinementAtlas.Batch203.data_9_269' does not depend on any axioms
'Collatz.Research.RefinementAtlas.Batch203.gap_9_269' does not depend on any axioms
'Collatz.Research.RefinementAtlas.Batch203.cutoff_9_269' does not depend on any axioms
'Collatz.Research.RefinementAtlas.Batch203.even_endpoint_9_269' depends on axioms: [propext, Quot.sound]
'Collatz.Research.RefinementAtlas.Batch203.odd_endpoint_9_269' depends on axioms: [propext, Quot.sound]
'Collatz.Research.RefinementAtlas.Batch203.even_cutoff_9_269' depends on axioms: [propext, Classical.choice, Quot.sound]
'Collatz.Research.RefinementAtlas.Batch203.odd_cleared_9_269' depends on axioms: [propext, Classical.choice, Quot.sound]
'Collatz.Research.RefinementAtlas.Batch203.data_9_270' does not depend on any axioms
'Collatz.Research.RefinementAtlas.Batch203.gap_9_270' does not depend on any axioms
'Collatz.Research.RefinementAtlas.Batch203.cutoff_9_270' does not depend on any axioms
'Collatz.Research.RefinementAtlas.Batch203.even_endpoint_9_270' depends on axioms: [propext, Quot.sound]
'Collatz.Research.RefinementAtlas.Batch203.odd_endpoint_9_270' depends on axioms: [propext, Quot.sound]
'Collatz.Research.RefinementAtlas.Batch203.even_cutoff_9_270' depends on axioms: [propext, Classical.choice, Quot.sound]
'Collatz.Research.RefinementAtlas.Batch203.odd_cleared_9_270' depends on axioms: [propext, Classical.choice, Quot.sound]
'Collatz.Research.RefinementAtlas.Batch204.data_9_271' does not depend on any axioms
'Collatz.Research.RefinementAtlas.Batch204.gap_9_271' does not depend on any axioms
'Collatz.Research.RefinementAtlas.Batch204.cutoff_9_271' does not depend on any axioms
'Collatz.Research.RefinementAtlas.Batch204.even_endpoint_9_271' depends on axioms: [propext, Quot.sound]
'Collatz.Research.RefinementAtlas.Batch204.odd_endpoint_9_271' depends on axioms: [propext, Quot.sound]
'Collatz.Research.RefinementAtlas.Batch204.even_cutoff_9_271' depends on axioms: [propext, Classical.choice, Quot.sound]
'Collatz.Research.RefinementAtlas.Batch204.odd_cleared_9_271' depends on axioms: [propext, Classical.choice, Quot.sound]
'Collatz.Research.RefinementAtlas.Batch204.data_9_272' does not depend on any axioms
'Collatz.Research.RefinementAtlas.Batch204.gap_9_272' does not depend on any axioms
'Collatz.Research.RefinementAtlas.Batch204.cutoff_9_272' does not depend on any axioms
'Collatz.Research.RefinementAtlas.Batch204.even_endpoint_9_272' depends on axioms: [propext, Quot.sound]
'Collatz.Research.RefinementAtlas.Batch204.odd_endpoint_9_272' depends on axioms: [propext, Quot.sound]
'Collatz.Research.RefinementAtlas.Batch204.even_cutoff_9_272' depends on axioms: [propext, Classical.choice, Quot.sound]
'Collatz.Research.RefinementAtlas.Batch204.odd_cleared_9_272' depends on axioms: [propext, Classical.choice, Quot.sound]
'Collatz.Research.RefinementAtlas.Batch204.data_9_273' does not depend on any axioms
'Collatz.Research.RefinementAtlas.Batch204.gap_9_273' does not depend on any axioms
'Collatz.Research.RefinementAtlas.Batch204.cutoff_9_273' does not depend on any axioms
'Collatz.Research.RefinementAtlas.Batch204.even_endpoint_9_273' depends on axioms: [propext, Quot.sound]
'Collatz.Research.RefinementAtlas.Batch204.odd_endpoint_9_273' depends on axioms: [propext, Quot.sound]
'Collatz.Research.RefinementAtlas.Batch204.even_cutoff_9_273' depends on axioms: [propext, Classical.choice, Quot.sound]
'Collatz.Research.RefinementAtlas.Batch204.odd_cleared_9_273' depends on axioms: [propext, Classical.choice, Quot.sound]
'Collatz.Research.RefinementAtlas.Batch205.data_9_276' does not depend on any axioms
'Collatz.Research.RefinementAtlas.Batch205.gap_9_276' does not depend on any axioms
'Collatz.Research.RefinementAtlas.Batch205.cutoff_9_276' does not depend on any axioms
'Collatz.Research.RefinementAtlas.Batch205.even_endpoint_9_276' depends on axioms: [propext, Quot.sound]
'Collatz.Research.RefinementAtlas.Batch205.odd_endpoint_9_276' depends on axioms: [propext, Quot.sound]
'Collatz.Research.RefinementAtlas.Batch205.even_cutoff_9_276' depends on axioms: [propext, Classical.choice, Quot.sound]
'Collatz.Research.RefinementAtlas.Batch205.odd_cleared_9_276' depends on axioms: [propext, Classical.choice, Quot.sound]
'Collatz.Research.RefinementAtlas.Batch205.data_9_277' does not depend on any axioms
'Collatz.Research.RefinementAtlas.Batch205.gap_9_277' does not depend on any axioms
'Collatz.Research.RefinementAtlas.Batch205.cutoff_9_277' does not depend on any axioms
'Collatz.Research.RefinementAtlas.Batch205.even_endpoint_9_277' depends on axioms: [propext, Quot.sound]
'Collatz.Research.RefinementAtlas.Batch205.odd_endpoint_9_277' depends on axioms: [propext, Quot.sound]
'Collatz.Research.RefinementAtlas.Batch205.even_cutoff_9_277' depends on axioms: [propext, Classical.choice, Quot.sound]
'Collatz.Research.RefinementAtlas.Batch205.odd_cleared_9_277' depends on axioms: [propext, Classical.choice, Quot.sound]
'Collatz.Research.RefinementAtlas.Batch205.data_9_278' does not depend on any axioms
'Collatz.Research.RefinementAtlas.Batch205.gap_9_278' does not depend on any axioms
'Collatz.Research.RefinementAtlas.Batch205.cutoff_9_278' does not depend on any axioms
'Collatz.Research.RefinementAtlas.Batch205.even_endpoint_9_278' depends on axioms: [propext, Quot.sound]
'Collatz.Research.RefinementAtlas.Batch205.odd_endpoint_9_278' depends on axioms: [propext, Quot.sound]
'Collatz.Research.RefinementAtlas.Batch205.even_cutoff_9_278' depends on axioms: [propext, Classical.choice, Quot.sound]
'Collatz.Research.RefinementAtlas.Batch205.odd_cleared_9_278' depends on axioms: [propext, Classical.choice, Quot.sound]
'Collatz.Research.RefinementAtlas.Batch206.data_9_279' does not depend on any axioms
'Collatz.Research.RefinementAtlas.Batch206.gap_9_279' does not depend on any axioms
'Collatz.Research.RefinementAtlas.Batch206.cutoff_9_279' does not depend on any axioms
'Collatz.Research.RefinementAtlas.Batch206.even_endpoint_9_279' depends on axioms: [propext, Quot.sound]
'Collatz.Research.RefinementAtlas.Batch206.odd_endpoint_9_279' depends on axioms: [propext, Quot.sound]
'Collatz.Research.RefinementAtlas.Batch206.even_cutoff_9_279' depends on axioms: [propext, Classical.choice, Quot.sound]
'Collatz.Research.RefinementAtlas.Batch206.odd_cleared_9_279' depends on axioms: [propext, Classical.choice, Quot.sound]
'Collatz.Research.RefinementAtlas.Batch206.data_9_280' does not depend on any axioms
'Collatz.Research.RefinementAtlas.Batch206.gap_9_280' does not depend on any axioms
'Collatz.Research.RefinementAtlas.Batch206.cutoff_9_280' does not depend on any axioms
'Collatz.Research.RefinementAtlas.Batch206.even_endpoint_9_280' depends on axioms: [propext, Quot.sound]
'Collatz.Research.RefinementAtlas.Batch206.odd_endpoint_9_280' depends on axioms: [propext, Quot.sound]
'Collatz.Research.RefinementAtlas.Batch206.even_cutoff_9_280' depends on axioms: [propext, Classical.choice, Quot.sound]
'Collatz.Research.RefinementAtlas.Batch206.odd_cleared_9_280' depends on axioms: [propext, Classical.choice, Quot.sound]
'Collatz.Research.RefinementAtlas.Batch206.data_9_282' does not depend on any axioms
'Collatz.Research.RefinementAtlas.Batch206.gap_9_282' does not depend on any axioms
'Collatz.Research.RefinementAtlas.Batch206.cutoff_9_282' does not depend on any axioms
'Collatz.Research.RefinementAtlas.Batch206.even_endpoint_9_282' depends on axioms: [propext, Quot.sound]
'Collatz.Research.RefinementAtlas.Batch206.odd_endpoint_9_282' depends on axioms: [propext, Quot.sound]
'Collatz.Research.RefinementAtlas.Batch206.even_cutoff_9_282' depends on axioms: [propext, Classical.choice, Quot.sound]
'Collatz.Research.RefinementAtlas.Batch206.odd_cleared_9_282' depends on axioms: [propext, Classical.choice, Quot.sound]
'Collatz.Research.RefinementAtlas.Batch207.data_9_284' does not depend on any axioms
'Collatz.Research.RefinementAtlas.Batch207.gap_9_284' does not depend on any axioms
'Collatz.Research.RefinementAtlas.Batch207.cutoff_9_284' does not depend on any axioms
'Collatz.Research.RefinementAtlas.Batch207.even_endpoint_9_284' depends on axioms: [propext, Quot.sound]
'Collatz.Research.RefinementAtlas.Batch207.odd_endpoint_9_284' depends on axioms: [propext, Quot.sound]
'Collatz.Research.RefinementAtlas.Batch207.even_cutoff_9_284' depends on axioms: [propext, Classical.choice, Quot.sound]
'Collatz.Research.RefinementAtlas.Batch207.odd_cleared_9_284' depends on axioms: [propext, Classical.choice, Quot.sound]
'Collatz.Research.RefinementAtlas.Batch207.data_9_285' does not depend on any axioms
'Collatz.Research.RefinementAtlas.Batch207.gap_9_285' does not depend on any axioms
'Collatz.Research.RefinementAtlas.Batch207.cutoff_9_285' does not depend on any axioms
'Collatz.Research.RefinementAtlas.Batch207.even_endpoint_9_285' depends on axioms: [propext, Quot.sound]
'Collatz.Research.RefinementAtlas.Batch207.odd_endpoint_9_285' depends on axioms: [propext, Quot.sound]
'Collatz.Research.RefinementAtlas.Batch207.even_cutoff_9_285' depends on axioms: [propext, Classical.choice, Quot.sound]
'Collatz.Research.RefinementAtlas.Batch207.odd_cleared_9_285' depends on axioms: [propext, Classical.choice, Quot.sound]
'Collatz.Research.RefinementAtlas.Batch207.data_9_286' does not depend on any axioms
'Collatz.Research.RefinementAtlas.Batch207.gap_9_286' does not depend on any axioms
'Collatz.Research.RefinementAtlas.Batch207.cutoff_9_286' does not depend on any axioms
'Collatz.Research.RefinementAtlas.Batch207.even_endpoint_9_286' depends on axioms: [propext, Quot.sound]
'Collatz.Research.RefinementAtlas.Batch207.odd_endpoint_9_286' depends on axioms: [propext, Quot.sound]
'Collatz.Research.RefinementAtlas.Batch207.even_cutoff_9_286' depends on axioms: [propext, Classical.choice, Quot.sound]
'Collatz.Research.RefinementAtlas.Batch207.odd_cleared_9_286' depends on axioms: [propext, Classical.choice, Quot.sound]
'Collatz.Research.RefinementAtlas.Batch208.data_9_288' does not depend on any axioms
'Collatz.Research.RefinementAtlas.Batch208.gap_9_288' does not depend on any axioms
'Collatz.Research.RefinementAtlas.Batch208.cutoff_9_288' does not depend on any axioms
'Collatz.Research.RefinementAtlas.Batch208.even_endpoint_9_288' depends on axioms: [propext, Quot.sound]
'Collatz.Research.RefinementAtlas.Batch208.odd_endpoint_9_288' depends on axioms: [propext, Quot.sound]
'Collatz.Research.RefinementAtlas.Batch208.even_cutoff_9_288' depends on axioms: [propext, Classical.choice, Quot.sound]
'Collatz.Research.RefinementAtlas.Batch208.odd_cleared_9_288' depends on axioms: [propext, Classical.choice, Quot.sound]
'Collatz.Research.RefinementAtlas.Batch208.data_9_289' does not depend on any axioms
'Collatz.Research.RefinementAtlas.Batch208.gap_9_289' does not depend on any axioms
'Collatz.Research.RefinementAtlas.Batch208.cutoff_9_289' does not depend on any axioms
'Collatz.Research.RefinementAtlas.Batch208.even_endpoint_9_289' depends on axioms: [propext, Quot.sound]
'Collatz.Research.RefinementAtlas.Batch208.odd_endpoint_9_289' depends on axioms: [propext, Quot.sound]
'Collatz.Research.RefinementAtlas.Batch208.even_cutoff_9_289' depends on axioms: [propext, Classical.choice, Quot.sound]
'Collatz.Research.RefinementAtlas.Batch208.odd_cleared_9_289' depends on axioms: [propext, Classical.choice, Quot.sound]
'Collatz.Research.RefinementAtlas.Batch208.data_9_290' does not depend on any axioms
'Collatz.Research.RefinementAtlas.Batch208.gap_9_290' does not depend on any axioms
'Collatz.Research.RefinementAtlas.Batch208.cutoff_9_290' does not depend on any axioms
'Collatz.Research.RefinementAtlas.Batch208.even_endpoint_9_290' depends on axioms: [propext, Quot.sound]
'Collatz.Research.RefinementAtlas.Batch208.odd_endpoint_9_290' depends on axioms: [propext, Quot.sound]
'Collatz.Research.RefinementAtlas.Batch208.even_cutoff_9_290' depends on axioms: [propext, Classical.choice, Quot.sound]
'Collatz.Research.RefinementAtlas.Batch208.odd_cleared_9_290' depends on axioms: [propext, Classical.choice, Quot.sound]
'Collatz.Research.RefinementAtlas.Batch209.data_9_291' does not depend on any axioms
'Collatz.Research.RefinementAtlas.Batch209.gap_9_291' does not depend on any axioms
'Collatz.Research.RefinementAtlas.Batch209.cutoff_9_291' does not depend on any axioms
'Collatz.Research.RefinementAtlas.Batch209.even_endpoint_9_291' depends on axioms: [propext, Quot.sound]
'Collatz.Research.RefinementAtlas.Batch209.odd_endpoint_9_291' depends on axioms: [propext, Quot.sound]
'Collatz.Research.RefinementAtlas.Batch209.even_cutoff_9_291' depends on axioms: [propext, Classical.choice, Quot.sound]
'Collatz.Research.RefinementAtlas.Batch209.odd_cleared_9_291' depends on axioms: [propext, Classical.choice, Quot.sound]
'Collatz.Research.RefinementAtlas.Batch209.data_9_292' does not depend on any axioms
'Collatz.Research.RefinementAtlas.Batch209.gap_9_292' does not depend on any axioms
'Collatz.Research.RefinementAtlas.Batch209.cutoff_9_292' does not depend on any axioms
'Collatz.Research.RefinementAtlas.Batch209.even_endpoint_9_292' depends on axioms: [propext, Quot.sound]
'Collatz.Research.RefinementAtlas.Batch209.odd_endpoint_9_292' depends on axioms: [propext, Quot.sound]
'Collatz.Research.RefinementAtlas.Batch209.even_cutoff_9_292' depends on axioms: [propext, Classical.choice, Quot.sound]
'Collatz.Research.RefinementAtlas.Batch209.odd_cleared_9_292' depends on axioms: [propext, Classical.choice, Quot.sound]
'Collatz.Research.RefinementAtlas.Batch209.data_9_293' does not depend on any axioms
'Collatz.Research.RefinementAtlas.Batch209.gap_9_293' does not depend on any axioms
'Collatz.Research.RefinementAtlas.Batch209.cutoff_9_293' does not depend on any axioms
'Collatz.Research.RefinementAtlas.Batch209.even_endpoint_9_293' depends on axioms: [propext, Quot.sound]
'Collatz.Research.RefinementAtlas.Batch209.odd_endpoint_9_293' depends on axioms: [propext, Quot.sound]
'Collatz.Research.RefinementAtlas.Batch209.even_cutoff_9_293' depends on axioms: [propext, Classical.choice, Quot.sound]
'Collatz.Research.RefinementAtlas.Batch209.odd_cleared_9_293' depends on axioms: [propext, Classical.choice, Quot.sound]
'Collatz.Research.RefinementAtlas.Batch210.data_9_294' does not depend on any axioms
'Collatz.Research.RefinementAtlas.Batch210.gap_9_294' does not depend on any axioms
'Collatz.Research.RefinementAtlas.Batch210.cutoff_9_294' does not depend on any axioms
'Collatz.Research.RefinementAtlas.Batch210.even_endpoint_9_294' depends on axioms: [propext, Quot.sound]
'Collatz.Research.RefinementAtlas.Batch210.odd_endpoint_9_294' depends on axioms: [propext, Quot.sound]
'Collatz.Research.RefinementAtlas.Batch210.even_cutoff_9_294' depends on axioms: [propext, Classical.choice, Quot.sound]
'Collatz.Research.RefinementAtlas.Batch210.odd_cleared_9_294' depends on axioms: [propext, Classical.choice, Quot.sound]
'Collatz.Research.RefinementAtlas.Batch210.data_9_296' does not depend on any axioms
'Collatz.Research.RefinementAtlas.Batch210.gap_9_296' does not depend on any axioms
'Collatz.Research.RefinementAtlas.Batch210.cutoff_9_296' does not depend on any axioms
'Collatz.Research.RefinementAtlas.Batch210.even_endpoint_9_296' depends on axioms: [propext, Quot.sound]
'Collatz.Research.RefinementAtlas.Batch210.odd_endpoint_9_296' depends on axioms: [propext, Quot.sound]
'Collatz.Research.RefinementAtlas.Batch210.even_cutoff_9_296' depends on axioms: [propext, Classical.choice, Quot.sound]
'Collatz.Research.RefinementAtlas.Batch210.odd_cleared_9_296' depends on axioms: [propext, Classical.choice, Quot.sound]
'Collatz.Research.RefinementAtlas.Batch210.data_9_298' does not depend on any axioms
'Collatz.Research.RefinementAtlas.Batch210.gap_9_298' does not depend on any axioms
'Collatz.Research.RefinementAtlas.Batch210.cutoff_9_298' does not depend on any axioms
'Collatz.Research.RefinementAtlas.Batch210.even_endpoint_9_298' depends on axioms: [propext, Quot.sound]
'Collatz.Research.RefinementAtlas.Batch210.odd_endpoint_9_298' depends on axioms: [propext, Quot.sound]
'Collatz.Research.RefinementAtlas.Batch210.even_cutoff_9_298' depends on axioms: [propext, Classical.choice, Quot.sound]
'Collatz.Research.RefinementAtlas.Batch210.odd_cleared_9_298' depends on axioms: [propext, Classical.choice, Quot.sound]
'Collatz.Research.RefinementAtlas.Batch211.data_9_299' does not depend on any axioms
'Collatz.Research.RefinementAtlas.Batch211.gap_9_299' does not depend on any axioms
'Collatz.Research.RefinementAtlas.Batch211.cutoff_9_299' does not depend on any axioms
'Collatz.Research.RefinementAtlas.Batch211.even_endpoint_9_299' depends on axioms: [propext, Quot.sound]
'Collatz.Research.RefinementAtlas.Batch211.odd_endpoint_9_299' depends on axioms: [propext, Quot.sound]
'Collatz.Research.RefinementAtlas.Batch211.even_cutoff_9_299' depends on axioms: [propext, Classical.choice, Quot.sound]
'Collatz.Research.RefinementAtlas.Batch211.odd_cleared_9_299' depends on axioms: [propext, Classical.choice, Quot.sound]
'Collatz.Research.RefinementAtlas.Batch211.data_9_300' does not depend on any axioms
'Collatz.Research.RefinementAtlas.Batch211.gap_9_300' does not depend on any axioms
'Collatz.Research.RefinementAtlas.Batch211.cutoff_9_300' does not depend on any axioms
'Collatz.Research.RefinementAtlas.Batch211.even_endpoint_9_300' depends on axioms: [propext, Quot.sound]
'Collatz.Research.RefinementAtlas.Batch211.odd_endpoint_9_300' depends on axioms: [propext, Quot.sound]
'Collatz.Research.RefinementAtlas.Batch211.even_cutoff_9_300' depends on axioms: [propext, Classical.choice, Quot.sound]
'Collatz.Research.RefinementAtlas.Batch211.odd_cleared_9_300' depends on axioms: [propext, Classical.choice, Quot.sound]
'Collatz.Research.RefinementAtlas.Batch211.data_9_301' does not depend on any axioms
'Collatz.Research.RefinementAtlas.Batch211.gap_9_301' does not depend on any axioms
'Collatz.Research.RefinementAtlas.Batch211.cutoff_9_301' does not depend on any axioms
'Collatz.Research.RefinementAtlas.Batch211.even_endpoint_9_301' depends on axioms: [propext, Quot.sound]
'Collatz.Research.RefinementAtlas.Batch211.odd_endpoint_9_301' depends on axioms: [propext, Quot.sound]
'Collatz.Research.RefinementAtlas.Batch211.even_cutoff_9_301' depends on axioms: [propext, Classical.choice, Quot.sound]
'Collatz.Research.RefinementAtlas.Batch211.odd_cleared_9_301' depends on axioms: [propext, Classical.choice, Quot.sound]
'Collatz.Research.RefinementAtlas.Batch212.data_9_302' does not depend on any axioms
'Collatz.Research.RefinementAtlas.Batch212.gap_9_302' does not depend on any axioms
'Collatz.Research.RefinementAtlas.Batch212.cutoff_9_302' does not depend on any axioms
'Collatz.Research.RefinementAtlas.Batch212.even_endpoint_9_302' depends on axioms: [propext, Quot.sound]
'Collatz.Research.RefinementAtlas.Batch212.odd_endpoint_9_302' depends on axioms: [propext, Quot.sound]
'Collatz.Research.RefinementAtlas.Batch212.even_cutoff_9_302' depends on axioms: [propext, Classical.choice, Quot.sound]
'Collatz.Research.RefinementAtlas.Batch212.odd_cleared_9_302' depends on axioms: [propext, Classical.choice, Quot.sound]
'Collatz.Research.RefinementAtlas.Batch212.data_9_304' does not depend on any axioms
'Collatz.Research.RefinementAtlas.Batch212.gap_9_304' does not depend on any axioms
'Collatz.Research.RefinementAtlas.Batch212.cutoff_9_304' does not depend on any axioms
'Collatz.Research.RefinementAtlas.Batch212.even_endpoint_9_304' depends on axioms: [propext, Quot.sound]
'Collatz.Research.RefinementAtlas.Batch212.odd_endpoint_9_304' depends on axioms: [propext, Quot.sound]
'Collatz.Research.RefinementAtlas.Batch212.even_cutoff_9_304' depends on axioms: [propext, Classical.choice, Quot.sound]
'Collatz.Research.RefinementAtlas.Batch212.odd_cleared_9_304' depends on axioms: [propext, Classical.choice, Quot.sound]
'Collatz.Research.RefinementAtlas.Batch212.data_9_305' does not depend on any axioms
'Collatz.Research.RefinementAtlas.Batch212.gap_9_305' does not depend on any axioms
'Collatz.Research.RefinementAtlas.Batch212.cutoff_9_305' does not depend on any axioms
'Collatz.Research.RefinementAtlas.Batch212.even_endpoint_9_305' depends on axioms: [propext, Quot.sound]
'Collatz.Research.RefinementAtlas.Batch212.odd_endpoint_9_305' depends on axioms: [propext, Quot.sound]
'Collatz.Research.RefinementAtlas.Batch212.even_cutoff_9_305' depends on axioms: [propext, Classical.choice, Quot.sound]
'Collatz.Research.RefinementAtlas.Batch212.odd_cleared_9_305' depends on axioms: [propext, Classical.choice, Quot.sound]
'Collatz.Research.RefinementAtlas.Batch213.data_9_306' does not depend on any axioms
'Collatz.Research.RefinementAtlas.Batch213.gap_9_306' does not depend on any axioms
'Collatz.Research.RefinementAtlas.Batch213.cutoff_9_306' does not depend on any axioms
'Collatz.Research.RefinementAtlas.Batch213.even_endpoint_9_306' depends on axioms: [propext, Quot.sound]
'Collatz.Research.RefinementAtlas.Batch213.odd_endpoint_9_306' depends on axioms: [propext, Quot.sound]
'Collatz.Research.RefinementAtlas.Batch213.even_cutoff_9_306' depends on axioms: [propext, Classical.choice, Quot.sound]
'Collatz.Research.RefinementAtlas.Batch213.odd_cleared_9_306' depends on axioms: [propext, Classical.choice, Quot.sound]
'Collatz.Research.RefinementAtlas.Batch213.data_9_307' does not depend on any axioms
'Collatz.Research.RefinementAtlas.Batch213.gap_9_307' does not depend on any axioms
'Collatz.Research.RefinementAtlas.Batch213.cutoff_9_307' does not depend on any axioms
'Collatz.Research.RefinementAtlas.Batch213.even_endpoint_9_307' depends on axioms: [propext, Quot.sound]
'Collatz.Research.RefinementAtlas.Batch213.odd_endpoint_9_307' depends on axioms: [propext, Quot.sound]
'Collatz.Research.RefinementAtlas.Batch213.even_cutoff_9_307' depends on axioms: [propext, Classical.choice, Quot.sound]
'Collatz.Research.RefinementAtlas.Batch213.odd_cleared_9_307' depends on axioms: [propext, Classical.choice, Quot.sound]
'Collatz.Research.RefinementAtlas.Batch213.data_9_308' does not depend on any axioms
'Collatz.Research.RefinementAtlas.Batch213.gap_9_308' does not depend on any axioms
'Collatz.Research.RefinementAtlas.Batch213.cutoff_9_308' does not depend on any axioms
'Collatz.Research.RefinementAtlas.Batch213.even_endpoint_9_308' depends on axioms: [propext, Quot.sound]
'Collatz.Research.RefinementAtlas.Batch213.odd_endpoint_9_308' depends on axioms: [propext, Quot.sound]
'Collatz.Research.RefinementAtlas.Batch213.even_cutoff_9_308' depends on axioms: [propext, Classical.choice, Quot.sound]
'Collatz.Research.RefinementAtlas.Batch213.odd_cleared_9_308' depends on axioms: [propext, Classical.choice, Quot.sound]
'Collatz.Research.RefinementAtlas.Batch214.data_9_309' does not depend on any axioms
'Collatz.Research.RefinementAtlas.Batch214.gap_9_309' does not depend on any axioms
'Collatz.Research.RefinementAtlas.Batch214.cutoff_9_309' does not depend on any axioms
'Collatz.Research.RefinementAtlas.Batch214.even_endpoint_9_309' depends on axioms: [propext, Quot.sound]
'Collatz.Research.RefinementAtlas.Batch214.odd_endpoint_9_309' depends on axioms: [propext, Quot.sound]
'Collatz.Research.RefinementAtlas.Batch214.even_cutoff_9_309' depends on axioms: [propext, Classical.choice, Quot.sound]
'Collatz.Research.RefinementAtlas.Batch214.odd_cleared_9_309' depends on axioms: [propext, Classical.choice, Quot.sound]
'Collatz.Research.RefinementAtlas.Batch214.data_9_312' does not depend on any axioms
'Collatz.Research.RefinementAtlas.Batch214.gap_9_312' does not depend on any axioms
'Collatz.Research.RefinementAtlas.Batch214.cutoff_9_312' does not depend on any axioms
'Collatz.Research.RefinementAtlas.Batch214.even_endpoint_9_312' depends on axioms: [propext, Quot.sound]
'Collatz.Research.RefinementAtlas.Batch214.odd_endpoint_9_312' depends on axioms: [propext, Quot.sound]
'Collatz.Research.RefinementAtlas.Batch214.even_cutoff_9_312' depends on axioms: [propext, Classical.choice, Quot.sound]
'Collatz.Research.RefinementAtlas.Batch214.odd_cleared_9_312' depends on axioms: [propext, Classical.choice, Quot.sound]
'Collatz.Research.RefinementAtlas.Batch214.data_9_314' does not depend on any axioms
'Collatz.Research.RefinementAtlas.Batch214.gap_9_314' does not depend on any axioms
'Collatz.Research.RefinementAtlas.Batch214.cutoff_9_314' does not depend on any axioms
'Collatz.Research.RefinementAtlas.Batch214.even_endpoint_9_314' depends on axioms: [propext, Quot.sound]
'Collatz.Research.RefinementAtlas.Batch214.odd_endpoint_9_314' depends on axioms: [propext, Quot.sound]
'Collatz.Research.RefinementAtlas.Batch214.even_cutoff_9_314' depends on axioms: [propext, Classical.choice, Quot.sound]
'Collatz.Research.RefinementAtlas.Batch214.odd_cleared_9_314' depends on axioms: [propext, Classical.choice, Quot.sound]
'Collatz.Research.RefinementAtlas.Batch215.data_9_315' does not depend on any axioms
'Collatz.Research.RefinementAtlas.Batch215.gap_9_315' does not depend on any axioms
'Collatz.Research.RefinementAtlas.Batch215.cutoff_9_315' does not depend on any axioms
'Collatz.Research.RefinementAtlas.Batch215.even_endpoint_9_315' depends on axioms: [propext, Quot.sound]
'Collatz.Research.RefinementAtlas.Batch215.odd_endpoint_9_315' depends on axioms: [propext, Quot.sound]
'Collatz.Research.RefinementAtlas.Batch215.even_cutoff_9_315' depends on axioms: [propext, Classical.choice, Quot.sound]
'Collatz.Research.RefinementAtlas.Batch215.odd_cleared_9_315' depends on axioms: [propext, Classical.choice, Quot.sound]
'Collatz.Research.RefinementAtlas.Batch215.data_9_316' does not depend on any axioms
'Collatz.Research.RefinementAtlas.Batch215.gap_9_316' does not depend on any axioms
'Collatz.Research.RefinementAtlas.Batch215.cutoff_9_316' does not depend on any axioms
'Collatz.Research.RefinementAtlas.Batch215.even_endpoint_9_316' depends on axioms: [propext, Quot.sound]
'Collatz.Research.RefinementAtlas.Batch215.odd_endpoint_9_316' depends on axioms: [propext, Quot.sound]
'Collatz.Research.RefinementAtlas.Batch215.even_cutoff_9_316' depends on axioms: [propext, Classical.choice, Quot.sound]
'Collatz.Research.RefinementAtlas.Batch215.odd_cleared_9_316' depends on axioms: [propext, Classical.choice, Quot.sound]
'Collatz.Research.RefinementAtlas.Batch215.data_9_317' does not depend on any axioms
'Collatz.Research.RefinementAtlas.Batch215.gap_9_317' does not depend on any axioms
'Collatz.Research.RefinementAtlas.Batch215.cutoff_9_317' does not depend on any axioms
'Collatz.Research.RefinementAtlas.Batch215.even_endpoint_9_317' depends on axioms: [propext, Quot.sound]
'Collatz.Research.RefinementAtlas.Batch215.odd_endpoint_9_317' depends on axioms: [propext, Quot.sound]
'Collatz.Research.RefinementAtlas.Batch215.even_cutoff_9_317' depends on axioms: [propext, Classical.choice, Quot.sound]
'Collatz.Research.RefinementAtlas.Batch215.odd_cleared_9_317' depends on axioms: [propext, Classical.choice, Quot.sound]
'Collatz.Research.RefinementAtlas.Batch216.data_9_320' does not depend on any axioms
'Collatz.Research.RefinementAtlas.Batch216.gap_9_320' does not depend on any axioms
'Collatz.Research.RefinementAtlas.Batch216.cutoff_9_320' does not depend on any axioms
'Collatz.Research.RefinementAtlas.Batch216.even_endpoint_9_320' depends on axioms: [propext, Quot.sound]
'Collatz.Research.RefinementAtlas.Batch216.odd_endpoint_9_320' depends on axioms: [propext, Quot.sound]
'Collatz.Research.RefinementAtlas.Batch216.even_cutoff_9_320' depends on axioms: [propext, Classical.choice, Quot.sound]
'Collatz.Research.RefinementAtlas.Batch216.odd_cleared_9_320' depends on axioms: [propext, Classical.choice, Quot.sound]
'Collatz.Research.RefinementAtlas.Batch216.data_9_321' does not depend on any axioms
'Collatz.Research.RefinementAtlas.Batch216.gap_9_321' does not depend on any axioms
'Collatz.Research.RefinementAtlas.Batch216.cutoff_9_321' does not depend on any axioms
'Collatz.Research.RefinementAtlas.Batch216.even_endpoint_9_321' depends on axioms: [propext, Quot.sound]
'Collatz.Research.RefinementAtlas.Batch216.odd_endpoint_9_321' depends on axioms: [propext, Quot.sound]
'Collatz.Research.RefinementAtlas.Batch216.even_cutoff_9_321' depends on axioms: [propext, Classical.choice, Quot.sound]
'Collatz.Research.RefinementAtlas.Batch216.odd_cleared_9_321' depends on axioms: [propext, Classical.choice, Quot.sound]
'Collatz.Research.RefinementAtlas.Batch216.data_9_322' does not depend on any axioms
'Collatz.Research.RefinementAtlas.Batch216.gap_9_322' does not depend on any axioms
'Collatz.Research.RefinementAtlas.Batch216.cutoff_9_322' does not depend on any axioms
'Collatz.Research.RefinementAtlas.Batch216.even_endpoint_9_322' depends on axioms: [propext, Quot.sound]
'Collatz.Research.RefinementAtlas.Batch216.odd_endpoint_9_322' depends on axioms: [propext, Quot.sound]
'Collatz.Research.RefinementAtlas.Batch216.even_cutoff_9_322' depends on axioms: [propext, Classical.choice, Quot.sound]
'Collatz.Research.RefinementAtlas.Batch216.odd_cleared_9_322' depends on axioms: [propext, Classical.choice, Quot.sound]
'Collatz.Research.RefinementAtlas.Batch217.data_9_323' does not depend on any axioms
'Collatz.Research.RefinementAtlas.Batch217.gap_9_323' does not depend on any axioms
'Collatz.Research.RefinementAtlas.Batch217.cutoff_9_323' does not depend on any axioms
'Collatz.Research.RefinementAtlas.Batch217.even_endpoint_9_323' depends on axioms: [propext, Quot.sound]
'Collatz.Research.RefinementAtlas.Batch217.odd_endpoint_9_323' depends on axioms: [propext, Quot.sound]
'Collatz.Research.RefinementAtlas.Batch217.even_cutoff_9_323' depends on axioms: [propext, Classical.choice, Quot.sound]
'Collatz.Research.RefinementAtlas.Batch217.odd_cleared_9_323' depends on axioms: [propext, Classical.choice, Quot.sound]
'Collatz.Research.RefinementAtlas.Batch217.data_9_324' does not depend on any axioms
'Collatz.Research.RefinementAtlas.Batch217.gap_9_324' does not depend on any axioms
'Collatz.Research.RefinementAtlas.Batch217.cutoff_9_324' does not depend on any axioms
'Collatz.Research.RefinementAtlas.Batch217.even_endpoint_9_324' depends on axioms: [propext, Quot.sound]
'Collatz.Research.RefinementAtlas.Batch217.odd_endpoint_9_324' depends on axioms: [propext, Quot.sound]
'Collatz.Research.RefinementAtlas.Batch217.even_cutoff_9_324' depends on axioms: [propext, Classical.choice, Quot.sound]
'Collatz.Research.RefinementAtlas.Batch217.odd_cleared_9_324' depends on axioms: [propext, Classical.choice, Quot.sound]
'Collatz.Research.RefinementAtlas.Batch217.data_9_325' does not depend on any axioms
'Collatz.Research.RefinementAtlas.Batch217.gap_9_325' does not depend on any axioms
'Collatz.Research.RefinementAtlas.Batch217.cutoff_9_325' does not depend on any axioms
'Collatz.Research.RefinementAtlas.Batch217.even_endpoint_9_325' depends on axioms: [propext, Quot.sound]
'Collatz.Research.RefinementAtlas.Batch217.odd_endpoint_9_325' depends on axioms: [propext, Quot.sound]
'Collatz.Research.RefinementAtlas.Batch217.even_cutoff_9_325' depends on axioms: [propext, Classical.choice, Quot.sound]
'Collatz.Research.RefinementAtlas.Batch217.odd_cleared_9_325' depends on axioms: [propext, Classical.choice, Quot.sound]
'Collatz.Research.RefinementAtlas.Batch218.data_9_326' does not depend on any axioms
'Collatz.Research.RefinementAtlas.Batch218.gap_9_326' does not depend on any axioms
'Collatz.Research.RefinementAtlas.Batch218.cutoff_9_326' does not depend on any axioms
'Collatz.Research.RefinementAtlas.Batch218.even_endpoint_9_326' depends on axioms: [propext, Quot.sound]
'Collatz.Research.RefinementAtlas.Batch218.odd_endpoint_9_326' depends on axioms: [propext, Quot.sound]
'Collatz.Research.RefinementAtlas.Batch218.even_cutoff_9_326' depends on axioms: [propext, Classical.choice, Quot.sound]
'Collatz.Research.RefinementAtlas.Batch218.odd_cleared_9_326' depends on axioms: [propext, Classical.choice, Quot.sound]
'Collatz.Research.RefinementAtlas.Batch218.data_9_328' does not depend on any axioms
'Collatz.Research.RefinementAtlas.Batch218.gap_9_328' does not depend on any axioms
'Collatz.Research.RefinementAtlas.Batch218.cutoff_9_328' does not depend on any axioms
'Collatz.Research.RefinementAtlas.Batch218.even_endpoint_9_328' depends on axioms: [propext, Quot.sound]
'Collatz.Research.RefinementAtlas.Batch218.odd_endpoint_9_328' depends on axioms: [propext, Quot.sound]
'Collatz.Research.RefinementAtlas.Batch218.even_cutoff_9_328' depends on axioms: [propext, Classical.choice, Quot.sound]
'Collatz.Research.RefinementAtlas.Batch218.odd_cleared_9_328' depends on axioms: [propext, Classical.choice, Quot.sound]
'Collatz.Research.RefinementAtlas.Batch218.data_9_329' does not depend on any axioms
'Collatz.Research.RefinementAtlas.Batch218.gap_9_329' does not depend on any axioms
'Collatz.Research.RefinementAtlas.Batch218.cutoff_9_329' does not depend on any axioms
'Collatz.Research.RefinementAtlas.Batch218.even_endpoint_9_329' depends on axioms: [propext, Quot.sound]
'Collatz.Research.RefinementAtlas.Batch218.odd_endpoint_9_329' depends on axioms: [propext, Quot.sound]
'Collatz.Research.RefinementAtlas.Batch218.even_cutoff_9_329' depends on axioms: [propext, Classical.choice, Quot.sound]
'Collatz.Research.RefinementAtlas.Batch218.odd_cleared_9_329' depends on axioms: [propext, Classical.choice, Quot.sound]
'Collatz.Research.RefinementAtlas.Batch219.data_9_330' does not depend on any axioms
'Collatz.Research.RefinementAtlas.Batch219.gap_9_330' does not depend on any axioms
'Collatz.Research.RefinementAtlas.Batch219.cutoff_9_330' does not depend on any axioms
'Collatz.Research.RefinementAtlas.Batch219.even_endpoint_9_330' depends on axioms: [propext, Quot.sound]
'Collatz.Research.RefinementAtlas.Batch219.odd_endpoint_9_330' depends on axioms: [propext, Quot.sound]
'Collatz.Research.RefinementAtlas.Batch219.even_cutoff_9_330' depends on axioms: [propext, Classical.choice, Quot.sound]
'Collatz.Research.RefinementAtlas.Batch219.odd_cleared_9_330' depends on axioms: [propext, Classical.choice, Quot.sound]
'Collatz.Research.RefinementAtlas.Batch219.data_9_331' does not depend on any axioms
'Collatz.Research.RefinementAtlas.Batch219.gap_9_331' does not depend on any axioms
'Collatz.Research.RefinementAtlas.Batch219.cutoff_9_331' does not depend on any axioms
'Collatz.Research.RefinementAtlas.Batch219.even_endpoint_9_331' depends on axioms: [propext, Quot.sound]
'Collatz.Research.RefinementAtlas.Batch219.odd_endpoint_9_331' depends on axioms: [propext, Quot.sound]
'Collatz.Research.RefinementAtlas.Batch219.even_cutoff_9_331' depends on axioms: [propext, Classical.choice, Quot.sound]
'Collatz.Research.RefinementAtlas.Batch219.odd_cleared_9_331' depends on axioms: [propext, Classical.choice, Quot.sound]
'Collatz.Research.RefinementAtlas.Batch219.data_9_332' does not depend on any axioms
'Collatz.Research.RefinementAtlas.Batch219.gap_9_332' does not depend on any axioms
'Collatz.Research.RefinementAtlas.Batch219.cutoff_9_332' does not depend on any axioms
'Collatz.Research.RefinementAtlas.Batch219.even_endpoint_9_332' depends on axioms: [propext, Quot.sound]
'Collatz.Research.RefinementAtlas.Batch219.odd_endpoint_9_332' depends on axioms: [propext, Quot.sound]
'Collatz.Research.RefinementAtlas.Batch219.even_cutoff_9_332' depends on axioms: [propext, Classical.choice, Quot.sound]
'Collatz.Research.RefinementAtlas.Batch219.odd_cleared_9_332' depends on axioms: [propext, Classical.choice, Quot.sound]
'Collatz.Research.RefinementAtlas.Batch220.data_9_333' does not depend on any axioms
'Collatz.Research.RefinementAtlas.Batch220.gap_9_333' does not depend on any axioms
'Collatz.Research.RefinementAtlas.Batch220.cutoff_9_333' does not depend on any axioms
'Collatz.Research.RefinementAtlas.Batch220.even_endpoint_9_333' depends on axioms: [propext, Quot.sound]
'Collatz.Research.RefinementAtlas.Batch220.odd_endpoint_9_333' depends on axioms: [propext, Quot.sound]
'Collatz.Research.RefinementAtlas.Batch220.even_cutoff_9_333' depends on axioms: [propext, Classical.choice, Quot.sound]
'Collatz.Research.RefinementAtlas.Batch220.odd_cleared_9_333' depends on axioms: [propext, Classical.choice, Quot.sound]
'Collatz.Research.RefinementAtlas.Batch220.data_9_336' does not depend on any axioms
'Collatz.Research.RefinementAtlas.Batch220.gap_9_336' does not depend on any axioms
'Collatz.Research.RefinementAtlas.Batch220.cutoff_9_336' does not depend on any axioms
'Collatz.Research.RefinementAtlas.Batch220.even_endpoint_9_336' depends on axioms: [propext, Quot.sound]
'Collatz.Research.RefinementAtlas.Batch220.odd_endpoint_9_336' depends on axioms: [propext, Quot.sound]
'Collatz.Research.RefinementAtlas.Batch220.even_cutoff_9_336' depends on axioms: [propext, Classical.choice, Quot.sound]
'Collatz.Research.RefinementAtlas.Batch220.odd_cleared_9_336' depends on axioms: [propext, Classical.choice, Quot.sound]
'Collatz.Research.RefinementAtlas.Batch220.data_9_340' does not depend on any axioms
'Collatz.Research.RefinementAtlas.Batch220.gap_9_340' does not depend on any axioms
'Collatz.Research.RefinementAtlas.Batch220.cutoff_9_340' does not depend on any axioms
'Collatz.Research.RefinementAtlas.Batch220.even_endpoint_9_340' depends on axioms: [propext, Quot.sound]
'Collatz.Research.RefinementAtlas.Batch220.odd_endpoint_9_340' depends on axioms: [propext, Quot.sound]
'Collatz.Research.RefinementAtlas.Batch220.even_cutoff_9_340' depends on axioms: [propext, Classical.choice, Quot.sound]
'Collatz.Research.RefinementAtlas.Batch220.odd_cleared_9_340' depends on axioms: [propext, Classical.choice, Quot.sound]
'Collatz.Research.RefinementAtlas.Batch221.data_9_341' does not depend on any axioms
'Collatz.Research.RefinementAtlas.Batch221.gap_9_341' does not depend on any axioms
'Collatz.Research.RefinementAtlas.Batch221.cutoff_9_341' does not depend on any axioms
'Collatz.Research.RefinementAtlas.Batch221.even_endpoint_9_341' depends on axioms: [propext, Quot.sound]
'Collatz.Research.RefinementAtlas.Batch221.odd_endpoint_9_341' depends on axioms: [propext, Quot.sound]
'Collatz.Research.RefinementAtlas.Batch221.even_cutoff_9_341' depends on axioms: [propext, Classical.choice, Quot.sound]
'Collatz.Research.RefinementAtlas.Batch221.odd_cleared_9_341' depends on axioms: [propext, Classical.choice, Quot.sound]
'Collatz.Research.RefinementAtlas.Batch221.data_9_342' does not depend on any axioms
'Collatz.Research.RefinementAtlas.Batch221.gap_9_342' does not depend on any axioms
'Collatz.Research.RefinementAtlas.Batch221.cutoff_9_342' does not depend on any axioms
'Collatz.Research.RefinementAtlas.Batch221.even_endpoint_9_342' depends on axioms: [propext, Quot.sound]
'Collatz.Research.RefinementAtlas.Batch221.odd_endpoint_9_342' depends on axioms: [propext, Quot.sound]
'Collatz.Research.RefinementAtlas.Batch221.even_cutoff_9_342' depends on axioms: [propext, Classical.choice, Quot.sound]
'Collatz.Research.RefinementAtlas.Batch221.odd_cleared_9_342' depends on axioms: [propext, Classical.choice, Quot.sound]
'Collatz.Research.RefinementAtlas.Batch221.data_9_343' does not depend on any axioms
'Collatz.Research.RefinementAtlas.Batch221.gap_9_343' does not depend on any axioms
'Collatz.Research.RefinementAtlas.Batch221.cutoff_9_343' does not depend on any axioms
'Collatz.Research.RefinementAtlas.Batch221.even_endpoint_9_343' depends on axioms: [propext, Quot.sound]
'Collatz.Research.RefinementAtlas.Batch221.odd_endpoint_9_343' depends on axioms: [propext, Quot.sound]
'Collatz.Research.RefinementAtlas.Batch221.even_cutoff_9_343' depends on axioms: [propext, Classical.choice, Quot.sound]
'Collatz.Research.RefinementAtlas.Batch221.odd_cleared_9_343' depends on axioms: [propext, Classical.choice, Quot.sound]
'Collatz.Research.RefinementAtlas.Batch222.data_9_344' does not depend on any axioms
'Collatz.Research.RefinementAtlas.Batch222.gap_9_344' does not depend on any axioms
'Collatz.Research.RefinementAtlas.Batch222.cutoff_9_344' does not depend on any axioms
'Collatz.Research.RefinementAtlas.Batch222.even_endpoint_9_344' depends on axioms: [propext, Quot.sound]
'Collatz.Research.RefinementAtlas.Batch222.odd_endpoint_9_344' depends on axioms: [propext, Quot.sound]
'Collatz.Research.RefinementAtlas.Batch222.even_cutoff_9_344' depends on axioms: [propext, Classical.choice, Quot.sound]
'Collatz.Research.RefinementAtlas.Batch222.odd_cleared_9_344' depends on axioms: [propext, Classical.choice, Quot.sound]
'Collatz.Research.RefinementAtlas.Batch222.data_9_345' does not depend on any axioms
'Collatz.Research.RefinementAtlas.Batch222.gap_9_345' does not depend on any axioms
'Collatz.Research.RefinementAtlas.Batch222.cutoff_9_345' does not depend on any axioms
'Collatz.Research.RefinementAtlas.Batch222.even_endpoint_9_345' depends on axioms: [propext, Quot.sound]
'Collatz.Research.RefinementAtlas.Batch222.odd_endpoint_9_345' depends on axioms: [propext, Quot.sound]
'Collatz.Research.RefinementAtlas.Batch222.even_cutoff_9_345' depends on axioms: [propext, Classical.choice, Quot.sound]
'Collatz.Research.RefinementAtlas.Batch222.odd_cleared_9_345' depends on axioms: [propext, Classical.choice, Quot.sound]
'Collatz.Research.RefinementAtlas.Batch222.data_9_346' does not depend on any axioms
'Collatz.Research.RefinementAtlas.Batch222.gap_9_346' does not depend on any axioms
'Collatz.Research.RefinementAtlas.Batch222.cutoff_9_346' does not depend on any axioms
'Collatz.Research.RefinementAtlas.Batch222.even_endpoint_9_346' depends on axioms: [propext, Quot.sound]
'Collatz.Research.RefinementAtlas.Batch222.odd_endpoint_9_346' depends on axioms: [propext, Quot.sound]
'Collatz.Research.RefinementAtlas.Batch222.even_cutoff_9_346' depends on axioms: [propext, Classical.choice, Quot.sound]
'Collatz.Research.RefinementAtlas.Batch222.odd_cleared_9_346' depends on axioms: [propext, Classical.choice, Quot.sound]
'Collatz.Research.RefinementAtlas.Batch223.data_9_348' does not depend on any axioms
'Collatz.Research.RefinementAtlas.Batch223.gap_9_348' does not depend on any axioms
'Collatz.Research.RefinementAtlas.Batch223.cutoff_9_348' does not depend on any axioms
'Collatz.Research.RefinementAtlas.Batch223.even_endpoint_9_348' depends on axioms: [propext, Quot.sound]
'Collatz.Research.RefinementAtlas.Batch223.odd_endpoint_9_348' depends on axioms: [propext, Quot.sound]
'Collatz.Research.RefinementAtlas.Batch223.even_cutoff_9_348' depends on axioms: [propext, Classical.choice, Quot.sound]
'Collatz.Research.RefinementAtlas.Batch223.odd_cleared_9_348' depends on axioms: [propext, Classical.choice, Quot.sound]
'Collatz.Research.RefinementAtlas.Batch223.data_9_349' does not depend on any axioms
'Collatz.Research.RefinementAtlas.Batch223.gap_9_349' does not depend on any axioms
'Collatz.Research.RefinementAtlas.Batch223.cutoff_9_349' does not depend on any axioms
'Collatz.Research.RefinementAtlas.Batch223.even_endpoint_9_349' depends on axioms: [propext, Quot.sound]
'Collatz.Research.RefinementAtlas.Batch223.odd_endpoint_9_349' depends on axioms: [propext, Quot.sound]
'Collatz.Research.RefinementAtlas.Batch223.even_cutoff_9_349' depends on axioms: [propext, Classical.choice, Quot.sound]
'Collatz.Research.RefinementAtlas.Batch223.odd_cleared_9_349' depends on axioms: [propext, Classical.choice, Quot.sound]
'Collatz.Research.RefinementAtlas.Batch223.data_9_350' does not depend on any axioms
'Collatz.Research.RefinementAtlas.Batch223.gap_9_350' does not depend on any axioms
'Collatz.Research.RefinementAtlas.Batch223.cutoff_9_350' does not depend on any axioms
'Collatz.Research.RefinementAtlas.Batch223.even_endpoint_9_350' depends on axioms: [propext, Quot.sound]
'Collatz.Research.RefinementAtlas.Batch223.odd_endpoint_9_350' depends on axioms: [propext, Quot.sound]
'Collatz.Research.RefinementAtlas.Batch223.even_cutoff_9_350' depends on axioms: [propext, Classical.choice, Quot.sound]
'Collatz.Research.RefinementAtlas.Batch223.odd_cleared_9_350' depends on axioms: [propext, Classical.choice, Quot.sound]
'Collatz.Research.RefinementAtlas.Batch224.data_9_351' does not depend on any axioms
'Collatz.Research.RefinementAtlas.Batch224.gap_9_351' does not depend on any axioms
'Collatz.Research.RefinementAtlas.Batch224.cutoff_9_351' does not depend on any axioms
'Collatz.Research.RefinementAtlas.Batch224.even_endpoint_9_351' depends on axioms: [propext, Quot.sound]
'Collatz.Research.RefinementAtlas.Batch224.odd_endpoint_9_351' depends on axioms: [propext, Quot.sound]
'Collatz.Research.RefinementAtlas.Batch224.even_cutoff_9_351' depends on axioms: [propext, Classical.choice, Quot.sound]
'Collatz.Research.RefinementAtlas.Batch224.odd_cleared_9_351' depends on axioms: [propext, Classical.choice, Quot.sound]
'Collatz.Research.RefinementAtlas.Batch224.data_9_352' does not depend on any axioms
'Collatz.Research.RefinementAtlas.Batch224.gap_9_352' does not depend on any axioms
'Collatz.Research.RefinementAtlas.Batch224.cutoff_9_352' does not depend on any axioms
'Collatz.Research.RefinementAtlas.Batch224.even_endpoint_9_352' depends on axioms: [propext, Quot.sound]
'Collatz.Research.RefinementAtlas.Batch224.odd_endpoint_9_352' depends on axioms: [propext, Quot.sound]
'Collatz.Research.RefinementAtlas.Batch224.even_cutoff_9_352' depends on axioms: [propext, Classical.choice, Quot.sound]
'Collatz.Research.RefinementAtlas.Batch224.odd_cleared_9_352' depends on axioms: [propext, Classical.choice, Quot.sound]
'Collatz.Research.RefinementAtlas.Batch224.data_9_354' does not depend on any axioms
'Collatz.Research.RefinementAtlas.Batch224.gap_9_354' does not depend on any axioms
'Collatz.Research.RefinementAtlas.Batch224.cutoff_9_354' does not depend on any axioms
'Collatz.Research.RefinementAtlas.Batch224.even_endpoint_9_354' depends on axioms: [propext, Quot.sound]
'Collatz.Research.RefinementAtlas.Batch224.odd_endpoint_9_354' depends on axioms: [propext, Quot.sound]
'Collatz.Research.RefinementAtlas.Batch224.even_cutoff_9_354' depends on axioms: [propext, Classical.choice, Quot.sound]
'Collatz.Research.RefinementAtlas.Batch224.odd_cleared_9_354' depends on axioms: [propext, Classical.choice, Quot.sound]
'Collatz.Research.RefinementAtlas.Batch225.data_9_355' does not depend on any axioms
'Collatz.Research.RefinementAtlas.Batch225.gap_9_355' does not depend on any axioms
'Collatz.Research.RefinementAtlas.Batch225.cutoff_9_355' does not depend on any axioms
'Collatz.Research.RefinementAtlas.Batch225.even_endpoint_9_355' depends on axioms: [propext, Quot.sound]
'Collatz.Research.RefinementAtlas.Batch225.odd_endpoint_9_355' depends on axioms: [propext, Quot.sound]
'Collatz.Research.RefinementAtlas.Batch225.even_cutoff_9_355' depends on axioms: [propext, Classical.choice, Quot.sound]
'Collatz.Research.RefinementAtlas.Batch225.odd_cleared_9_355' depends on axioms: [propext, Classical.choice, Quot.sound]
'Collatz.Research.RefinementAtlas.Batch225.data_9_356' does not depend on any axioms
'Collatz.Research.RefinementAtlas.Batch225.gap_9_356' does not depend on any axioms
'Collatz.Research.RefinementAtlas.Batch225.cutoff_9_356' does not depend on any axioms
'Collatz.Research.RefinementAtlas.Batch225.even_endpoint_9_356' depends on axioms: [propext, Quot.sound]
'Collatz.Research.RefinementAtlas.Batch225.odd_endpoint_9_356' depends on axioms: [propext, Quot.sound]
'Collatz.Research.RefinementAtlas.Batch225.even_cutoff_9_356' depends on axioms: [propext, Classical.choice, Quot.sound]
'Collatz.Research.RefinementAtlas.Batch225.odd_cleared_9_356' depends on axioms: [propext, Classical.choice, Quot.sound]
'Collatz.Research.RefinementAtlas.Batch225.data_9_357' does not depend on any axioms
'Collatz.Research.RefinementAtlas.Batch225.gap_9_357' does not depend on any axioms
'Collatz.Research.RefinementAtlas.Batch225.cutoff_9_357' does not depend on any axioms
'Collatz.Research.RefinementAtlas.Batch225.even_endpoint_9_357' depends on axioms: [propext, Quot.sound]
'Collatz.Research.RefinementAtlas.Batch225.odd_endpoint_9_357' depends on axioms: [propext, Quot.sound]
'Collatz.Research.RefinementAtlas.Batch225.even_cutoff_9_357' depends on axioms: [propext, Classical.choice, Quot.sound]
'Collatz.Research.RefinementAtlas.Batch225.odd_cleared_9_357' depends on axioms: [propext, Classical.choice, Quot.sound]
'Collatz.Research.RefinementAtlas.Batch226.data_9_358' does not depend on any axioms
'Collatz.Research.RefinementAtlas.Batch226.gap_9_358' does not depend on any axioms
'Collatz.Research.RefinementAtlas.Batch226.cutoff_9_358' does not depend on any axioms
'Collatz.Research.RefinementAtlas.Batch226.even_endpoint_9_358' depends on axioms: [propext, Quot.sound]
'Collatz.Research.RefinementAtlas.Batch226.odd_endpoint_9_358' depends on axioms: [propext, Quot.sound]
'Collatz.Research.RefinementAtlas.Batch226.even_cutoff_9_358' depends on axioms: [propext, Classical.choice, Quot.sound]
'Collatz.Research.RefinementAtlas.Batch226.odd_cleared_9_358' depends on axioms: [propext, Classical.choice, Quot.sound]
'Collatz.Research.RefinementAtlas.Batch226.data_9_360' does not depend on any axioms
'Collatz.Research.RefinementAtlas.Batch226.gap_9_360' does not depend on any axioms
'Collatz.Research.RefinementAtlas.Batch226.cutoff_9_360' does not depend on any axioms
'Collatz.Research.RefinementAtlas.Batch226.even_endpoint_9_360' depends on axioms: [propext, Quot.sound]
'Collatz.Research.RefinementAtlas.Batch226.odd_endpoint_9_360' depends on axioms: [propext, Quot.sound]
'Collatz.Research.RefinementAtlas.Batch226.even_cutoff_9_360' depends on axioms: [propext, Classical.choice, Quot.sound]
'Collatz.Research.RefinementAtlas.Batch226.odd_cleared_9_360' depends on axioms: [propext, Classical.choice, Quot.sound]
'Collatz.Research.RefinementAtlas.Batch226.data_9_361' does not depend on any axioms
'Collatz.Research.RefinementAtlas.Batch226.gap_9_361' does not depend on any axioms
'Collatz.Research.RefinementAtlas.Batch226.cutoff_9_361' does not depend on any axioms
'Collatz.Research.RefinementAtlas.Batch226.even_endpoint_9_361' depends on axioms: [propext, Quot.sound]
'Collatz.Research.RefinementAtlas.Batch226.odd_endpoint_9_361' depends on axioms: [propext, Quot.sound]
'Collatz.Research.RefinementAtlas.Batch226.even_cutoff_9_361' depends on axioms: [propext, Classical.choice, Quot.sound]
'Collatz.Research.RefinementAtlas.Batch226.odd_cleared_9_361' depends on axioms: [propext, Classical.choice, Quot.sound]
'Collatz.Research.RefinementAtlas.Batch227.data_9_362' does not depend on any axioms
'Collatz.Research.RefinementAtlas.Batch227.gap_9_362' does not depend on any axioms
'Collatz.Research.RefinementAtlas.Batch227.cutoff_9_362' does not depend on any axioms
'Collatz.Research.RefinementAtlas.Batch227.even_endpoint_9_362' depends on axioms: [propext, Quot.sound]
'Collatz.Research.RefinementAtlas.Batch227.odd_endpoint_9_362' depends on axioms: [propext, Quot.sound]
'Collatz.Research.RefinementAtlas.Batch227.even_cutoff_9_362' depends on axioms: [propext, Classical.choice, Quot.sound]
'Collatz.Research.RefinementAtlas.Batch227.odd_cleared_9_362' depends on axioms: [propext, Classical.choice, Quot.sound]
'Collatz.Research.RefinementAtlas.Batch227.data_9_363' does not depend on any axioms
'Collatz.Research.RefinementAtlas.Batch227.gap_9_363' does not depend on any axioms
'Collatz.Research.RefinementAtlas.Batch227.cutoff_9_363' does not depend on any axioms
'Collatz.Research.RefinementAtlas.Batch227.even_endpoint_9_363' depends on axioms: [propext, Quot.sound]
'Collatz.Research.RefinementAtlas.Batch227.odd_endpoint_9_363' depends on axioms: [propext, Quot.sound]
'Collatz.Research.RefinementAtlas.Batch227.even_cutoff_9_363' depends on axioms: [propext, Classical.choice, Quot.sound]
'Collatz.Research.RefinementAtlas.Batch227.odd_cleared_9_363' depends on axioms: [propext, Classical.choice, Quot.sound]
'Collatz.Research.RefinementAtlas.Batch227.data_9_364' does not depend on any axioms
'Collatz.Research.RefinementAtlas.Batch227.gap_9_364' does not depend on any axioms
'Collatz.Research.RefinementAtlas.Batch227.cutoff_9_364' does not depend on any axioms
'Collatz.Research.RefinementAtlas.Batch227.even_endpoint_9_364' depends on axioms: [propext, Quot.sound]
'Collatz.Research.RefinementAtlas.Batch227.odd_endpoint_9_364' depends on axioms: [propext, Quot.sound]
'Collatz.Research.RefinementAtlas.Batch227.even_cutoff_9_364' depends on axioms: [propext, Classical.choice, Quot.sound]
'Collatz.Research.RefinementAtlas.Batch227.odd_cleared_9_364' depends on axioms: [propext, Classical.choice, Quot.sound]
'Collatz.Research.RefinementAtlas.Batch228.data_9_365' does not depend on any axioms
'Collatz.Research.RefinementAtlas.Batch228.gap_9_365' does not depend on any axioms
'Collatz.Research.RefinementAtlas.Batch228.cutoff_9_365' does not depend on any axioms
'Collatz.Research.RefinementAtlas.Batch228.even_endpoint_9_365' depends on axioms: [propext, Quot.sound]
'Collatz.Research.RefinementAtlas.Batch228.odd_endpoint_9_365' depends on axioms: [propext, Quot.sound]
'Collatz.Research.RefinementAtlas.Batch228.even_cutoff_9_365' depends on axioms: [propext, Classical.choice, Quot.sound]
'Collatz.Research.RefinementAtlas.Batch228.odd_cleared_9_365' depends on axioms: [propext, Classical.choice, Quot.sound]
'Collatz.Research.RefinementAtlas.Batch228.data_9_366' does not depend on any axioms
'Collatz.Research.RefinementAtlas.Batch228.gap_9_366' does not depend on any axioms
'Collatz.Research.RefinementAtlas.Batch228.cutoff_9_366' does not depend on any axioms
'Collatz.Research.RefinementAtlas.Batch228.even_endpoint_9_366' depends on axioms: [propext, Quot.sound]
'Collatz.Research.RefinementAtlas.Batch228.odd_endpoint_9_366' depends on axioms: [propext, Quot.sound]
'Collatz.Research.RefinementAtlas.Batch228.even_cutoff_9_366' depends on axioms: [propext, Classical.choice, Quot.sound]
'Collatz.Research.RefinementAtlas.Batch228.odd_cleared_9_366' depends on axioms: [propext, Classical.choice, Quot.sound]
'Collatz.Research.RefinementAtlas.Batch228.data_9_368' does not depend on any axioms
'Collatz.Research.RefinementAtlas.Batch228.gap_9_368' does not depend on any axioms
'Collatz.Research.RefinementAtlas.Batch228.cutoff_9_368' does not depend on any axioms
'Collatz.Research.RefinementAtlas.Batch228.even_endpoint_9_368' depends on axioms: [propext, Quot.sound]
'Collatz.Research.RefinementAtlas.Batch228.odd_endpoint_9_368' depends on axioms: [propext, Quot.sound]
'Collatz.Research.RefinementAtlas.Batch228.even_cutoff_9_368' depends on axioms: [propext, Classical.choice, Quot.sound]
'Collatz.Research.RefinementAtlas.Batch228.odd_cleared_9_368' depends on axioms: [propext, Classical.choice, Quot.sound]
'Collatz.Research.RefinementAtlas.Batch229.data_9_369' does not depend on any axioms
'Collatz.Research.RefinementAtlas.Batch229.gap_9_369' does not depend on any axioms
'Collatz.Research.RefinementAtlas.Batch229.cutoff_9_369' does not depend on any axioms
'Collatz.Research.RefinementAtlas.Batch229.even_endpoint_9_369' depends on axioms: [propext, Quot.sound]
'Collatz.Research.RefinementAtlas.Batch229.odd_endpoint_9_369' depends on axioms: [propext, Quot.sound]
'Collatz.Research.RefinementAtlas.Batch229.even_cutoff_9_369' depends on axioms: [propext, Classical.choice, Quot.sound]
'Collatz.Research.RefinementAtlas.Batch229.odd_cleared_9_369' depends on axioms: [propext, Classical.choice, Quot.sound]
'Collatz.Research.RefinementAtlas.Batch229.data_9_370' does not depend on any axioms
'Collatz.Research.RefinementAtlas.Batch229.gap_9_370' does not depend on any axioms
'Collatz.Research.RefinementAtlas.Batch229.cutoff_9_370' does not depend on any axioms
'Collatz.Research.RefinementAtlas.Batch229.even_endpoint_9_370' depends on axioms: [propext, Quot.sound]
'Collatz.Research.RefinementAtlas.Batch229.odd_endpoint_9_370' depends on axioms: [propext, Quot.sound]
'Collatz.Research.RefinementAtlas.Batch229.even_cutoff_9_370' depends on axioms: [propext, Classical.choice, Quot.sound]
'Collatz.Research.RefinementAtlas.Batch229.odd_cleared_9_370' depends on axioms: [propext, Classical.choice, Quot.sound]
'Collatz.Research.RefinementAtlas.Batch229.data_9_371' does not depend on any axioms
'Collatz.Research.RefinementAtlas.Batch229.gap_9_371' does not depend on any axioms
'Collatz.Research.RefinementAtlas.Batch229.cutoff_9_371' does not depend on any axioms
'Collatz.Research.RefinementAtlas.Batch229.even_endpoint_9_371' depends on axioms: [propext, Quot.sound]
'Collatz.Research.RefinementAtlas.Batch229.odd_endpoint_9_371' depends on axioms: [propext, Quot.sound]
'Collatz.Research.RefinementAtlas.Batch229.even_cutoff_9_371' depends on axioms: [propext, Classical.choice, Quot.sound]
'Collatz.Research.RefinementAtlas.Batch229.odd_cleared_9_371' depends on axioms: [propext, Classical.choice, Quot.sound]
'Collatz.Research.RefinementAtlas.Batch230.data_9_372' does not depend on any axioms
'Collatz.Research.RefinementAtlas.Batch230.gap_9_372' does not depend on any axioms
'Collatz.Research.RefinementAtlas.Batch230.cutoff_9_372' does not depend on any axioms
'Collatz.Research.RefinementAtlas.Batch230.even_endpoint_9_372' depends on axioms: [propext, Quot.sound]
'Collatz.Research.RefinementAtlas.Batch230.odd_endpoint_9_372' depends on axioms: [propext, Quot.sound]
'Collatz.Research.RefinementAtlas.Batch230.even_cutoff_9_372' depends on axioms: [propext, Classical.choice, Quot.sound]
'Collatz.Research.RefinementAtlas.Batch230.odd_cleared_9_372' depends on axioms: [propext, Classical.choice, Quot.sound]
'Collatz.Research.RefinementAtlas.Batch230.data_9_373' does not depend on any axioms
'Collatz.Research.RefinementAtlas.Batch230.gap_9_373' does not depend on any axioms
'Collatz.Research.RefinementAtlas.Batch230.cutoff_9_373' does not depend on any axioms
'Collatz.Research.RefinementAtlas.Batch230.even_endpoint_9_373' depends on axioms: [propext, Quot.sound]
'Collatz.Research.RefinementAtlas.Batch230.odd_endpoint_9_373' depends on axioms: [propext, Quot.sound]
'Collatz.Research.RefinementAtlas.Batch230.even_cutoff_9_373' depends on axioms: [propext, Classical.choice, Quot.sound]
'Collatz.Research.RefinementAtlas.Batch230.odd_cleared_9_373' depends on axioms: [propext, Classical.choice, Quot.sound]
'Collatz.Research.RefinementAtlas.Batch230.data_9_374' does not depend on any axioms
'Collatz.Research.RefinementAtlas.Batch230.gap_9_374' does not depend on any axioms
'Collatz.Research.RefinementAtlas.Batch230.cutoff_9_374' does not depend on any axioms
'Collatz.Research.RefinementAtlas.Batch230.even_endpoint_9_374' depends on axioms: [propext, Quot.sound]
'Collatz.Research.RefinementAtlas.Batch230.odd_endpoint_9_374' depends on axioms: [propext, Quot.sound]
'Collatz.Research.RefinementAtlas.Batch230.even_cutoff_9_374' depends on axioms: [propext, Classical.choice, Quot.sound]
'Collatz.Research.RefinementAtlas.Batch230.odd_cleared_9_374' depends on axioms: [propext, Classical.choice, Quot.sound]
'Collatz.Research.RefinementAtlas.Batch231.data_9_375' does not depend on any axioms
'Collatz.Research.RefinementAtlas.Batch231.gap_9_375' does not depend on any axioms
'Collatz.Research.RefinementAtlas.Batch231.cutoff_9_375' does not depend on any axioms
'Collatz.Research.RefinementAtlas.Batch231.even_endpoint_9_375' depends on axioms: [propext, Quot.sound]
'Collatz.Research.RefinementAtlas.Batch231.odd_endpoint_9_375' depends on axioms: [propext, Quot.sound]
'Collatz.Research.RefinementAtlas.Batch231.even_cutoff_9_375' depends on axioms: [propext, Classical.choice, Quot.sound]
'Collatz.Research.RefinementAtlas.Batch231.odd_cleared_9_375' depends on axioms: [propext, Classical.choice, Quot.sound]
'Collatz.Research.RefinementAtlas.Batch231.data_9_376' does not depend on any axioms
'Collatz.Research.RefinementAtlas.Batch231.gap_9_376' does not depend on any axioms
'Collatz.Research.RefinementAtlas.Batch231.cutoff_9_376' does not depend on any axioms
'Collatz.Research.RefinementAtlas.Batch231.even_endpoint_9_376' depends on axioms: [propext, Quot.sound]
'Collatz.Research.RefinementAtlas.Batch231.odd_endpoint_9_376' depends on axioms: [propext, Quot.sound]
'Collatz.Research.RefinementAtlas.Batch231.even_cutoff_9_376' depends on axioms: [propext, Classical.choice, Quot.sound]
'Collatz.Research.RefinementAtlas.Batch231.odd_cleared_9_376' depends on axioms: [propext, Classical.choice, Quot.sound]
'Collatz.Research.RefinementAtlas.Batch231.data_9_378' does not depend on any axioms
'Collatz.Research.RefinementAtlas.Batch231.gap_9_378' does not depend on any axioms
'Collatz.Research.RefinementAtlas.Batch231.cutoff_9_378' does not depend on any axioms
'Collatz.Research.RefinementAtlas.Batch231.even_endpoint_9_378' depends on axioms: [propext, Quot.sound]
'Collatz.Research.RefinementAtlas.Batch231.odd_endpoint_9_378' depends on axioms: [propext, Quot.sound]
'Collatz.Research.RefinementAtlas.Batch231.even_cutoff_9_378' depends on axioms: [propext, Classical.choice, Quot.sound]
'Collatz.Research.RefinementAtlas.Batch231.odd_cleared_9_378' depends on axioms: [propext, Classical.choice, Quot.sound]
'Collatz.Research.RefinementAtlas.Batch232.data_9_380' does not depend on any axioms
'Collatz.Research.RefinementAtlas.Batch232.gap_9_380' does not depend on any axioms
'Collatz.Research.RefinementAtlas.Batch232.cutoff_9_380' does not depend on any axioms
'Collatz.Research.RefinementAtlas.Batch232.even_endpoint_9_380' depends on axioms: [propext, Quot.sound]
'Collatz.Research.RefinementAtlas.Batch232.odd_endpoint_9_380' depends on axioms: [propext, Quot.sound]
'Collatz.Research.RefinementAtlas.Batch232.even_cutoff_9_380' depends on axioms: [propext, Classical.choice, Quot.sound]
'Collatz.Research.RefinementAtlas.Batch232.odd_cleared_9_380' depends on axioms: [propext, Classical.choice, Quot.sound]
'Collatz.Research.RefinementAtlas.Batch232.data_9_381' does not depend on any axioms
'Collatz.Research.RefinementAtlas.Batch232.gap_9_381' does not depend on any axioms
'Collatz.Research.RefinementAtlas.Batch232.cutoff_9_381' does not depend on any axioms
'Collatz.Research.RefinementAtlas.Batch232.even_endpoint_9_381' depends on axioms: [propext, Quot.sound]
'Collatz.Research.RefinementAtlas.Batch232.odd_endpoint_9_381' depends on axioms: [propext, Quot.sound]
'Collatz.Research.RefinementAtlas.Batch232.even_cutoff_9_381' depends on axioms: [propext, Classical.choice, Quot.sound]
'Collatz.Research.RefinementAtlas.Batch232.odd_cleared_9_381' depends on axioms: [propext, Classical.choice, Quot.sound]
'Collatz.Research.RefinementAtlas.Batch232.data_9_384' does not depend on any axioms
'Collatz.Research.RefinementAtlas.Batch232.gap_9_384' does not depend on any axioms
'Collatz.Research.RefinementAtlas.Batch232.cutoff_9_384' does not depend on any axioms
'Collatz.Research.RefinementAtlas.Batch232.even_endpoint_9_384' depends on axioms: [propext, Quot.sound]
'Collatz.Research.RefinementAtlas.Batch232.odd_endpoint_9_384' depends on axioms: [propext, Quot.sound]
'Collatz.Research.RefinementAtlas.Batch232.even_cutoff_9_384' depends on axioms: [propext, Classical.choice, Quot.sound]
'Collatz.Research.RefinementAtlas.Batch232.odd_cleared_9_384' depends on axioms: [propext, Classical.choice, Quot.sound]
'Collatz.Research.RefinementAtlas.Batch233.data_9_385' does not depend on any axioms
'Collatz.Research.RefinementAtlas.Batch233.gap_9_385' does not depend on any axioms
'Collatz.Research.RefinementAtlas.Batch233.cutoff_9_385' does not depend on any axioms
'Collatz.Research.RefinementAtlas.Batch233.even_endpoint_9_385' depends on axioms: [propext, Quot.sound]
'Collatz.Research.RefinementAtlas.Batch233.odd_endpoint_9_385' depends on axioms: [propext, Quot.sound]
'Collatz.Research.RefinementAtlas.Batch233.even_cutoff_9_385' depends on axioms: [propext, Classical.choice, Quot.sound]
'Collatz.Research.RefinementAtlas.Batch233.odd_cleared_9_385' depends on axioms: [propext, Classical.choice, Quot.sound]
'Collatz.Research.RefinementAtlas.Batch233.data_9_386' does not depend on any axioms
'Collatz.Research.RefinementAtlas.Batch233.gap_9_386' does not depend on any axioms
'Collatz.Research.RefinementAtlas.Batch233.cutoff_9_386' does not depend on any axioms
'Collatz.Research.RefinementAtlas.Batch233.even_endpoint_9_386' depends on axioms: [propext, Quot.sound]
'Collatz.Research.RefinementAtlas.Batch233.odd_endpoint_9_386' depends on axioms: [propext, Quot.sound]
'Collatz.Research.RefinementAtlas.Batch233.even_cutoff_9_386' depends on axioms: [propext, Classical.choice, Quot.sound]
'Collatz.Research.RefinementAtlas.Batch233.odd_cleared_9_386' depends on axioms: [propext, Classical.choice, Quot.sound]
'Collatz.Research.RefinementAtlas.Batch233.data_9_387' does not depend on any axioms
'Collatz.Research.RefinementAtlas.Batch233.gap_9_387' does not depend on any axioms
'Collatz.Research.RefinementAtlas.Batch233.cutoff_9_387' does not depend on any axioms
'Collatz.Research.RefinementAtlas.Batch233.even_endpoint_9_387' depends on axioms: [propext, Quot.sound]
'Collatz.Research.RefinementAtlas.Batch233.odd_endpoint_9_387' depends on axioms: [propext, Quot.sound]
'Collatz.Research.RefinementAtlas.Batch233.even_cutoff_9_387' depends on axioms: [propext, Classical.choice, Quot.sound]
'Collatz.Research.RefinementAtlas.Batch233.odd_cleared_9_387' depends on axioms: [propext, Classical.choice, Quot.sound]
'Collatz.Research.RefinementAtlas.Batch234.data_9_388' does not depend on any axioms
'Collatz.Research.RefinementAtlas.Batch234.gap_9_388' does not depend on any axioms
'Collatz.Research.RefinementAtlas.Batch234.cutoff_9_388' does not depend on any axioms
'Collatz.Research.RefinementAtlas.Batch234.even_endpoint_9_388' depends on axioms: [propext, Quot.sound]
'Collatz.Research.RefinementAtlas.Batch234.odd_endpoint_9_388' depends on axioms: [propext, Quot.sound]
'Collatz.Research.RefinementAtlas.Batch234.even_cutoff_9_388' depends on axioms: [propext, Classical.choice, Quot.sound]
'Collatz.Research.RefinementAtlas.Batch234.odd_cleared_9_388' depends on axioms: [propext, Classical.choice, Quot.sound]
'Collatz.Research.RefinementAtlas.Batch234.data_9_389' does not depend on any axioms
'Collatz.Research.RefinementAtlas.Batch234.gap_9_389' does not depend on any axioms
'Collatz.Research.RefinementAtlas.Batch234.cutoff_9_389' does not depend on any axioms
'Collatz.Research.RefinementAtlas.Batch234.even_endpoint_9_389' depends on axioms: [propext, Quot.sound]
'Collatz.Research.RefinementAtlas.Batch234.odd_endpoint_9_389' depends on axioms: [propext, Quot.sound]
'Collatz.Research.RefinementAtlas.Batch234.even_cutoff_9_389' depends on axioms: [propext, Classical.choice, Quot.sound]
'Collatz.Research.RefinementAtlas.Batch234.odd_cleared_9_389' depends on axioms: [propext, Classical.choice, Quot.sound]
'Collatz.Research.RefinementAtlas.Batch234.data_9_390' does not depend on any axioms
'Collatz.Research.RefinementAtlas.Batch234.gap_9_390' does not depend on any axioms
'Collatz.Research.RefinementAtlas.Batch234.cutoff_9_390' does not depend on any axioms
'Collatz.Research.RefinementAtlas.Batch234.even_endpoint_9_390' depends on axioms: [propext, Quot.sound]
'Collatz.Research.RefinementAtlas.Batch234.odd_endpoint_9_390' depends on axioms: [propext, Quot.sound]
'Collatz.Research.RefinementAtlas.Batch234.even_cutoff_9_390' depends on axioms: [propext, Classical.choice, Quot.sound]
'Collatz.Research.RefinementAtlas.Batch234.odd_cleared_9_390' depends on axioms: [propext, Classical.choice, Quot.sound]
'Collatz.Research.RefinementAtlas.Batch235.data_9_391' does not depend on any axioms
'Collatz.Research.RefinementAtlas.Batch235.gap_9_391' does not depend on any axioms
'Collatz.Research.RefinementAtlas.Batch235.cutoff_9_391' does not depend on any axioms
'Collatz.Research.RefinementAtlas.Batch235.even_endpoint_9_391' depends on axioms: [propext, Quot.sound]
'Collatz.Research.RefinementAtlas.Batch235.odd_endpoint_9_391' depends on axioms: [propext, Quot.sound]
'Collatz.Research.RefinementAtlas.Batch235.even_cutoff_9_391' depends on axioms: [propext, Classical.choice, Quot.sound]
'Collatz.Research.RefinementAtlas.Batch235.odd_cleared_9_391' depends on axioms: [propext, Classical.choice, Quot.sound]
'Collatz.Research.RefinementAtlas.Batch235.data_9_392' does not depend on any axioms
'Collatz.Research.RefinementAtlas.Batch235.gap_9_392' does not depend on any axioms
'Collatz.Research.RefinementAtlas.Batch235.cutoff_9_392' does not depend on any axioms
'Collatz.Research.RefinementAtlas.Batch235.even_endpoint_9_392' depends on axioms: [propext, Quot.sound]
'Collatz.Research.RefinementAtlas.Batch235.odd_endpoint_9_392' depends on axioms: [propext, Quot.sound]
'Collatz.Research.RefinementAtlas.Batch235.even_cutoff_9_392' depends on axioms: [propext, Classical.choice, Quot.sound]
'Collatz.Research.RefinementAtlas.Batch235.odd_cleared_9_392' depends on axioms: [propext, Classical.choice, Quot.sound]
'Collatz.Research.RefinementAtlas.Batch235.data_9_394' does not depend on any axioms
'Collatz.Research.RefinementAtlas.Batch235.gap_9_394' does not depend on any axioms
'Collatz.Research.RefinementAtlas.Batch235.cutoff_9_394' does not depend on any axioms
'Collatz.Research.RefinementAtlas.Batch235.even_endpoint_9_394' depends on axioms: [propext, Quot.sound]
'Collatz.Research.RefinementAtlas.Batch235.odd_endpoint_9_394' depends on axioms: [propext, Quot.sound]
'Collatz.Research.RefinementAtlas.Batch235.even_cutoff_9_394' depends on axioms: [propext, Classical.choice, Quot.sound]
'Collatz.Research.RefinementAtlas.Batch235.odd_cleared_9_394' depends on axioms: [propext, Classical.choice, Quot.sound]
'Collatz.Research.RefinementAtlas.Batch236.data_9_396' does not depend on any axioms
'Collatz.Research.RefinementAtlas.Batch236.gap_9_396' does not depend on any axioms
'Collatz.Research.RefinementAtlas.Batch236.cutoff_9_396' does not depend on any axioms
'Collatz.Research.RefinementAtlas.Batch236.even_endpoint_9_396' depends on axioms: [propext, Quot.sound]
'Collatz.Research.RefinementAtlas.Batch236.odd_endpoint_9_396' depends on axioms: [propext, Quot.sound]
'Collatz.Research.RefinementAtlas.Batch236.even_cutoff_9_396' depends on axioms: [propext, Classical.choice, Quot.sound]
'Collatz.Research.RefinementAtlas.Batch236.odd_cleared_9_396' depends on axioms: [propext, Classical.choice, Quot.sound]
'Collatz.Research.RefinementAtlas.Batch236.data_9_397' does not depend on any axioms
'Collatz.Research.RefinementAtlas.Batch236.gap_9_397' does not depend on any axioms
'Collatz.Research.RefinementAtlas.Batch236.cutoff_9_397' does not depend on any axioms
'Collatz.Research.RefinementAtlas.Batch236.even_endpoint_9_397' depends on axioms: [propext, Quot.sound]
'Collatz.Research.RefinementAtlas.Batch236.odd_endpoint_9_397' depends on axioms: [propext, Quot.sound]
'Collatz.Research.RefinementAtlas.Batch236.even_cutoff_9_397' depends on axioms: [propext, Classical.choice, Quot.sound]
'Collatz.Research.RefinementAtlas.Batch236.odd_cleared_9_397' depends on axioms: [propext, Classical.choice, Quot.sound]
'Collatz.Research.RefinementAtlas.Batch236.data_9_398' does not depend on any axioms
'Collatz.Research.RefinementAtlas.Batch236.gap_9_398' does not depend on any axioms
'Collatz.Research.RefinementAtlas.Batch236.cutoff_9_398' does not depend on any axioms
'Collatz.Research.RefinementAtlas.Batch236.even_endpoint_9_398' depends on axioms: [propext, Quot.sound]
'Collatz.Research.RefinementAtlas.Batch236.odd_endpoint_9_398' depends on axioms: [propext, Quot.sound]
'Collatz.Research.RefinementAtlas.Batch236.even_cutoff_9_398' depends on axioms: [propext, Classical.choice, Quot.sound]
'Collatz.Research.RefinementAtlas.Batch236.odd_cleared_9_398' depends on axioms: [propext, Classical.choice, Quot.sound]
'Collatz.Research.RefinementAtlas.Batch237.data_9_399' does not depend on any axioms
'Collatz.Research.RefinementAtlas.Batch237.gap_9_399' does not depend on any axioms
'Collatz.Research.RefinementAtlas.Batch237.cutoff_9_399' does not depend on any axioms
'Collatz.Research.RefinementAtlas.Batch237.even_endpoint_9_399' depends on axioms: [propext, Quot.sound]
'Collatz.Research.RefinementAtlas.Batch237.odd_endpoint_9_399' depends on axioms: [propext, Quot.sound]
'Collatz.Research.RefinementAtlas.Batch237.even_cutoff_9_399' depends on axioms: [propext, Classical.choice, Quot.sound]
'Collatz.Research.RefinementAtlas.Batch237.odd_cleared_9_399' depends on axioms: [propext, Classical.choice, Quot.sound]
'Collatz.Research.RefinementAtlas.Batch237.data_9_400' does not depend on any axioms
'Collatz.Research.RefinementAtlas.Batch237.gap_9_400' does not depend on any axioms
'Collatz.Research.RefinementAtlas.Batch237.cutoff_9_400' does not depend on any axioms
'Collatz.Research.RefinementAtlas.Batch237.even_endpoint_9_400' depends on axioms: [propext, Quot.sound]
'Collatz.Research.RefinementAtlas.Batch237.odd_endpoint_9_400' depends on axioms: [propext, Quot.sound]
'Collatz.Research.RefinementAtlas.Batch237.even_cutoff_9_400' depends on axioms: [propext, Classical.choice, Quot.sound]
'Collatz.Research.RefinementAtlas.Batch237.odd_cleared_9_400' depends on axioms: [propext, Classical.choice, Quot.sound]
'Collatz.Research.RefinementAtlas.Batch237.data_9_401' does not depend on any axioms
'Collatz.Research.RefinementAtlas.Batch237.gap_9_401' does not depend on any axioms
'Collatz.Research.RefinementAtlas.Batch237.cutoff_9_401' does not depend on any axioms
'Collatz.Research.RefinementAtlas.Batch237.even_endpoint_9_401' depends on axioms: [propext, Quot.sound]
'Collatz.Research.RefinementAtlas.Batch237.odd_endpoint_9_401' depends on axioms: [propext, Quot.sound]
'Collatz.Research.RefinementAtlas.Batch237.even_cutoff_9_401' depends on axioms: [propext, Classical.choice, Quot.sound]
'Collatz.Research.RefinementAtlas.Batch237.odd_cleared_9_401' depends on axioms: [propext, Classical.choice, Quot.sound]
'Collatz.Research.RefinementAtlas.Batch238.data_9_402' does not depend on any axioms
'Collatz.Research.RefinementAtlas.Batch238.gap_9_402' does not depend on any axioms
'Collatz.Research.RefinementAtlas.Batch238.cutoff_9_402' does not depend on any axioms
'Collatz.Research.RefinementAtlas.Batch238.even_endpoint_9_402' depends on axioms: [propext, Quot.sound]
'Collatz.Research.RefinementAtlas.Batch238.odd_endpoint_9_402' depends on axioms: [propext, Quot.sound]
'Collatz.Research.RefinementAtlas.Batch238.even_cutoff_9_402' depends on axioms: [propext, Classical.choice, Quot.sound]
'Collatz.Research.RefinementAtlas.Batch238.odd_cleared_9_402' depends on axioms: [propext, Classical.choice, Quot.sound]
'Collatz.Research.RefinementAtlas.Batch238.data_9_403' does not depend on any axioms
'Collatz.Research.RefinementAtlas.Batch238.gap_9_403' does not depend on any axioms
'Collatz.Research.RefinementAtlas.Batch238.cutoff_9_403' does not depend on any axioms
'Collatz.Research.RefinementAtlas.Batch238.even_endpoint_9_403' depends on axioms: [propext, Quot.sound]
'Collatz.Research.RefinementAtlas.Batch238.odd_endpoint_9_403' depends on axioms: [propext, Quot.sound]
'Collatz.Research.RefinementAtlas.Batch238.even_cutoff_9_403' depends on axioms: [propext, Classical.choice, Quot.sound]
'Collatz.Research.RefinementAtlas.Batch238.odd_cleared_9_403' depends on axioms: [propext, Classical.choice, Quot.sound]
'Collatz.Research.RefinementAtlas.Batch238.data_9_404' does not depend on any axioms
'Collatz.Research.RefinementAtlas.Batch238.gap_9_404' does not depend on any axioms
'Collatz.Research.RefinementAtlas.Batch238.cutoff_9_404' does not depend on any axioms
'Collatz.Research.RefinementAtlas.Batch238.even_endpoint_9_404' depends on axioms: [propext, Quot.sound]
'Collatz.Research.RefinementAtlas.Batch238.odd_endpoint_9_404' depends on axioms: [propext, Quot.sound]
'Collatz.Research.RefinementAtlas.Batch238.even_cutoff_9_404' depends on axioms: [propext, Classical.choice, Quot.sound]
'Collatz.Research.RefinementAtlas.Batch238.odd_cleared_9_404' depends on axioms: [propext, Classical.choice, Quot.sound]
'Collatz.Research.RefinementAtlas.Batch239.data_9_405' does not depend on any axioms
'Collatz.Research.RefinementAtlas.Batch239.gap_9_405' does not depend on any axioms
'Collatz.Research.RefinementAtlas.Batch239.cutoff_9_405' does not depend on any axioms
'Collatz.Research.RefinementAtlas.Batch239.even_endpoint_9_405' depends on axioms: [propext, Quot.sound]
'Collatz.Research.RefinementAtlas.Batch239.odd_endpoint_9_405' depends on axioms: [propext, Quot.sound]
'Collatz.Research.RefinementAtlas.Batch239.even_cutoff_9_405' depends on axioms: [propext, Classical.choice, Quot.sound]
'Collatz.Research.RefinementAtlas.Batch239.odd_cleared_9_405' depends on axioms: [propext, Classical.choice, Quot.sound]
'Collatz.Research.RefinementAtlas.Batch239.data_9_406' does not depend on any axioms
'Collatz.Research.RefinementAtlas.Batch239.gap_9_406' does not depend on any axioms
'Collatz.Research.RefinementAtlas.Batch239.cutoff_9_406' does not depend on any axioms
'Collatz.Research.RefinementAtlas.Batch239.even_endpoint_9_406' depends on axioms: [propext, Quot.sound]
'Collatz.Research.RefinementAtlas.Batch239.odd_endpoint_9_406' depends on axioms: [propext, Quot.sound]
'Collatz.Research.RefinementAtlas.Batch239.even_cutoff_9_406' depends on axioms: [propext, Classical.choice, Quot.sound]
'Collatz.Research.RefinementAtlas.Batch239.odd_cleared_9_406' depends on axioms: [propext, Classical.choice, Quot.sound]
'Collatz.Research.RefinementAtlas.Batch239.data_9_407' does not depend on any axioms
'Collatz.Research.RefinementAtlas.Batch239.gap_9_407' does not depend on any axioms
'Collatz.Research.RefinementAtlas.Batch239.cutoff_9_407' does not depend on any axioms
'Collatz.Research.RefinementAtlas.Batch239.even_endpoint_9_407' depends on axioms: [propext, Quot.sound]
'Collatz.Research.RefinementAtlas.Batch239.odd_endpoint_9_407' depends on axioms: [propext, Quot.sound]
'Collatz.Research.RefinementAtlas.Batch239.even_cutoff_9_407' depends on axioms: [propext, Classical.choice, Quot.sound]
'Collatz.Research.RefinementAtlas.Batch239.odd_cleared_9_407' depends on axioms: [propext, Classical.choice, Quot.sound]
'Collatz.Research.RefinementAtlas.Batch240.data_9_408' does not depend on any axioms
'Collatz.Research.RefinementAtlas.Batch240.gap_9_408' does not depend on any axioms
'Collatz.Research.RefinementAtlas.Batch240.cutoff_9_408' does not depend on any axioms
'Collatz.Research.RefinementAtlas.Batch240.even_endpoint_9_408' depends on axioms: [propext, Quot.sound]
'Collatz.Research.RefinementAtlas.Batch240.odd_endpoint_9_408' depends on axioms: [propext, Quot.sound]
'Collatz.Research.RefinementAtlas.Batch240.even_cutoff_9_408' depends on axioms: [propext, Classical.choice, Quot.sound]
'Collatz.Research.RefinementAtlas.Batch240.odd_cleared_9_408' depends on axioms: [propext, Classical.choice, Quot.sound]
'Collatz.Research.RefinementAtlas.Batch240.data_9_409' does not depend on any axioms
'Collatz.Research.RefinementAtlas.Batch240.gap_9_409' does not depend on any axioms
'Collatz.Research.RefinementAtlas.Batch240.cutoff_9_409' does not depend on any axioms
'Collatz.Research.RefinementAtlas.Batch240.even_endpoint_9_409' depends on axioms: [propext, Quot.sound]
'Collatz.Research.RefinementAtlas.Batch240.odd_endpoint_9_409' depends on axioms: [propext, Quot.sound]
'Collatz.Research.RefinementAtlas.Batch240.even_cutoff_9_409' depends on axioms: [propext, Classical.choice, Quot.sound]
'Collatz.Research.RefinementAtlas.Batch240.odd_cleared_9_409' depends on axioms: [propext, Classical.choice, Quot.sound]
'Collatz.Research.RefinementAtlas.Batch240.data_9_410' does not depend on any axioms
'Collatz.Research.RefinementAtlas.Batch240.gap_9_410' does not depend on any axioms
'Collatz.Research.RefinementAtlas.Batch240.cutoff_9_410' does not depend on any axioms
'Collatz.Research.RefinementAtlas.Batch240.even_endpoint_9_410' depends on axioms: [propext, Quot.sound]
'Collatz.Research.RefinementAtlas.Batch240.odd_endpoint_9_410' depends on axioms: [propext, Quot.sound]
'Collatz.Research.RefinementAtlas.Batch240.even_cutoff_9_410' depends on axioms: [propext, Classical.choice, Quot.sound]
'Collatz.Research.RefinementAtlas.Batch240.odd_cleared_9_410' depends on axioms: [propext, Classical.choice, Quot.sound]
'Collatz.Research.RefinementAtlas.Batch241.data_9_416' does not depend on any axioms
'Collatz.Research.RefinementAtlas.Batch241.gap_9_416' does not depend on any axioms
'Collatz.Research.RefinementAtlas.Batch241.cutoff_9_416' does not depend on any axioms
'Collatz.Research.RefinementAtlas.Batch241.even_endpoint_9_416' depends on axioms: [propext, Quot.sound]
'Collatz.Research.RefinementAtlas.Batch241.odd_endpoint_9_416' depends on axioms: [propext, Quot.sound]
'Collatz.Research.RefinementAtlas.Batch241.even_cutoff_9_416' depends on axioms: [propext, Classical.choice, Quot.sound]
'Collatz.Research.RefinementAtlas.Batch241.odd_cleared_9_416' depends on axioms: [propext, Classical.choice, Quot.sound]
'Collatz.Research.RefinementAtlas.Batch241.data_9_417' does not depend on any axioms
'Collatz.Research.RefinementAtlas.Batch241.gap_9_417' does not depend on any axioms
'Collatz.Research.RefinementAtlas.Batch241.cutoff_9_417' does not depend on any axioms
'Collatz.Research.RefinementAtlas.Batch241.even_endpoint_9_417' depends on axioms: [propext, Quot.sound]
'Collatz.Research.RefinementAtlas.Batch241.odd_endpoint_9_417' depends on axioms: [propext, Quot.sound]
'Collatz.Research.RefinementAtlas.Batch241.even_cutoff_9_417' depends on axioms: [propext, Classical.choice, Quot.sound]
'Collatz.Research.RefinementAtlas.Batch241.odd_cleared_9_417' depends on axioms: [propext, Classical.choice, Quot.sound]
'Collatz.Research.RefinementAtlas.Batch241.data_9_418' does not depend on any axioms
'Collatz.Research.RefinementAtlas.Batch241.gap_9_418' does not depend on any axioms
'Collatz.Research.RefinementAtlas.Batch241.cutoff_9_418' does not depend on any axioms
'Collatz.Research.RefinementAtlas.Batch241.even_endpoint_9_418' depends on axioms: [propext, Quot.sound]
'Collatz.Research.RefinementAtlas.Batch241.odd_endpoint_9_418' depends on axioms: [propext, Quot.sound]
'Collatz.Research.RefinementAtlas.Batch241.even_cutoff_9_418' depends on axioms: [propext, Classical.choice, Quot.sound]
'Collatz.Research.RefinementAtlas.Batch241.odd_cleared_9_418' depends on axioms: [propext, Classical.choice, Quot.sound]
'Collatz.Research.RefinementAtlas.Batch242.data_9_419' does not depend on any axioms
'Collatz.Research.RefinementAtlas.Batch242.gap_9_419' does not depend on any axioms
'Collatz.Research.RefinementAtlas.Batch242.cutoff_9_419' does not depend on any axioms
'Collatz.Research.RefinementAtlas.Batch242.even_endpoint_9_419' depends on axioms: [propext, Quot.sound]
'Collatz.Research.RefinementAtlas.Batch242.odd_endpoint_9_419' depends on axioms: [propext, Quot.sound]
'Collatz.Research.RefinementAtlas.Batch242.even_cutoff_9_419' depends on axioms: [propext, Classical.choice, Quot.sound]
'Collatz.Research.RefinementAtlas.Batch242.odd_cleared_9_419' depends on axioms: [propext, Classical.choice, Quot.sound]
'Collatz.Research.RefinementAtlas.Batch242.data_9_420' does not depend on any axioms
'Collatz.Research.RefinementAtlas.Batch242.gap_9_420' does not depend on any axioms
'Collatz.Research.RefinementAtlas.Batch242.cutoff_9_420' does not depend on any axioms
'Collatz.Research.RefinementAtlas.Batch242.even_endpoint_9_420' depends on axioms: [propext, Quot.sound]
'Collatz.Research.RefinementAtlas.Batch242.odd_endpoint_9_420' depends on axioms: [propext, Quot.sound]
'Collatz.Research.RefinementAtlas.Batch242.even_cutoff_9_420' depends on axioms: [propext, Classical.choice, Quot.sound]
'Collatz.Research.RefinementAtlas.Batch242.odd_cleared_9_420' depends on axioms: [propext, Classical.choice, Quot.sound]
'Collatz.Research.RefinementAtlas.Batch242.data_9_421' does not depend on any axioms
'Collatz.Research.RefinementAtlas.Batch242.gap_9_421' does not depend on any axioms
'Collatz.Research.RefinementAtlas.Batch242.cutoff_9_421' does not depend on any axioms
'Collatz.Research.RefinementAtlas.Batch242.even_endpoint_9_421' depends on axioms: [propext, Quot.sound]
'Collatz.Research.RefinementAtlas.Batch242.odd_endpoint_9_421' depends on axioms: [propext, Quot.sound]
'Collatz.Research.RefinementAtlas.Batch242.even_cutoff_9_421' depends on axioms: [propext, Classical.choice, Quot.sound]
'Collatz.Research.RefinementAtlas.Batch242.odd_cleared_9_421' depends on axioms: [propext, Classical.choice, Quot.sound]
'Collatz.Research.RefinementAtlas.Batch243.data_9_422' does not depend on any axioms
'Collatz.Research.RefinementAtlas.Batch243.gap_9_422' does not depend on any axioms
'Collatz.Research.RefinementAtlas.Batch243.cutoff_9_422' does not depend on any axioms
'Collatz.Research.RefinementAtlas.Batch243.even_endpoint_9_422' depends on axioms: [propext, Quot.sound]
'Collatz.Research.RefinementAtlas.Batch243.odd_endpoint_9_422' depends on axioms: [propext, Quot.sound]
'Collatz.Research.RefinementAtlas.Batch243.even_cutoff_9_422' depends on axioms: [propext, Classical.choice, Quot.sound]
'Collatz.Research.RefinementAtlas.Batch243.odd_cleared_9_422' depends on axioms: [propext, Classical.choice, Quot.sound]
'Collatz.Research.RefinementAtlas.Batch243.data_9_424' does not depend on any axioms
'Collatz.Research.RefinementAtlas.Batch243.gap_9_424' does not depend on any axioms
'Collatz.Research.RefinementAtlas.Batch243.cutoff_9_424' does not depend on any axioms
'Collatz.Research.RefinementAtlas.Batch243.even_endpoint_9_424' depends on axioms: [propext, Quot.sound]
'Collatz.Research.RefinementAtlas.Batch243.odd_endpoint_9_424' depends on axioms: [propext, Quot.sound]
'Collatz.Research.RefinementAtlas.Batch243.even_cutoff_9_424' depends on axioms: [propext, Classical.choice, Quot.sound]
'Collatz.Research.RefinementAtlas.Batch243.odd_cleared_9_424' depends on axioms: [propext, Classical.choice, Quot.sound]
'Collatz.Research.RefinementAtlas.Batch243.data_9_426' does not depend on any axioms
'Collatz.Research.RefinementAtlas.Batch243.gap_9_426' does not depend on any axioms
'Collatz.Research.RefinementAtlas.Batch243.cutoff_9_426' does not depend on any axioms
'Collatz.Research.RefinementAtlas.Batch243.even_endpoint_9_426' depends on axioms: [propext, Quot.sound]
'Collatz.Research.RefinementAtlas.Batch243.odd_endpoint_9_426' depends on axioms: [propext, Quot.sound]
'Collatz.Research.RefinementAtlas.Batch243.even_cutoff_9_426' depends on axioms: [propext, Classical.choice, Quot.sound]
'Collatz.Research.RefinementAtlas.Batch243.odd_cleared_9_426' depends on axioms: [propext, Classical.choice, Quot.sound]
'Collatz.Research.RefinementAtlas.Batch244.data_9_428' does not depend on any axioms
'Collatz.Research.RefinementAtlas.Batch244.gap_9_428' does not depend on any axioms
'Collatz.Research.RefinementAtlas.Batch244.cutoff_9_428' does not depend on any axioms
'Collatz.Research.RefinementAtlas.Batch244.even_endpoint_9_428' depends on axioms: [propext, Quot.sound]
'Collatz.Research.RefinementAtlas.Batch244.odd_endpoint_9_428' depends on axioms: [propext, Quot.sound]
'Collatz.Research.RefinementAtlas.Batch244.even_cutoff_9_428' depends on axioms: [propext, Classical.choice, Quot.sound]
'Collatz.Research.RefinementAtlas.Batch244.odd_cleared_9_428' depends on axioms: [propext, Classical.choice, Quot.sound]
'Collatz.Research.RefinementAtlas.Batch244.data_9_429' does not depend on any axioms
'Collatz.Research.RefinementAtlas.Batch244.gap_9_429' does not depend on any axioms
'Collatz.Research.RefinementAtlas.Batch244.cutoff_9_429' does not depend on any axioms
'Collatz.Research.RefinementAtlas.Batch244.even_endpoint_9_429' depends on axioms: [propext, Quot.sound]
'Collatz.Research.RefinementAtlas.Batch244.odd_endpoint_9_429' depends on axioms: [propext, Quot.sound]
'Collatz.Research.RefinementAtlas.Batch244.even_cutoff_9_429' depends on axioms: [propext, Classical.choice, Quot.sound]
'Collatz.Research.RefinementAtlas.Batch244.odd_cleared_9_429' depends on axioms: [propext, Classical.choice, Quot.sound]
'Collatz.Research.RefinementAtlas.Batch244.data_9_430' does not depend on any axioms
'Collatz.Research.RefinementAtlas.Batch244.gap_9_430' does not depend on any axioms
'Collatz.Research.RefinementAtlas.Batch244.cutoff_9_430' does not depend on any axioms
'Collatz.Research.RefinementAtlas.Batch244.even_endpoint_9_430' depends on axioms: [propext, Quot.sound]
'Collatz.Research.RefinementAtlas.Batch244.odd_endpoint_9_430' depends on axioms: [propext, Quot.sound]
'Collatz.Research.RefinementAtlas.Batch244.even_cutoff_9_430' depends on axioms: [propext, Classical.choice, Quot.sound]
'Collatz.Research.RefinementAtlas.Batch244.odd_cleared_9_430' depends on axioms: [propext, Classical.choice, Quot.sound]
'Collatz.Research.RefinementAtlas.Batch245.data_9_431' does not depend on any axioms
'Collatz.Research.RefinementAtlas.Batch245.gap_9_431' does not depend on any axioms
'Collatz.Research.RefinementAtlas.Batch245.cutoff_9_431' does not depend on any axioms
'Collatz.Research.RefinementAtlas.Batch245.even_endpoint_9_431' depends on axioms: [propext, Quot.sound]
'Collatz.Research.RefinementAtlas.Batch245.odd_endpoint_9_431' depends on axioms: [propext, Quot.sound]
'Collatz.Research.RefinementAtlas.Batch245.even_cutoff_9_431' depends on axioms: [propext, Classical.choice, Quot.sound]
'Collatz.Research.RefinementAtlas.Batch245.odd_cleared_9_431' depends on axioms: [propext, Classical.choice, Quot.sound]
'Collatz.Research.RefinementAtlas.Batch245.data_9_432' does not depend on any axioms
'Collatz.Research.RefinementAtlas.Batch245.gap_9_432' does not depend on any axioms
'Collatz.Research.RefinementAtlas.Batch245.cutoff_9_432' does not depend on any axioms
'Collatz.Research.RefinementAtlas.Batch245.even_endpoint_9_432' depends on axioms: [propext, Quot.sound]
'Collatz.Research.RefinementAtlas.Batch245.odd_endpoint_9_432' depends on axioms: [propext, Quot.sound]
'Collatz.Research.RefinementAtlas.Batch245.even_cutoff_9_432' depends on axioms: [propext, Classical.choice, Quot.sound]
'Collatz.Research.RefinementAtlas.Batch245.odd_cleared_9_432' depends on axioms: [propext, Classical.choice, Quot.sound]
'Collatz.Research.RefinementAtlas.Batch245.data_9_433' does not depend on any axioms
'Collatz.Research.RefinementAtlas.Batch245.gap_9_433' does not depend on any axioms
'Collatz.Research.RefinementAtlas.Batch245.cutoff_9_433' does not depend on any axioms
'Collatz.Research.RefinementAtlas.Batch245.even_endpoint_9_433' depends on axioms: [propext, Quot.sound]
'Collatz.Research.RefinementAtlas.Batch245.odd_endpoint_9_433' depends on axioms: [propext, Quot.sound]
'Collatz.Research.RefinementAtlas.Batch245.even_cutoff_9_433' depends on axioms: [propext, Classical.choice, Quot.sound]
'Collatz.Research.RefinementAtlas.Batch245.odd_cleared_9_433' depends on axioms: [propext, Classical.choice, Quot.sound]
'Collatz.Research.RefinementAtlas.Batch246.data_9_434' does not depend on any axioms
'Collatz.Research.RefinementAtlas.Batch246.gap_9_434' does not depend on any axioms
'Collatz.Research.RefinementAtlas.Batch246.cutoff_9_434' does not depend on any axioms
'Collatz.Research.RefinementAtlas.Batch246.even_endpoint_9_434' depends on axioms: [propext, Quot.sound]
'Collatz.Research.RefinementAtlas.Batch246.odd_endpoint_9_434' depends on axioms: [propext, Quot.sound]
'Collatz.Research.RefinementAtlas.Batch246.even_cutoff_9_434' depends on axioms: [propext, Classical.choice, Quot.sound]
'Collatz.Research.RefinementAtlas.Batch246.odd_cleared_9_434' depends on axioms: [propext, Classical.choice, Quot.sound]
'Collatz.Research.RefinementAtlas.Batch246.data_9_435' does not depend on any axioms
'Collatz.Research.RefinementAtlas.Batch246.gap_9_435' does not depend on any axioms
'Collatz.Research.RefinementAtlas.Batch246.cutoff_9_435' does not depend on any axioms
'Collatz.Research.RefinementAtlas.Batch246.even_endpoint_9_435' depends on axioms: [propext, Quot.sound]
'Collatz.Research.RefinementAtlas.Batch246.odd_endpoint_9_435' depends on axioms: [propext, Quot.sound]
'Collatz.Research.RefinementAtlas.Batch246.even_cutoff_9_435' depends on axioms: [propext, Classical.choice, Quot.sound]
'Collatz.Research.RefinementAtlas.Batch246.odd_cleared_9_435' depends on axioms: [propext, Classical.choice, Quot.sound]
'Collatz.Research.RefinementAtlas.Batch246.data_9_436' does not depend on any axioms
'Collatz.Research.RefinementAtlas.Batch246.gap_9_436' does not depend on any axioms
'Collatz.Research.RefinementAtlas.Batch246.cutoff_9_436' does not depend on any axioms
'Collatz.Research.RefinementAtlas.Batch246.even_endpoint_9_436' depends on axioms: [propext, Quot.sound]
'Collatz.Research.RefinementAtlas.Batch246.odd_endpoint_9_436' depends on axioms: [propext, Quot.sound]
'Collatz.Research.RefinementAtlas.Batch246.even_cutoff_9_436' depends on axioms: [propext, Classical.choice, Quot.sound]
'Collatz.Research.RefinementAtlas.Batch246.odd_cleared_9_436' depends on axioms: [propext, Classical.choice, Quot.sound]
'Collatz.Research.RefinementAtlas.Batch247.data_9_437' does not depend on any axioms
'Collatz.Research.RefinementAtlas.Batch247.gap_9_437' does not depend on any axioms
'Collatz.Research.RefinementAtlas.Batch247.cutoff_9_437' does not depend on any axioms
'Collatz.Research.RefinementAtlas.Batch247.even_endpoint_9_437' depends on axioms: [propext, Quot.sound]
'Collatz.Research.RefinementAtlas.Batch247.odd_endpoint_9_437' depends on axioms: [propext, Quot.sound]
'Collatz.Research.RefinementAtlas.Batch247.even_cutoff_9_437' depends on axioms: [propext, Classical.choice, Quot.sound]
'Collatz.Research.RefinementAtlas.Batch247.odd_cleared_9_437' depends on axioms: [propext, Classical.choice, Quot.sound]
'Collatz.Research.RefinementAtlas.Batch247.data_9_438' does not depend on any axioms
'Collatz.Research.RefinementAtlas.Batch247.gap_9_438' does not depend on any axioms
'Collatz.Research.RefinementAtlas.Batch247.cutoff_9_438' does not depend on any axioms
'Collatz.Research.RefinementAtlas.Batch247.even_endpoint_9_438' depends on axioms: [propext, Quot.sound]
'Collatz.Research.RefinementAtlas.Batch247.odd_endpoint_9_438' depends on axioms: [propext, Quot.sound]
'Collatz.Research.RefinementAtlas.Batch247.even_cutoff_9_438' depends on axioms: [propext, Classical.choice, Quot.sound]
'Collatz.Research.RefinementAtlas.Batch247.odd_cleared_9_438' depends on axioms: [propext, Classical.choice, Quot.sound]
'Collatz.Research.RefinementAtlas.Batch247.data_9_439' does not depend on any axioms
'Collatz.Research.RefinementAtlas.Batch247.gap_9_439' does not depend on any axioms
'Collatz.Research.RefinementAtlas.Batch247.cutoff_9_439' does not depend on any axioms
'Collatz.Research.RefinementAtlas.Batch247.even_endpoint_9_439' depends on axioms: [propext, Quot.sound]
'Collatz.Research.RefinementAtlas.Batch247.odd_endpoint_9_439' depends on axioms: [propext, Quot.sound]
'Collatz.Research.RefinementAtlas.Batch247.even_cutoff_9_439' depends on axioms: [propext, Classical.choice, Quot.sound]
'Collatz.Research.RefinementAtlas.Batch247.odd_cleared_9_439' depends on axioms: [propext, Classical.choice, Quot.sound]
'Collatz.Research.RefinementAtlas.Batch248.data_9_440' does not depend on any axioms
'Collatz.Research.RefinementAtlas.Batch248.gap_9_440' does not depend on any axioms
'Collatz.Research.RefinementAtlas.Batch248.cutoff_9_440' does not depend on any axioms
'Collatz.Research.RefinementAtlas.Batch248.even_endpoint_9_440' depends on axioms: [propext, Quot.sound]
'Collatz.Research.RefinementAtlas.Batch248.odd_endpoint_9_440' depends on axioms: [propext, Quot.sound]
'Collatz.Research.RefinementAtlas.Batch248.even_cutoff_9_440' depends on axioms: [propext, Classical.choice, Quot.sound]
'Collatz.Research.RefinementAtlas.Batch248.odd_cleared_9_440' depends on axioms: [propext, Classical.choice, Quot.sound]
'Collatz.Research.RefinementAtlas.Batch248.data_9_441' does not depend on any axioms
'Collatz.Research.RefinementAtlas.Batch248.gap_9_441' does not depend on any axioms
'Collatz.Research.RefinementAtlas.Batch248.cutoff_9_441' does not depend on any axioms
'Collatz.Research.RefinementAtlas.Batch248.even_endpoint_9_441' depends on axioms: [propext, Quot.sound]
'Collatz.Research.RefinementAtlas.Batch248.odd_endpoint_9_441' depends on axioms: [propext, Quot.sound]
'Collatz.Research.RefinementAtlas.Batch248.even_cutoff_9_441' depends on axioms: [propext, Classical.choice, Quot.sound]
'Collatz.Research.RefinementAtlas.Batch248.odd_cleared_9_441' depends on axioms: [propext, Classical.choice, Quot.sound]
'Collatz.Research.RefinementAtlas.Batch248.data_9_442' does not depend on any axioms
'Collatz.Research.RefinementAtlas.Batch248.gap_9_442' does not depend on any axioms
'Collatz.Research.RefinementAtlas.Batch248.cutoff_9_442' does not depend on any axioms
'Collatz.Research.RefinementAtlas.Batch248.even_endpoint_9_442' depends on axioms: [propext, Quot.sound]
'Collatz.Research.RefinementAtlas.Batch248.odd_endpoint_9_442' depends on axioms: [propext, Quot.sound]
'Collatz.Research.RefinementAtlas.Batch248.even_cutoff_9_442' depends on axioms: [propext, Classical.choice, Quot.sound]
'Collatz.Research.RefinementAtlas.Batch248.odd_cleared_9_442' depends on axioms: [propext, Classical.choice, Quot.sound]
'Collatz.Research.RefinementAtlas.Batch249.data_9_443' does not depend on any axioms
'Collatz.Research.RefinementAtlas.Batch249.gap_9_443' does not depend on any axioms
'Collatz.Research.RefinementAtlas.Batch249.cutoff_9_443' does not depend on any axioms
'Collatz.Research.RefinementAtlas.Batch249.even_endpoint_9_443' depends on axioms: [propext, Quot.sound]
'Collatz.Research.RefinementAtlas.Batch249.odd_endpoint_9_443' depends on axioms: [propext, Quot.sound]
'Collatz.Research.RefinementAtlas.Batch249.even_cutoff_9_443' depends on axioms: [propext, Classical.choice, Quot.sound]
'Collatz.Research.RefinementAtlas.Batch249.odd_cleared_9_443' depends on axioms: [propext, Classical.choice, Quot.sound]
'Collatz.Research.RefinementAtlas.Batch249.data_9_448' does not depend on any axioms
'Collatz.Research.RefinementAtlas.Batch249.gap_9_448' does not depend on any axioms
'Collatz.Research.RefinementAtlas.Batch249.cutoff_9_448' does not depend on any axioms
'Collatz.Research.RefinementAtlas.Batch249.even_endpoint_9_448' depends on axioms: [propext, Quot.sound]
'Collatz.Research.RefinementAtlas.Batch249.odd_endpoint_9_448' depends on axioms: [propext, Quot.sound]
'Collatz.Research.RefinementAtlas.Batch249.even_cutoff_9_448' depends on axioms: [propext, Classical.choice, Quot.sound]
'Collatz.Research.RefinementAtlas.Batch249.odd_cleared_9_448' depends on axioms: [propext, Classical.choice, Quot.sound]
'Collatz.Research.RefinementAtlas.Batch249.data_9_449' does not depend on any axioms
'Collatz.Research.RefinementAtlas.Batch249.gap_9_449' does not depend on any axioms
'Collatz.Research.RefinementAtlas.Batch249.cutoff_9_449' does not depend on any axioms
'Collatz.Research.RefinementAtlas.Batch249.even_endpoint_9_449' depends on axioms: [propext, Quot.sound]
'Collatz.Research.RefinementAtlas.Batch249.odd_endpoint_9_449' depends on axioms: [propext, Quot.sound]
'Collatz.Research.RefinementAtlas.Batch249.even_cutoff_9_449' depends on axioms: [propext, Classical.choice, Quot.sound]
'Collatz.Research.RefinementAtlas.Batch249.odd_cleared_9_449' depends on axioms: [propext, Classical.choice, Quot.sound]
'Collatz.Research.RefinementAtlas.Batch250.data_9_452' does not depend on any axioms
'Collatz.Research.RefinementAtlas.Batch250.gap_9_452' does not depend on any axioms
'Collatz.Research.RefinementAtlas.Batch250.cutoff_9_452' does not depend on any axioms
'Collatz.Research.RefinementAtlas.Batch250.even_endpoint_9_452' depends on axioms: [propext, Quot.sound]
'Collatz.Research.RefinementAtlas.Batch250.odd_endpoint_9_452' depends on axioms: [propext, Quot.sound]
'Collatz.Research.RefinementAtlas.Batch250.even_cutoff_9_452' depends on axioms: [propext, Classical.choice, Quot.sound]
'Collatz.Research.RefinementAtlas.Batch250.odd_cleared_9_452' depends on axioms: [propext, Classical.choice, Quot.sound]
'Collatz.Research.RefinementAtlas.Batch250.data_9_453' does not depend on any axioms
'Collatz.Research.RefinementAtlas.Batch250.gap_9_453' does not depend on any axioms
'Collatz.Research.RefinementAtlas.Batch250.cutoff_9_453' does not depend on any axioms
'Collatz.Research.RefinementAtlas.Batch250.even_endpoint_9_453' depends on axioms: [propext, Quot.sound]
'Collatz.Research.RefinementAtlas.Batch250.odd_endpoint_9_453' depends on axioms: [propext, Quot.sound]
'Collatz.Research.RefinementAtlas.Batch250.even_cutoff_9_453' depends on axioms: [propext, Classical.choice, Quot.sound]
'Collatz.Research.RefinementAtlas.Batch250.odd_cleared_9_453' depends on axioms: [propext, Classical.choice, Quot.sound]
'Collatz.Research.RefinementAtlas.Batch250.data_9_454' does not depend on any axioms
'Collatz.Research.RefinementAtlas.Batch250.gap_9_454' does not depend on any axioms
'Collatz.Research.RefinementAtlas.Batch250.cutoff_9_454' does not depend on any axioms
'Collatz.Research.RefinementAtlas.Batch250.even_endpoint_9_454' depends on axioms: [propext, Quot.sound]
'Collatz.Research.RefinementAtlas.Batch250.odd_endpoint_9_454' depends on axioms: [propext, Quot.sound]
'Collatz.Research.RefinementAtlas.Batch250.even_cutoff_9_454' depends on axioms: [propext, Classical.choice, Quot.sound]
'Collatz.Research.RefinementAtlas.Batch250.odd_cleared_9_454' depends on axioms: [propext, Classical.choice, Quot.sound]
'Collatz.Research.RefinementAtlas.Batch251.data_9_456' does not depend on any axioms
'Collatz.Research.RefinementAtlas.Batch251.gap_9_456' does not depend on any axioms
'Collatz.Research.RefinementAtlas.Batch251.cutoff_9_456' does not depend on any axioms
'Collatz.Research.RefinementAtlas.Batch251.even_endpoint_9_456' depends on axioms: [propext, Quot.sound]
'Collatz.Research.RefinementAtlas.Batch251.odd_endpoint_9_456' depends on axioms: [propext, Quot.sound]
'Collatz.Research.RefinementAtlas.Batch251.even_cutoff_9_456' depends on axioms: [propext, Classical.choice, Quot.sound]
'Collatz.Research.RefinementAtlas.Batch251.odd_cleared_9_456' depends on axioms: [propext, Classical.choice, Quot.sound]
'Collatz.Research.RefinementAtlas.Batch251.data_9_457' does not depend on any axioms
'Collatz.Research.RefinementAtlas.Batch251.gap_9_457' does not depend on any axioms
'Collatz.Research.RefinementAtlas.Batch251.cutoff_9_457' does not depend on any axioms
'Collatz.Research.RefinementAtlas.Batch251.even_endpoint_9_457' depends on axioms: [propext, Quot.sound]
'Collatz.Research.RefinementAtlas.Batch251.odd_endpoint_9_457' depends on axioms: [propext, Quot.sound]
'Collatz.Research.RefinementAtlas.Batch251.even_cutoff_9_457' depends on axioms: [propext, Classical.choice, Quot.sound]
'Collatz.Research.RefinementAtlas.Batch251.odd_cleared_9_457' depends on axioms: [propext, Classical.choice, Quot.sound]
'Collatz.Research.RefinementAtlas.Batch251.data_9_458' does not depend on any axioms
'Collatz.Research.RefinementAtlas.Batch251.gap_9_458' does not depend on any axioms
'Collatz.Research.RefinementAtlas.Batch251.cutoff_9_458' does not depend on any axioms
'Collatz.Research.RefinementAtlas.Batch251.even_endpoint_9_458' depends on axioms: [propext, Quot.sound]
'Collatz.Research.RefinementAtlas.Batch251.odd_endpoint_9_458' depends on axioms: [propext, Quot.sound]
'Collatz.Research.RefinementAtlas.Batch251.even_cutoff_9_458' depends on axioms: [propext, Classical.choice, Quot.sound]
'Collatz.Research.RefinementAtlas.Batch251.odd_cleared_9_458' depends on axioms: [propext, Classical.choice, Quot.sound]
'Collatz.Research.RefinementAtlas.Batch252.data_9_459' does not depend on any axioms
'Collatz.Research.RefinementAtlas.Batch252.gap_9_459' does not depend on any axioms
'Collatz.Research.RefinementAtlas.Batch252.cutoff_9_459' does not depend on any axioms
'Collatz.Research.RefinementAtlas.Batch252.even_endpoint_9_459' depends on axioms: [propext, Quot.sound]
'Collatz.Research.RefinementAtlas.Batch252.odd_endpoint_9_459' depends on axioms: [propext, Quot.sound]
'Collatz.Research.RefinementAtlas.Batch252.even_cutoff_9_459' depends on axioms: [propext, Classical.choice, Quot.sound]
'Collatz.Research.RefinementAtlas.Batch252.odd_cleared_9_459' depends on axioms: [propext, Classical.choice, Quot.sound]
'Collatz.Research.RefinementAtlas.Batch252.data_9_460' does not depend on any axioms
'Collatz.Research.RefinementAtlas.Batch252.gap_9_460' does not depend on any axioms
'Collatz.Research.RefinementAtlas.Batch252.cutoff_9_460' does not depend on any axioms
'Collatz.Research.RefinementAtlas.Batch252.even_endpoint_9_460' depends on axioms: [propext, Quot.sound]
'Collatz.Research.RefinementAtlas.Batch252.odd_endpoint_9_460' depends on axioms: [propext, Quot.sound]
'Collatz.Research.RefinementAtlas.Batch252.even_cutoff_9_460' depends on axioms: [propext, Classical.choice, Quot.sound]
'Collatz.Research.RefinementAtlas.Batch252.odd_cleared_9_460' depends on axioms: [propext, Classical.choice, Quot.sound]
'Collatz.Research.RefinementAtlas.Batch252.data_9_461' does not depend on any axioms
'Collatz.Research.RefinementAtlas.Batch252.gap_9_461' does not depend on any axioms
'Collatz.Research.RefinementAtlas.Batch252.cutoff_9_461' does not depend on any axioms
'Collatz.Research.RefinementAtlas.Batch252.even_endpoint_9_461' depends on axioms: [propext, Quot.sound]
'Collatz.Research.RefinementAtlas.Batch252.odd_endpoint_9_461' depends on axioms: [propext, Quot.sound]
'Collatz.Research.RefinementAtlas.Batch252.even_cutoff_9_461' depends on axioms: [propext, Classical.choice, Quot.sound]
'Collatz.Research.RefinementAtlas.Batch252.odd_cleared_9_461' depends on axioms: [propext, Classical.choice, Quot.sound]
'Collatz.Research.RefinementAtlas.Batch253.data_9_464' does not depend on any axioms
'Collatz.Research.RefinementAtlas.Batch253.gap_9_464' does not depend on any axioms
'Collatz.Research.RefinementAtlas.Batch253.cutoff_9_464' does not depend on any axioms
'Collatz.Research.RefinementAtlas.Batch253.even_endpoint_9_464' depends on axioms: [propext, Quot.sound]
'Collatz.Research.RefinementAtlas.Batch253.odd_endpoint_9_464' depends on axioms: [propext, Quot.sound]
'Collatz.Research.RefinementAtlas.Batch253.even_cutoff_9_464' depends on axioms: [propext, Classical.choice, Quot.sound]
'Collatz.Research.RefinementAtlas.Batch253.odd_cleared_9_464' depends on axioms: [propext, Classical.choice, Quot.sound]
'Collatz.Research.RefinementAtlas.Batch253.data_9_465' does not depend on any axioms
'Collatz.Research.RefinementAtlas.Batch253.gap_9_465' does not depend on any axioms
'Collatz.Research.RefinementAtlas.Batch253.cutoff_9_465' does not depend on any axioms
'Collatz.Research.RefinementAtlas.Batch253.even_endpoint_9_465' depends on axioms: [propext, Quot.sound]
'Collatz.Research.RefinementAtlas.Batch253.odd_endpoint_9_465' depends on axioms: [propext, Quot.sound]
'Collatz.Research.RefinementAtlas.Batch253.even_cutoff_9_465' depends on axioms: [propext, Classical.choice, Quot.sound]
'Collatz.Research.RefinementAtlas.Batch253.odd_cleared_9_465' depends on axioms: [propext, Classical.choice, Quot.sound]
'Collatz.Research.RefinementAtlas.Batch253.data_9_468' does not depend on any axioms
'Collatz.Research.RefinementAtlas.Batch253.gap_9_468' does not depend on any axioms
'Collatz.Research.RefinementAtlas.Batch253.cutoff_9_468' does not depend on any axioms
'Collatz.Research.RefinementAtlas.Batch253.even_endpoint_9_468' depends on axioms: [propext, Quot.sound]
'Collatz.Research.RefinementAtlas.Batch253.odd_endpoint_9_468' depends on axioms: [propext, Quot.sound]
'Collatz.Research.RefinementAtlas.Batch253.even_cutoff_9_468' depends on axioms: [propext, Classical.choice, Quot.sound]
'Collatz.Research.RefinementAtlas.Batch253.odd_cleared_9_468' depends on axioms: [propext, Classical.choice, Quot.sound]
'Collatz.Research.RefinementAtlas.Batch254.data_9_469' does not depend on any axioms
'Collatz.Research.RefinementAtlas.Batch254.gap_9_469' does not depend on any axioms
'Collatz.Research.RefinementAtlas.Batch254.cutoff_9_469' does not depend on any axioms
'Collatz.Research.RefinementAtlas.Batch254.even_endpoint_9_469' depends on axioms: [propext, Quot.sound]
'Collatz.Research.RefinementAtlas.Batch254.odd_endpoint_9_469' depends on axioms: [propext, Quot.sound]
'Collatz.Research.RefinementAtlas.Batch254.even_cutoff_9_469' depends on axioms: [propext, Classical.choice, Quot.sound]
'Collatz.Research.RefinementAtlas.Batch254.odd_cleared_9_469' depends on axioms: [propext, Classical.choice, Quot.sound]
'Collatz.Research.RefinementAtlas.Batch254.data_9_472' does not depend on any axioms
'Collatz.Research.RefinementAtlas.Batch254.gap_9_472' does not depend on any axioms
'Collatz.Research.RefinementAtlas.Batch254.cutoff_9_472' does not depend on any axioms
'Collatz.Research.RefinementAtlas.Batch254.even_endpoint_9_472' depends on axioms: [propext, Quot.sound]
'Collatz.Research.RefinementAtlas.Batch254.odd_endpoint_9_472' depends on axioms: [propext, Quot.sound]
'Collatz.Research.RefinementAtlas.Batch254.even_cutoff_9_472' depends on axioms: [propext, Classical.choice, Quot.sound]
'Collatz.Research.RefinementAtlas.Batch254.odd_cleared_9_472' depends on axioms: [propext, Classical.choice, Quot.sound]
'Collatz.Research.RefinementAtlas.Batch254.data_9_473' does not depend on any axioms
'Collatz.Research.RefinementAtlas.Batch254.gap_9_473' does not depend on any axioms
'Collatz.Research.RefinementAtlas.Batch254.cutoff_9_473' does not depend on any axioms
'Collatz.Research.RefinementAtlas.Batch254.even_endpoint_9_473' depends on axioms: [propext, Quot.sound]
'Collatz.Research.RefinementAtlas.Batch254.odd_endpoint_9_473' depends on axioms: [propext, Quot.sound]
'Collatz.Research.RefinementAtlas.Batch254.even_cutoff_9_473' depends on axioms: [propext, Classical.choice, Quot.sound]
'Collatz.Research.RefinementAtlas.Batch254.odd_cleared_9_473' depends on axioms: [propext, Classical.choice, Quot.sound]
'Collatz.Research.RefinementAtlas.Batch255.data_9_474' does not depend on any axioms
'Collatz.Research.RefinementAtlas.Batch255.gap_9_474' does not depend on any axioms
'Collatz.Research.RefinementAtlas.Batch255.cutoff_9_474' does not depend on any axioms
'Collatz.Research.RefinementAtlas.Batch255.even_endpoint_9_474' depends on axioms: [propext, Quot.sound]
'Collatz.Research.RefinementAtlas.Batch255.odd_endpoint_9_474' depends on axioms: [propext, Quot.sound]
'Collatz.Research.RefinementAtlas.Batch255.even_cutoff_9_474' depends on axioms: [propext, Classical.choice, Quot.sound]
'Collatz.Research.RefinementAtlas.Batch255.odd_cleared_9_474' depends on axioms: [propext, Classical.choice, Quot.sound]
'Collatz.Research.RefinementAtlas.Batch255.data_9_475' does not depend on any axioms
'Collatz.Research.RefinementAtlas.Batch255.gap_9_475' does not depend on any axioms
'Collatz.Research.RefinementAtlas.Batch255.cutoff_9_475' does not depend on any axioms
'Collatz.Research.RefinementAtlas.Batch255.even_endpoint_9_475' depends on axioms: [propext, Quot.sound]
'Collatz.Research.RefinementAtlas.Batch255.odd_endpoint_9_475' depends on axioms: [propext, Quot.sound]
'Collatz.Research.RefinementAtlas.Batch255.even_cutoff_9_475' depends on axioms: [propext, Classical.choice, Quot.sound]
'Collatz.Research.RefinementAtlas.Batch255.odd_cleared_9_475' depends on axioms: [propext, Classical.choice, Quot.sound]
'Collatz.Research.RefinementAtlas.Batch255.data_9_476' does not depend on any axioms
'Collatz.Research.RefinementAtlas.Batch255.gap_9_476' does not depend on any axioms
'Collatz.Research.RefinementAtlas.Batch255.cutoff_9_476' does not depend on any axioms
'Collatz.Research.RefinementAtlas.Batch255.even_endpoint_9_476' depends on axioms: [propext, Quot.sound]
'Collatz.Research.RefinementAtlas.Batch255.odd_endpoint_9_476' depends on axioms: [propext, Quot.sound]
'Collatz.Research.RefinementAtlas.Batch255.even_cutoff_9_476' depends on axioms: [propext, Classical.choice, Quot.sound]
'Collatz.Research.RefinementAtlas.Batch255.odd_cleared_9_476' depends on axioms: [propext, Classical.choice, Quot.sound]
'Collatz.Research.RefinementAtlas.Batch256.data_9_477' does not depend on any axioms
'Collatz.Research.RefinementAtlas.Batch256.gap_9_477' does not depend on any axioms
'Collatz.Research.RefinementAtlas.Batch256.cutoff_9_477' does not depend on any axioms
'Collatz.Research.RefinementAtlas.Batch256.even_endpoint_9_477' depends on axioms: [propext, Quot.sound]
'Collatz.Research.RefinementAtlas.Batch256.odd_endpoint_9_477' depends on axioms: [propext, Quot.sound]
'Collatz.Research.RefinementAtlas.Batch256.even_cutoff_9_477' depends on axioms: [propext, Classical.choice, Quot.sound]
'Collatz.Research.RefinementAtlas.Batch256.odd_cleared_9_477' depends on axioms: [propext, Classical.choice, Quot.sound]
'Collatz.Research.RefinementAtlas.Batch256.data_9_480' does not depend on any axioms
'Collatz.Research.RefinementAtlas.Batch256.gap_9_480' does not depend on any axioms
'Collatz.Research.RefinementAtlas.Batch256.cutoff_9_480' does not depend on any axioms
'Collatz.Research.RefinementAtlas.Batch256.even_endpoint_9_480' depends on axioms: [propext, Quot.sound]
'Collatz.Research.RefinementAtlas.Batch256.odd_endpoint_9_480' depends on axioms: [propext, Quot.sound]
'Collatz.Research.RefinementAtlas.Batch256.even_cutoff_9_480' depends on axioms: [propext, Classical.choice, Quot.sound]
'Collatz.Research.RefinementAtlas.Batch256.odd_cleared_9_480' depends on axioms: [propext, Classical.choice, Quot.sound]
'Collatz.Research.RefinementAtlas.Batch256.data_9_482' does not depend on any axioms
'Collatz.Research.RefinementAtlas.Batch256.gap_9_482' does not depend on any axioms
'Collatz.Research.RefinementAtlas.Batch256.cutoff_9_482' does not depend on any axioms
'Collatz.Research.RefinementAtlas.Batch256.even_endpoint_9_482' depends on axioms: [propext, Quot.sound]
'Collatz.Research.RefinementAtlas.Batch256.odd_endpoint_9_482' depends on axioms: [propext, Quot.sound]
'Collatz.Research.RefinementAtlas.Batch256.even_cutoff_9_482' depends on axioms: [propext, Classical.choice, Quot.sound]
'Collatz.Research.RefinementAtlas.Batch256.odd_cleared_9_482' depends on axioms: [propext, Classical.choice, Quot.sound]
'Collatz.Research.RefinementAtlas.Batch257.data_9_483' does not depend on any axioms
'Collatz.Research.RefinementAtlas.Batch257.gap_9_483' does not depend on any axioms
'Collatz.Research.RefinementAtlas.Batch257.cutoff_9_483' does not depend on any axioms
'Collatz.Research.RefinementAtlas.Batch257.even_endpoint_9_483' depends on axioms: [propext, Quot.sound]
'Collatz.Research.RefinementAtlas.Batch257.odd_endpoint_9_483' depends on axioms: [propext, Quot.sound]
'Collatz.Research.RefinementAtlas.Batch257.even_cutoff_9_483' depends on axioms: [propext, Classical.choice, Quot.sound]
'Collatz.Research.RefinementAtlas.Batch257.odd_cleared_9_483' depends on axioms: [propext, Classical.choice, Quot.sound]
'Collatz.Research.RefinementAtlas.Batch257.data_9_484' does not depend on any axioms
'Collatz.Research.RefinementAtlas.Batch257.gap_9_484' does not depend on any axioms
'Collatz.Research.RefinementAtlas.Batch257.cutoff_9_484' does not depend on any axioms
'Collatz.Research.RefinementAtlas.Batch257.even_endpoint_9_484' depends on axioms: [propext, Quot.sound]
'Collatz.Research.RefinementAtlas.Batch257.odd_endpoint_9_484' depends on axioms: [propext, Quot.sound]
'Collatz.Research.RefinementAtlas.Batch257.even_cutoff_9_484' depends on axioms: [propext, Classical.choice, Quot.sound]
'Collatz.Research.RefinementAtlas.Batch257.odd_cleared_9_484' depends on axioms: [propext, Classical.choice, Quot.sound]
'Collatz.Research.RefinementAtlas.Batch257.data_9_485' does not depend on any axioms
'Collatz.Research.RefinementAtlas.Batch257.gap_9_485' does not depend on any axioms
'Collatz.Research.RefinementAtlas.Batch257.cutoff_9_485' does not depend on any axioms
'Collatz.Research.RefinementAtlas.Batch257.even_endpoint_9_485' depends on axioms: [propext, Quot.sound]
'Collatz.Research.RefinementAtlas.Batch257.odd_endpoint_9_485' depends on axioms: [propext, Quot.sound]
'Collatz.Research.RefinementAtlas.Batch257.even_cutoff_9_485' depends on axioms: [propext, Classical.choice, Quot.sound]
'Collatz.Research.RefinementAtlas.Batch257.odd_cleared_9_485' depends on axioms: [propext, Classical.choice, Quot.sound]
'Collatz.Research.RefinementAtlas.Batch258.data_9_486' does not depend on any axioms
'Collatz.Research.RefinementAtlas.Batch258.gap_9_486' does not depend on any axioms
'Collatz.Research.RefinementAtlas.Batch258.cutoff_9_486' does not depend on any axioms
'Collatz.Research.RefinementAtlas.Batch258.even_endpoint_9_486' depends on axioms: [propext, Quot.sound]
'Collatz.Research.RefinementAtlas.Batch258.odd_endpoint_9_486' depends on axioms: [propext, Quot.sound]
'Collatz.Research.RefinementAtlas.Batch258.even_cutoff_9_486' depends on axioms: [propext, Classical.choice, Quot.sound]
'Collatz.Research.RefinementAtlas.Batch258.odd_cleared_9_486' depends on axioms: [propext, Classical.choice, Quot.sound]
'Collatz.Research.RefinementAtlas.Batch258.data_9_488' does not depend on any axioms
'Collatz.Research.RefinementAtlas.Batch258.gap_9_488' does not depend on any axioms
'Collatz.Research.RefinementAtlas.Batch258.cutoff_9_488' does not depend on any axioms
'Collatz.Research.RefinementAtlas.Batch258.even_endpoint_9_488' depends on axioms: [propext, Quot.sound]
'Collatz.Research.RefinementAtlas.Batch258.odd_endpoint_9_488' depends on axioms: [propext, Quot.sound]
'Collatz.Research.RefinementAtlas.Batch258.even_cutoff_9_488' depends on axioms: [propext, Classical.choice, Quot.sound]
'Collatz.Research.RefinementAtlas.Batch258.odd_cleared_9_488' depends on axioms: [propext, Classical.choice, Quot.sound]
'Collatz.Research.RefinementAtlas.Batch258.data_9_490' does not depend on any axioms
'Collatz.Research.RefinementAtlas.Batch258.gap_9_490' does not depend on any axioms
'Collatz.Research.RefinementAtlas.Batch258.cutoff_9_490' does not depend on any axioms
'Collatz.Research.RefinementAtlas.Batch258.even_endpoint_9_490' depends on axioms: [propext, Quot.sound]
'Collatz.Research.RefinementAtlas.Batch258.odd_endpoint_9_490' depends on axioms: [propext, Quot.sound]
'Collatz.Research.RefinementAtlas.Batch258.even_cutoff_9_490' depends on axioms: [propext, Classical.choice, Quot.sound]
'Collatz.Research.RefinementAtlas.Batch258.odd_cleared_9_490' depends on axioms: [propext, Classical.choice, Quot.sound]
'Collatz.Research.RefinementAtlas.Batch259.data_9_492' does not depend on any axioms
'Collatz.Research.RefinementAtlas.Batch259.gap_9_492' does not depend on any axioms
'Collatz.Research.RefinementAtlas.Batch259.cutoff_9_492' does not depend on any axioms
'Collatz.Research.RefinementAtlas.Batch259.even_endpoint_9_492' depends on axioms: [propext, Quot.sound]
'Collatz.Research.RefinementAtlas.Batch259.odd_endpoint_9_492' depends on axioms: [propext, Quot.sound]
'Collatz.Research.RefinementAtlas.Batch259.even_cutoff_9_492' depends on axioms: [propext, Classical.choice, Quot.sound]
'Collatz.Research.RefinementAtlas.Batch259.odd_cleared_9_492' depends on axioms: [propext, Classical.choice, Quot.sound]
'Collatz.Research.RefinementAtlas.Batch259.data_9_493' does not depend on any axioms
'Collatz.Research.RefinementAtlas.Batch259.gap_9_493' does not depend on any axioms
'Collatz.Research.RefinementAtlas.Batch259.cutoff_9_493' does not depend on any axioms
'Collatz.Research.RefinementAtlas.Batch259.even_endpoint_9_493' depends on axioms: [propext, Quot.sound]
'Collatz.Research.RefinementAtlas.Batch259.odd_endpoint_9_493' depends on axioms: [propext, Quot.sound]
'Collatz.Research.RefinementAtlas.Batch259.even_cutoff_9_493' depends on axioms: [propext, Classical.choice, Quot.sound]
'Collatz.Research.RefinementAtlas.Batch259.odd_cleared_9_493' depends on axioms: [propext, Classical.choice, Quot.sound]
'Collatz.Research.RefinementAtlas.Batch259.data_9_494' does not depend on any axioms
'Collatz.Research.RefinementAtlas.Batch259.gap_9_494' does not depend on any axioms
'Collatz.Research.RefinementAtlas.Batch259.cutoff_9_494' does not depend on any axioms
'Collatz.Research.RefinementAtlas.Batch259.even_endpoint_9_494' depends on axioms: [propext, Quot.sound]
'Collatz.Research.RefinementAtlas.Batch259.odd_endpoint_9_494' depends on axioms: [propext, Quot.sound]
'Collatz.Research.RefinementAtlas.Batch259.even_cutoff_9_494' depends on axioms: [propext, Classical.choice, Quot.sound]
'Collatz.Research.RefinementAtlas.Batch259.odd_cleared_9_494' depends on axioms: [propext, Classical.choice, Quot.sound]
'Collatz.Research.RefinementAtlas.Batch260.data_9_496' does not depend on any axioms
'Collatz.Research.RefinementAtlas.Batch260.gap_9_496' does not depend on any axioms
'Collatz.Research.RefinementAtlas.Batch260.cutoff_9_496' does not depend on any axioms
'Collatz.Research.RefinementAtlas.Batch260.even_endpoint_9_496' depends on axioms: [propext, Quot.sound]
'Collatz.Research.RefinementAtlas.Batch260.odd_endpoint_9_496' depends on axioms: [propext, Quot.sound]
'Collatz.Research.RefinementAtlas.Batch260.even_cutoff_9_496' depends on axioms: [propext, Classical.choice, Quot.sound]
'Collatz.Research.RefinementAtlas.Batch260.odd_cleared_9_496' depends on axioms: [propext, Classical.choice, Quot.sound]
'Collatz.Research.RefinementAtlas.Batch260.data_9_497' does not depend on any axioms
'Collatz.Research.RefinementAtlas.Batch260.gap_9_497' does not depend on any axioms
'Collatz.Research.RefinementAtlas.Batch260.cutoff_9_497' does not depend on any axioms
'Collatz.Research.RefinementAtlas.Batch260.even_endpoint_9_497' depends on axioms: [propext, Quot.sound]
'Collatz.Research.RefinementAtlas.Batch260.odd_endpoint_9_497' depends on axioms: [propext, Quot.sound]
'Collatz.Research.RefinementAtlas.Batch260.even_cutoff_9_497' depends on axioms: [propext, Classical.choice, Quot.sound]
'Collatz.Research.RefinementAtlas.Batch260.odd_cleared_9_497' depends on axioms: [propext, Classical.choice, Quot.sound]
'Collatz.Research.RefinementAtlas.Batch260.data_9_498' does not depend on any axioms
'Collatz.Research.RefinementAtlas.Batch260.gap_9_498' does not depend on any axioms
'Collatz.Research.RefinementAtlas.Batch260.cutoff_9_498' does not depend on any axioms
'Collatz.Research.RefinementAtlas.Batch260.even_endpoint_9_498' depends on axioms: [propext, Quot.sound]
'Collatz.Research.RefinementAtlas.Batch260.odd_endpoint_9_498' depends on axioms: [propext, Quot.sound]
'Collatz.Research.RefinementAtlas.Batch260.even_cutoff_9_498' depends on axioms: [propext, Classical.choice, Quot.sound]
'Collatz.Research.RefinementAtlas.Batch260.odd_cleared_9_498' depends on axioms: [propext, Classical.choice, Quot.sound]
'Collatz.Research.RefinementAtlas.Batch261.data_9_499' does not depend on any axioms
'Collatz.Research.RefinementAtlas.Batch261.gap_9_499' does not depend on any axioms
'Collatz.Research.RefinementAtlas.Batch261.cutoff_9_499' does not depend on any axioms
'Collatz.Research.RefinementAtlas.Batch261.even_endpoint_9_499' depends on axioms: [propext, Quot.sound]
'Collatz.Research.RefinementAtlas.Batch261.odd_endpoint_9_499' depends on axioms: [propext, Quot.sound]
'Collatz.Research.RefinementAtlas.Batch261.even_cutoff_9_499' depends on axioms: [propext, Classical.choice, Quot.sound]
'Collatz.Research.RefinementAtlas.Batch261.odd_cleared_9_499' depends on axioms: [propext, Classical.choice, Quot.sound]
'Collatz.Research.RefinementAtlas.Batch261.data_9_500' does not depend on any axioms
'Collatz.Research.RefinementAtlas.Batch261.gap_9_500' does not depend on any axioms
'Collatz.Research.RefinementAtlas.Batch261.cutoff_9_500' does not depend on any axioms
'Collatz.Research.RefinementAtlas.Batch261.even_endpoint_9_500' depends on axioms: [propext, Quot.sound]
'Collatz.Research.RefinementAtlas.Batch261.odd_endpoint_9_500' depends on axioms: [propext, Quot.sound]
'Collatz.Research.RefinementAtlas.Batch261.even_cutoff_9_500' depends on axioms: [propext, Classical.choice, Quot.sound]
'Collatz.Research.RefinementAtlas.Batch261.odd_cleared_9_500' depends on axioms: [propext, Classical.choice, Quot.sound]
'Collatz.Research.RefinementAtlas.Batch261.data_9_501' does not depend on any axioms
'Collatz.Research.RefinementAtlas.Batch261.gap_9_501' does not depend on any axioms
'Collatz.Research.RefinementAtlas.Batch261.cutoff_9_501' does not depend on any axioms
'Collatz.Research.RefinementAtlas.Batch261.even_endpoint_9_501' depends on axioms: [propext, Quot.sound]
'Collatz.Research.RefinementAtlas.Batch261.odd_endpoint_9_501' depends on axioms: [propext, Quot.sound]
'Collatz.Research.RefinementAtlas.Batch261.even_cutoff_9_501' depends on axioms: [propext, Classical.choice, Quot.sound]
'Collatz.Research.RefinementAtlas.Batch261.odd_cleared_9_501' depends on axioms: [propext, Classical.choice, Quot.sound]
'Collatz.Research.RefinementAtlas.Batch262.data_10_3' does not depend on any axioms
'Collatz.Research.RefinementAtlas.Batch262.gap_10_3' does not depend on any axioms
'Collatz.Research.RefinementAtlas.Batch262.cutoff_10_3' does not depend on any axioms
'Collatz.Research.RefinementAtlas.Batch262.even_endpoint_10_3' depends on axioms: [propext, Quot.sound]
'Collatz.Research.RefinementAtlas.Batch262.odd_endpoint_10_3' depends on axioms: [propext, Quot.sound]
'Collatz.Research.RefinementAtlas.Batch262.even_cutoff_10_3' depends on axioms: [propext, Classical.choice, Quot.sound]
'Collatz.Research.RefinementAtlas.Batch262.odd_cleared_10_3' depends on axioms: [propext, Classical.choice, Quot.sound]
'Collatz.Research.RefinementAtlas.Batch262.data_10_4' does not depend on any axioms
'Collatz.Research.RefinementAtlas.Batch262.gap_10_4' does not depend on any axioms
'Collatz.Research.RefinementAtlas.Batch262.cutoff_10_4' does not depend on any axioms
'Collatz.Research.RefinementAtlas.Batch262.even_endpoint_10_4' depends on axioms: [propext, Quot.sound]
'Collatz.Research.RefinementAtlas.Batch262.odd_endpoint_10_4' depends on axioms: [propext, Quot.sound]
'Collatz.Research.RefinementAtlas.Batch262.even_cutoff_10_4' depends on axioms: [propext, Classical.choice, Quot.sound]
'Collatz.Research.RefinementAtlas.Batch262.odd_cleared_10_4' depends on axioms: [propext, Classical.choice, Quot.sound]
'Collatz.Research.RefinementAtlas.Batch262.data_10_5' does not depend on any axioms
'Collatz.Research.RefinementAtlas.Batch262.gap_10_5' does not depend on any axioms
'Collatz.Research.RefinementAtlas.Batch262.cutoff_10_5' does not depend on any axioms
'Collatz.Research.RefinementAtlas.Batch262.even_endpoint_10_5' depends on axioms: [propext, Quot.sound]
'Collatz.Research.RefinementAtlas.Batch262.odd_endpoint_10_5' depends on axioms: [propext, Quot.sound]
'Collatz.Research.RefinementAtlas.Batch262.even_cutoff_10_5' depends on axioms: [propext, Classical.choice, Quot.sound]
'Collatz.Research.RefinementAtlas.Batch262.odd_cleared_10_5' depends on axioms: [propext, Classical.choice, Quot.sound]
'Collatz.Research.RefinementAtlas.Batch263.data_10_6' does not depend on any axioms
'Collatz.Research.RefinementAtlas.Batch263.gap_10_6' does not depend on any axioms
'Collatz.Research.RefinementAtlas.Batch263.cutoff_10_6' does not depend on any axioms
'Collatz.Research.RefinementAtlas.Batch263.even_endpoint_10_6' depends on axioms: [propext, Quot.sound]
'Collatz.Research.RefinementAtlas.Batch263.odd_endpoint_10_6' depends on axioms: [propext, Quot.sound]
'Collatz.Research.RefinementAtlas.Batch263.even_cutoff_10_6' depends on axioms: [propext, Classical.choice, Quot.sound]
'Collatz.Research.RefinementAtlas.Batch263.odd_cleared_10_6' depends on axioms: [propext, Classical.choice, Quot.sound]
'Collatz.Research.RefinementAtlas.Batch263.data_10_7' does not depend on any axioms
'Collatz.Research.RefinementAtlas.Batch263.gap_10_7' does not depend on any axioms
'Collatz.Research.RefinementAtlas.Batch263.cutoff_10_7' does not depend on any axioms
'Collatz.Research.RefinementAtlas.Batch263.even_endpoint_10_7' depends on axioms: [propext, Quot.sound]
'Collatz.Research.RefinementAtlas.Batch263.odd_endpoint_10_7' depends on axioms: [propext, Quot.sound]
'Collatz.Research.RefinementAtlas.Batch263.even_cutoff_10_7' depends on axioms: [propext, Classical.choice, Quot.sound]
'Collatz.Research.RefinementAtlas.Batch263.odd_cleared_10_7' depends on axioms: [propext, Classical.choice, Quot.sound]
'Collatz.Research.RefinementAtlas.Batch263.data_10_8' does not depend on any axioms
'Collatz.Research.RefinementAtlas.Batch263.gap_10_8' does not depend on any axioms
'Collatz.Research.RefinementAtlas.Batch263.cutoff_10_8' does not depend on any axioms
'Collatz.Research.RefinementAtlas.Batch263.even_endpoint_10_8' depends on axioms: [propext, Quot.sound]
'Collatz.Research.RefinementAtlas.Batch263.odd_endpoint_10_8' depends on axioms: [propext, Quot.sound]
'Collatz.Research.RefinementAtlas.Batch263.even_cutoff_10_8' depends on axioms: [propext, Classical.choice, Quot.sound]
'Collatz.Research.RefinementAtlas.Batch263.odd_cleared_10_8' depends on axioms: [propext, Classical.choice, Quot.sound]
'Collatz.Research.RefinementAtlas.Batch264.data_10_9' does not depend on any axioms
'Collatz.Research.RefinementAtlas.Batch264.gap_10_9' does not depend on any axioms
'Collatz.Research.RefinementAtlas.Batch264.cutoff_10_9' does not depend on any axioms
'Collatz.Research.RefinementAtlas.Batch264.even_endpoint_10_9' depends on axioms: [propext, Quot.sound]
'Collatz.Research.RefinementAtlas.Batch264.odd_endpoint_10_9' depends on axioms: [propext, Quot.sound]
'Collatz.Research.RefinementAtlas.Batch264.even_cutoff_10_9' depends on axioms: [propext, Classical.choice, Quot.sound]
'Collatz.Research.RefinementAtlas.Batch264.odd_cleared_10_9' depends on axioms: [propext, Classical.choice, Quot.sound]
'Collatz.Research.RefinementAtlas.Batch264.data_10_10' does not depend on any axioms
'Collatz.Research.RefinementAtlas.Batch264.gap_10_10' does not depend on any axioms
'Collatz.Research.RefinementAtlas.Batch264.cutoff_10_10' does not depend on any axioms
'Collatz.Research.RefinementAtlas.Batch264.even_endpoint_10_10' depends on axioms: [propext, Quot.sound]
'Collatz.Research.RefinementAtlas.Batch264.odd_endpoint_10_10' depends on axioms: [propext, Quot.sound]
'Collatz.Research.RefinementAtlas.Batch264.even_cutoff_10_10' depends on axioms: [propext, Classical.choice, Quot.sound]
'Collatz.Research.RefinementAtlas.Batch264.odd_cleared_10_10' depends on axioms: [propext, Classical.choice, Quot.sound]
'Collatz.Research.RefinementAtlas.Batch264.data_10_11' does not depend on any axioms
'Collatz.Research.RefinementAtlas.Batch264.gap_10_11' does not depend on any axioms
'Collatz.Research.RefinementAtlas.Batch264.cutoff_10_11' does not depend on any axioms
'Collatz.Research.RefinementAtlas.Batch264.even_endpoint_10_11' depends on axioms: [propext, Quot.sound]
'Collatz.Research.RefinementAtlas.Batch264.odd_endpoint_10_11' depends on axioms: [propext, Quot.sound]
'Collatz.Research.RefinementAtlas.Batch264.even_cutoff_10_11' depends on axioms: [propext, Classical.choice, Quot.sound]
'Collatz.Research.RefinementAtlas.Batch264.odd_cleared_10_11' depends on axioms: [propext, Classical.choice, Quot.sound]
'Collatz.Research.RefinementAtlas.Batch265.data_10_12' does not depend on any axioms
'Collatz.Research.RefinementAtlas.Batch265.gap_10_12' does not depend on any axioms
'Collatz.Research.RefinementAtlas.Batch265.cutoff_10_12' does not depend on any axioms
'Collatz.Research.RefinementAtlas.Batch265.even_endpoint_10_12' depends on axioms: [propext, Quot.sound]
'Collatz.Research.RefinementAtlas.Batch265.odd_endpoint_10_12' depends on axioms: [propext, Quot.sound]
'Collatz.Research.RefinementAtlas.Batch265.even_cutoff_10_12' depends on axioms: [propext, Classical.choice, Quot.sound]
'Collatz.Research.RefinementAtlas.Batch265.odd_cleared_10_12' depends on axioms: [propext, Classical.choice, Quot.sound]
'Collatz.Research.RefinementAtlas.Batch265.data_10_13' does not depend on any axioms
'Collatz.Research.RefinementAtlas.Batch265.gap_10_13' does not depend on any axioms
'Collatz.Research.RefinementAtlas.Batch265.cutoff_10_13' does not depend on any axioms
'Collatz.Research.RefinementAtlas.Batch265.even_endpoint_10_13' depends on axioms: [propext, Quot.sound]
'Collatz.Research.RefinementAtlas.Batch265.odd_endpoint_10_13' depends on axioms: [propext, Quot.sound]
'Collatz.Research.RefinementAtlas.Batch265.even_cutoff_10_13' depends on axioms: [propext, Classical.choice, Quot.sound]
'Collatz.Research.RefinementAtlas.Batch265.odd_cleared_10_13' depends on axioms: [propext, Classical.choice, Quot.sound]
'Collatz.Research.RefinementAtlas.Batch265.data_10_14' does not depend on any axioms
'Collatz.Research.RefinementAtlas.Batch265.gap_10_14' does not depend on any axioms
'Collatz.Research.RefinementAtlas.Batch265.cutoff_10_14' does not depend on any axioms
'Collatz.Research.RefinementAtlas.Batch265.even_endpoint_10_14' depends on axioms: [propext, Quot.sound]
'Collatz.Research.RefinementAtlas.Batch265.odd_endpoint_10_14' depends on axioms: [propext, Quot.sound]
'Collatz.Research.RefinementAtlas.Batch265.even_cutoff_10_14' depends on axioms: [propext, Classical.choice, Quot.sound]
'Collatz.Research.RefinementAtlas.Batch265.odd_cleared_10_14' depends on axioms: [propext, Classical.choice, Quot.sound]
'Collatz.Research.RefinementAtlas.Batch266.data_10_15' does not depend on any axioms
'Collatz.Research.RefinementAtlas.Batch266.gap_10_15' does not depend on any axioms
'Collatz.Research.RefinementAtlas.Batch266.cutoff_10_15' does not depend on any axioms
'Collatz.Research.RefinementAtlas.Batch266.even_endpoint_10_15' depends on axioms: [propext, Quot.sound]
'Collatz.Research.RefinementAtlas.Batch266.odd_endpoint_10_15' depends on axioms: [propext, Quot.sound]
'Collatz.Research.RefinementAtlas.Batch266.even_cutoff_10_15' depends on axioms: [propext, Classical.choice, Quot.sound]
'Collatz.Research.RefinementAtlas.Batch266.odd_cleared_10_15' depends on axioms: [propext, Classical.choice, Quot.sound]
'Collatz.Research.RefinementAtlas.Batch266.data_10_16' does not depend on any axioms
'Collatz.Research.RefinementAtlas.Batch266.gap_10_16' does not depend on any axioms
'Collatz.Research.RefinementAtlas.Batch266.cutoff_10_16' does not depend on any axioms
'Collatz.Research.RefinementAtlas.Batch266.even_endpoint_10_16' depends on axioms: [propext, Quot.sound]
'Collatz.Research.RefinementAtlas.Batch266.odd_endpoint_10_16' depends on axioms: [propext, Quot.sound]
'Collatz.Research.RefinementAtlas.Batch266.even_cutoff_10_16' depends on axioms: [propext, Classical.choice, Quot.sound]
'Collatz.Research.RefinementAtlas.Batch266.odd_cleared_10_16' depends on axioms: [propext, Classical.choice, Quot.sound]
'Collatz.Research.RefinementAtlas.Batch266.data_10_17' does not depend on any axioms
'Collatz.Research.RefinementAtlas.Batch266.gap_10_17' does not depend on any axioms
'Collatz.Research.RefinementAtlas.Batch266.cutoff_10_17' does not depend on any axioms
'Collatz.Research.RefinementAtlas.Batch266.even_endpoint_10_17' depends on axioms: [propext, Quot.sound]
'Collatz.Research.RefinementAtlas.Batch266.odd_endpoint_10_17' depends on axioms: [propext, Quot.sound]
'Collatz.Research.RefinementAtlas.Batch266.even_cutoff_10_17' depends on axioms: [propext, Classical.choice, Quot.sound]
'Collatz.Research.RefinementAtlas.Batch266.odd_cleared_10_17' depends on axioms: [propext, Classical.choice, Quot.sound]
'Collatz.Research.RefinementAtlas.Batch267.data_10_18' does not depend on any axioms
'Collatz.Research.RefinementAtlas.Batch267.gap_10_18' does not depend on any axioms
'Collatz.Research.RefinementAtlas.Batch267.cutoff_10_18' does not depend on any axioms
'Collatz.Research.RefinementAtlas.Batch267.even_endpoint_10_18' depends on axioms: [propext, Quot.sound]
'Collatz.Research.RefinementAtlas.Batch267.odd_endpoint_10_18' depends on axioms: [propext, Quot.sound]
'Collatz.Research.RefinementAtlas.Batch267.even_cutoff_10_18' depends on axioms: [propext, Classical.choice, Quot.sound]
'Collatz.Research.RefinementAtlas.Batch267.odd_cleared_10_18' depends on axioms: [propext, Classical.choice, Quot.sound]
'Collatz.Research.RefinementAtlas.Batch267.data_10_19' does not depend on any axioms
'Collatz.Research.RefinementAtlas.Batch267.gap_10_19' does not depend on any axioms
'Collatz.Research.RefinementAtlas.Batch267.cutoff_10_19' does not depend on any axioms
'Collatz.Research.RefinementAtlas.Batch267.even_endpoint_10_19' depends on axioms: [propext, Quot.sound]
'Collatz.Research.RefinementAtlas.Batch267.odd_endpoint_10_19' depends on axioms: [propext, Quot.sound]
'Collatz.Research.RefinementAtlas.Batch267.even_cutoff_10_19' depends on axioms: [propext, Classical.choice, Quot.sound]
'Collatz.Research.RefinementAtlas.Batch267.odd_cleared_10_19' depends on axioms: [propext, Classical.choice, Quot.sound]
'Collatz.Research.RefinementAtlas.Batch267.data_10_20' does not depend on any axioms
'Collatz.Research.RefinementAtlas.Batch267.gap_10_20' does not depend on any axioms
'Collatz.Research.RefinementAtlas.Batch267.cutoff_10_20' does not depend on any axioms
'Collatz.Research.RefinementAtlas.Batch267.even_endpoint_10_20' depends on axioms: [propext, Quot.sound]
'Collatz.Research.RefinementAtlas.Batch267.odd_endpoint_10_20' depends on axioms: [propext, Quot.sound]
'Collatz.Research.RefinementAtlas.Batch267.even_cutoff_10_20' depends on axioms: [propext, Classical.choice, Quot.sound]
'Collatz.Research.RefinementAtlas.Batch267.odd_cleared_10_20' depends on axioms: [propext, Classical.choice, Quot.sound]
'Collatz.Research.RefinementAtlas.Batch268.data_10_21' does not depend on any axioms
'Collatz.Research.RefinementAtlas.Batch268.gap_10_21' does not depend on any axioms
'Collatz.Research.RefinementAtlas.Batch268.cutoff_10_21' does not depend on any axioms
'Collatz.Research.RefinementAtlas.Batch268.even_endpoint_10_21' depends on axioms: [propext, Quot.sound]
'Collatz.Research.RefinementAtlas.Batch268.odd_endpoint_10_21' depends on axioms: [propext, Quot.sound]
'Collatz.Research.RefinementAtlas.Batch268.even_cutoff_10_21' depends on axioms: [propext, Classical.choice, Quot.sound]
'Collatz.Research.RefinementAtlas.Batch268.odd_cleared_10_21' depends on axioms: [propext, Classical.choice, Quot.sound]
'Collatz.Research.RefinementAtlas.Batch268.data_10_22' does not depend on any axioms
'Collatz.Research.RefinementAtlas.Batch268.gap_10_22' does not depend on any axioms
'Collatz.Research.RefinementAtlas.Batch268.cutoff_10_22' does not depend on any axioms
'Collatz.Research.RefinementAtlas.Batch268.even_endpoint_10_22' depends on axioms: [propext, Quot.sound]
'Collatz.Research.RefinementAtlas.Batch268.odd_endpoint_10_22' depends on axioms: [propext, Quot.sound]
'Collatz.Research.RefinementAtlas.Batch268.even_cutoff_10_22' depends on axioms: [propext, Classical.choice, Quot.sound]
'Collatz.Research.RefinementAtlas.Batch268.odd_cleared_10_22' depends on axioms: [propext, Classical.choice, Quot.sound]
'Collatz.Research.RefinementAtlas.Batch268.data_10_23' does not depend on any axioms
'Collatz.Research.RefinementAtlas.Batch268.gap_10_23' does not depend on any axioms
'Collatz.Research.RefinementAtlas.Batch268.cutoff_10_23' does not depend on any axioms
'Collatz.Research.RefinementAtlas.Batch268.even_endpoint_10_23' depends on axioms: [propext, Quot.sound]
'Collatz.Research.RefinementAtlas.Batch268.odd_endpoint_10_23' depends on axioms: [propext, Quot.sound]
'Collatz.Research.RefinementAtlas.Batch268.even_cutoff_10_23' depends on axioms: [propext, Classical.choice, Quot.sound]
'Collatz.Research.RefinementAtlas.Batch268.odd_cleared_10_23' depends on axioms: [propext, Classical.choice, Quot.sound]
'Collatz.Research.RefinementAtlas.Batch269.data_10_24' does not depend on any axioms
'Collatz.Research.RefinementAtlas.Batch269.gap_10_24' does not depend on any axioms
'Collatz.Research.RefinementAtlas.Batch269.cutoff_10_24' does not depend on any axioms
'Collatz.Research.RefinementAtlas.Batch269.even_endpoint_10_24' depends on axioms: [propext, Quot.sound]
'Collatz.Research.RefinementAtlas.Batch269.odd_endpoint_10_24' depends on axioms: [propext, Quot.sound]
'Collatz.Research.RefinementAtlas.Batch269.even_cutoff_10_24' depends on axioms: [propext, Classical.choice, Quot.sound]
'Collatz.Research.RefinementAtlas.Batch269.odd_cleared_10_24' depends on axioms: [propext, Classical.choice, Quot.sound]
'Collatz.Research.RefinementAtlas.Batch269.data_10_25' does not depend on any axioms
'Collatz.Research.RefinementAtlas.Batch269.gap_10_25' does not depend on any axioms
'Collatz.Research.RefinementAtlas.Batch269.cutoff_10_25' does not depend on any axioms
'Collatz.Research.RefinementAtlas.Batch269.even_endpoint_10_25' depends on axioms: [propext, Quot.sound]
'Collatz.Research.RefinementAtlas.Batch269.odd_endpoint_10_25' depends on axioms: [propext, Quot.sound]
'Collatz.Research.RefinementAtlas.Batch269.even_cutoff_10_25' depends on axioms: [propext, Classical.choice, Quot.sound]
'Collatz.Research.RefinementAtlas.Batch269.odd_cleared_10_25' depends on axioms: [propext, Classical.choice, Quot.sound]
'Collatz.Research.RefinementAtlas.Batch269.data_10_26' does not depend on any axioms
'Collatz.Research.RefinementAtlas.Batch269.gap_10_26' does not depend on any axioms
'Collatz.Research.RefinementAtlas.Batch269.cutoff_10_26' does not depend on any axioms
'Collatz.Research.RefinementAtlas.Batch269.even_endpoint_10_26' depends on axioms: [propext, Quot.sound]
'Collatz.Research.RefinementAtlas.Batch269.odd_endpoint_10_26' depends on axioms: [propext, Quot.sound]
'Collatz.Research.RefinementAtlas.Batch269.even_cutoff_10_26' depends on axioms: [propext, Classical.choice, Quot.sound]
'Collatz.Research.RefinementAtlas.Batch269.odd_cleared_10_26' depends on axioms: [propext, Classical.choice, Quot.sound]
'Collatz.Research.RefinementAtlas.Batch270.data_10_28' does not depend on any axioms
'Collatz.Research.RefinementAtlas.Batch270.gap_10_28' does not depend on any axioms
'Collatz.Research.RefinementAtlas.Batch270.cutoff_10_28' does not depend on any axioms
'Collatz.Research.RefinementAtlas.Batch270.even_endpoint_10_28' depends on axioms: [propext, Quot.sound]
'Collatz.Research.RefinementAtlas.Batch270.odd_endpoint_10_28' depends on axioms: [propext, Quot.sound]
'Collatz.Research.RefinementAtlas.Batch270.even_cutoff_10_28' depends on axioms: [propext, Classical.choice, Quot.sound]
'Collatz.Research.RefinementAtlas.Batch270.odd_cleared_10_28' depends on axioms: [propext, Classical.choice, Quot.sound]
'Collatz.Research.RefinementAtlas.Batch270.data_10_29' does not depend on any axioms
'Collatz.Research.RefinementAtlas.Batch270.gap_10_29' does not depend on any axioms
'Collatz.Research.RefinementAtlas.Batch270.cutoff_10_29' does not depend on any axioms
'Collatz.Research.RefinementAtlas.Batch270.even_endpoint_10_29' depends on axioms: [propext, Quot.sound]
'Collatz.Research.RefinementAtlas.Batch270.odd_endpoint_10_29' depends on axioms: [propext, Quot.sound]
'Collatz.Research.RefinementAtlas.Batch270.even_cutoff_10_29' depends on axioms: [propext, Classical.choice, Quot.sound]
'Collatz.Research.RefinementAtlas.Batch270.odd_cleared_10_29' depends on axioms: [propext, Classical.choice, Quot.sound]
'Collatz.Research.RefinementAtlas.Batch270.data_10_30' does not depend on any axioms
'Collatz.Research.RefinementAtlas.Batch270.gap_10_30' does not depend on any axioms
'Collatz.Research.RefinementAtlas.Batch270.cutoff_10_30' does not depend on any axioms
'Collatz.Research.RefinementAtlas.Batch270.even_endpoint_10_30' depends on axioms: [propext, Quot.sound]
'Collatz.Research.RefinementAtlas.Batch270.odd_endpoint_10_30' depends on axioms: [propext, Quot.sound]
'Collatz.Research.RefinementAtlas.Batch270.even_cutoff_10_30' depends on axioms: [propext, Classical.choice, Quot.sound]
'Collatz.Research.RefinementAtlas.Batch270.odd_cleared_10_30' depends on axioms: [propext, Classical.choice, Quot.sound]
'Collatz.Research.RefinementAtlas.Batch271.data_10_32' does not depend on any axioms
'Collatz.Research.RefinementAtlas.Batch271.gap_10_32' does not depend on any axioms
'Collatz.Research.RefinementAtlas.Batch271.cutoff_10_32' does not depend on any axioms
'Collatz.Research.RefinementAtlas.Batch271.even_endpoint_10_32' depends on axioms: [propext, Quot.sound]
'Collatz.Research.RefinementAtlas.Batch271.odd_endpoint_10_32' depends on axioms: [propext, Quot.sound]
'Collatz.Research.RefinementAtlas.Batch271.even_cutoff_10_32' depends on axioms: [propext, Classical.choice, Quot.sound]
'Collatz.Research.RefinementAtlas.Batch271.odd_cleared_10_32' depends on axioms: [propext, Classical.choice, Quot.sound]
'Collatz.Research.RefinementAtlas.Batch271.data_10_33' does not depend on any axioms
'Collatz.Research.RefinementAtlas.Batch271.gap_10_33' does not depend on any axioms
'Collatz.Research.RefinementAtlas.Batch271.cutoff_10_33' does not depend on any axioms
'Collatz.Research.RefinementAtlas.Batch271.even_endpoint_10_33' depends on axioms: [propext, Quot.sound]
'Collatz.Research.RefinementAtlas.Batch271.odd_endpoint_10_33' depends on axioms: [propext, Quot.sound]
'Collatz.Research.RefinementAtlas.Batch271.even_cutoff_10_33' depends on axioms: [propext, Classical.choice, Quot.sound]
'Collatz.Research.RefinementAtlas.Batch271.odd_cleared_10_33' depends on axioms: [propext, Classical.choice, Quot.sound]
'Collatz.Research.RefinementAtlas.Batch271.data_10_34' does not depend on any axioms
'Collatz.Research.RefinementAtlas.Batch271.gap_10_34' does not depend on any axioms
'Collatz.Research.RefinementAtlas.Batch271.cutoff_10_34' does not depend on any axioms
'Collatz.Research.RefinementAtlas.Batch271.even_endpoint_10_34' depends on axioms: [propext, Quot.sound]
'Collatz.Research.RefinementAtlas.Batch271.odd_endpoint_10_34' depends on axioms: [propext, Quot.sound]
'Collatz.Research.RefinementAtlas.Batch271.even_cutoff_10_34' depends on axioms: [propext, Classical.choice, Quot.sound]
'Collatz.Research.RefinementAtlas.Batch271.odd_cleared_10_34' depends on axioms: [propext, Classical.choice, Quot.sound]
'Collatz.Research.RefinementAtlas.Batch272.data_10_35' does not depend on any axioms
'Collatz.Research.RefinementAtlas.Batch272.gap_10_35' does not depend on any axioms
'Collatz.Research.RefinementAtlas.Batch272.cutoff_10_35' does not depend on any axioms
'Collatz.Research.RefinementAtlas.Batch272.even_endpoint_10_35' depends on axioms: [propext, Quot.sound]
'Collatz.Research.RefinementAtlas.Batch272.odd_endpoint_10_35' depends on axioms: [propext, Quot.sound]
'Collatz.Research.RefinementAtlas.Batch272.even_cutoff_10_35' depends on axioms: [propext, Classical.choice, Quot.sound]
'Collatz.Research.RefinementAtlas.Batch272.odd_cleared_10_35' depends on axioms: [propext, Classical.choice, Quot.sound]
'Collatz.Research.RefinementAtlas.Batch272.data_10_36' does not depend on any axioms
'Collatz.Research.RefinementAtlas.Batch272.gap_10_36' does not depend on any axioms
'Collatz.Research.RefinementAtlas.Batch272.cutoff_10_36' does not depend on any axioms
'Collatz.Research.RefinementAtlas.Batch272.even_endpoint_10_36' depends on axioms: [propext, Quot.sound]
'Collatz.Research.RefinementAtlas.Batch272.odd_endpoint_10_36' depends on axioms: [propext, Quot.sound]
'Collatz.Research.RefinementAtlas.Batch272.even_cutoff_10_36' depends on axioms: [propext, Classical.choice, Quot.sound]
'Collatz.Research.RefinementAtlas.Batch272.odd_cleared_10_36' depends on axioms: [propext, Classical.choice, Quot.sound]
'Collatz.Research.RefinementAtlas.Batch272.data_10_37' does not depend on any axioms
'Collatz.Research.RefinementAtlas.Batch272.gap_10_37' does not depend on any axioms
'Collatz.Research.RefinementAtlas.Batch272.cutoff_10_37' does not depend on any axioms
'Collatz.Research.RefinementAtlas.Batch272.even_endpoint_10_37' depends on axioms: [propext, Quot.sound]
'Collatz.Research.RefinementAtlas.Batch272.odd_endpoint_10_37' depends on axioms: [propext, Quot.sound]
'Collatz.Research.RefinementAtlas.Batch272.even_cutoff_10_37' depends on axioms: [propext, Classical.choice, Quot.sound]
'Collatz.Research.RefinementAtlas.Batch272.odd_cleared_10_37' depends on axioms: [propext, Classical.choice, Quot.sound]
'Collatz.Research.RefinementAtlas.Batch273.data_10_38' does not depend on any axioms
'Collatz.Research.RefinementAtlas.Batch273.gap_10_38' does not depend on any axioms
'Collatz.Research.RefinementAtlas.Batch273.cutoff_10_38' does not depend on any axioms
'Collatz.Research.RefinementAtlas.Batch273.even_endpoint_10_38' depends on axioms: [propext, Quot.sound]
'Collatz.Research.RefinementAtlas.Batch273.odd_endpoint_10_38' depends on axioms: [propext, Quot.sound]
'Collatz.Research.RefinementAtlas.Batch273.even_cutoff_10_38' depends on axioms: [propext, Classical.choice, Quot.sound]
'Collatz.Research.RefinementAtlas.Batch273.odd_cleared_10_38' depends on axioms: [propext, Classical.choice, Quot.sound]
'Collatz.Research.RefinementAtlas.Batch273.data_10_39' does not depend on any axioms
'Collatz.Research.RefinementAtlas.Batch273.gap_10_39' does not depend on any axioms
'Collatz.Research.RefinementAtlas.Batch273.cutoff_10_39' does not depend on any axioms
'Collatz.Research.RefinementAtlas.Batch273.even_endpoint_10_39' depends on axioms: [propext, Quot.sound]
'Collatz.Research.RefinementAtlas.Batch273.odd_endpoint_10_39' depends on axioms: [propext, Quot.sound]
'Collatz.Research.RefinementAtlas.Batch273.even_cutoff_10_39' depends on axioms: [propext, Classical.choice, Quot.sound]
'Collatz.Research.RefinementAtlas.Batch273.odd_cleared_10_39' depends on axioms: [propext, Classical.choice, Quot.sound]
'Collatz.Research.RefinementAtlas.Batch273.data_10_40' does not depend on any axioms
'Collatz.Research.RefinementAtlas.Batch273.gap_10_40' does not depend on any axioms
'Collatz.Research.RefinementAtlas.Batch273.cutoff_10_40' does not depend on any axioms
'Collatz.Research.RefinementAtlas.Batch273.even_endpoint_10_40' depends on axioms: [propext, Quot.sound]
'Collatz.Research.RefinementAtlas.Batch273.odd_endpoint_10_40' depends on axioms: [propext, Quot.sound]
'Collatz.Research.RefinementAtlas.Batch273.even_cutoff_10_40' depends on axioms: [propext, Classical.choice, Quot.sound]
'Collatz.Research.RefinementAtlas.Batch273.odd_cleared_10_40' depends on axioms: [propext, Classical.choice, Quot.sound]
'Collatz.Research.RefinementAtlas.Batch274.data_10_42' does not depend on any axioms
'Collatz.Research.RefinementAtlas.Batch274.gap_10_42' does not depend on any axioms
'Collatz.Research.RefinementAtlas.Batch274.cutoff_10_42' does not depend on any axioms
'Collatz.Research.RefinementAtlas.Batch274.even_endpoint_10_42' depends on axioms: [propext, Quot.sound]
'Collatz.Research.RefinementAtlas.Batch274.odd_endpoint_10_42' depends on axioms: [propext, Quot.sound]
'Collatz.Research.RefinementAtlas.Batch274.even_cutoff_10_42' depends on axioms: [propext, Classical.choice, Quot.sound]
'Collatz.Research.RefinementAtlas.Batch274.odd_cleared_10_42' depends on axioms: [propext, Classical.choice, Quot.sound]
'Collatz.Research.RefinementAtlas.Batch274.data_10_43' does not depend on any axioms
'Collatz.Research.RefinementAtlas.Batch274.gap_10_43' does not depend on any axioms
'Collatz.Research.RefinementAtlas.Batch274.cutoff_10_43' does not depend on any axioms
'Collatz.Research.RefinementAtlas.Batch274.even_endpoint_10_43' depends on axioms: [propext, Quot.sound]
'Collatz.Research.RefinementAtlas.Batch274.odd_endpoint_10_43' depends on axioms: [propext, Quot.sound]
'Collatz.Research.RefinementAtlas.Batch274.even_cutoff_10_43' depends on axioms: [propext, Classical.choice, Quot.sound]
'Collatz.Research.RefinementAtlas.Batch274.odd_cleared_10_43' depends on axioms: [propext, Classical.choice, Quot.sound]
'Collatz.Research.RefinementAtlas.Batch274.data_10_44' does not depend on any axioms
'Collatz.Research.RefinementAtlas.Batch274.gap_10_44' does not depend on any axioms
'Collatz.Research.RefinementAtlas.Batch274.cutoff_10_44' does not depend on any axioms
'Collatz.Research.RefinementAtlas.Batch274.even_endpoint_10_44' depends on axioms: [propext, Quot.sound]
'Collatz.Research.RefinementAtlas.Batch274.odd_endpoint_10_44' depends on axioms: [propext, Quot.sound]
'Collatz.Research.RefinementAtlas.Batch274.even_cutoff_10_44' depends on axioms: [propext, Classical.choice, Quot.sound]
'Collatz.Research.RefinementAtlas.Batch274.odd_cleared_10_44' depends on axioms: [propext, Classical.choice, Quot.sound]
'Collatz.Research.RefinementAtlas.Batch275.data_10_45' does not depend on any axioms
'Collatz.Research.RefinementAtlas.Batch275.gap_10_45' does not depend on any axioms
'Collatz.Research.RefinementAtlas.Batch275.cutoff_10_45' does not depend on any axioms
'Collatz.Research.RefinementAtlas.Batch275.even_endpoint_10_45' depends on axioms: [propext, Quot.sound]
'Collatz.Research.RefinementAtlas.Batch275.odd_endpoint_10_45' depends on axioms: [propext, Quot.sound]
'Collatz.Research.RefinementAtlas.Batch275.even_cutoff_10_45' depends on axioms: [propext, Classical.choice, Quot.sound]
'Collatz.Research.RefinementAtlas.Batch275.odd_cleared_10_45' depends on axioms: [propext, Classical.choice, Quot.sound]
'Collatz.Research.RefinementAtlas.Batch275.data_10_46' does not depend on any axioms
'Collatz.Research.RefinementAtlas.Batch275.gap_10_46' does not depend on any axioms
'Collatz.Research.RefinementAtlas.Batch275.cutoff_10_46' does not depend on any axioms
'Collatz.Research.RefinementAtlas.Batch275.even_endpoint_10_46' depends on axioms: [propext, Quot.sound]
'Collatz.Research.RefinementAtlas.Batch275.odd_endpoint_10_46' depends on axioms: [propext, Quot.sound]
'Collatz.Research.RefinementAtlas.Batch275.even_cutoff_10_46' depends on axioms: [propext, Classical.choice, Quot.sound]
'Collatz.Research.RefinementAtlas.Batch275.odd_cleared_10_46' depends on axioms: [propext, Classical.choice, Quot.sound]
'Collatz.Research.RefinementAtlas.Batch275.data_10_48' does not depend on any axioms
'Collatz.Research.RefinementAtlas.Batch275.gap_10_48' does not depend on any axioms
'Collatz.Research.RefinementAtlas.Batch275.cutoff_10_48' does not depend on any axioms
'Collatz.Research.RefinementAtlas.Batch275.even_endpoint_10_48' depends on axioms: [propext, Quot.sound]
'Collatz.Research.RefinementAtlas.Batch275.odd_endpoint_10_48' depends on axioms: [propext, Quot.sound]
'Collatz.Research.RefinementAtlas.Batch275.even_cutoff_10_48' depends on axioms: [propext, Classical.choice, Quot.sound]
'Collatz.Research.RefinementAtlas.Batch275.odd_cleared_10_48' depends on axioms: [propext, Classical.choice, Quot.sound]
'Collatz.Research.RefinementAtlas.Batch276.data_10_49' does not depend on any axioms
'Collatz.Research.RefinementAtlas.Batch276.gap_10_49' does not depend on any axioms
'Collatz.Research.RefinementAtlas.Batch276.cutoff_10_49' does not depend on any axioms
'Collatz.Research.RefinementAtlas.Batch276.even_endpoint_10_49' depends on axioms: [propext, Quot.sound]
'Collatz.Research.RefinementAtlas.Batch276.odd_endpoint_10_49' depends on axioms: [propext, Quot.sound]
'Collatz.Research.RefinementAtlas.Batch276.even_cutoff_10_49' depends on axioms: [propext, Classical.choice, Quot.sound]
'Collatz.Research.RefinementAtlas.Batch276.odd_cleared_10_49' depends on axioms: [propext, Classical.choice, Quot.sound]
'Collatz.Research.RefinementAtlas.Batch276.data_10_50' does not depend on any axioms
'Collatz.Research.RefinementAtlas.Batch276.gap_10_50' does not depend on any axioms
'Collatz.Research.RefinementAtlas.Batch276.cutoff_10_50' does not depend on any axioms
'Collatz.Research.RefinementAtlas.Batch276.even_endpoint_10_50' depends on axioms: [propext, Quot.sound]
'Collatz.Research.RefinementAtlas.Batch276.odd_endpoint_10_50' depends on axioms: [propext, Quot.sound]
'Collatz.Research.RefinementAtlas.Batch276.even_cutoff_10_50' depends on axioms: [propext, Classical.choice, Quot.sound]
'Collatz.Research.RefinementAtlas.Batch276.odd_cleared_10_50' depends on axioms: [propext, Classical.choice, Quot.sound]
'Collatz.Research.RefinementAtlas.Batch276.data_10_51' does not depend on any axioms
'Collatz.Research.RefinementAtlas.Batch276.gap_10_51' does not depend on any axioms
'Collatz.Research.RefinementAtlas.Batch276.cutoff_10_51' does not depend on any axioms
'Collatz.Research.RefinementAtlas.Batch276.even_endpoint_10_51' depends on axioms: [propext, Quot.sound]
'Collatz.Research.RefinementAtlas.Batch276.odd_endpoint_10_51' depends on axioms: [propext, Quot.sound]
'Collatz.Research.RefinementAtlas.Batch276.even_cutoff_10_51' depends on axioms: [propext, Classical.choice, Quot.sound]
'Collatz.Research.RefinementAtlas.Batch276.odd_cleared_10_51' depends on axioms: [propext, Classical.choice, Quot.sound]
'Collatz.Research.RefinementAtlas.Batch277.data_10_52' does not depend on any axioms
'Collatz.Research.RefinementAtlas.Batch277.gap_10_52' does not depend on any axioms
'Collatz.Research.RefinementAtlas.Batch277.cutoff_10_52' does not depend on any axioms
'Collatz.Research.RefinementAtlas.Batch277.even_endpoint_10_52' depends on axioms: [propext, Quot.sound]
'Collatz.Research.RefinementAtlas.Batch277.odd_endpoint_10_52' depends on axioms: [propext, Quot.sound]
'Collatz.Research.RefinementAtlas.Batch277.even_cutoff_10_52' depends on axioms: [propext, Classical.choice, Quot.sound]
'Collatz.Research.RefinementAtlas.Batch277.odd_cleared_10_52' depends on axioms: [propext, Classical.choice, Quot.sound]
'Collatz.Research.RefinementAtlas.Batch277.data_10_53' does not depend on any axioms
'Collatz.Research.RefinementAtlas.Batch277.gap_10_53' does not depend on any axioms
'Collatz.Research.RefinementAtlas.Batch277.cutoff_10_53' does not depend on any axioms
'Collatz.Research.RefinementAtlas.Batch277.even_endpoint_10_53' depends on axioms: [propext, Quot.sound]
'Collatz.Research.RefinementAtlas.Batch277.odd_endpoint_10_53' depends on axioms: [propext, Quot.sound]
'Collatz.Research.RefinementAtlas.Batch277.even_cutoff_10_53' depends on axioms: [propext, Classical.choice, Quot.sound]
'Collatz.Research.RefinementAtlas.Batch277.odd_cleared_10_53' depends on axioms: [propext, Classical.choice, Quot.sound]
'Collatz.Research.RefinementAtlas.Batch277.data_10_56' does not depend on any axioms
'Collatz.Research.RefinementAtlas.Batch277.gap_10_56' does not depend on any axioms
'Collatz.Research.RefinementAtlas.Batch277.cutoff_10_56' does not depend on any axioms
'Collatz.Research.RefinementAtlas.Batch277.even_endpoint_10_56' depends on axioms: [propext, Quot.sound]
'Collatz.Research.RefinementAtlas.Batch277.odd_endpoint_10_56' depends on axioms: [propext, Quot.sound]
'Collatz.Research.RefinementAtlas.Batch277.even_cutoff_10_56' depends on axioms: [propext, Classical.choice, Quot.sound]
'Collatz.Research.RefinementAtlas.Batch277.odd_cleared_10_56' depends on axioms: [propext, Classical.choice, Quot.sound]
'Collatz.Research.RefinementAtlas.Batch278.data_10_57' does not depend on any axioms
'Collatz.Research.RefinementAtlas.Batch278.gap_10_57' does not depend on any axioms
'Collatz.Research.RefinementAtlas.Batch278.cutoff_10_57' does not depend on any axioms
'Collatz.Research.RefinementAtlas.Batch278.even_endpoint_10_57' depends on axioms: [propext, Quot.sound]
'Collatz.Research.RefinementAtlas.Batch278.odd_endpoint_10_57' depends on axioms: [propext, Quot.sound]
'Collatz.Research.RefinementAtlas.Batch278.even_cutoff_10_57' depends on axioms: [propext, Classical.choice, Quot.sound]
'Collatz.Research.RefinementAtlas.Batch278.odd_cleared_10_57' depends on axioms: [propext, Classical.choice, Quot.sound]
'Collatz.Research.RefinementAtlas.Batch278.data_10_58' does not depend on any axioms
'Collatz.Research.RefinementAtlas.Batch278.gap_10_58' does not depend on any axioms
'Collatz.Research.RefinementAtlas.Batch278.cutoff_10_58' does not depend on any axioms
'Collatz.Research.RefinementAtlas.Batch278.even_endpoint_10_58' depends on axioms: [propext, Quot.sound]
'Collatz.Research.RefinementAtlas.Batch278.odd_endpoint_10_58' depends on axioms: [propext, Quot.sound]
'Collatz.Research.RefinementAtlas.Batch278.even_cutoff_10_58' depends on axioms: [propext, Classical.choice, Quot.sound]
'Collatz.Research.RefinementAtlas.Batch278.odd_cleared_10_58' depends on axioms: [propext, Classical.choice, Quot.sound]
'Collatz.Research.RefinementAtlas.Batch278.data_10_59' does not depend on any axioms
'Collatz.Research.RefinementAtlas.Batch278.gap_10_59' does not depend on any axioms
'Collatz.Research.RefinementAtlas.Batch278.cutoff_10_59' does not depend on any axioms
'Collatz.Research.RefinementAtlas.Batch278.even_endpoint_10_59' depends on axioms: [propext, Quot.sound]
'Collatz.Research.RefinementAtlas.Batch278.odd_endpoint_10_59' depends on axioms: [propext, Quot.sound]
'Collatz.Research.RefinementAtlas.Batch278.even_cutoff_10_59' depends on axioms: [propext, Classical.choice, Quot.sound]
'Collatz.Research.RefinementAtlas.Batch278.odd_cleared_10_59' depends on axioms: [propext, Classical.choice, Quot.sound]
'Collatz.Research.RefinementAtlas.Batch279.data_10_60' does not depend on any axioms
'Collatz.Research.RefinementAtlas.Batch279.gap_10_60' does not depend on any axioms
'Collatz.Research.RefinementAtlas.Batch279.cutoff_10_60' does not depend on any axioms
'Collatz.Research.RefinementAtlas.Batch279.even_endpoint_10_60' depends on axioms: [propext, Quot.sound]
'Collatz.Research.RefinementAtlas.Batch279.odd_endpoint_10_60' depends on axioms: [propext, Quot.sound]
'Collatz.Research.RefinementAtlas.Batch279.even_cutoff_10_60' depends on axioms: [propext, Classical.choice, Quot.sound]
'Collatz.Research.RefinementAtlas.Batch279.odd_cleared_10_60' depends on axioms: [propext, Classical.choice, Quot.sound]
'Collatz.Research.RefinementAtlas.Batch279.data_10_61' does not depend on any axioms
'Collatz.Research.RefinementAtlas.Batch279.gap_10_61' does not depend on any axioms
'Collatz.Research.RefinementAtlas.Batch279.cutoff_10_61' does not depend on any axioms
'Collatz.Research.RefinementAtlas.Batch279.even_endpoint_10_61' depends on axioms: [propext, Quot.sound]
'Collatz.Research.RefinementAtlas.Batch279.odd_endpoint_10_61' depends on axioms: [propext, Quot.sound]
'Collatz.Research.RefinementAtlas.Batch279.even_cutoff_10_61' depends on axioms: [propext, Classical.choice, Quot.sound]
'Collatz.Research.RefinementAtlas.Batch279.odd_cleared_10_61' depends on axioms: [propext, Classical.choice, Quot.sound]
'Collatz.Research.RefinementAtlas.Batch279.data_10_64' does not depend on any axioms
'Collatz.Research.RefinementAtlas.Batch279.gap_10_64' does not depend on any axioms
'Collatz.Research.RefinementAtlas.Batch279.cutoff_10_64' does not depend on any axioms
'Collatz.Research.RefinementAtlas.Batch279.even_endpoint_10_64' depends on axioms: [propext, Quot.sound]
'Collatz.Research.RefinementAtlas.Batch279.odd_endpoint_10_64' depends on axioms: [propext, Quot.sound]
'Collatz.Research.RefinementAtlas.Batch279.even_cutoff_10_64' depends on axioms: [propext, Classical.choice, Quot.sound]
'Collatz.Research.RefinementAtlas.Batch279.odd_cleared_10_64' depends on axioms: [propext, Classical.choice, Quot.sound]
'Collatz.Research.RefinementAtlas.Batch280.data_10_65' does not depend on any axioms
'Collatz.Research.RefinementAtlas.Batch280.gap_10_65' does not depend on any axioms
'Collatz.Research.RefinementAtlas.Batch280.cutoff_10_65' does not depend on any axioms
'Collatz.Research.RefinementAtlas.Batch280.even_endpoint_10_65' depends on axioms: [propext, Quot.sound]
'Collatz.Research.RefinementAtlas.Batch280.odd_endpoint_10_65' depends on axioms: [propext, Quot.sound]
'Collatz.Research.RefinementAtlas.Batch280.even_cutoff_10_65' depends on axioms: [propext, Classical.choice, Quot.sound]
'Collatz.Research.RefinementAtlas.Batch280.odd_cleared_10_65' depends on axioms: [propext, Classical.choice, Quot.sound]
'Collatz.Research.RefinementAtlas.Batch280.data_10_66' does not depend on any axioms
'Collatz.Research.RefinementAtlas.Batch280.gap_10_66' does not depend on any axioms
'Collatz.Research.RefinementAtlas.Batch280.cutoff_10_66' does not depend on any axioms
'Collatz.Research.RefinementAtlas.Batch280.even_endpoint_10_66' depends on axioms: [propext, Quot.sound]
'Collatz.Research.RefinementAtlas.Batch280.odd_endpoint_10_66' depends on axioms: [propext, Quot.sound]
'Collatz.Research.RefinementAtlas.Batch280.even_cutoff_10_66' depends on axioms: [propext, Classical.choice, Quot.sound]
'Collatz.Research.RefinementAtlas.Batch280.odd_cleared_10_66' depends on axioms: [propext, Classical.choice, Quot.sound]
'Collatz.Research.RefinementAtlas.Batch280.data_10_67' does not depend on any axioms
'Collatz.Research.RefinementAtlas.Batch280.gap_10_67' does not depend on any axioms
'Collatz.Research.RefinementAtlas.Batch280.cutoff_10_67' does not depend on any axioms
'Collatz.Research.RefinementAtlas.Batch280.even_endpoint_10_67' depends on axioms: [propext, Quot.sound]
'Collatz.Research.RefinementAtlas.Batch280.odd_endpoint_10_67' depends on axioms: [propext, Quot.sound]
'Collatz.Research.RefinementAtlas.Batch280.even_cutoff_10_67' depends on axioms: [propext, Classical.choice, Quot.sound]
'Collatz.Research.RefinementAtlas.Batch280.odd_cleared_10_67' depends on axioms: [propext, Classical.choice, Quot.sound]
'Collatz.Research.RefinementAtlas.Batch281.data_10_68' does not depend on any axioms
'Collatz.Research.RefinementAtlas.Batch281.gap_10_68' does not depend on any axioms
'Collatz.Research.RefinementAtlas.Batch281.cutoff_10_68' does not depend on any axioms
'Collatz.Research.RefinementAtlas.Batch281.even_endpoint_10_68' depends on axioms: [propext, Quot.sound]
'Collatz.Research.RefinementAtlas.Batch281.odd_endpoint_10_68' depends on axioms: [propext, Quot.sound]
'Collatz.Research.RefinementAtlas.Batch281.even_cutoff_10_68' depends on axioms: [propext, Classical.choice, Quot.sound]
'Collatz.Research.RefinementAtlas.Batch281.odd_cleared_10_68' depends on axioms: [propext, Classical.choice, Quot.sound]
'Collatz.Research.RefinementAtlas.Batch281.data_10_69' does not depend on any axioms
'Collatz.Research.RefinementAtlas.Batch281.gap_10_69' does not depend on any axioms
'Collatz.Research.RefinementAtlas.Batch281.cutoff_10_69' does not depend on any axioms
'Collatz.Research.RefinementAtlas.Batch281.even_endpoint_10_69' depends on axioms: [propext, Quot.sound]
'Collatz.Research.RefinementAtlas.Batch281.odd_endpoint_10_69' depends on axioms: [propext, Quot.sound]
'Collatz.Research.RefinementAtlas.Batch281.even_cutoff_10_69' depends on axioms: [propext, Classical.choice, Quot.sound]
'Collatz.Research.RefinementAtlas.Batch281.odd_cleared_10_69' depends on axioms: [propext, Classical.choice, Quot.sound]
'Collatz.Research.RefinementAtlas.Batch281.data_10_70' does not depend on any axioms
'Collatz.Research.RefinementAtlas.Batch281.gap_10_70' does not depend on any axioms
'Collatz.Research.RefinementAtlas.Batch281.cutoff_10_70' does not depend on any axioms
'Collatz.Research.RefinementAtlas.Batch281.even_endpoint_10_70' depends on axioms: [propext, Quot.sound]
'Collatz.Research.RefinementAtlas.Batch281.odd_endpoint_10_70' depends on axioms: [propext, Quot.sound]
'Collatz.Research.RefinementAtlas.Batch281.even_cutoff_10_70' depends on axioms: [propext, Classical.choice, Quot.sound]
'Collatz.Research.RefinementAtlas.Batch281.odd_cleared_10_70' depends on axioms: [propext, Classical.choice, Quot.sound]
'Collatz.Research.RefinementAtlas.Batch282.data_10_72' does not depend on any axioms
'Collatz.Research.RefinementAtlas.Batch282.gap_10_72' does not depend on any axioms
'Collatz.Research.RefinementAtlas.Batch282.cutoff_10_72' does not depend on any axioms
'Collatz.Research.RefinementAtlas.Batch282.even_endpoint_10_72' depends on axioms: [propext, Quot.sound]
'Collatz.Research.RefinementAtlas.Batch282.odd_endpoint_10_72' depends on axioms: [propext, Quot.sound]
'Collatz.Research.RefinementAtlas.Batch282.even_cutoff_10_72' depends on axioms: [propext, Classical.choice, Quot.sound]
'Collatz.Research.RefinementAtlas.Batch282.odd_cleared_10_72' depends on axioms: [propext, Classical.choice, Quot.sound]
'Collatz.Research.RefinementAtlas.Batch282.data_10_74' does not depend on any axioms
'Collatz.Research.RefinementAtlas.Batch282.gap_10_74' does not depend on any axioms
'Collatz.Research.RefinementAtlas.Batch282.cutoff_10_74' does not depend on any axioms
'Collatz.Research.RefinementAtlas.Batch282.even_endpoint_10_74' depends on axioms: [propext, Quot.sound]
'Collatz.Research.RefinementAtlas.Batch282.odd_endpoint_10_74' depends on axioms: [propext, Quot.sound]
'Collatz.Research.RefinementAtlas.Batch282.even_cutoff_10_74' depends on axioms: [propext, Classical.choice, Quot.sound]
'Collatz.Research.RefinementAtlas.Batch282.odd_cleared_10_74' depends on axioms: [propext, Classical.choice, Quot.sound]
'Collatz.Research.RefinementAtlas.Batch282.data_10_75' does not depend on any axioms
'Collatz.Research.RefinementAtlas.Batch282.gap_10_75' does not depend on any axioms
'Collatz.Research.RefinementAtlas.Batch282.cutoff_10_75' does not depend on any axioms
'Collatz.Research.RefinementAtlas.Batch282.even_endpoint_10_75' depends on axioms: [propext, Quot.sound]
'Collatz.Research.RefinementAtlas.Batch282.odd_endpoint_10_75' depends on axioms: [propext, Quot.sound]
'Collatz.Research.RefinementAtlas.Batch282.even_cutoff_10_75' depends on axioms: [propext, Classical.choice, Quot.sound]
'Collatz.Research.RefinementAtlas.Batch282.odd_cleared_10_75' depends on axioms: [propext, Classical.choice, Quot.sound]
'Collatz.Research.RefinementAtlas.Batch283.data_10_76' does not depend on any axioms
'Collatz.Research.RefinementAtlas.Batch283.gap_10_76' does not depend on any axioms
'Collatz.Research.RefinementAtlas.Batch283.cutoff_10_76' does not depend on any axioms
'Collatz.Research.RefinementAtlas.Batch283.even_endpoint_10_76' depends on axioms: [propext, Quot.sound]
'Collatz.Research.RefinementAtlas.Batch283.odd_endpoint_10_76' depends on axioms: [propext, Quot.sound]
'Collatz.Research.RefinementAtlas.Batch283.even_cutoff_10_76' depends on axioms: [propext, Classical.choice, Quot.sound]
'Collatz.Research.RefinementAtlas.Batch283.odd_cleared_10_76' depends on axioms: [propext, Classical.choice, Quot.sound]
'Collatz.Research.RefinementAtlas.Batch283.data_10_77' does not depend on any axioms
'Collatz.Research.RefinementAtlas.Batch283.gap_10_77' does not depend on any axioms
'Collatz.Research.RefinementAtlas.Batch283.cutoff_10_77' does not depend on any axioms
'Collatz.Research.RefinementAtlas.Batch283.even_endpoint_10_77' depends on axioms: [propext, Quot.sound]
'Collatz.Research.RefinementAtlas.Batch283.odd_endpoint_10_77' depends on axioms: [propext, Quot.sound]
'Collatz.Research.RefinementAtlas.Batch283.even_cutoff_10_77' depends on axioms: [propext, Classical.choice, Quot.sound]
'Collatz.Research.RefinementAtlas.Batch283.odd_cleared_10_77' depends on axioms: [propext, Classical.choice, Quot.sound]
'Collatz.Research.RefinementAtlas.Batch283.data_10_78' does not depend on any axioms
'Collatz.Research.RefinementAtlas.Batch283.gap_10_78' does not depend on any axioms
'Collatz.Research.RefinementAtlas.Batch283.cutoff_10_78' does not depend on any axioms
'Collatz.Research.RefinementAtlas.Batch283.even_endpoint_10_78' depends on axioms: [propext, Quot.sound]
'Collatz.Research.RefinementAtlas.Batch283.odd_endpoint_10_78' depends on axioms: [propext, Quot.sound]
'Collatz.Research.RefinementAtlas.Batch283.even_cutoff_10_78' depends on axioms: [propext, Classical.choice, Quot.sound]
'Collatz.Research.RefinementAtlas.Batch283.odd_cleared_10_78' depends on axioms: [propext, Classical.choice, Quot.sound]
'Collatz.Research.RefinementAtlas.Batch284.data_10_79' does not depend on any axioms
'Collatz.Research.RefinementAtlas.Batch284.gap_10_79' does not depend on any axioms
'Collatz.Research.RefinementAtlas.Batch284.cutoff_10_79' does not depend on any axioms
'Collatz.Research.RefinementAtlas.Batch284.even_endpoint_10_79' depends on axioms: [propext, Quot.sound]
'Collatz.Research.RefinementAtlas.Batch284.odd_endpoint_10_79' depends on axioms: [propext, Quot.sound]
'Collatz.Research.RefinementAtlas.Batch284.even_cutoff_10_79' depends on axioms: [propext, Classical.choice, Quot.sound]
'Collatz.Research.RefinementAtlas.Batch284.odd_cleared_10_79' depends on axioms: [propext, Classical.choice, Quot.sound]
'Collatz.Research.RefinementAtlas.Batch284.data_10_80' does not depend on any axioms
'Collatz.Research.RefinementAtlas.Batch284.gap_10_80' does not depend on any axioms
'Collatz.Research.RefinementAtlas.Batch284.cutoff_10_80' does not depend on any axioms
'Collatz.Research.RefinementAtlas.Batch284.even_endpoint_10_80' depends on axioms: [propext, Quot.sound]
'Collatz.Research.RefinementAtlas.Batch284.odd_endpoint_10_80' depends on axioms: [propext, Quot.sound]
'Collatz.Research.RefinementAtlas.Batch284.even_cutoff_10_80' depends on axioms: [propext, Classical.choice, Quot.sound]
'Collatz.Research.RefinementAtlas.Batch284.odd_cleared_10_80' depends on axioms: [propext, Classical.choice, Quot.sound]
'Collatz.Research.RefinementAtlas.Batch284.data_10_81' does not depend on any axioms
'Collatz.Research.RefinementAtlas.Batch284.gap_10_81' does not depend on any axioms
'Collatz.Research.RefinementAtlas.Batch284.cutoff_10_81' does not depend on any axioms
'Collatz.Research.RefinementAtlas.Batch284.even_endpoint_10_81' depends on axioms: [propext, Quot.sound]
'Collatz.Research.RefinementAtlas.Batch284.odd_endpoint_10_81' depends on axioms: [propext, Quot.sound]
'Collatz.Research.RefinementAtlas.Batch284.even_cutoff_10_81' depends on axioms: [propext, Classical.choice, Quot.sound]
'Collatz.Research.RefinementAtlas.Batch284.odd_cleared_10_81' depends on axioms: [propext, Classical.choice, Quot.sound]
'Collatz.Research.RefinementAtlas.Batch285.data_10_84' does not depend on any axioms
'Collatz.Research.RefinementAtlas.Batch285.gap_10_84' does not depend on any axioms
'Collatz.Research.RefinementAtlas.Batch285.cutoff_10_84' does not depend on any axioms
'Collatz.Research.RefinementAtlas.Batch285.even_endpoint_10_84' depends on axioms: [propext, Quot.sound]
'Collatz.Research.RefinementAtlas.Batch285.odd_endpoint_10_84' depends on axioms: [propext, Quot.sound]
'Collatz.Research.RefinementAtlas.Batch285.even_cutoff_10_84' depends on axioms: [propext, Classical.choice, Quot.sound]
'Collatz.Research.RefinementAtlas.Batch285.odd_cleared_10_84' depends on axioms: [propext, Classical.choice, Quot.sound]
'Collatz.Research.RefinementAtlas.Batch285.data_10_85' does not depend on any axioms
'Collatz.Research.RefinementAtlas.Batch285.gap_10_85' does not depend on any axioms
'Collatz.Research.RefinementAtlas.Batch285.cutoff_10_85' does not depend on any axioms
'Collatz.Research.RefinementAtlas.Batch285.even_endpoint_10_85' depends on axioms: [propext, Quot.sound]
'Collatz.Research.RefinementAtlas.Batch285.odd_endpoint_10_85' depends on axioms: [propext, Quot.sound]
'Collatz.Research.RefinementAtlas.Batch285.even_cutoff_10_85' depends on axioms: [propext, Classical.choice, Quot.sound]
'Collatz.Research.RefinementAtlas.Batch285.odd_cleared_10_85' depends on axioms: [propext, Classical.choice, Quot.sound]
'Collatz.Research.RefinementAtlas.Batch285.data_10_86' does not depend on any axioms
'Collatz.Research.RefinementAtlas.Batch285.gap_10_86' does not depend on any axioms
'Collatz.Research.RefinementAtlas.Batch285.cutoff_10_86' does not depend on any axioms
'Collatz.Research.RefinementAtlas.Batch285.even_endpoint_10_86' depends on axioms: [propext, Quot.sound]
'Collatz.Research.RefinementAtlas.Batch285.odd_endpoint_10_86' depends on axioms: [propext, Quot.sound]
'Collatz.Research.RefinementAtlas.Batch285.even_cutoff_10_86' depends on axioms: [propext, Classical.choice, Quot.sound]
'Collatz.Research.RefinementAtlas.Batch285.odd_cleared_10_86' depends on axioms: [propext, Classical.choice, Quot.sound]
'Collatz.Research.RefinementAtlas.Batch286.data_10_87' does not depend on any axioms
'Collatz.Research.RefinementAtlas.Batch286.gap_10_87' does not depend on any axioms
'Collatz.Research.RefinementAtlas.Batch286.cutoff_10_87' does not depend on any axioms
'Collatz.Research.RefinementAtlas.Batch286.even_endpoint_10_87' depends on axioms: [propext, Quot.sound]
'Collatz.Research.RefinementAtlas.Batch286.odd_endpoint_10_87' depends on axioms: [propext, Quot.sound]
'Collatz.Research.RefinementAtlas.Batch286.even_cutoff_10_87' depends on axioms: [propext, Classical.choice, Quot.sound]
'Collatz.Research.RefinementAtlas.Batch286.odd_cleared_10_87' depends on axioms: [propext, Classical.choice, Quot.sound]
'Collatz.Research.RefinementAtlas.Batch286.data_10_88' does not depend on any axioms
'Collatz.Research.RefinementAtlas.Batch286.gap_10_88' does not depend on any axioms
'Collatz.Research.RefinementAtlas.Batch286.cutoff_10_88' does not depend on any axioms
'Collatz.Research.RefinementAtlas.Batch286.even_endpoint_10_88' depends on axioms: [propext, Quot.sound]
'Collatz.Research.RefinementAtlas.Batch286.odd_endpoint_10_88' depends on axioms: [propext, Quot.sound]
'Collatz.Research.RefinementAtlas.Batch286.even_cutoff_10_88' depends on axioms: [propext, Classical.choice, Quot.sound]
'Collatz.Research.RefinementAtlas.Batch286.odd_cleared_10_88' depends on axioms: [propext, Classical.choice, Quot.sound]
'Collatz.Research.RefinementAtlas.Batch286.data_10_89' does not depend on any axioms
'Collatz.Research.RefinementAtlas.Batch286.gap_10_89' does not depend on any axioms
'Collatz.Research.RefinementAtlas.Batch286.cutoff_10_89' does not depend on any axioms
'Collatz.Research.RefinementAtlas.Batch286.even_endpoint_10_89' depends on axioms: [propext, Quot.sound]
'Collatz.Research.RefinementAtlas.Batch286.odd_endpoint_10_89' depends on axioms: [propext, Quot.sound]
'Collatz.Research.RefinementAtlas.Batch286.even_cutoff_10_89' depends on axioms: [propext, Classical.choice, Quot.sound]
'Collatz.Research.RefinementAtlas.Batch286.odd_cleared_10_89' depends on axioms: [propext, Classical.choice, Quot.sound]
'Collatz.Research.RefinementAtlas.Batch287.data_10_90' does not depend on any axioms
'Collatz.Research.RefinementAtlas.Batch287.gap_10_90' does not depend on any axioms
'Collatz.Research.RefinementAtlas.Batch287.cutoff_10_90' does not depend on any axioms
'Collatz.Research.RefinementAtlas.Batch287.even_endpoint_10_90' depends on axioms: [propext, Quot.sound]
'Collatz.Research.RefinementAtlas.Batch287.odd_endpoint_10_90' depends on axioms: [propext, Quot.sound]
'Collatz.Research.RefinementAtlas.Batch287.even_cutoff_10_90' depends on axioms: [propext, Classical.choice, Quot.sound]
'Collatz.Research.RefinementAtlas.Batch287.odd_cleared_10_90' depends on axioms: [propext, Classical.choice, Quot.sound]
'Collatz.Research.RefinementAtlas.Batch287.data_10_92' does not depend on any axioms
'Collatz.Research.RefinementAtlas.Batch287.gap_10_92' does not depend on any axioms
'Collatz.Research.RefinementAtlas.Batch287.cutoff_10_92' does not depend on any axioms
'Collatz.Research.RefinementAtlas.Batch287.even_endpoint_10_92' depends on axioms: [propext, Quot.sound]
'Collatz.Research.RefinementAtlas.Batch287.odd_endpoint_10_92' depends on axioms: [propext, Quot.sound]
'Collatz.Research.RefinementAtlas.Batch287.even_cutoff_10_92' depends on axioms: [propext, Classical.choice, Quot.sound]
'Collatz.Research.RefinementAtlas.Batch287.odd_cleared_10_92' depends on axioms: [propext, Classical.choice, Quot.sound]
'Collatz.Research.RefinementAtlas.Batch287.data_10_93' does not depend on any axioms
'Collatz.Research.RefinementAtlas.Batch287.gap_10_93' does not depend on any axioms
'Collatz.Research.RefinementAtlas.Batch287.cutoff_10_93' does not depend on any axioms
'Collatz.Research.RefinementAtlas.Batch287.even_endpoint_10_93' depends on axioms: [propext, Quot.sound]
'Collatz.Research.RefinementAtlas.Batch287.odd_endpoint_10_93' depends on axioms: [propext, Quot.sound]
'Collatz.Research.RefinementAtlas.Batch287.even_cutoff_10_93' depends on axioms: [propext, Classical.choice, Quot.sound]
'Collatz.Research.RefinementAtlas.Batch287.odd_cleared_10_93' depends on axioms: [propext, Classical.choice, Quot.sound]
'Collatz.Research.RefinementAtlas.Batch288.data_10_96' does not depend on any axioms
'Collatz.Research.RefinementAtlas.Batch288.gap_10_96' does not depend on any axioms
'Collatz.Research.RefinementAtlas.Batch288.cutoff_10_96' does not depend on any axioms
'Collatz.Research.RefinementAtlas.Batch288.even_endpoint_10_96' depends on axioms: [propext, Quot.sound]
'Collatz.Research.RefinementAtlas.Batch288.odd_endpoint_10_96' depends on axioms: [propext, Quot.sound]
'Collatz.Research.RefinementAtlas.Batch288.even_cutoff_10_96' depends on axioms: [propext, Classical.choice, Quot.sound]
'Collatz.Research.RefinementAtlas.Batch288.odd_cleared_10_96' depends on axioms: [propext, Classical.choice, Quot.sound]
'Collatz.Research.RefinementAtlas.Batch288.data_10_97' does not depend on any axioms
'Collatz.Research.RefinementAtlas.Batch288.gap_10_97' does not depend on any axioms
'Collatz.Research.RefinementAtlas.Batch288.cutoff_10_97' does not depend on any axioms
'Collatz.Research.RefinementAtlas.Batch288.even_endpoint_10_97' depends on axioms: [propext, Quot.sound]
'Collatz.Research.RefinementAtlas.Batch288.odd_endpoint_10_97' depends on axioms: [propext, Quot.sound]
'Collatz.Research.RefinementAtlas.Batch288.even_cutoff_10_97' depends on axioms: [propext, Classical.choice, Quot.sound]
'Collatz.Research.RefinementAtlas.Batch288.odd_cleared_10_97' depends on axioms: [propext, Classical.choice, Quot.sound]
'Collatz.Research.RefinementAtlas.Batch288.data_10_98' does not depend on any axioms
'Collatz.Research.RefinementAtlas.Batch288.gap_10_98' does not depend on any axioms
'Collatz.Research.RefinementAtlas.Batch288.cutoff_10_98' does not depend on any axioms
'Collatz.Research.RefinementAtlas.Batch288.even_endpoint_10_98' depends on axioms: [propext, Quot.sound]
'Collatz.Research.RefinementAtlas.Batch288.odd_endpoint_10_98' depends on axioms: [propext, Quot.sound]
'Collatz.Research.RefinementAtlas.Batch288.even_cutoff_10_98' depends on axioms: [propext, Classical.choice, Quot.sound]
'Collatz.Research.RefinementAtlas.Batch288.odd_cleared_10_98' depends on axioms: [propext, Classical.choice, Quot.sound]
'Collatz.Research.RefinementAtlas.Batch289.data_10_99' does not depend on any axioms
'Collatz.Research.RefinementAtlas.Batch289.gap_10_99' does not depend on any axioms
'Collatz.Research.RefinementAtlas.Batch289.cutoff_10_99' does not depend on any axioms
'Collatz.Research.RefinementAtlas.Batch289.even_endpoint_10_99' depends on axioms: [propext, Quot.sound]
'Collatz.Research.RefinementAtlas.Batch289.odd_endpoint_10_99' depends on axioms: [propext, Quot.sound]
'Collatz.Research.RefinementAtlas.Batch289.even_cutoff_10_99' depends on axioms: [propext, Classical.choice, Quot.sound]
'Collatz.Research.RefinementAtlas.Batch289.odd_cleared_10_99' depends on axioms: [propext, Classical.choice, Quot.sound]
'Collatz.Research.RefinementAtlas.Batch289.data_10_100' does not depend on any axioms
'Collatz.Research.RefinementAtlas.Batch289.gap_10_100' does not depend on any axioms
'Collatz.Research.RefinementAtlas.Batch289.cutoff_10_100' does not depend on any axioms
'Collatz.Research.RefinementAtlas.Batch289.even_endpoint_10_100' depends on axioms: [propext, Quot.sound]
'Collatz.Research.RefinementAtlas.Batch289.odd_endpoint_10_100' depends on axioms: [propext, Quot.sound]
'Collatz.Research.RefinementAtlas.Batch289.even_cutoff_10_100' depends on axioms: [propext,
 Classical.choice,
 Quot.sound]
'Collatz.Research.RefinementAtlas.Batch289.odd_cleared_10_100' depends on axioms: [propext,
 Classical.choice,
 Quot.sound]
'Collatz.Research.RefinementAtlas.Batch289.data_10_101' does not depend on any axioms
'Collatz.Research.RefinementAtlas.Batch289.gap_10_101' does not depend on any axioms
'Collatz.Research.RefinementAtlas.Batch289.cutoff_10_101' does not depend on any axioms
'Collatz.Research.RefinementAtlas.Batch289.even_endpoint_10_101' depends on axioms: [propext, Quot.sound]
'Collatz.Research.RefinementAtlas.Batch289.odd_endpoint_10_101' depends on axioms: [propext, Quot.sound]
'Collatz.Research.RefinementAtlas.Batch289.even_cutoff_10_101' depends on axioms: [propext,
 Classical.choice,
 Quot.sound]
'Collatz.Research.RefinementAtlas.Batch289.odd_cleared_10_101' depends on axioms: [propext,
 Classical.choice,
 Quot.sound]
'Collatz.Research.RefinementAtlas.Batch290.data_10_102' does not depend on any axioms
'Collatz.Research.RefinementAtlas.Batch290.gap_10_102' does not depend on any axioms
'Collatz.Research.RefinementAtlas.Batch290.cutoff_10_102' does not depend on any axioms
'Collatz.Research.RefinementAtlas.Batch290.even_endpoint_10_102' depends on axioms: [propext, Quot.sound]
'Collatz.Research.RefinementAtlas.Batch290.odd_endpoint_10_102' depends on axioms: [propext, Quot.sound]
'Collatz.Research.RefinementAtlas.Batch290.even_cutoff_10_102' depends on axioms: [propext,
 Classical.choice,
 Quot.sound]
'Collatz.Research.RefinementAtlas.Batch290.odd_cleared_10_102' depends on axioms: [propext,
 Classical.choice,
 Quot.sound]
'Collatz.Research.RefinementAtlas.Batch290.data_10_104' does not depend on any axioms
'Collatz.Research.RefinementAtlas.Batch290.gap_10_104' does not depend on any axioms
'Collatz.Research.RefinementAtlas.Batch290.cutoff_10_104' does not depend on any axioms
'Collatz.Research.RefinementAtlas.Batch290.even_endpoint_10_104' depends on axioms: [propext, Quot.sound]
'Collatz.Research.RefinementAtlas.Batch290.odd_endpoint_10_104' depends on axioms: [propext, Quot.sound]
'Collatz.Research.RefinementAtlas.Batch290.even_cutoff_10_104' depends on axioms: [propext,
 Classical.choice,
 Quot.sound]
'Collatz.Research.RefinementAtlas.Batch290.odd_cleared_10_104' depends on axioms: [propext,
 Classical.choice,
 Quot.sound]
'Collatz.Research.RefinementAtlas.Batch290.data_10_105' does not depend on any axioms
'Collatz.Research.RefinementAtlas.Batch290.gap_10_105' does not depend on any axioms
'Collatz.Research.RefinementAtlas.Batch290.cutoff_10_105' does not depend on any axioms
'Collatz.Research.RefinementAtlas.Batch290.even_endpoint_10_105' depends on axioms: [propext, Quot.sound]
'Collatz.Research.RefinementAtlas.Batch290.odd_endpoint_10_105' depends on axioms: [propext, Quot.sound]
'Collatz.Research.RefinementAtlas.Batch290.even_cutoff_10_105' depends on axioms: [propext,
 Classical.choice,
 Quot.sound]
'Collatz.Research.RefinementAtlas.Batch290.odd_cleared_10_105' depends on axioms: [propext,
 Classical.choice,
 Quot.sound]
'Collatz.Research.RefinementAtlas.Batch291.data_10_106' does not depend on any axioms
'Collatz.Research.RefinementAtlas.Batch291.gap_10_106' does not depend on any axioms
'Collatz.Research.RefinementAtlas.Batch291.cutoff_10_106' does not depend on any axioms
'Collatz.Research.RefinementAtlas.Batch291.even_endpoint_10_106' depends on axioms: [propext, Quot.sound]
'Collatz.Research.RefinementAtlas.Batch291.odd_endpoint_10_106' depends on axioms: [propext, Quot.sound]
'Collatz.Research.RefinementAtlas.Batch291.even_cutoff_10_106' depends on axioms: [propext,
 Classical.choice,
 Quot.sound]
'Collatz.Research.RefinementAtlas.Batch291.odd_cleared_10_106' depends on axioms: [propext,
 Classical.choice,
 Quot.sound]
'Collatz.Research.RefinementAtlas.Batch291.data_10_112' does not depend on any axioms
'Collatz.Research.RefinementAtlas.Batch291.gap_10_112' does not depend on any axioms
'Collatz.Research.RefinementAtlas.Batch291.cutoff_10_112' does not depend on any axioms
'Collatz.Research.RefinementAtlas.Batch291.even_endpoint_10_112' depends on axioms: [propext, Quot.sound]
'Collatz.Research.RefinementAtlas.Batch291.odd_endpoint_10_112' depends on axioms: [propext, Quot.sound]
'Collatz.Research.RefinementAtlas.Batch291.even_cutoff_10_112' depends on axioms: [propext,
 Classical.choice,
 Quot.sound]
'Collatz.Research.RefinementAtlas.Batch291.odd_cleared_10_112' depends on axioms: [propext,
 Classical.choice,
 Quot.sound]
'Collatz.Research.RefinementAtlas.Batch291.data_10_113' does not depend on any axioms
'Collatz.Research.RefinementAtlas.Batch291.gap_10_113' does not depend on any axioms
'Collatz.Research.RefinementAtlas.Batch291.cutoff_10_113' does not depend on any axioms
'Collatz.Research.RefinementAtlas.Batch291.even_endpoint_10_113' depends on axioms: [propext, Quot.sound]
'Collatz.Research.RefinementAtlas.Batch291.odd_endpoint_10_113' depends on axioms: [propext, Quot.sound]
'Collatz.Research.RefinementAtlas.Batch291.even_cutoff_10_113' depends on axioms: [propext,
 Classical.choice,
 Quot.sound]
'Collatz.Research.RefinementAtlas.Batch291.odd_cleared_10_113' depends on axioms: [propext,
 Classical.choice,
 Quot.sound]
'Collatz.Research.RefinementAtlas.Batch292.data_10_114' does not depend on any axioms
'Collatz.Research.RefinementAtlas.Batch292.gap_10_114' does not depend on any axioms
'Collatz.Research.RefinementAtlas.Batch292.cutoff_10_114' does not depend on any axioms
'Collatz.Research.RefinementAtlas.Batch292.even_endpoint_10_114' depends on axioms: [propext, Quot.sound]
'Collatz.Research.RefinementAtlas.Batch292.odd_endpoint_10_114' depends on axioms: [propext, Quot.sound]
'Collatz.Research.RefinementAtlas.Batch292.even_cutoff_10_114' depends on axioms: [propext,
 Classical.choice,
 Quot.sound]
'Collatz.Research.RefinementAtlas.Batch292.odd_cleared_10_114' depends on axioms: [propext,
 Classical.choice,
 Quot.sound]
'Collatz.Research.RefinementAtlas.Batch292.data_10_115' does not depend on any axioms
'Collatz.Research.RefinementAtlas.Batch292.gap_10_115' does not depend on any axioms
'Collatz.Research.RefinementAtlas.Batch292.cutoff_10_115' does not depend on any axioms
'Collatz.Research.RefinementAtlas.Batch292.even_endpoint_10_115' depends on axioms: [propext, Quot.sound]
'Collatz.Research.RefinementAtlas.Batch292.odd_endpoint_10_115' depends on axioms: [propext, Quot.sound]
'Collatz.Research.RefinementAtlas.Batch292.even_cutoff_10_115' depends on axioms: [propext,
 Classical.choice,
 Quot.sound]
'Collatz.Research.RefinementAtlas.Batch292.odd_cleared_10_115' depends on axioms: [propext,
 Classical.choice,
 Quot.sound]
'Collatz.Research.RefinementAtlas.Batch292.data_10_116' does not depend on any axioms
'Collatz.Research.RefinementAtlas.Batch292.gap_10_116' does not depend on any axioms
'Collatz.Research.RefinementAtlas.Batch292.cutoff_10_116' does not depend on any axioms
'Collatz.Research.RefinementAtlas.Batch292.even_endpoint_10_116' depends on axioms: [propext, Quot.sound]
'Collatz.Research.RefinementAtlas.Batch292.odd_endpoint_10_116' depends on axioms: [propext, Quot.sound]
'Collatz.Research.RefinementAtlas.Batch292.even_cutoff_10_116' depends on axioms: [propext,
 Classical.choice,
 Quot.sound]
'Collatz.Research.RefinementAtlas.Batch292.odd_cleared_10_116' depends on axioms: [propext,
 Classical.choice,
 Quot.sound]
'Collatz.Research.RefinementAtlas.Batch293.data_10_117' does not depend on any axioms
'Collatz.Research.RefinementAtlas.Batch293.gap_10_117' does not depend on any axioms
'Collatz.Research.RefinementAtlas.Batch293.cutoff_10_117' does not depend on any axioms
'Collatz.Research.RefinementAtlas.Batch293.even_endpoint_10_117' depends on axioms: [propext, Quot.sound]
'Collatz.Research.RefinementAtlas.Batch293.odd_endpoint_10_117' depends on axioms: [propext, Quot.sound]
'Collatz.Research.RefinementAtlas.Batch293.even_cutoff_10_117' depends on axioms: [propext,
 Classical.choice,
 Quot.sound]
'Collatz.Research.RefinementAtlas.Batch293.odd_cleared_10_117' depends on axioms: [propext,
 Classical.choice,
 Quot.sound]
'Collatz.Research.RefinementAtlas.Batch293.data_10_118' does not depend on any axioms
'Collatz.Research.RefinementAtlas.Batch293.gap_10_118' does not depend on any axioms
'Collatz.Research.RefinementAtlas.Batch293.cutoff_10_118' does not depend on any axioms
'Collatz.Research.RefinementAtlas.Batch293.even_endpoint_10_118' depends on axioms: [propext, Quot.sound]
'Collatz.Research.RefinementAtlas.Batch293.odd_endpoint_10_118' depends on axioms: [propext, Quot.sound]
'Collatz.Research.RefinementAtlas.Batch293.even_cutoff_10_118' depends on axioms: [propext,
 Classical.choice,
 Quot.sound]
'Collatz.Research.RefinementAtlas.Batch293.odd_cleared_10_118' depends on axioms: [propext,
 Classical.choice,
 Quot.sound]
'Collatz.Research.RefinementAtlas.Batch293.data_10_119' does not depend on any axioms
'Collatz.Research.RefinementAtlas.Batch293.gap_10_119' does not depend on any axioms
'Collatz.Research.RefinementAtlas.Batch293.cutoff_10_119' does not depend on any axioms
'Collatz.Research.RefinementAtlas.Batch293.even_endpoint_10_119' depends on axioms: [propext, Quot.sound]
'Collatz.Research.RefinementAtlas.Batch293.odd_endpoint_10_119' depends on axioms: [propext, Quot.sound]
'Collatz.Research.RefinementAtlas.Batch293.even_cutoff_10_119' depends on axioms: [propext,
 Classical.choice,
 Quot.sound]
'Collatz.Research.RefinementAtlas.Batch293.odd_cleared_10_119' depends on axioms: [propext,
 Classical.choice,
 Quot.sound]
'Collatz.Research.RefinementAtlas.Batch294.data_10_120' does not depend on any axioms
'Collatz.Research.RefinementAtlas.Batch294.gap_10_120' does not depend on any axioms
'Collatz.Research.RefinementAtlas.Batch294.cutoff_10_120' does not depend on any axioms
'Collatz.Research.RefinementAtlas.Batch294.even_endpoint_10_120' depends on axioms: [propext, Quot.sound]
'Collatz.Research.RefinementAtlas.Batch294.odd_endpoint_10_120' depends on axioms: [propext, Quot.sound]
'Collatz.Research.RefinementAtlas.Batch294.even_cutoff_10_120' depends on axioms: [propext,
 Classical.choice,
 Quot.sound]
'Collatz.Research.RefinementAtlas.Batch294.odd_cleared_10_120' depends on axioms: [propext,
 Classical.choice,
 Quot.sound]
'Collatz.Research.RefinementAtlas.Batch294.data_10_122' does not depend on any axioms
'Collatz.Research.RefinementAtlas.Batch294.gap_10_122' does not depend on any axioms
'Collatz.Research.RefinementAtlas.Batch294.cutoff_10_122' does not depend on any axioms
'Collatz.Research.RefinementAtlas.Batch294.even_endpoint_10_122' depends on axioms: [propext, Quot.sound]
'Collatz.Research.RefinementAtlas.Batch294.odd_endpoint_10_122' depends on axioms: [propext, Quot.sound]
'Collatz.Research.RefinementAtlas.Batch294.even_cutoff_10_122' depends on axioms: [propext,
 Classical.choice,
 Quot.sound]
'Collatz.Research.RefinementAtlas.Batch294.odd_cleared_10_122' depends on axioms: [propext,
 Classical.choice,
 Quot.sound]
'Collatz.Research.RefinementAtlas.Batch294.data_10_123' does not depend on any axioms
'Collatz.Research.RefinementAtlas.Batch294.gap_10_123' does not depend on any axioms
'Collatz.Research.RefinementAtlas.Batch294.cutoff_10_123' does not depend on any axioms
'Collatz.Research.RefinementAtlas.Batch294.even_endpoint_10_123' depends on axioms: [propext, Quot.sound]
'Collatz.Research.RefinementAtlas.Batch294.odd_endpoint_10_123' depends on axioms: [propext, Quot.sound]
'Collatz.Research.RefinementAtlas.Batch294.even_cutoff_10_123' depends on axioms: [propext,
 Classical.choice,
 Quot.sound]
'Collatz.Research.RefinementAtlas.Batch294.odd_cleared_10_123' depends on axioms: [propext,
 Classical.choice,
 Quot.sound]
'Collatz.Research.RefinementAtlas.Batch295.data_10_124' does not depend on any axioms
'Collatz.Research.RefinementAtlas.Batch295.gap_10_124' does not depend on any axioms
'Collatz.Research.RefinementAtlas.Batch295.cutoff_10_124' does not depend on any axioms
'Collatz.Research.RefinementAtlas.Batch295.even_endpoint_10_124' depends on axioms: [propext, Quot.sound]
'Collatz.Research.RefinementAtlas.Batch295.odd_endpoint_10_124' depends on axioms: [propext, Quot.sound]
'Collatz.Research.RefinementAtlas.Batch295.even_cutoff_10_124' depends on axioms: [propext,
 Classical.choice,
 Quot.sound]
'Collatz.Research.RefinementAtlas.Batch295.odd_cleared_10_124' depends on axioms: [propext,
 Classical.choice,
 Quot.sound]
'Collatz.Research.RefinementAtlas.Batch295.data_10_125' does not depend on any axioms
'Collatz.Research.RefinementAtlas.Batch295.gap_10_125' does not depend on any axioms
'Collatz.Research.RefinementAtlas.Batch295.cutoff_10_125' does not depend on any axioms
'Collatz.Research.RefinementAtlas.Batch295.even_endpoint_10_125' depends on axioms: [propext, Quot.sound]
'Collatz.Research.RefinementAtlas.Batch295.odd_endpoint_10_125' depends on axioms: [propext, Quot.sound]
'Collatz.Research.RefinementAtlas.Batch295.even_cutoff_10_125' depends on axioms: [propext,
 Classical.choice,
 Quot.sound]
'Collatz.Research.RefinementAtlas.Batch295.odd_cleared_10_125' depends on axioms: [propext,
 Classical.choice,
 Quot.sound]
'Collatz.Research.RefinementAtlas.Batch295.data_10_126' does not depend on any axioms
'Collatz.Research.RefinementAtlas.Batch295.gap_10_126' does not depend on any axioms
'Collatz.Research.RefinementAtlas.Batch295.cutoff_10_126' does not depend on any axioms
'Collatz.Research.RefinementAtlas.Batch295.even_endpoint_10_126' depends on axioms: [propext, Quot.sound]
'Collatz.Research.RefinementAtlas.Batch295.odd_endpoint_10_126' depends on axioms: [propext, Quot.sound]
'Collatz.Research.RefinementAtlas.Batch295.even_cutoff_10_126' depends on axioms: [propext,
 Classical.choice,
 Quot.sound]
'Collatz.Research.RefinementAtlas.Batch295.odd_cleared_10_126' depends on axioms: [propext,
 Classical.choice,
 Quot.sound]
'Collatz.Research.RefinementAtlas.Batch296.data_10_128' does not depend on any axioms
'Collatz.Research.RefinementAtlas.Batch296.gap_10_128' does not depend on any axioms
'Collatz.Research.RefinementAtlas.Batch296.cutoff_10_128' does not depend on any axioms
'Collatz.Research.RefinementAtlas.Batch296.even_endpoint_10_128' depends on axioms: [propext, Quot.sound]
'Collatz.Research.RefinementAtlas.Batch296.odd_endpoint_10_128' depends on axioms: [propext, Quot.sound]
'Collatz.Research.RefinementAtlas.Batch296.even_cutoff_10_128' depends on axioms: [propext,
 Classical.choice,
 Quot.sound]
'Collatz.Research.RefinementAtlas.Batch296.odd_cleared_10_128' depends on axioms: [propext,
 Classical.choice,
 Quot.sound]
'Collatz.Research.RefinementAtlas.Batch296.data_10_129' does not depend on any axioms
'Collatz.Research.RefinementAtlas.Batch296.gap_10_129' does not depend on any axioms
'Collatz.Research.RefinementAtlas.Batch296.cutoff_10_129' does not depend on any axioms
'Collatz.Research.RefinementAtlas.Batch296.even_endpoint_10_129' depends on axioms: [propext, Quot.sound]
'Collatz.Research.RefinementAtlas.Batch296.odd_endpoint_10_129' depends on axioms: [propext, Quot.sound]
'Collatz.Research.RefinementAtlas.Batch296.even_cutoff_10_129' depends on axioms: [propext,
 Classical.choice,
 Quot.sound]
'Collatz.Research.RefinementAtlas.Batch296.odd_cleared_10_129' depends on axioms: [propext,
 Classical.choice,
 Quot.sound]
'Collatz.Research.RefinementAtlas.Batch296.data_10_130' does not depend on any axioms
'Collatz.Research.RefinementAtlas.Batch296.gap_10_130' does not depend on any axioms
'Collatz.Research.RefinementAtlas.Batch296.cutoff_10_130' does not depend on any axioms
'Collatz.Research.RefinementAtlas.Batch296.even_endpoint_10_130' depends on axioms: [propext, Quot.sound]
'Collatz.Research.RefinementAtlas.Batch296.odd_endpoint_10_130' depends on axioms: [propext, Quot.sound]
'Collatz.Research.RefinementAtlas.Batch296.even_cutoff_10_130' depends on axioms: [propext,
 Classical.choice,
 Quot.sound]
'Collatz.Research.RefinementAtlas.Batch296.odd_cleared_10_130' depends on axioms: [propext,
 Classical.choice,
 Quot.sound]
'Collatz.Research.RefinementAtlas.Batch297.data_10_131' does not depend on any axioms
'Collatz.Research.RefinementAtlas.Batch297.gap_10_131' does not depend on any axioms
'Collatz.Research.RefinementAtlas.Batch297.cutoff_10_131' does not depend on any axioms
'Collatz.Research.RefinementAtlas.Batch297.even_endpoint_10_131' depends on axioms: [propext, Quot.sound]
'Collatz.Research.RefinementAtlas.Batch297.odd_endpoint_10_131' depends on axioms: [propext, Quot.sound]
'Collatz.Research.RefinementAtlas.Batch297.even_cutoff_10_131' depends on axioms: [propext,
 Classical.choice,
 Quot.sound]
'Collatz.Research.RefinementAtlas.Batch297.odd_cleared_10_131' depends on axioms: [propext,
 Classical.choice,
 Quot.sound]
'Collatz.Research.RefinementAtlas.Batch297.data_10_132' does not depend on any axioms
'Collatz.Research.RefinementAtlas.Batch297.gap_10_132' does not depend on any axioms
'Collatz.Research.RefinementAtlas.Batch297.cutoff_10_132' does not depend on any axioms
'Collatz.Research.RefinementAtlas.Batch297.even_endpoint_10_132' depends on axioms: [propext, Quot.sound]
'Collatz.Research.RefinementAtlas.Batch297.odd_endpoint_10_132' depends on axioms: [propext, Quot.sound]
'Collatz.Research.RefinementAtlas.Batch297.even_cutoff_10_132' depends on axioms: [propext,
 Classical.choice,
 Quot.sound]
'Collatz.Research.RefinementAtlas.Batch297.odd_cleared_10_132' depends on axioms: [propext,
 Classical.choice,
 Quot.sound]
'Collatz.Research.RefinementAtlas.Batch297.data_10_133' does not depend on any axioms
'Collatz.Research.RefinementAtlas.Batch297.gap_10_133' does not depend on any axioms
'Collatz.Research.RefinementAtlas.Batch297.cutoff_10_133' does not depend on any axioms
'Collatz.Research.RefinementAtlas.Batch297.even_endpoint_10_133' depends on axioms: [propext, Quot.sound]
'Collatz.Research.RefinementAtlas.Batch297.odd_endpoint_10_133' depends on axioms: [propext, Quot.sound]
'Collatz.Research.RefinementAtlas.Batch297.even_cutoff_10_133' depends on axioms: [propext,
 Classical.choice,
 Quot.sound]
'Collatz.Research.RefinementAtlas.Batch297.odd_cleared_10_133' depends on axioms: [propext,
 Classical.choice,
 Quot.sound]
'Collatz.Research.RefinementAtlas.Batch298.data_10_134' does not depend on any axioms
'Collatz.Research.RefinementAtlas.Batch298.gap_10_134' does not depend on any axioms
'Collatz.Research.RefinementAtlas.Batch298.cutoff_10_134' does not depend on any axioms
'Collatz.Research.RefinementAtlas.Batch298.even_endpoint_10_134' depends on axioms: [propext, Quot.sound]
'Collatz.Research.RefinementAtlas.Batch298.odd_endpoint_10_134' depends on axioms: [propext, Quot.sound]
'Collatz.Research.RefinementAtlas.Batch298.even_cutoff_10_134' depends on axioms: [propext,
 Classical.choice,
 Quot.sound]
'Collatz.Research.RefinementAtlas.Batch298.odd_cleared_10_134' depends on axioms: [propext,
 Classical.choice,
 Quot.sound]
'Collatz.Research.RefinementAtlas.Batch298.data_10_135' does not depend on any axioms
'Collatz.Research.RefinementAtlas.Batch298.gap_10_135' does not depend on any axioms
'Collatz.Research.RefinementAtlas.Batch298.cutoff_10_135' does not depend on any axioms
'Collatz.Research.RefinementAtlas.Batch298.even_endpoint_10_135' depends on axioms: [propext, Quot.sound]
'Collatz.Research.RefinementAtlas.Batch298.odd_endpoint_10_135' depends on axioms: [propext, Quot.sound]
'Collatz.Research.RefinementAtlas.Batch298.even_cutoff_10_135' depends on axioms: [propext,
 Classical.choice,
 Quot.sound]
'Collatz.Research.RefinementAtlas.Batch298.odd_cleared_10_135' depends on axioms: [propext,
 Classical.choice,
 Quot.sound]
'Collatz.Research.RefinementAtlas.Batch298.data_10_136' does not depend on any axioms
'Collatz.Research.RefinementAtlas.Batch298.gap_10_136' does not depend on any axioms
'Collatz.Research.RefinementAtlas.Batch298.cutoff_10_136' does not depend on any axioms
'Collatz.Research.RefinementAtlas.Batch298.even_endpoint_10_136' depends on axioms: [propext, Quot.sound]
'Collatz.Research.RefinementAtlas.Batch298.odd_endpoint_10_136' depends on axioms: [propext, Quot.sound]
'Collatz.Research.RefinementAtlas.Batch298.even_cutoff_10_136' depends on axioms: [propext,
 Classical.choice,
 Quot.sound]
'Collatz.Research.RefinementAtlas.Batch298.odd_cleared_10_136' depends on axioms: [propext,
 Classical.choice,
 Quot.sound]
'Collatz.Research.RefinementAtlas.Batch299.data_10_138' does not depend on any axioms
'Collatz.Research.RefinementAtlas.Batch299.gap_10_138' does not depend on any axioms
'Collatz.Research.RefinementAtlas.Batch299.cutoff_10_138' does not depend on any axioms
'Collatz.Research.RefinementAtlas.Batch299.even_endpoint_10_138' depends on axioms: [propext, Quot.sound]
'Collatz.Research.RefinementAtlas.Batch299.odd_endpoint_10_138' depends on axioms: [propext, Quot.sound]
'Collatz.Research.RefinementAtlas.Batch299.even_cutoff_10_138' depends on axioms: [propext,
 Classical.choice,
 Quot.sound]
'Collatz.Research.RefinementAtlas.Batch299.odd_cleared_10_138' depends on axioms: [propext,
 Classical.choice,
 Quot.sound]
'Collatz.Research.RefinementAtlas.Batch299.data_10_139' does not depend on any axioms
'Collatz.Research.RefinementAtlas.Batch299.gap_10_139' does not depend on any axioms
'Collatz.Research.RefinementAtlas.Batch299.cutoff_10_139' does not depend on any axioms
'Collatz.Research.RefinementAtlas.Batch299.even_endpoint_10_139' depends on axioms: [propext, Quot.sound]
'Collatz.Research.RefinementAtlas.Batch299.odd_endpoint_10_139' depends on axioms: [propext, Quot.sound]
'Collatz.Research.RefinementAtlas.Batch299.even_cutoff_10_139' depends on axioms: [propext,
 Classical.choice,
 Quot.sound]
'Collatz.Research.RefinementAtlas.Batch299.odd_cleared_10_139' depends on axioms: [propext,
 Classical.choice,
 Quot.sound]
'Collatz.Research.RefinementAtlas.Batch299.data_10_140' does not depend on any axioms
'Collatz.Research.RefinementAtlas.Batch299.gap_10_140' does not depend on any axioms
'Collatz.Research.RefinementAtlas.Batch299.cutoff_10_140' does not depend on any axioms
'Collatz.Research.RefinementAtlas.Batch299.even_endpoint_10_140' depends on axioms: [propext, Quot.sound]
'Collatz.Research.RefinementAtlas.Batch299.odd_endpoint_10_140' depends on axioms: [propext, Quot.sound]
'Collatz.Research.RefinementAtlas.Batch299.even_cutoff_10_140' depends on axioms: [propext,
 Classical.choice,
 Quot.sound]
'Collatz.Research.RefinementAtlas.Batch299.odd_cleared_10_140' depends on axioms: [propext,
 Classical.choice,
 Quot.sound]
'Collatz.Research.RefinementAtlas.Batch300.data_10_141' does not depend on any axioms
'Collatz.Research.RefinementAtlas.Batch300.gap_10_141' does not depend on any axioms
'Collatz.Research.RefinementAtlas.Batch300.cutoff_10_141' does not depend on any axioms
'Collatz.Research.RefinementAtlas.Batch300.even_endpoint_10_141' depends on axioms: [propext, Quot.sound]
'Collatz.Research.RefinementAtlas.Batch300.odd_endpoint_10_141' depends on axioms: [propext, Quot.sound]
'Collatz.Research.RefinementAtlas.Batch300.even_cutoff_10_141' depends on axioms: [propext,
 Classical.choice,
 Quot.sound]
'Collatz.Research.RefinementAtlas.Batch300.odd_cleared_10_141' depends on axioms: [propext,
 Classical.choice,
 Quot.sound]
'Collatz.Research.RefinementAtlas.Batch300.data_10_142' does not depend on any axioms
'Collatz.Research.RefinementAtlas.Batch300.gap_10_142' does not depend on any axioms
'Collatz.Research.RefinementAtlas.Batch300.cutoff_10_142' does not depend on any axioms
'Collatz.Research.RefinementAtlas.Batch300.even_endpoint_10_142' depends on axioms: [propext, Quot.sound]
'Collatz.Research.RefinementAtlas.Batch300.odd_endpoint_10_142' depends on axioms: [propext, Quot.sound]
'Collatz.Research.RefinementAtlas.Batch300.even_cutoff_10_142' depends on axioms: [propext,
 Classical.choice,
 Quot.sound]
'Collatz.Research.RefinementAtlas.Batch300.odd_cleared_10_142' depends on axioms: [propext,
 Classical.choice,
 Quot.sound]
'Collatz.Research.RefinementAtlas.Batch300.data_10_143' does not depend on any axioms
'Collatz.Research.RefinementAtlas.Batch300.gap_10_143' does not depend on any axioms
'Collatz.Research.RefinementAtlas.Batch300.cutoff_10_143' does not depend on any axioms
'Collatz.Research.RefinementAtlas.Batch300.even_endpoint_10_143' depends on axioms: [propext, Quot.sound]
'Collatz.Research.RefinementAtlas.Batch300.odd_endpoint_10_143' depends on axioms: [propext, Quot.sound]
'Collatz.Research.RefinementAtlas.Batch300.even_cutoff_10_143' depends on axioms: [propext,
 Classical.choice,
 Quot.sound]
'Collatz.Research.RefinementAtlas.Batch300.odd_cleared_10_143' depends on axioms: [propext,
 Classical.choice,
 Quot.sound]
'Collatz.Research.RefinementAtlas.refined_descent_iff' depends on axioms: [propext, Classical.choice, Quot.sound]
'Collatz.Research.RefinementAtlas.refinement_cleared' depends on axioms: [propext, Classical.choice, Quot.sound]
'Collatz.Research.RefinementAtlas.refinement_exception' depends on axioms: [propext, Classical.choice, Quot.sound]
'Collatz.Research.RefinementAtlas.nonzero_digit_clears' depends on axioms: [propext, Classical.choice, Quot.sound]
'Collatz.Research.RefinementAtlas.zero_digit_unit_cutoff' depends on axioms: [propext, Classical.choice, Quot.sound]
'Collatz.Research.RefinementAtlas.refinement_monotone' depends on axioms: [propext, Classical.choice, Quot.sound]
'Collatz.Research.RefinementAtlas.cutoff_histogram' depends on axioms: [propext, Classical.choice, Quot.sound]
'Collatz.Research.RefinementAtlas.cutoff_quotient_remainder' depends on axioms: [propext, Classical.choice, Quot.sound]
'Collatz.Research.RefinementAtlas.cutoff_balance' depends on axioms: [propext, Classical.choice, Quot.sound]
'Collatz.Research.RefinementAtlas.exceptionMass_partial' depends on axioms: [propext, Classical.choice, Quot.sound]
'Collatz.Research.RefinementAtlas.exceptionMass_conserved' depends on axioms: [propext, Classical.choice, Quot.sound]
'Collatz.Research.RefinementAtlas.refined_failure_iff' depends on axioms: [propext, Classical.choice, Quot.sound]
'Collatz.Research.RefinementAtlas.exception_index_partition' depends on axioms: [propext, Classical.choice, Quot.sound]
'Collatz.Research.RefinementAtlas.class_exception_conservation' depends on axioms: [propext,
 Classical.choice,
 Quot.sound]
'Collatz.Research.RefinementAtlas.cutoff_transport' depends on axioms: [propext, Classical.choice, Quot.sound]
'Collatz.Research.RefinementAtlas.descent_iff_refinedCutoff' depends on axioms: [propext, Classical.choice, Quot.sound]
'Collatz.Research.RefinementAtlas.refinedCutoff_zero_iff' depends on axioms: [propext, Classical.choice, Quot.sound]
'Collatz.Research.RefinementAtlas.refinement_composition' depends on axioms: [propext, Classical.choice, Quot.sound]
'Collatz.Research.RefinementAtlas.refinedCutoff_composition' depends on axioms: [propext, Classical.choice, Quot.sound]
