'Collatz.Research.DescentIntervals.contains_all' depends on axioms: [propext]
'Collatz.Research.DescentIntervals.not_contains_empty' depends on axioms: [propext]
'Collatz.Research.DescentIntervals.contains_intersect' depends on axioms: [propext, Classical.choice, Quot.sound]
'Collatz.Research.DescentIntervals.increasing_gap_iff' depends on axioms: [propext, Classical.choice, Quot.sound]
'Collatz.Research.DescentIntervals.decreasing_gap_iff' depends on axioms: [propext, Classical.choice, Quot.sound]
'Collatz.Research.DescentIntervals.solveLE_spec' depends on axioms: [propext, Classical.choice, Quot.sound]
'Collatz.Research.DescentIntervals.intersectMany_spec' depends on axioms: [propext, Classical.choice, Quot.sound]
'Collatz.Research.DescentIntervals.membershipB_spec' depends on axioms: [propext]
'Collatz.Research.DescentIntervals.Batch001.bounds_1_0' does not depend on any axioms
'Collatz.Research.DescentIntervals.Batch001.exact_1_0' depends on axioms: [propext, Classical.choice, Quot.sound]
'Collatz.Research.DescentIntervals.Batch001.data_1_0' does not depend on any axioms
'Collatz.Research.DescentIntervals.Batch001.endpoint_1_0' depends on axioms: [propext, Quot.sound]
'Collatz.Research.DescentIntervals.Batch001.bounds_1_1' does not depend on any axioms
'Collatz.Research.DescentIntervals.Batch001.exact_1_1' depends on axioms: [propext, Classical.choice, Quot.sound]
'Collatz.Research.DescentIntervals.Batch001.data_1_1' does not depend on any axioms
'Collatz.Research.DescentIntervals.Batch001.endpoint_1_1' depends on axioms: [propext, Quot.sound]
'Collatz.Research.DescentIntervals.Batch001.bounds_2_0' does not depend on any axioms
'Collatz.Research.DescentIntervals.Batch001.exact_2_0' depends on axioms: [propext, Classical.choice, Quot.sound]
'Collatz.Research.DescentIntervals.Batch001.data_2_0' does not depend on any axioms
'Collatz.Research.DescentIntervals.Batch001.endpoint_2_0' depends on axioms: [propext, Quot.sound]
'Collatz.Research.DescentIntervals.Batch001.bounds_2_1' does not depend on any axioms
'Collatz.Research.DescentIntervals.Batch001.exact_2_1' depends on axioms: [propext, Classical.choice, Quot.sound]
'Collatz.Research.DescentIntervals.Batch001.data_2_1' does not depend on any axioms
'Collatz.Research.DescentIntervals.Batch001.endpoint_2_1' depends on axioms: [propext, Quot.sound]
'Collatz.Research.DescentIntervals.Batch001.bounds_2_2' does not depend on any axioms
'Collatz.Research.DescentIntervals.Batch001.exact_2_2' depends on axioms: [propext, Classical.choice, Quot.sound]
'Collatz.Research.DescentIntervals.Batch001.data_2_2' does not depend on any axioms
'Collatz.Research.DescentIntervals.Batch001.endpoint_2_2' depends on axioms: [propext, Quot.sound]
'Collatz.Research.DescentIntervals.Batch001.bounds_2_3' does not depend on any axioms
'Collatz.Research.DescentIntervals.Batch001.exact_2_3' depends on axioms: [propext, Classical.choice, Quot.sound]
'Collatz.Research.DescentIntervals.Batch001.data_2_3' does not depend on any axioms
'Collatz.Research.DescentIntervals.Batch001.endpoint_2_3' depends on axioms: [propext, Quot.sound]
'Collatz.Research.DescentIntervals.Batch001.bounds_3_0' does not depend on any axioms
'Collatz.Research.DescentIntervals.Batch001.exact_3_0' depends on axioms: [propext, Classical.choice, Quot.sound]
'Collatz.Research.DescentIntervals.Batch001.data_3_0' does not depend on any axioms
'Collatz.Research.DescentIntervals.Batch001.endpoint_3_0' depends on axioms: [propext, Quot.sound]
'Collatz.Research.DescentIntervals.Batch001.bounds_3_1' does not depend on any axioms
'Collatz.Research.DescentIntervals.Batch001.exact_3_1' depends on axioms: [propext, Classical.choice, Quot.sound]
'Collatz.Research.DescentIntervals.Batch001.data_3_1' does not depend on any axioms
'Collatz.Research.DescentIntervals.Batch001.endpoint_3_1' depends on axioms: [propext, Quot.sound]
'Collatz.Research.DescentIntervals.Batch001.bounds_3_2' does not depend on any axioms
'Collatz.Research.DescentIntervals.Batch001.exact_3_2' depends on axioms: [propext, Classical.choice, Quot.sound]
'Collatz.Research.DescentIntervals.Batch001.data_3_2' does not depend on any axioms
'Collatz.Research.DescentIntervals.Batch001.endpoint_3_2' depends on axioms: [propext, Quot.sound]
'Collatz.Research.DescentIntervals.Batch001.bounds_3_3' does not depend on any axioms
'Collatz.Research.DescentIntervals.Batch001.exact_3_3' depends on axioms: [propext, Classical.choice, Quot.sound]
'Collatz.Research.DescentIntervals.Batch001.data_3_3' does not depend on any axioms
'Collatz.Research.DescentIntervals.Batch001.endpoint_3_3' depends on axioms: [propext, Quot.sound]
'Collatz.Research.DescentIntervals.Batch002.bounds_3_4' does not depend on any axioms
'Collatz.Research.DescentIntervals.Batch002.exact_3_4' depends on axioms: [propext, Classical.choice, Quot.sound]
'Collatz.Research.DescentIntervals.Batch002.data_3_4' does not depend on any axioms
'Collatz.Research.DescentIntervals.Batch002.endpoint_3_4' depends on axioms: [propext, Quot.sound]
'Collatz.Research.DescentIntervals.Batch002.bounds_3_5' does not depend on any axioms
'Collatz.Research.DescentIntervals.Batch002.exact_3_5' depends on axioms: [propext, Classical.choice, Quot.sound]
'Collatz.Research.DescentIntervals.Batch002.data_3_5' does not depend on any axioms
'Collatz.Research.DescentIntervals.Batch002.endpoint_3_5' depends on axioms: [propext, Quot.sound]
'Collatz.Research.DescentIntervals.Batch002.bounds_3_6' does not depend on any axioms
'Collatz.Research.DescentIntervals.Batch002.exact_3_6' depends on axioms: [propext, Classical.choice, Quot.sound]
'Collatz.Research.DescentIntervals.Batch002.data_3_6' does not depend on any axioms
'Collatz.Research.DescentIntervals.Batch002.endpoint_3_6' depends on axioms: [propext, Quot.sound]
'Collatz.Research.DescentIntervals.Batch002.bounds_3_7' does not depend on any axioms
'Collatz.Research.DescentIntervals.Batch002.exact_3_7' depends on axioms: [propext, Classical.choice, Quot.sound]
'Collatz.Research.DescentIntervals.Batch002.data_3_7' does not depend on any axioms
'Collatz.Research.DescentIntervals.Batch002.endpoint_3_7' depends on axioms: [propext, Quot.sound]
'Collatz.Research.DescentIntervals.Batch002.bounds_4_0' does not depend on any axioms
'Collatz.Research.DescentIntervals.Batch002.exact_4_0' depends on axioms: [propext, Classical.choice, Quot.sound]
'Collatz.Research.DescentIntervals.Batch002.data_4_0' does not depend on any axioms
'Collatz.Research.DescentIntervals.Batch002.endpoint_4_0' depends on axioms: [propext, Quot.sound]
'Collatz.Research.DescentIntervals.Batch002.bounds_4_1' does not depend on any axioms
'Collatz.Research.DescentIntervals.Batch002.exact_4_1' depends on axioms: [propext, Classical.choice, Quot.sound]
'Collatz.Research.DescentIntervals.Batch002.data_4_1' does not depend on any axioms
'Collatz.Research.DescentIntervals.Batch002.endpoint_4_1' depends on axioms: [propext, Quot.sound]
'Collatz.Research.DescentIntervals.Batch002.bounds_4_2' does not depend on any axioms
'Collatz.Research.DescentIntervals.Batch002.exact_4_2' depends on axioms: [propext, Classical.choice, Quot.sound]
'Collatz.Research.DescentIntervals.Batch002.data_4_2' does not depend on any axioms
'Collatz.Research.DescentIntervals.Batch002.endpoint_4_2' depends on axioms: [propext, Quot.sound]
'Collatz.Research.DescentIntervals.Batch002.bounds_4_3' does not depend on any axioms
'Collatz.Research.DescentIntervals.Batch002.exact_4_3' depends on axioms: [propext, Classical.choice, Quot.sound]
'Collatz.Research.DescentIntervals.Batch002.data_4_3' does not depend on any axioms
'Collatz.Research.DescentIntervals.Batch002.endpoint_4_3' depends on axioms: [propext, Quot.sound]
'Collatz.Research.DescentIntervals.Batch002.bounds_4_4' does not depend on any axioms
'Collatz.Research.DescentIntervals.Batch002.exact_4_4' depends on axioms: [propext, Classical.choice, Quot.sound]
'Collatz.Research.DescentIntervals.Batch002.data_4_4' does not depend on any axioms
'Collatz.Research.DescentIntervals.Batch002.endpoint_4_4' depends on axioms: [propext, Quot.sound]
'Collatz.Research.DescentIntervals.Batch002.bounds_4_5' does not depend on any axioms
'Collatz.Research.DescentIntervals.Batch002.exact_4_5' depends on axioms: [propext, Classical.choice, Quot.sound]
'Collatz.Research.DescentIntervals.Batch002.data_4_5' does not depend on any axioms
'Collatz.Research.DescentIntervals.Batch002.endpoint_4_5' depends on axioms: [propext, Quot.sound]
'Collatz.Research.DescentIntervals.Batch003.bounds_4_6' does not depend on any axioms
'Collatz.Research.DescentIntervals.Batch003.exact_4_6' depends on axioms: [propext, Classical.choice, Quot.sound]
'Collatz.Research.DescentIntervals.Batch003.data_4_6' does not depend on any axioms
'Collatz.Research.DescentIntervals.Batch003.endpoint_4_6' depends on axioms: [propext, Quot.sound]
'Collatz.Research.DescentIntervals.Batch003.bounds_4_7' does not depend on any axioms
'Collatz.Research.DescentIntervals.Batch003.exact_4_7' depends on axioms: [propext, Classical.choice, Quot.sound]
'Collatz.Research.DescentIntervals.Batch003.data_4_7' does not depend on any axioms
'Collatz.Research.DescentIntervals.Batch003.endpoint_4_7' depends on axioms: [propext, Quot.sound]
'Collatz.Research.DescentIntervals.Batch003.bounds_4_8' does not depend on any axioms
'Collatz.Research.DescentIntervals.Batch003.exact_4_8' depends on axioms: [propext, Classical.choice, Quot.sound]
'Collatz.Research.DescentIntervals.Batch003.data_4_8' does not depend on any axioms
'Collatz.Research.DescentIntervals.Batch003.endpoint_4_8' depends on axioms: [propext, Quot.sound]
'Collatz.Research.DescentIntervals.Batch003.bounds_4_9' does not depend on any axioms
'Collatz.Research.DescentIntervals.Batch003.exact_4_9' depends on axioms: [propext, Classical.choice, Quot.sound]
'Collatz.Research.DescentIntervals.Batch003.data_4_9' does not depend on any axioms
'Collatz.Research.DescentIntervals.Batch003.endpoint_4_9' depends on axioms: [propext, Quot.sound]
'Collatz.Research.DescentIntervals.Batch003.bounds_4_10' does not depend on any axioms
'Collatz.Research.DescentIntervals.Batch003.exact_4_10' depends on axioms: [propext, Classical.choice, Quot.sound]
'Collatz.Research.DescentIntervals.Batch003.data_4_10' does not depend on any axioms
'Collatz.Research.DescentIntervals.Batch003.endpoint_4_10' depends on axioms: [propext, Quot.sound]
'Collatz.Research.DescentIntervals.Batch003.bounds_4_11' does not depend on any axioms
'Collatz.Research.DescentIntervals.Batch003.exact_4_11' depends on axioms: [propext, Classical.choice, Quot.sound]
'Collatz.Research.DescentIntervals.Batch003.data_4_11' does not depend on any axioms
'Collatz.Research.DescentIntervals.Batch003.endpoint_4_11' depends on axioms: [propext, Quot.sound]
'Collatz.Research.DescentIntervals.Batch003.bounds_4_12' does not depend on any axioms
'Collatz.Research.DescentIntervals.Batch003.exact_4_12' depends on axioms: [propext, Classical.choice, Quot.sound]
'Collatz.Research.DescentIntervals.Batch003.data_4_12' does not depend on any axioms
'Collatz.Research.DescentIntervals.Batch003.endpoint_4_12' depends on axioms: [propext, Quot.sound]
'Collatz.Research.DescentIntervals.Batch003.bounds_4_13' does not depend on any axioms
'Collatz.Research.DescentIntervals.Batch003.exact_4_13' depends on axioms: [propext, Classical.choice, Quot.sound]
'Collatz.Research.DescentIntervals.Batch003.data_4_13' does not depend on any axioms
'Collatz.Research.DescentIntervals.Batch003.endpoint_4_13' depends on axioms: [propext, Quot.sound]
'Collatz.Research.DescentIntervals.Batch003.bounds_4_14' does not depend on any axioms
'Collatz.Research.DescentIntervals.Batch003.exact_4_14' depends on axioms: [propext, Classical.choice, Quot.sound]
'Collatz.Research.DescentIntervals.Batch003.data_4_14' does not depend on any axioms
'Collatz.Research.DescentIntervals.Batch003.endpoint_4_14' depends on axioms: [propext, Quot.sound]
'Collatz.Research.DescentIntervals.Batch003.bounds_4_15' does not depend on any axioms
'Collatz.Research.DescentIntervals.Batch003.exact_4_15' depends on axioms: [propext, Classical.choice, Quot.sound]
'Collatz.Research.DescentIntervals.Batch003.data_4_15' does not depend on any axioms
'Collatz.Research.DescentIntervals.Batch003.endpoint_4_15' depends on axioms: [propext, Quot.sound]
'Collatz.Research.DescentIntervals.Batch004.bounds_5_0' does not depend on any axioms
'Collatz.Research.DescentIntervals.Batch004.exact_5_0' depends on axioms: [propext, Classical.choice, Quot.sound]
'Collatz.Research.DescentIntervals.Batch004.data_5_0' does not depend on any axioms
'Collatz.Research.DescentIntervals.Batch004.endpoint_5_0' depends on axioms: [propext, Quot.sound]
'Collatz.Research.DescentIntervals.Batch004.bounds_5_1' does not depend on any axioms
'Collatz.Research.DescentIntervals.Batch004.exact_5_1' depends on axioms: [propext, Classical.choice, Quot.sound]
'Collatz.Research.DescentIntervals.Batch004.data_5_1' does not depend on any axioms
'Collatz.Research.DescentIntervals.Batch004.endpoint_5_1' depends on axioms: [propext, Quot.sound]
'Collatz.Research.DescentIntervals.Batch004.bounds_5_2' does not depend on any axioms
'Collatz.Research.DescentIntervals.Batch004.exact_5_2' depends on axioms: [propext, Classical.choice, Quot.sound]
'Collatz.Research.DescentIntervals.Batch004.data_5_2' does not depend on any axioms
'Collatz.Research.DescentIntervals.Batch004.endpoint_5_2' depends on axioms: [propext, Quot.sound]
'Collatz.Research.DescentIntervals.Batch004.bounds_5_3' does not depend on any axioms
'Collatz.Research.DescentIntervals.Batch004.exact_5_3' depends on axioms: [propext, Classical.choice, Quot.sound]
'Collatz.Research.DescentIntervals.Batch004.data_5_3' does not depend on any axioms
'Collatz.Research.DescentIntervals.Batch004.endpoint_5_3' depends on axioms: [propext, Quot.sound]
'Collatz.Research.DescentIntervals.Batch004.bounds_5_4' does not depend on any axioms
'Collatz.Research.DescentIntervals.Batch004.exact_5_4' depends on axioms: [propext, Classical.choice, Quot.sound]
'Collatz.Research.DescentIntervals.Batch004.data_5_4' does not depend on any axioms
'Collatz.Research.DescentIntervals.Batch004.endpoint_5_4' depends on axioms: [propext, Quot.sound]
'Collatz.Research.DescentIntervals.Batch004.bounds_5_5' does not depend on any axioms
'Collatz.Research.DescentIntervals.Batch004.exact_5_5' depends on axioms: [propext, Classical.choice, Quot.sound]
'Collatz.Research.DescentIntervals.Batch004.data_5_5' does not depend on any axioms
'Collatz.Research.DescentIntervals.Batch004.endpoint_5_5' depends on axioms: [propext, Quot.sound]
'Collatz.Research.DescentIntervals.Batch004.bounds_5_6' does not depend on any axioms
'Collatz.Research.DescentIntervals.Batch004.exact_5_6' depends on axioms: [propext, Classical.choice, Quot.sound]
'Collatz.Research.DescentIntervals.Batch004.data_5_6' does not depend on any axioms
'Collatz.Research.DescentIntervals.Batch004.endpoint_5_6' depends on axioms: [propext, Quot.sound]
'Collatz.Research.DescentIntervals.Batch004.bounds_5_7' does not depend on any axioms
'Collatz.Research.DescentIntervals.Batch004.exact_5_7' depends on axioms: [propext, Classical.choice, Quot.sound]
'Collatz.Research.DescentIntervals.Batch004.data_5_7' does not depend on any axioms
'Collatz.Research.DescentIntervals.Batch004.endpoint_5_7' depends on axioms: [propext, Quot.sound]
'Collatz.Research.DescentIntervals.Batch004.bounds_5_8' does not depend on any axioms
'Collatz.Research.DescentIntervals.Batch004.exact_5_8' depends on axioms: [propext, Classical.choice, Quot.sound]
'Collatz.Research.DescentIntervals.Batch004.data_5_8' does not depend on any axioms
'Collatz.Research.DescentIntervals.Batch004.endpoint_5_8' depends on axioms: [propext, Quot.sound]
'Collatz.Research.DescentIntervals.Batch004.bounds_5_9' does not depend on any axioms
'Collatz.Research.DescentIntervals.Batch004.exact_5_9' depends on axioms: [propext, Classical.choice, Quot.sound]
'Collatz.Research.DescentIntervals.Batch004.data_5_9' does not depend on any axioms
'Collatz.Research.DescentIntervals.Batch004.endpoint_5_9' depends on axioms: [propext, Quot.sound]
'Collatz.Research.DescentIntervals.Batch005.bounds_5_10' does not depend on any axioms
'Collatz.Research.DescentIntervals.Batch005.exact_5_10' depends on axioms: [propext, Classical.choice, Quot.sound]
'Collatz.Research.DescentIntervals.Batch005.data_5_10' does not depend on any axioms
'Collatz.Research.DescentIntervals.Batch005.endpoint_5_10' depends on axioms: [propext, Quot.sound]
'Collatz.Research.DescentIntervals.Batch005.bounds_5_11' does not depend on any axioms
'Collatz.Research.DescentIntervals.Batch005.exact_5_11' depends on axioms: [propext, Classical.choice, Quot.sound]
'Collatz.Research.DescentIntervals.Batch005.data_5_11' does not depend on any axioms
'Collatz.Research.DescentIntervals.Batch005.endpoint_5_11' depends on axioms: [propext, Quot.sound]
'Collatz.Research.DescentIntervals.Batch005.bounds_5_12' does not depend on any axioms
'Collatz.Research.DescentIntervals.Batch005.exact_5_12' depends on axioms: [propext, Classical.choice, Quot.sound]
'Collatz.Research.DescentIntervals.Batch005.data_5_12' does not depend on any axioms
'Collatz.Research.DescentIntervals.Batch005.endpoint_5_12' depends on axioms: [propext, Quot.sound]
'Collatz.Research.DescentIntervals.Batch005.bounds_5_13' does not depend on any axioms
'Collatz.Research.DescentIntervals.Batch005.exact_5_13' depends on axioms: [propext, Classical.choice, Quot.sound]
'Collatz.Research.DescentIntervals.Batch005.data_5_13' does not depend on any axioms
'Collatz.Research.DescentIntervals.Batch005.endpoint_5_13' depends on axioms: [propext, Quot.sound]
'Collatz.Research.DescentIntervals.Batch005.bounds_5_14' does not depend on any axioms
'Collatz.Research.DescentIntervals.Batch005.exact_5_14' depends on axioms: [propext, Classical.choice, Quot.sound]
'Collatz.Research.DescentIntervals.Batch005.data_5_14' does not depend on any axioms
'Collatz.Research.DescentIntervals.Batch005.endpoint_5_14' depends on axioms: [propext, Quot.sound]
'Collatz.Research.DescentIntervals.Batch005.bounds_5_15' does not depend on any axioms
'Collatz.Research.DescentIntervals.Batch005.exact_5_15' depends on axioms: [propext, Classical.choice, Quot.sound]
'Collatz.Research.DescentIntervals.Batch005.data_5_15' does not depend on any axioms
'Collatz.Research.DescentIntervals.Batch005.endpoint_5_15' depends on axioms: [propext, Quot.sound]
'Collatz.Research.DescentIntervals.Batch005.bounds_5_16' does not depend on any axioms
'Collatz.Research.DescentIntervals.Batch005.exact_5_16' depends on axioms: [propext, Classical.choice, Quot.sound]
'Collatz.Research.DescentIntervals.Batch005.data_5_16' does not depend on any axioms
'Collatz.Research.DescentIntervals.Batch005.endpoint_5_16' depends on axioms: [propext, Quot.sound]
'Collatz.Research.DescentIntervals.Batch005.bounds_5_17' does not depend on any axioms
'Collatz.Research.DescentIntervals.Batch005.exact_5_17' depends on axioms: [propext, Classical.choice, Quot.sound]
'Collatz.Research.DescentIntervals.Batch005.data_5_17' does not depend on any axioms
'Collatz.Research.DescentIntervals.Batch005.endpoint_5_17' depends on axioms: [propext, Quot.sound]
'Collatz.Research.DescentIntervals.Batch005.bounds_5_18' does not depend on any axioms
'Collatz.Research.DescentIntervals.Batch005.exact_5_18' depends on axioms: [propext, Classical.choice, Quot.sound]
'Collatz.Research.DescentIntervals.Batch005.data_5_18' does not depend on any axioms
'Collatz.Research.DescentIntervals.Batch005.endpoint_5_18' depends on axioms: [propext, Quot.sound]
'Collatz.Research.DescentIntervals.Batch005.bounds_5_19' does not depend on any axioms
'Collatz.Research.DescentIntervals.Batch005.exact_5_19' depends on axioms: [propext, Classical.choice, Quot.sound]
'Collatz.Research.DescentIntervals.Batch005.data_5_19' does not depend on any axioms
'Collatz.Research.DescentIntervals.Batch005.endpoint_5_19' depends on axioms: [propext, Quot.sound]
'Collatz.Research.DescentIntervals.Batch005.bounds_5_20' does not depend on any axioms
'Collatz.Research.DescentIntervals.Batch005.exact_5_20' depends on axioms: [propext, Classical.choice, Quot.sound]
'Collatz.Research.DescentIntervals.Batch005.data_5_20' does not depend on any axioms
'Collatz.Research.DescentIntervals.Batch005.endpoint_5_20' depends on axioms: [propext, Quot.sound]
'Collatz.Research.DescentIntervals.Batch006.bounds_5_21' does not depend on any axioms
'Collatz.Research.DescentIntervals.Batch006.exact_5_21' depends on axioms: [propext, Classical.choice, Quot.sound]
'Collatz.Research.DescentIntervals.Batch006.data_5_21' does not depend on any axioms
'Collatz.Research.DescentIntervals.Batch006.endpoint_5_21' depends on axioms: [propext, Quot.sound]
'Collatz.Research.DescentIntervals.Batch006.bounds_5_22' does not depend on any axioms
'Collatz.Research.DescentIntervals.Batch006.exact_5_22' depends on axioms: [propext, Classical.choice, Quot.sound]
'Collatz.Research.DescentIntervals.Batch006.data_5_22' does not depend on any axioms
'Collatz.Research.DescentIntervals.Batch006.endpoint_5_22' depends on axioms: [propext, Quot.sound]
'Collatz.Research.DescentIntervals.Batch006.bounds_5_23' does not depend on any axioms
'Collatz.Research.DescentIntervals.Batch006.exact_5_23' depends on axioms: [propext, Classical.choice, Quot.sound]
'Collatz.Research.DescentIntervals.Batch006.data_5_23' does not depend on any axioms
'Collatz.Research.DescentIntervals.Batch006.endpoint_5_23' depends on axioms: [propext, Quot.sound]
'Collatz.Research.DescentIntervals.Batch006.bounds_5_24' does not depend on any axioms
'Collatz.Research.DescentIntervals.Batch006.exact_5_24' depends on axioms: [propext, Classical.choice, Quot.sound]
'Collatz.Research.DescentIntervals.Batch006.data_5_24' does not depend on any axioms
'Collatz.Research.DescentIntervals.Batch006.endpoint_5_24' depends on axioms: [propext, Quot.sound]
'Collatz.Research.DescentIntervals.Batch006.bounds_5_25' does not depend on any axioms
'Collatz.Research.DescentIntervals.Batch006.exact_5_25' depends on axioms: [propext, Classical.choice, Quot.sound]
'Collatz.Research.DescentIntervals.Batch006.data_5_25' does not depend on any axioms
'Collatz.Research.DescentIntervals.Batch006.endpoint_5_25' depends on axioms: [propext, Quot.sound]
'Collatz.Research.DescentIntervals.Batch006.bounds_5_26' does not depend on any axioms
'Collatz.Research.DescentIntervals.Batch006.exact_5_26' depends on axioms: [propext, Classical.choice, Quot.sound]
'Collatz.Research.DescentIntervals.Batch006.data_5_26' does not depend on any axioms
'Collatz.Research.DescentIntervals.Batch006.endpoint_5_26' depends on axioms: [propext, Quot.sound]
'Collatz.Research.DescentIntervals.Batch006.bounds_5_27' does not depend on any axioms
'Collatz.Research.DescentIntervals.Batch006.exact_5_27' depends on axioms: [propext, Classical.choice, Quot.sound]
'Collatz.Research.DescentIntervals.Batch006.data_5_27' does not depend on any axioms
'Collatz.Research.DescentIntervals.Batch006.endpoint_5_27' depends on axioms: [propext, Quot.sound]
'Collatz.Research.DescentIntervals.Batch006.bounds_5_28' does not depend on any axioms
'Collatz.Research.DescentIntervals.Batch006.exact_5_28' depends on axioms: [propext, Classical.choice, Quot.sound]
'Collatz.Research.DescentIntervals.Batch006.data_5_28' does not depend on any axioms
'Collatz.Research.DescentIntervals.Batch006.endpoint_5_28' depends on axioms: [propext, Quot.sound]
'Collatz.Research.DescentIntervals.Batch006.bounds_5_29' does not depend on any axioms
'Collatz.Research.DescentIntervals.Batch006.exact_5_29' depends on axioms: [propext, Classical.choice, Quot.sound]
'Collatz.Research.DescentIntervals.Batch006.data_5_29' does not depend on any axioms
'Collatz.Research.DescentIntervals.Batch006.endpoint_5_29' depends on axioms: [propext, Quot.sound]
'Collatz.Research.DescentIntervals.Batch006.bounds_5_30' does not depend on any axioms
'Collatz.Research.DescentIntervals.Batch006.exact_5_30' depends on axioms: [propext, Classical.choice, Quot.sound]
'Collatz.Research.DescentIntervals.Batch006.data_5_30' does not depend on any axioms
'Collatz.Research.DescentIntervals.Batch006.endpoint_5_30' depends on axioms: [propext, Quot.sound]
'Collatz.Research.DescentIntervals.Batch007.bounds_5_31' does not depend on any axioms
'Collatz.Research.DescentIntervals.Batch007.exact_5_31' depends on axioms: [propext, Classical.choice, Quot.sound]
'Collatz.Research.DescentIntervals.Batch007.data_5_31' does not depend on any axioms
'Collatz.Research.DescentIntervals.Batch007.endpoint_5_31' depends on axioms: [propext, Quot.sound]
'Collatz.Research.DescentIntervals.Batch007.bounds_6_0' does not depend on any axioms
'Collatz.Research.DescentIntervals.Batch007.exact_6_0' depends on axioms: [propext, Classical.choice, Quot.sound]
'Collatz.Research.DescentIntervals.Batch007.data_6_0' does not depend on any axioms
'Collatz.Research.DescentIntervals.Batch007.endpoint_6_0' depends on axioms: [propext, Quot.sound]
'Collatz.Research.DescentIntervals.Batch007.bounds_6_1' does not depend on any axioms
'Collatz.Research.DescentIntervals.Batch007.exact_6_1' depends on axioms: [propext, Classical.choice, Quot.sound]
'Collatz.Research.DescentIntervals.Batch007.data_6_1' does not depend on any axioms
'Collatz.Research.DescentIntervals.Batch007.endpoint_6_1' depends on axioms: [propext, Quot.sound]
'Collatz.Research.DescentIntervals.Batch007.bounds_6_2' does not depend on any axioms
'Collatz.Research.DescentIntervals.Batch007.exact_6_2' depends on axioms: [propext, Classical.choice, Quot.sound]
'Collatz.Research.DescentIntervals.Batch007.data_6_2' does not depend on any axioms
'Collatz.Research.DescentIntervals.Batch007.endpoint_6_2' depends on axioms: [propext, Quot.sound]
'Collatz.Research.DescentIntervals.Batch007.bounds_6_3' does not depend on any axioms
'Collatz.Research.DescentIntervals.Batch007.exact_6_3' depends on axioms: [propext, Classical.choice, Quot.sound]
'Collatz.Research.DescentIntervals.Batch007.data_6_3' does not depend on any axioms
'Collatz.Research.DescentIntervals.Batch007.endpoint_6_3' depends on axioms: [propext, Quot.sound]
'Collatz.Research.DescentIntervals.Batch007.bounds_6_4' does not depend on any axioms
'Collatz.Research.DescentIntervals.Batch007.exact_6_4' depends on axioms: [propext, Classical.choice, Quot.sound]
'Collatz.Research.DescentIntervals.Batch007.data_6_4' does not depend on any axioms
'Collatz.Research.DescentIntervals.Batch007.endpoint_6_4' depends on axioms: [propext, Quot.sound]
'Collatz.Research.DescentIntervals.Batch007.bounds_6_5' does not depend on any axioms
'Collatz.Research.DescentIntervals.Batch007.exact_6_5' depends on axioms: [propext, Classical.choice, Quot.sound]
'Collatz.Research.DescentIntervals.Batch007.data_6_5' does not depend on any axioms
'Collatz.Research.DescentIntervals.Batch007.endpoint_6_5' depends on axioms: [propext, Quot.sound]
'Collatz.Research.DescentIntervals.Batch007.bounds_6_6' does not depend on any axioms
'Collatz.Research.DescentIntervals.Batch007.exact_6_6' depends on axioms: [propext, Classical.choice, Quot.sound]
'Collatz.Research.DescentIntervals.Batch007.data_6_6' does not depend on any axioms
'Collatz.Research.DescentIntervals.Batch007.endpoint_6_6' depends on axioms: [propext, Quot.sound]
'Collatz.Research.DescentIntervals.Batch007.bounds_6_7' does not depend on any axioms
'Collatz.Research.DescentIntervals.Batch007.exact_6_7' depends on axioms: [propext, Classical.choice, Quot.sound]
'Collatz.Research.DescentIntervals.Batch007.data_6_7' does not depend on any axioms
'Collatz.Research.DescentIntervals.Batch007.endpoint_6_7' depends on axioms: [propext, Quot.sound]
'Collatz.Research.DescentIntervals.Batch007.bounds_6_8' does not depend on any axioms
'Collatz.Research.DescentIntervals.Batch007.exact_6_8' depends on axioms: [propext, Classical.choice, Quot.sound]
'Collatz.Research.DescentIntervals.Batch007.data_6_8' does not depend on any axioms
'Collatz.Research.DescentIntervals.Batch007.endpoint_6_8' depends on axioms: [propext, Quot.sound]
'Collatz.Research.DescentIntervals.Batch008.bounds_6_9' does not depend on any axioms
'Collatz.Research.DescentIntervals.Batch008.exact_6_9' depends on axioms: [propext, Classical.choice, Quot.sound]
'Collatz.Research.DescentIntervals.Batch008.data_6_9' does not depend on any axioms
'Collatz.Research.DescentIntervals.Batch008.endpoint_6_9' depends on axioms: [propext, Quot.sound]
'Collatz.Research.DescentIntervals.Batch008.bounds_6_10' does not depend on any axioms
'Collatz.Research.DescentIntervals.Batch008.exact_6_10' depends on axioms: [propext, Classical.choice, Quot.sound]
'Collatz.Research.DescentIntervals.Batch008.data_6_10' does not depend on any axioms
'Collatz.Research.DescentIntervals.Batch008.endpoint_6_10' depends on axioms: [propext, Quot.sound]
'Collatz.Research.DescentIntervals.Batch008.bounds_6_11' does not depend on any axioms
'Collatz.Research.DescentIntervals.Batch008.exact_6_11' depends on axioms: [propext, Classical.choice, Quot.sound]
'Collatz.Research.DescentIntervals.Batch008.data_6_11' does not depend on any axioms
'Collatz.Research.DescentIntervals.Batch008.endpoint_6_11' depends on axioms: [propext, Quot.sound]
'Collatz.Research.DescentIntervals.Batch008.bounds_6_12' does not depend on any axioms
'Collatz.Research.DescentIntervals.Batch008.exact_6_12' depends on axioms: [propext, Classical.choice, Quot.sound]
'Collatz.Research.DescentIntervals.Batch008.data_6_12' does not depend on any axioms
'Collatz.Research.DescentIntervals.Batch008.endpoint_6_12' depends on axioms: [propext, Quot.sound]
'Collatz.Research.DescentIntervals.Batch008.bounds_6_13' does not depend on any axioms
'Collatz.Research.DescentIntervals.Batch008.exact_6_13' depends on axioms: [propext, Classical.choice, Quot.sound]
'Collatz.Research.DescentIntervals.Batch008.data_6_13' does not depend on any axioms
'Collatz.Research.DescentIntervals.Batch008.endpoint_6_13' depends on axioms: [propext, Quot.sound]
'Collatz.Research.DescentIntervals.Batch008.bounds_6_14' does not depend on any axioms
'Collatz.Research.DescentIntervals.Batch008.exact_6_14' depends on axioms: [propext, Classical.choice, Quot.sound]
'Collatz.Research.DescentIntervals.Batch008.data_6_14' does not depend on any axioms
'Collatz.Research.DescentIntervals.Batch008.endpoint_6_14' depends on axioms: [propext, Quot.sound]
'Collatz.Research.DescentIntervals.Batch008.bounds_6_15' does not depend on any axioms
'Collatz.Research.DescentIntervals.Batch008.exact_6_15' depends on axioms: [propext, Classical.choice, Quot.sound]
'Collatz.Research.DescentIntervals.Batch008.data_6_15' does not depend on any axioms
'Collatz.Research.DescentIntervals.Batch008.endpoint_6_15' depends on axioms: [propext, Quot.sound]
'Collatz.Research.DescentIntervals.Batch008.bounds_6_16' does not depend on any axioms
'Collatz.Research.DescentIntervals.Batch008.exact_6_16' depends on axioms: [propext, Classical.choice, Quot.sound]
'Collatz.Research.DescentIntervals.Batch008.data_6_16' does not depend on any axioms
'Collatz.Research.DescentIntervals.Batch008.endpoint_6_16' depends on axioms: [propext, Quot.sound]
'Collatz.Research.DescentIntervals.Batch008.bounds_6_17' does not depend on any axioms
'Collatz.Research.DescentIntervals.Batch008.exact_6_17' depends on axioms: [propext, Classical.choice, Quot.sound]
'Collatz.Research.DescentIntervals.Batch008.data_6_17' does not depend on any axioms
'Collatz.Research.DescentIntervals.Batch008.endpoint_6_17' depends on axioms: [propext, Quot.sound]
'Collatz.Research.DescentIntervals.Batch008.bounds_6_18' does not depend on any axioms
'Collatz.Research.DescentIntervals.Batch008.exact_6_18' depends on axioms: [propext, Classical.choice, Quot.sound]
'Collatz.Research.DescentIntervals.Batch008.data_6_18' does not depend on any axioms
'Collatz.Research.DescentIntervals.Batch008.endpoint_6_18' depends on axioms: [propext, Quot.sound]
'Collatz.Research.DescentIntervals.Batch009.bounds_6_19' does not depend on any axioms
'Collatz.Research.DescentIntervals.Batch009.exact_6_19' depends on axioms: [propext, Classical.choice, Quot.sound]
'Collatz.Research.DescentIntervals.Batch009.data_6_19' does not depend on any axioms
'Collatz.Research.DescentIntervals.Batch009.endpoint_6_19' depends on axioms: [propext, Quot.sound]
'Collatz.Research.DescentIntervals.Batch009.bounds_6_20' does not depend on any axioms
'Collatz.Research.DescentIntervals.Batch009.exact_6_20' depends on axioms: [propext, Classical.choice, Quot.sound]
'Collatz.Research.DescentIntervals.Batch009.data_6_20' does not depend on any axioms
'Collatz.Research.DescentIntervals.Batch009.endpoint_6_20' depends on axioms: [propext, Quot.sound]
'Collatz.Research.DescentIntervals.Batch009.bounds_6_21' does not depend on any axioms
'Collatz.Research.DescentIntervals.Batch009.exact_6_21' depends on axioms: [propext, Classical.choice, Quot.sound]
'Collatz.Research.DescentIntervals.Batch009.data_6_21' does not depend on any axioms
'Collatz.Research.DescentIntervals.Batch009.endpoint_6_21' depends on axioms: [propext, Quot.sound]
'Collatz.Research.DescentIntervals.Batch009.bounds_6_22' does not depend on any axioms
'Collatz.Research.DescentIntervals.Batch009.exact_6_22' depends on axioms: [propext, Classical.choice, Quot.sound]
'Collatz.Research.DescentIntervals.Batch009.data_6_22' does not depend on any axioms
'Collatz.Research.DescentIntervals.Batch009.endpoint_6_22' depends on axioms: [propext, Quot.sound]
'Collatz.Research.DescentIntervals.Batch009.bounds_6_23' does not depend on any axioms
'Collatz.Research.DescentIntervals.Batch009.exact_6_23' depends on axioms: [propext, Classical.choice, Quot.sound]
'Collatz.Research.DescentIntervals.Batch009.data_6_23' does not depend on any axioms
'Collatz.Research.DescentIntervals.Batch009.endpoint_6_23' depends on axioms: [propext, Quot.sound]
'Collatz.Research.DescentIntervals.Batch009.bounds_6_24' does not depend on any axioms
'Collatz.Research.DescentIntervals.Batch009.exact_6_24' depends on axioms: [propext, Classical.choice, Quot.sound]
'Collatz.Research.DescentIntervals.Batch009.data_6_24' does not depend on any axioms
'Collatz.Research.DescentIntervals.Batch009.endpoint_6_24' depends on axioms: [propext, Quot.sound]
'Collatz.Research.DescentIntervals.Batch009.bounds_6_25' does not depend on any axioms
'Collatz.Research.DescentIntervals.Batch009.exact_6_25' depends on axioms: [propext, Classical.choice, Quot.sound]
'Collatz.Research.DescentIntervals.Batch009.data_6_25' does not depend on any axioms
'Collatz.Research.DescentIntervals.Batch009.endpoint_6_25' depends on axioms: [propext, Quot.sound]
'Collatz.Research.DescentIntervals.Batch009.bounds_6_26' does not depend on any axioms
'Collatz.Research.DescentIntervals.Batch009.exact_6_26' depends on axioms: [propext, Classical.choice, Quot.sound]
'Collatz.Research.DescentIntervals.Batch009.data_6_26' does not depend on any axioms
'Collatz.Research.DescentIntervals.Batch009.endpoint_6_26' depends on axioms: [propext, Quot.sound]
'Collatz.Research.DescentIntervals.Batch009.bounds_6_27' does not depend on any axioms
'Collatz.Research.DescentIntervals.Batch009.exact_6_27' depends on axioms: [propext, Classical.choice, Quot.sound]
'Collatz.Research.DescentIntervals.Batch009.data_6_27' does not depend on any axioms
'Collatz.Research.DescentIntervals.Batch009.endpoint_6_27' depends on axioms: [propext, Quot.sound]
'Collatz.Research.DescentIntervals.Batch009.bounds_6_28' does not depend on any axioms
'Collatz.Research.DescentIntervals.Batch009.exact_6_28' depends on axioms: [propext, Classical.choice, Quot.sound]
'Collatz.Research.DescentIntervals.Batch009.data_6_28' does not depend on any axioms
'Collatz.Research.DescentIntervals.Batch009.endpoint_6_28' depends on axioms: [propext, Quot.sound]
'Collatz.Research.DescentIntervals.Batch010.bounds_6_29' does not depend on any axioms
'Collatz.Research.DescentIntervals.Batch010.exact_6_29' depends on axioms: [propext, Classical.choice, Quot.sound]
'Collatz.Research.DescentIntervals.Batch010.data_6_29' does not depend on any axioms
'Collatz.Research.DescentIntervals.Batch010.endpoint_6_29' depends on axioms: [propext, Quot.sound]
'Collatz.Research.DescentIntervals.Batch010.bounds_6_30' does not depend on any axioms
'Collatz.Research.DescentIntervals.Batch010.exact_6_30' depends on axioms: [propext, Classical.choice, Quot.sound]
'Collatz.Research.DescentIntervals.Batch010.data_6_30' does not depend on any axioms
'Collatz.Research.DescentIntervals.Batch010.endpoint_6_30' depends on axioms: [propext, Quot.sound]
'Collatz.Research.DescentIntervals.Batch010.bounds_6_31' does not depend on any axioms
'Collatz.Research.DescentIntervals.Batch010.exact_6_31' depends on axioms: [propext, Classical.choice, Quot.sound]
'Collatz.Research.DescentIntervals.Batch010.data_6_31' does not depend on any axioms
'Collatz.Research.DescentIntervals.Batch010.endpoint_6_31' depends on axioms: [propext, Quot.sound]
'Collatz.Research.DescentIntervals.Batch010.bounds_6_32' does not depend on any axioms
'Collatz.Research.DescentIntervals.Batch010.exact_6_32' depends on axioms: [propext, Classical.choice, Quot.sound]
'Collatz.Research.DescentIntervals.Batch010.data_6_32' does not depend on any axioms
'Collatz.Research.DescentIntervals.Batch010.endpoint_6_32' depends on axioms: [propext, Quot.sound]
'Collatz.Research.DescentIntervals.Batch010.bounds_6_33' does not depend on any axioms
'Collatz.Research.DescentIntervals.Batch010.exact_6_33' depends on axioms: [propext, Classical.choice, Quot.sound]
'Collatz.Research.DescentIntervals.Batch010.data_6_33' does not depend on any axioms
'Collatz.Research.DescentIntervals.Batch010.endpoint_6_33' depends on axioms: [propext, Quot.sound]
'Collatz.Research.DescentIntervals.Batch010.bounds_6_34' does not depend on any axioms
'Collatz.Research.DescentIntervals.Batch010.exact_6_34' depends on axioms: [propext, Classical.choice, Quot.sound]
'Collatz.Research.DescentIntervals.Batch010.data_6_34' does not depend on any axioms
'Collatz.Research.DescentIntervals.Batch010.endpoint_6_34' depends on axioms: [propext, Quot.sound]
'Collatz.Research.DescentIntervals.Batch010.bounds_6_35' does not depend on any axioms
'Collatz.Research.DescentIntervals.Batch010.exact_6_35' depends on axioms: [propext, Classical.choice, Quot.sound]
'Collatz.Research.DescentIntervals.Batch010.data_6_35' does not depend on any axioms
'Collatz.Research.DescentIntervals.Batch010.endpoint_6_35' depends on axioms: [propext, Quot.sound]
'Collatz.Research.DescentIntervals.Batch010.bounds_6_36' does not depend on any axioms
'Collatz.Research.DescentIntervals.Batch010.exact_6_36' depends on axioms: [propext, Classical.choice, Quot.sound]
'Collatz.Research.DescentIntervals.Batch010.data_6_36' does not depend on any axioms
'Collatz.Research.DescentIntervals.Batch010.endpoint_6_36' depends on axioms: [propext, Quot.sound]
'Collatz.Research.DescentIntervals.Batch010.bounds_6_37' does not depend on any axioms
'Collatz.Research.DescentIntervals.Batch010.exact_6_37' depends on axioms: [propext, Classical.choice, Quot.sound]
'Collatz.Research.DescentIntervals.Batch010.data_6_37' does not depend on any axioms
'Collatz.Research.DescentIntervals.Batch010.endpoint_6_37' depends on axioms: [propext, Quot.sound]
'Collatz.Research.DescentIntervals.Batch010.bounds_6_38' does not depend on any axioms
'Collatz.Research.DescentIntervals.Batch010.exact_6_38' depends on axioms: [propext, Classical.choice, Quot.sound]
'Collatz.Research.DescentIntervals.Batch010.data_6_38' does not depend on any axioms
'Collatz.Research.DescentIntervals.Batch010.endpoint_6_38' depends on axioms: [propext, Quot.sound]
'Collatz.Research.DescentIntervals.Batch010.bounds_6_39' does not depend on any axioms
'Collatz.Research.DescentIntervals.Batch010.exact_6_39' depends on axioms: [propext, Classical.choice, Quot.sound]
'Collatz.Research.DescentIntervals.Batch010.data_6_39' does not depend on any axioms
'Collatz.Research.DescentIntervals.Batch010.endpoint_6_39' depends on axioms: [propext, Quot.sound]
'Collatz.Research.DescentIntervals.Batch011.bounds_6_40' does not depend on any axioms
'Collatz.Research.DescentIntervals.Batch011.exact_6_40' depends on axioms: [propext, Classical.choice, Quot.sound]
'Collatz.Research.DescentIntervals.Batch011.data_6_40' does not depend on any axioms
'Collatz.Research.DescentIntervals.Batch011.endpoint_6_40' depends on axioms: [propext, Quot.sound]
'Collatz.Research.DescentIntervals.Batch011.bounds_6_41' does not depend on any axioms
'Collatz.Research.DescentIntervals.Batch011.exact_6_41' depends on axioms: [propext, Classical.choice, Quot.sound]
'Collatz.Research.DescentIntervals.Batch011.data_6_41' does not depend on any axioms
'Collatz.Research.DescentIntervals.Batch011.endpoint_6_41' depends on axioms: [propext, Quot.sound]
'Collatz.Research.DescentIntervals.Batch011.bounds_6_42' does not depend on any axioms
'Collatz.Research.DescentIntervals.Batch011.exact_6_42' depends on axioms: [propext, Classical.choice, Quot.sound]
'Collatz.Research.DescentIntervals.Batch011.data_6_42' does not depend on any axioms
'Collatz.Research.DescentIntervals.Batch011.endpoint_6_42' depends on axioms: [propext, Quot.sound]
'Collatz.Research.DescentIntervals.Batch011.bounds_6_43' does not depend on any axioms
'Collatz.Research.DescentIntervals.Batch011.exact_6_43' depends on axioms: [propext, Classical.choice, Quot.sound]
'Collatz.Research.DescentIntervals.Batch011.data_6_43' does not depend on any axioms
'Collatz.Research.DescentIntervals.Batch011.endpoint_6_43' depends on axioms: [propext, Quot.sound]
'Collatz.Research.DescentIntervals.Batch011.bounds_6_44' does not depend on any axioms
'Collatz.Research.DescentIntervals.Batch011.exact_6_44' depends on axioms: [propext, Classical.choice, Quot.sound]
'Collatz.Research.DescentIntervals.Batch011.data_6_44' does not depend on any axioms
'Collatz.Research.DescentIntervals.Batch011.endpoint_6_44' depends on axioms: [propext, Quot.sound]
'Collatz.Research.DescentIntervals.Batch011.bounds_6_45' does not depend on any axioms
'Collatz.Research.DescentIntervals.Batch011.exact_6_45' depends on axioms: [propext, Classical.choice, Quot.sound]
'Collatz.Research.DescentIntervals.Batch011.data_6_45' does not depend on any axioms
'Collatz.Research.DescentIntervals.Batch011.endpoint_6_45' depends on axioms: [propext, Quot.sound]
'Collatz.Research.DescentIntervals.Batch011.bounds_6_46' does not depend on any axioms
'Collatz.Research.DescentIntervals.Batch011.exact_6_46' depends on axioms: [propext, Classical.choice, Quot.sound]
'Collatz.Research.DescentIntervals.Batch011.data_6_46' does not depend on any axioms
'Collatz.Research.DescentIntervals.Batch011.endpoint_6_46' depends on axioms: [propext, Quot.sound]
'Collatz.Research.DescentIntervals.Batch011.bounds_6_47' does not depend on any axioms
'Collatz.Research.DescentIntervals.Batch011.exact_6_47' depends on axioms: [propext, Classical.choice, Quot.sound]
'Collatz.Research.DescentIntervals.Batch011.data_6_47' does not depend on any axioms
'Collatz.Research.DescentIntervals.Batch011.endpoint_6_47' depends on axioms: [propext, Quot.sound]
'Collatz.Research.DescentIntervals.Batch011.bounds_6_48' does not depend on any axioms
'Collatz.Research.DescentIntervals.Batch011.exact_6_48' depends on axioms: [propext, Classical.choice, Quot.sound]
'Collatz.Research.DescentIntervals.Batch011.data_6_48' does not depend on any axioms
'Collatz.Research.DescentIntervals.Batch011.endpoint_6_48' depends on axioms: [propext, Quot.sound]
'Collatz.Research.DescentIntervals.Batch011.bounds_6_49' does not depend on any axioms
'Collatz.Research.DescentIntervals.Batch011.exact_6_49' depends on axioms: [propext, Classical.choice, Quot.sound]
'Collatz.Research.DescentIntervals.Batch011.data_6_49' does not depend on any axioms
'Collatz.Research.DescentIntervals.Batch011.endpoint_6_49' depends on axioms: [propext, Quot.sound]
'Collatz.Research.DescentIntervals.Batch012.bounds_6_50' does not depend on any axioms
'Collatz.Research.DescentIntervals.Batch012.exact_6_50' depends on axioms: [propext, Classical.choice, Quot.sound]
'Collatz.Research.DescentIntervals.Batch012.data_6_50' does not depend on any axioms
'Collatz.Research.DescentIntervals.Batch012.endpoint_6_50' depends on axioms: [propext, Quot.sound]
'Collatz.Research.DescentIntervals.Batch012.bounds_6_51' does not depend on any axioms
'Collatz.Research.DescentIntervals.Batch012.exact_6_51' depends on axioms: [propext, Classical.choice, Quot.sound]
'Collatz.Research.DescentIntervals.Batch012.data_6_51' does not depend on any axioms
'Collatz.Research.DescentIntervals.Batch012.endpoint_6_51' depends on axioms: [propext, Quot.sound]
'Collatz.Research.DescentIntervals.Batch012.bounds_6_52' does not depend on any axioms
'Collatz.Research.DescentIntervals.Batch012.exact_6_52' depends on axioms: [propext, Classical.choice, Quot.sound]
'Collatz.Research.DescentIntervals.Batch012.data_6_52' does not depend on any axioms
'Collatz.Research.DescentIntervals.Batch012.endpoint_6_52' depends on axioms: [propext, Quot.sound]
'Collatz.Research.DescentIntervals.Batch012.bounds_6_53' does not depend on any axioms
'Collatz.Research.DescentIntervals.Batch012.exact_6_53' depends on axioms: [propext, Classical.choice, Quot.sound]
'Collatz.Research.DescentIntervals.Batch012.data_6_53' does not depend on any axioms
'Collatz.Research.DescentIntervals.Batch012.endpoint_6_53' depends on axioms: [propext, Quot.sound]
'Collatz.Research.DescentIntervals.Batch012.bounds_6_54' does not depend on any axioms
'Collatz.Research.DescentIntervals.Batch012.exact_6_54' depends on axioms: [propext, Classical.choice, Quot.sound]
'Collatz.Research.DescentIntervals.Batch012.data_6_54' does not depend on any axioms
'Collatz.Research.DescentIntervals.Batch012.endpoint_6_54' depends on axioms: [propext, Quot.sound]
'Collatz.Research.DescentIntervals.Batch012.bounds_6_55' does not depend on any axioms
'Collatz.Research.DescentIntervals.Batch012.exact_6_55' depends on axioms: [propext, Classical.choice, Quot.sound]
'Collatz.Research.DescentIntervals.Batch012.data_6_55' does not depend on any axioms
'Collatz.Research.DescentIntervals.Batch012.endpoint_6_55' depends on axioms: [propext, Quot.sound]
'Collatz.Research.DescentIntervals.Batch012.bounds_6_56' does not depend on any axioms
'Collatz.Research.DescentIntervals.Batch012.exact_6_56' depends on axioms: [propext, Classical.choice, Quot.sound]
'Collatz.Research.DescentIntervals.Batch012.data_6_56' does not depend on any axioms
'Collatz.Research.DescentIntervals.Batch012.endpoint_6_56' depends on axioms: [propext, Quot.sound]
'Collatz.Research.DescentIntervals.Batch012.bounds_6_57' does not depend on any axioms
'Collatz.Research.DescentIntervals.Batch012.exact_6_57' depends on axioms: [propext, Classical.choice, Quot.sound]
'Collatz.Research.DescentIntervals.Batch012.data_6_57' does not depend on any axioms
'Collatz.Research.DescentIntervals.Batch012.endpoint_6_57' depends on axioms: [propext, Quot.sound]
'Collatz.Research.DescentIntervals.Batch012.bounds_6_58' does not depend on any axioms
'Collatz.Research.DescentIntervals.Batch012.exact_6_58' depends on axioms: [propext, Classical.choice, Quot.sound]
'Collatz.Research.DescentIntervals.Batch012.data_6_58' does not depend on any axioms
'Collatz.Research.DescentIntervals.Batch012.endpoint_6_58' depends on axioms: [propext, Quot.sound]
'Collatz.Research.DescentIntervals.Batch012.bounds_6_59' does not depend on any axioms
'Collatz.Research.DescentIntervals.Batch012.exact_6_59' depends on axioms: [propext, Classical.choice, Quot.sound]
'Collatz.Research.DescentIntervals.Batch012.data_6_59' does not depend on any axioms
'Collatz.Research.DescentIntervals.Batch012.endpoint_6_59' depends on axioms: [propext, Quot.sound]
'Collatz.Research.DescentIntervals.Batch013.bounds_6_60' does not depend on any axioms
'Collatz.Research.DescentIntervals.Batch013.exact_6_60' depends on axioms: [propext, Classical.choice, Quot.sound]
'Collatz.Research.DescentIntervals.Batch013.data_6_60' does not depend on any axioms
'Collatz.Research.DescentIntervals.Batch013.endpoint_6_60' depends on axioms: [propext, Quot.sound]
'Collatz.Research.DescentIntervals.Batch013.bounds_6_61' does not depend on any axioms
'Collatz.Research.DescentIntervals.Batch013.exact_6_61' depends on axioms: [propext, Classical.choice, Quot.sound]
'Collatz.Research.DescentIntervals.Batch013.data_6_61' does not depend on any axioms
'Collatz.Research.DescentIntervals.Batch013.endpoint_6_61' depends on axioms: [propext, Quot.sound]
'Collatz.Research.DescentIntervals.Batch013.bounds_6_62' does not depend on any axioms
'Collatz.Research.DescentIntervals.Batch013.exact_6_62' depends on axioms: [propext, Classical.choice, Quot.sound]
'Collatz.Research.DescentIntervals.Batch013.data_6_62' does not depend on any axioms
'Collatz.Research.DescentIntervals.Batch013.endpoint_6_62' depends on axioms: [propext, Quot.sound]
'Collatz.Research.DescentIntervals.Batch013.bounds_6_63' does not depend on any axioms
'Collatz.Research.DescentIntervals.Batch013.exact_6_63' depends on axioms: [propext, Classical.choice, Quot.sound]
'Collatz.Research.DescentIntervals.Batch013.data_6_63' does not depend on any axioms
'Collatz.Research.DescentIntervals.Batch013.endpoint_6_63' depends on axioms: [propext, Quot.sound]
'Collatz.Research.DescentIntervals.Batch013.bounds_7_0' does not depend on any axioms
'Collatz.Research.DescentIntervals.Batch013.exact_7_0' depends on axioms: [propext, Classical.choice, Quot.sound]
'Collatz.Research.DescentIntervals.Batch013.data_7_0' does not depend on any axioms
'Collatz.Research.DescentIntervals.Batch013.endpoint_7_0' depends on axioms: [propext, Quot.sound]
'Collatz.Research.DescentIntervals.Batch013.bounds_7_1' does not depend on any axioms
'Collatz.Research.DescentIntervals.Batch013.exact_7_1' depends on axioms: [propext, Classical.choice, Quot.sound]
'Collatz.Research.DescentIntervals.Batch013.data_7_1' does not depend on any axioms
'Collatz.Research.DescentIntervals.Batch013.endpoint_7_1' depends on axioms: [propext, Quot.sound]
'Collatz.Research.DescentIntervals.Batch013.bounds_7_2' does not depend on any axioms
'Collatz.Research.DescentIntervals.Batch013.exact_7_2' depends on axioms: [propext, Classical.choice, Quot.sound]
'Collatz.Research.DescentIntervals.Batch013.data_7_2' does not depend on any axioms
'Collatz.Research.DescentIntervals.Batch013.endpoint_7_2' depends on axioms: [propext, Quot.sound]
'Collatz.Research.DescentIntervals.Batch013.bounds_7_3' does not depend on any axioms
'Collatz.Research.DescentIntervals.Batch013.exact_7_3' depends on axioms: [propext, Classical.choice, Quot.sound]
'Collatz.Research.DescentIntervals.Batch013.data_7_3' does not depend on any axioms
'Collatz.Research.DescentIntervals.Batch013.endpoint_7_3' depends on axioms: [propext, Quot.sound]
'Collatz.Research.DescentIntervals.Batch013.bounds_7_4' does not depend on any axioms
'Collatz.Research.DescentIntervals.Batch013.exact_7_4' depends on axioms: [propext, Classical.choice, Quot.sound]
'Collatz.Research.DescentIntervals.Batch013.data_7_4' does not depend on any axioms
'Collatz.Research.DescentIntervals.Batch013.endpoint_7_4' depends on axioms: [propext, Quot.sound]
'Collatz.Research.DescentIntervals.Batch013.bounds_7_5' does not depend on any axioms
'Collatz.Research.DescentIntervals.Batch013.exact_7_5' depends on axioms: [propext, Classical.choice, Quot.sound]
'Collatz.Research.DescentIntervals.Batch013.data_7_5' does not depend on any axioms
'Collatz.Research.DescentIntervals.Batch013.endpoint_7_5' depends on axioms: [propext, Quot.sound]
'Collatz.Research.DescentIntervals.Batch014.bounds_7_6' does not depend on any axioms
'Collatz.Research.DescentIntervals.Batch014.exact_7_6' depends on axioms: [propext, Classical.choice, Quot.sound]
'Collatz.Research.DescentIntervals.Batch014.data_7_6' does not depend on any axioms
'Collatz.Research.DescentIntervals.Batch014.endpoint_7_6' depends on axioms: [propext, Quot.sound]
'Collatz.Research.DescentIntervals.Batch014.bounds_7_7' does not depend on any axioms
'Collatz.Research.DescentIntervals.Batch014.exact_7_7' depends on axioms: [propext, Classical.choice, Quot.sound]
'Collatz.Research.DescentIntervals.Batch014.data_7_7' does not depend on any axioms
'Collatz.Research.DescentIntervals.Batch014.endpoint_7_7' depends on axioms: [propext, Quot.sound]
'Collatz.Research.DescentIntervals.Batch014.bounds_7_8' does not depend on any axioms
'Collatz.Research.DescentIntervals.Batch014.exact_7_8' depends on axioms: [propext, Classical.choice, Quot.sound]
'Collatz.Research.DescentIntervals.Batch014.data_7_8' does not depend on any axioms
'Collatz.Research.DescentIntervals.Batch014.endpoint_7_8' depends on axioms: [propext, Quot.sound]
'Collatz.Research.DescentIntervals.Batch014.bounds_7_9' does not depend on any axioms
'Collatz.Research.DescentIntervals.Batch014.exact_7_9' depends on axioms: [propext, Classical.choice, Quot.sound]
'Collatz.Research.DescentIntervals.Batch014.data_7_9' does not depend on any axioms
'Collatz.Research.DescentIntervals.Batch014.endpoint_7_9' depends on axioms: [propext, Quot.sound]
'Collatz.Research.DescentIntervals.Batch014.bounds_7_10' does not depend on any axioms
'Collatz.Research.DescentIntervals.Batch014.exact_7_10' depends on axioms: [propext, Classical.choice, Quot.sound]
'Collatz.Research.DescentIntervals.Batch014.data_7_10' does not depend on any axioms
'Collatz.Research.DescentIntervals.Batch014.endpoint_7_10' depends on axioms: [propext, Quot.sound]
'Collatz.Research.DescentIntervals.Batch014.bounds_7_11' does not depend on any axioms
'Collatz.Research.DescentIntervals.Batch014.exact_7_11' depends on axioms: [propext, Classical.choice, Quot.sound]
'Collatz.Research.DescentIntervals.Batch014.data_7_11' does not depend on any axioms
'Collatz.Research.DescentIntervals.Batch014.endpoint_7_11' depends on axioms: [propext, Quot.sound]
'Collatz.Research.DescentIntervals.Batch014.bounds_7_12' does not depend on any axioms
'Collatz.Research.DescentIntervals.Batch014.exact_7_12' depends on axioms: [propext, Classical.choice, Quot.sound]
'Collatz.Research.DescentIntervals.Batch014.data_7_12' does not depend on any axioms
'Collatz.Research.DescentIntervals.Batch014.endpoint_7_12' depends on axioms: [propext, Quot.sound]
'Collatz.Research.DescentIntervals.Batch014.bounds_7_13' does not depend on any axioms
'Collatz.Research.DescentIntervals.Batch014.exact_7_13' depends on axioms: [propext, Classical.choice, Quot.sound]
'Collatz.Research.DescentIntervals.Batch014.data_7_13' does not depend on any axioms
'Collatz.Research.DescentIntervals.Batch014.endpoint_7_13' depends on axioms: [propext, Quot.sound]
'Collatz.Research.DescentIntervals.Batch014.bounds_7_14' does not depend on any axioms
'Collatz.Research.DescentIntervals.Batch014.exact_7_14' depends on axioms: [propext, Classical.choice, Quot.sound]
'Collatz.Research.DescentIntervals.Batch014.data_7_14' does not depend on any axioms
'Collatz.Research.DescentIntervals.Batch014.endpoint_7_14' depends on axioms: [propext, Quot.sound]
'Collatz.Research.DescentIntervals.Batch014.bounds_7_15' does not depend on any axioms
'Collatz.Research.DescentIntervals.Batch014.exact_7_15' depends on axioms: [propext, Classical.choice, Quot.sound]
'Collatz.Research.DescentIntervals.Batch014.data_7_15' does not depend on any axioms
'Collatz.Research.DescentIntervals.Batch014.endpoint_7_15' depends on axioms: [propext, Quot.sound]
'Collatz.Research.DescentIntervals.Batch014.bounds_7_16' does not depend on any axioms
'Collatz.Research.DescentIntervals.Batch014.exact_7_16' depends on axioms: [propext, Classical.choice, Quot.sound]
'Collatz.Research.DescentIntervals.Batch014.data_7_16' does not depend on any axioms
'Collatz.Research.DescentIntervals.Batch014.endpoint_7_16' depends on axioms: [propext, Quot.sound]
'Collatz.Research.DescentIntervals.Batch015.bounds_7_17' does not depend on any axioms
'Collatz.Research.DescentIntervals.Batch015.exact_7_17' depends on axioms: [propext, Classical.choice, Quot.sound]
'Collatz.Research.DescentIntervals.Batch015.data_7_17' does not depend on any axioms
'Collatz.Research.DescentIntervals.Batch015.endpoint_7_17' depends on axioms: [propext, Quot.sound]
'Collatz.Research.DescentIntervals.Batch015.bounds_7_18' does not depend on any axioms
'Collatz.Research.DescentIntervals.Batch015.exact_7_18' depends on axioms: [propext, Classical.choice, Quot.sound]
'Collatz.Research.DescentIntervals.Batch015.data_7_18' does not depend on any axioms
'Collatz.Research.DescentIntervals.Batch015.endpoint_7_18' depends on axioms: [propext, Quot.sound]
'Collatz.Research.DescentIntervals.Batch015.bounds_7_19' does not depend on any axioms
'Collatz.Research.DescentIntervals.Batch015.exact_7_19' depends on axioms: [propext, Classical.choice, Quot.sound]
'Collatz.Research.DescentIntervals.Batch015.data_7_19' does not depend on any axioms
'Collatz.Research.DescentIntervals.Batch015.endpoint_7_19' depends on axioms: [propext, Quot.sound]
'Collatz.Research.DescentIntervals.Batch015.bounds_7_20' does not depend on any axioms
'Collatz.Research.DescentIntervals.Batch015.exact_7_20' depends on axioms: [propext, Classical.choice, Quot.sound]
'Collatz.Research.DescentIntervals.Batch015.data_7_20' does not depend on any axioms
'Collatz.Research.DescentIntervals.Batch015.endpoint_7_20' depends on axioms: [propext, Quot.sound]
'Collatz.Research.DescentIntervals.Batch015.bounds_7_21' does not depend on any axioms
'Collatz.Research.DescentIntervals.Batch015.exact_7_21' depends on axioms: [propext, Classical.choice, Quot.sound]
'Collatz.Research.DescentIntervals.Batch015.data_7_21' does not depend on any axioms
'Collatz.Research.DescentIntervals.Batch015.endpoint_7_21' depends on axioms: [propext, Quot.sound]
'Collatz.Research.DescentIntervals.Batch015.bounds_7_22' does not depend on any axioms
'Collatz.Research.DescentIntervals.Batch015.exact_7_22' depends on axioms: [propext, Classical.choice, Quot.sound]
'Collatz.Research.DescentIntervals.Batch015.data_7_22' does not depend on any axioms
'Collatz.Research.DescentIntervals.Batch015.endpoint_7_22' depends on axioms: [propext, Quot.sound]
'Collatz.Research.DescentIntervals.Batch015.bounds_7_23' does not depend on any axioms
'Collatz.Research.DescentIntervals.Batch015.exact_7_23' depends on axioms: [propext, Classical.choice, Quot.sound]
'Collatz.Research.DescentIntervals.Batch015.data_7_23' does not depend on any axioms
'Collatz.Research.DescentIntervals.Batch015.endpoint_7_23' depends on axioms: [propext, Quot.sound]
'Collatz.Research.DescentIntervals.Batch015.bounds_7_24' does not depend on any axioms
'Collatz.Research.DescentIntervals.Batch015.exact_7_24' depends on axioms: [propext, Classical.choice, Quot.sound]
'Collatz.Research.DescentIntervals.Batch015.data_7_24' does not depend on any axioms
'Collatz.Research.DescentIntervals.Batch015.endpoint_7_24' depends on axioms: [propext, Quot.sound]
'Collatz.Research.DescentIntervals.Batch015.bounds_7_25' does not depend on any axioms
'Collatz.Research.DescentIntervals.Batch015.exact_7_25' depends on axioms: [propext, Classical.choice, Quot.sound]
'Collatz.Research.DescentIntervals.Batch015.data_7_25' does not depend on any axioms
'Collatz.Research.DescentIntervals.Batch015.endpoint_7_25' depends on axioms: [propext, Quot.sound]
'Collatz.Research.DescentIntervals.Batch015.bounds_7_26' does not depend on any axioms
'Collatz.Research.DescentIntervals.Batch015.exact_7_26' depends on axioms: [propext, Classical.choice, Quot.sound]
'Collatz.Research.DescentIntervals.Batch015.data_7_26' does not depend on any axioms
'Collatz.Research.DescentIntervals.Batch015.endpoint_7_26' depends on axioms: [propext, Quot.sound]
'Collatz.Research.DescentIntervals.Batch016.bounds_7_27' does not depend on any axioms
'Collatz.Research.DescentIntervals.Batch016.exact_7_27' depends on axioms: [propext, Classical.choice, Quot.sound]
'Collatz.Research.DescentIntervals.Batch016.data_7_27' does not depend on any axioms
'Collatz.Research.DescentIntervals.Batch016.endpoint_7_27' depends on axioms: [propext, Quot.sound]
'Collatz.Research.DescentIntervals.Batch016.bounds_7_28' does not depend on any axioms
'Collatz.Research.DescentIntervals.Batch016.exact_7_28' depends on axioms: [propext, Classical.choice, Quot.sound]
'Collatz.Research.DescentIntervals.Batch016.data_7_28' does not depend on any axioms
'Collatz.Research.DescentIntervals.Batch016.endpoint_7_28' depends on axioms: [propext, Quot.sound]
'Collatz.Research.DescentIntervals.Batch016.bounds_7_29' does not depend on any axioms
'Collatz.Research.DescentIntervals.Batch016.exact_7_29' depends on axioms: [propext, Classical.choice, Quot.sound]
'Collatz.Research.DescentIntervals.Batch016.data_7_29' does not depend on any axioms
'Collatz.Research.DescentIntervals.Batch016.endpoint_7_29' depends on axioms: [propext, Quot.sound]
'Collatz.Research.DescentIntervals.Batch016.bounds_7_30' does not depend on any axioms
'Collatz.Research.DescentIntervals.Batch016.exact_7_30' depends on axioms: [propext, Classical.choice, Quot.sound]
'Collatz.Research.DescentIntervals.Batch016.data_7_30' does not depend on any axioms
'Collatz.Research.DescentIntervals.Batch016.endpoint_7_30' depends on axioms: [propext, Quot.sound]
'Collatz.Research.DescentIntervals.Batch016.bounds_7_31' does not depend on any axioms
'Collatz.Research.DescentIntervals.Batch016.exact_7_31' depends on axioms: [propext, Classical.choice, Quot.sound]
'Collatz.Research.DescentIntervals.Batch016.data_7_31' does not depend on any axioms
'Collatz.Research.DescentIntervals.Batch016.endpoint_7_31' depends on axioms: [propext, Quot.sound]
'Collatz.Research.DescentIntervals.Batch016.bounds_7_32' does not depend on any axioms
'Collatz.Research.DescentIntervals.Batch016.exact_7_32' depends on axioms: [propext, Classical.choice, Quot.sound]
'Collatz.Research.DescentIntervals.Batch016.data_7_32' does not depend on any axioms
'Collatz.Research.DescentIntervals.Batch016.endpoint_7_32' depends on axioms: [propext, Quot.sound]
'Collatz.Research.DescentIntervals.Batch016.bounds_7_33' does not depend on any axioms
'Collatz.Research.DescentIntervals.Batch016.exact_7_33' depends on axioms: [propext, Classical.choice, Quot.sound]
'Collatz.Research.DescentIntervals.Batch016.data_7_33' does not depend on any axioms
'Collatz.Research.DescentIntervals.Batch016.endpoint_7_33' depends on axioms: [propext, Quot.sound]
'Collatz.Research.DescentIntervals.Batch016.bounds_7_34' does not depend on any axioms
'Collatz.Research.DescentIntervals.Batch016.exact_7_34' depends on axioms: [propext, Classical.choice, Quot.sound]
'Collatz.Research.DescentIntervals.Batch016.data_7_34' does not depend on any axioms
'Collatz.Research.DescentIntervals.Batch016.endpoint_7_34' depends on axioms: [propext, Quot.sound]
'Collatz.Research.DescentIntervals.Batch016.bounds_7_35' does not depend on any axioms
'Collatz.Research.DescentIntervals.Batch016.exact_7_35' depends on axioms: [propext, Classical.choice, Quot.sound]
'Collatz.Research.DescentIntervals.Batch016.data_7_35' does not depend on any axioms
'Collatz.Research.DescentIntervals.Batch016.endpoint_7_35' depends on axioms: [propext, Quot.sound]
'Collatz.Research.DescentIntervals.Batch016.bounds_7_36' does not depend on any axioms
'Collatz.Research.DescentIntervals.Batch016.exact_7_36' depends on axioms: [propext, Classical.choice, Quot.sound]
'Collatz.Research.DescentIntervals.Batch016.data_7_36' does not depend on any axioms
'Collatz.Research.DescentIntervals.Batch016.endpoint_7_36' depends on axioms: [propext, Quot.sound]
'Collatz.Research.DescentIntervals.Batch017.bounds_7_37' does not depend on any axioms
'Collatz.Research.DescentIntervals.Batch017.exact_7_37' depends on axioms: [propext, Classical.choice, Quot.sound]
'Collatz.Research.DescentIntervals.Batch017.data_7_37' does not depend on any axioms
'Collatz.Research.DescentIntervals.Batch017.endpoint_7_37' depends on axioms: [propext, Quot.sound]
'Collatz.Research.DescentIntervals.Batch017.bounds_7_38' does not depend on any axioms
'Collatz.Research.DescentIntervals.Batch017.exact_7_38' depends on axioms: [propext, Classical.choice, Quot.sound]
'Collatz.Research.DescentIntervals.Batch017.data_7_38' does not depend on any axioms
'Collatz.Research.DescentIntervals.Batch017.endpoint_7_38' depends on axioms: [propext, Quot.sound]
'Collatz.Research.DescentIntervals.Batch017.bounds_7_39' does not depend on any axioms
'Collatz.Research.DescentIntervals.Batch017.exact_7_39' depends on axioms: [propext, Classical.choice, Quot.sound]
'Collatz.Research.DescentIntervals.Batch017.data_7_39' does not depend on any axioms
'Collatz.Research.DescentIntervals.Batch017.endpoint_7_39' depends on axioms: [propext, Quot.sound]
'Collatz.Research.DescentIntervals.Batch017.bounds_7_40' does not depend on any axioms
'Collatz.Research.DescentIntervals.Batch017.exact_7_40' depends on axioms: [propext, Classical.choice, Quot.sound]
'Collatz.Research.DescentIntervals.Batch017.data_7_40' does not depend on any axioms
'Collatz.Research.DescentIntervals.Batch017.endpoint_7_40' depends on axioms: [propext, Quot.sound]
'Collatz.Research.DescentIntervals.Batch017.bounds_7_41' does not depend on any axioms
'Collatz.Research.DescentIntervals.Batch017.exact_7_41' depends on axioms: [propext, Classical.choice, Quot.sound]
'Collatz.Research.DescentIntervals.Batch017.data_7_41' does not depend on any axioms
'Collatz.Research.DescentIntervals.Batch017.endpoint_7_41' depends on axioms: [propext, Quot.sound]
'Collatz.Research.DescentIntervals.Batch017.bounds_7_42' does not depend on any axioms
'Collatz.Research.DescentIntervals.Batch017.exact_7_42' depends on axioms: [propext, Classical.choice, Quot.sound]
'Collatz.Research.DescentIntervals.Batch017.data_7_42' does not depend on any axioms
'Collatz.Research.DescentIntervals.Batch017.endpoint_7_42' depends on axioms: [propext, Quot.sound]
'Collatz.Research.DescentIntervals.Batch017.bounds_7_43' does not depend on any axioms
'Collatz.Research.DescentIntervals.Batch017.exact_7_43' depends on axioms: [propext, Classical.choice, Quot.sound]
'Collatz.Research.DescentIntervals.Batch017.data_7_43' does not depend on any axioms
'Collatz.Research.DescentIntervals.Batch017.endpoint_7_43' depends on axioms: [propext, Quot.sound]
'Collatz.Research.DescentIntervals.Batch017.bounds_7_44' does not depend on any axioms
'Collatz.Research.DescentIntervals.Batch017.exact_7_44' depends on axioms: [propext, Classical.choice, Quot.sound]
'Collatz.Research.DescentIntervals.Batch017.data_7_44' does not depend on any axioms
'Collatz.Research.DescentIntervals.Batch017.endpoint_7_44' depends on axioms: [propext, Quot.sound]
'Collatz.Research.DescentIntervals.Batch017.bounds_7_45' does not depend on any axioms
'Collatz.Research.DescentIntervals.Batch017.exact_7_45' depends on axioms: [propext, Classical.choice, Quot.sound]
'Collatz.Research.DescentIntervals.Batch017.data_7_45' does not depend on any axioms
'Collatz.Research.DescentIntervals.Batch017.endpoint_7_45' depends on axioms: [propext, Quot.sound]
'Collatz.Research.DescentIntervals.Batch017.bounds_7_46' does not depend on any axioms
'Collatz.Research.DescentIntervals.Batch017.exact_7_46' depends on axioms: [propext, Classical.choice, Quot.sound]
'Collatz.Research.DescentIntervals.Batch017.data_7_46' does not depend on any axioms
'Collatz.Research.DescentIntervals.Batch017.endpoint_7_46' depends on axioms: [propext, Quot.sound]
'Collatz.Research.DescentIntervals.Batch018.bounds_7_47' does not depend on any axioms
'Collatz.Research.DescentIntervals.Batch018.exact_7_47' depends on axioms: [propext, Classical.choice, Quot.sound]
'Collatz.Research.DescentIntervals.Batch018.data_7_47' does not depend on any axioms
'Collatz.Research.DescentIntervals.Batch018.endpoint_7_47' depends on axioms: [propext, Quot.sound]
'Collatz.Research.DescentIntervals.Batch018.bounds_7_48' does not depend on any axioms
'Collatz.Research.DescentIntervals.Batch018.exact_7_48' depends on axioms: [propext, Classical.choice, Quot.sound]
'Collatz.Research.DescentIntervals.Batch018.data_7_48' does not depend on any axioms
'Collatz.Research.DescentIntervals.Batch018.endpoint_7_48' depends on axioms: [propext, Quot.sound]
'Collatz.Research.DescentIntervals.Batch018.bounds_7_49' does not depend on any axioms
'Collatz.Research.DescentIntervals.Batch018.exact_7_49' depends on axioms: [propext, Classical.choice, Quot.sound]
'Collatz.Research.DescentIntervals.Batch018.data_7_49' does not depend on any axioms
'Collatz.Research.DescentIntervals.Batch018.endpoint_7_49' depends on axioms: [propext, Quot.sound]
'Collatz.Research.DescentIntervals.Batch018.bounds_7_50' does not depend on any axioms
'Collatz.Research.DescentIntervals.Batch018.exact_7_50' depends on axioms: [propext, Classical.choice, Quot.sound]
'Collatz.Research.DescentIntervals.Batch018.data_7_50' does not depend on any axioms
'Collatz.Research.DescentIntervals.Batch018.endpoint_7_50' depends on axioms: [propext, Quot.sound]
'Collatz.Research.DescentIntervals.Batch018.bounds_7_51' does not depend on any axioms
'Collatz.Research.DescentIntervals.Batch018.exact_7_51' depends on axioms: [propext, Classical.choice, Quot.sound]
'Collatz.Research.DescentIntervals.Batch018.data_7_51' does not depend on any axioms
'Collatz.Research.DescentIntervals.Batch018.endpoint_7_51' depends on axioms: [propext, Quot.sound]
'Collatz.Research.DescentIntervals.Batch018.bounds_7_52' does not depend on any axioms
'Collatz.Research.DescentIntervals.Batch018.exact_7_52' depends on axioms: [propext, Classical.choice, Quot.sound]
'Collatz.Research.DescentIntervals.Batch018.data_7_52' does not depend on any axioms
'Collatz.Research.DescentIntervals.Batch018.endpoint_7_52' depends on axioms: [propext, Quot.sound]
'Collatz.Research.DescentIntervals.Batch018.bounds_7_53' does not depend on any axioms
'Collatz.Research.DescentIntervals.Batch018.exact_7_53' depends on axioms: [propext, Classical.choice, Quot.sound]
'Collatz.Research.DescentIntervals.Batch018.data_7_53' does not depend on any axioms
'Collatz.Research.DescentIntervals.Batch018.endpoint_7_53' depends on axioms: [propext, Quot.sound]
'Collatz.Research.DescentIntervals.Batch018.bounds_7_54' does not depend on any axioms
'Collatz.Research.DescentIntervals.Batch018.exact_7_54' depends on axioms: [propext, Classical.choice, Quot.sound]
'Collatz.Research.DescentIntervals.Batch018.data_7_54' does not depend on any axioms
'Collatz.Research.DescentIntervals.Batch018.endpoint_7_54' depends on axioms: [propext, Quot.sound]
'Collatz.Research.DescentIntervals.Batch018.bounds_7_55' does not depend on any axioms
'Collatz.Research.DescentIntervals.Batch018.exact_7_55' depends on axioms: [propext, Classical.choice, Quot.sound]
'Collatz.Research.DescentIntervals.Batch018.data_7_55' does not depend on any axioms
'Collatz.Research.DescentIntervals.Batch018.endpoint_7_55' depends on axioms: [propext, Quot.sound]
'Collatz.Research.DescentIntervals.Batch018.bounds_7_56' does not depend on any axioms
'Collatz.Research.DescentIntervals.Batch018.exact_7_56' depends on axioms: [propext, Classical.choice, Quot.sound]
'Collatz.Research.DescentIntervals.Batch018.data_7_56' does not depend on any axioms
'Collatz.Research.DescentIntervals.Batch018.endpoint_7_56' depends on axioms: [propext, Quot.sound]
'Collatz.Research.DescentIntervals.Batch019.bounds_7_57' does not depend on any axioms
'Collatz.Research.DescentIntervals.Batch019.exact_7_57' depends on axioms: [propext, Classical.choice, Quot.sound]
'Collatz.Research.DescentIntervals.Batch019.data_7_57' does not depend on any axioms
'Collatz.Research.DescentIntervals.Batch019.endpoint_7_57' depends on axioms: [propext, Quot.sound]
'Collatz.Research.DescentIntervals.Batch019.bounds_7_58' does not depend on any axioms
'Collatz.Research.DescentIntervals.Batch019.exact_7_58' depends on axioms: [propext, Classical.choice, Quot.sound]
'Collatz.Research.DescentIntervals.Batch019.data_7_58' does not depend on any axioms
'Collatz.Research.DescentIntervals.Batch019.endpoint_7_58' depends on axioms: [propext, Quot.sound]
'Collatz.Research.DescentIntervals.Batch019.bounds_7_59' does not depend on any axioms
'Collatz.Research.DescentIntervals.Batch019.exact_7_59' depends on axioms: [propext, Classical.choice, Quot.sound]
'Collatz.Research.DescentIntervals.Batch019.data_7_59' does not depend on any axioms
'Collatz.Research.DescentIntervals.Batch019.endpoint_7_59' depends on axioms: [propext, Quot.sound]
'Collatz.Research.DescentIntervals.Batch019.bounds_7_60' does not depend on any axioms
'Collatz.Research.DescentIntervals.Batch019.exact_7_60' depends on axioms: [propext, Classical.choice, Quot.sound]
'Collatz.Research.DescentIntervals.Batch019.data_7_60' does not depend on any axioms
'Collatz.Research.DescentIntervals.Batch019.endpoint_7_60' depends on axioms: [propext, Quot.sound]
'Collatz.Research.DescentIntervals.Batch019.bounds_7_61' does not depend on any axioms
'Collatz.Research.DescentIntervals.Batch019.exact_7_61' depends on axioms: [propext, Classical.choice, Quot.sound]
'Collatz.Research.DescentIntervals.Batch019.data_7_61' does not depend on any axioms
'Collatz.Research.DescentIntervals.Batch019.endpoint_7_61' depends on axioms: [propext, Quot.sound]
'Collatz.Research.DescentIntervals.Batch019.bounds_7_62' does not depend on any axioms
'Collatz.Research.DescentIntervals.Batch019.exact_7_62' depends on axioms: [propext, Classical.choice, Quot.sound]
'Collatz.Research.DescentIntervals.Batch019.data_7_62' does not depend on any axioms
'Collatz.Research.DescentIntervals.Batch019.endpoint_7_62' depends on axioms: [propext, Quot.sound]
'Collatz.Research.DescentIntervals.Batch019.bounds_7_63' does not depend on any axioms
'Collatz.Research.DescentIntervals.Batch019.exact_7_63' depends on axioms: [propext, Classical.choice, Quot.sound]
'Collatz.Research.DescentIntervals.Batch019.data_7_63' does not depend on any axioms
'Collatz.Research.DescentIntervals.Batch019.endpoint_7_63' depends on axioms: [propext, Quot.sound]
'Collatz.Research.DescentIntervals.Batch019.bounds_7_64' does not depend on any axioms
'Collatz.Research.DescentIntervals.Batch019.exact_7_64' depends on axioms: [propext, Classical.choice, Quot.sound]
'Collatz.Research.DescentIntervals.Batch019.data_7_64' does not depend on any axioms
'Collatz.Research.DescentIntervals.Batch019.endpoint_7_64' depends on axioms: [propext, Quot.sound]
'Collatz.Research.DescentIntervals.Batch019.bounds_7_65' does not depend on any axioms
'Collatz.Research.DescentIntervals.Batch019.exact_7_65' depends on axioms: [propext, Classical.choice, Quot.sound]
'Collatz.Research.DescentIntervals.Batch019.data_7_65' does not depend on any axioms
'Collatz.Research.DescentIntervals.Batch019.endpoint_7_65' depends on axioms: [propext, Quot.sound]
'Collatz.Research.DescentIntervals.Batch019.bounds_7_66' does not depend on any axioms
'Collatz.Research.DescentIntervals.Batch019.exact_7_66' depends on axioms: [propext, Classical.choice, Quot.sound]
'Collatz.Research.DescentIntervals.Batch019.data_7_66' does not depend on any axioms
'Collatz.Research.DescentIntervals.Batch019.endpoint_7_66' depends on axioms: [propext, Quot.sound]
'Collatz.Research.DescentIntervals.Batch019.bounds_7_67' does not depend on any axioms
'Collatz.Research.DescentIntervals.Batch019.exact_7_67' depends on axioms: [propext, Classical.choice, Quot.sound]
'Collatz.Research.DescentIntervals.Batch019.data_7_67' does not depend on any axioms
'Collatz.Research.DescentIntervals.Batch019.endpoint_7_67' depends on axioms: [propext, Quot.sound]
'Collatz.Research.DescentIntervals.Batch020.bounds_7_68' does not depend on any axioms
'Collatz.Research.DescentIntervals.Batch020.exact_7_68' depends on axioms: [propext, Classical.choice, Quot.sound]
'Collatz.Research.DescentIntervals.Batch020.data_7_68' does not depend on any axioms
'Collatz.Research.DescentIntervals.Batch020.endpoint_7_68' depends on axioms: [propext, Quot.sound]
'Collatz.Research.DescentIntervals.Batch020.bounds_7_69' does not depend on any axioms
'Collatz.Research.DescentIntervals.Batch020.exact_7_69' depends on axioms: [propext, Classical.choice, Quot.sound]
'Collatz.Research.DescentIntervals.Batch020.data_7_69' does not depend on any axioms
'Collatz.Research.DescentIntervals.Batch020.endpoint_7_69' depends on axioms: [propext, Quot.sound]
'Collatz.Research.DescentIntervals.Batch020.bounds_7_70' does not depend on any axioms
'Collatz.Research.DescentIntervals.Batch020.exact_7_70' depends on axioms: [propext, Classical.choice, Quot.sound]
'Collatz.Research.DescentIntervals.Batch020.data_7_70' does not depend on any axioms
'Collatz.Research.DescentIntervals.Batch020.endpoint_7_70' depends on axioms: [propext, Quot.sound]
'Collatz.Research.DescentIntervals.Batch020.bounds_7_71' does not depend on any axioms
'Collatz.Research.DescentIntervals.Batch020.exact_7_71' depends on axioms: [propext, Classical.choice, Quot.sound]
'Collatz.Research.DescentIntervals.Batch020.data_7_71' does not depend on any axioms
'Collatz.Research.DescentIntervals.Batch020.endpoint_7_71' depends on axioms: [propext, Quot.sound]
'Collatz.Research.DescentIntervals.Batch020.bounds_7_72' does not depend on any axioms
'Collatz.Research.DescentIntervals.Batch020.exact_7_72' depends on axioms: [propext, Classical.choice, Quot.sound]
'Collatz.Research.DescentIntervals.Batch020.data_7_72' does not depend on any axioms
'Collatz.Research.DescentIntervals.Batch020.endpoint_7_72' depends on axioms: [propext, Quot.sound]
'Collatz.Research.DescentIntervals.Batch020.bounds_7_73' does not depend on any axioms
'Collatz.Research.DescentIntervals.Batch020.exact_7_73' depends on axioms: [propext, Classical.choice, Quot.sound]
'Collatz.Research.DescentIntervals.Batch020.data_7_73' does not depend on any axioms
'Collatz.Research.DescentIntervals.Batch020.endpoint_7_73' depends on axioms: [propext, Quot.sound]
'Collatz.Research.DescentIntervals.Batch020.bounds_7_74' does not depend on any axioms
'Collatz.Research.DescentIntervals.Batch020.exact_7_74' depends on axioms: [propext, Classical.choice, Quot.sound]
'Collatz.Research.DescentIntervals.Batch020.data_7_74' does not depend on any axioms
'Collatz.Research.DescentIntervals.Batch020.endpoint_7_74' depends on axioms: [propext, Quot.sound]
'Collatz.Research.DescentIntervals.Batch020.bounds_7_75' does not depend on any axioms
'Collatz.Research.DescentIntervals.Batch020.exact_7_75' depends on axioms: [propext, Classical.choice, Quot.sound]
'Collatz.Research.DescentIntervals.Batch020.data_7_75' does not depend on any axioms
'Collatz.Research.DescentIntervals.Batch020.endpoint_7_75' depends on axioms: [propext, Quot.sound]
'Collatz.Research.DescentIntervals.Batch020.bounds_7_76' does not depend on any axioms
'Collatz.Research.DescentIntervals.Batch020.exact_7_76' depends on axioms: [propext, Classical.choice, Quot.sound]
'Collatz.Research.DescentIntervals.Batch020.data_7_76' does not depend on any axioms
'Collatz.Research.DescentIntervals.Batch020.endpoint_7_76' depends on axioms: [propext, Quot.sound]
'Collatz.Research.DescentIntervals.Batch020.bounds_7_77' does not depend on any axioms
'Collatz.Research.DescentIntervals.Batch020.exact_7_77' depends on axioms: [propext, Classical.choice, Quot.sound]
'Collatz.Research.DescentIntervals.Batch020.data_7_77' does not depend on any axioms
'Collatz.Research.DescentIntervals.Batch020.endpoint_7_77' depends on axioms: [propext, Quot.sound]
'Collatz.Research.DescentIntervals.Batch021.bounds_7_78' does not depend on any axioms
'Collatz.Research.DescentIntervals.Batch021.exact_7_78' depends on axioms: [propext, Classical.choice, Quot.sound]
'Collatz.Research.DescentIntervals.Batch021.data_7_78' does not depend on any axioms
'Collatz.Research.DescentIntervals.Batch021.endpoint_7_78' depends on axioms: [propext, Quot.sound]
'Collatz.Research.DescentIntervals.Batch021.bounds_7_79' does not depend on any axioms
'Collatz.Research.DescentIntervals.Batch021.exact_7_79' depends on axioms: [propext, Classical.choice, Quot.sound]
'Collatz.Research.DescentIntervals.Batch021.data_7_79' does not depend on any axioms
'Collatz.Research.DescentIntervals.Batch021.endpoint_7_79' depends on axioms: [propext, Quot.sound]
'Collatz.Research.DescentIntervals.Batch021.bounds_7_80' does not depend on any axioms
'Collatz.Research.DescentIntervals.Batch021.exact_7_80' depends on axioms: [propext, Classical.choice, Quot.sound]
'Collatz.Research.DescentIntervals.Batch021.data_7_80' does not depend on any axioms
'Collatz.Research.DescentIntervals.Batch021.endpoint_7_80' depends on axioms: [propext, Quot.sound]
'Collatz.Research.DescentIntervals.Batch021.bounds_7_81' does not depend on any axioms
'Collatz.Research.DescentIntervals.Batch021.exact_7_81' depends on axioms: [propext, Classical.choice, Quot.sound]
'Collatz.Research.DescentIntervals.Batch021.data_7_81' does not depend on any axioms
'Collatz.Research.DescentIntervals.Batch021.endpoint_7_81' depends on axioms: [propext, Quot.sound]
'Collatz.Research.DescentIntervals.Batch021.bounds_7_82' does not depend on any axioms
'Collatz.Research.DescentIntervals.Batch021.exact_7_82' depends on axioms: [propext, Classical.choice, Quot.sound]
'Collatz.Research.DescentIntervals.Batch021.data_7_82' does not depend on any axioms
'Collatz.Research.DescentIntervals.Batch021.endpoint_7_82' depends on axioms: [propext, Quot.sound]
'Collatz.Research.DescentIntervals.Batch021.bounds_7_83' does not depend on any axioms
'Collatz.Research.DescentIntervals.Batch021.exact_7_83' depends on axioms: [propext, Classical.choice, Quot.sound]
'Collatz.Research.DescentIntervals.Batch021.data_7_83' does not depend on any axioms
'Collatz.Research.DescentIntervals.Batch021.endpoint_7_83' depends on axioms: [propext, Quot.sound]
'Collatz.Research.DescentIntervals.Batch021.bounds_7_84' does not depend on any axioms
'Collatz.Research.DescentIntervals.Batch021.exact_7_84' depends on axioms: [propext, Classical.choice, Quot.sound]
'Collatz.Research.DescentIntervals.Batch021.data_7_84' does not depend on any axioms
'Collatz.Research.DescentIntervals.Batch021.endpoint_7_84' depends on axioms: [propext, Quot.sound]
'Collatz.Research.DescentIntervals.Batch021.bounds_7_85' does not depend on any axioms
'Collatz.Research.DescentIntervals.Batch021.exact_7_85' depends on axioms: [propext, Classical.choice, Quot.sound]
'Collatz.Research.DescentIntervals.Batch021.data_7_85' does not depend on any axioms
'Collatz.Research.DescentIntervals.Batch021.endpoint_7_85' depends on axioms: [propext, Quot.sound]
'Collatz.Research.DescentIntervals.Batch021.bounds_7_86' does not depend on any axioms
'Collatz.Research.DescentIntervals.Batch021.exact_7_86' depends on axioms: [propext, Classical.choice, Quot.sound]
'Collatz.Research.DescentIntervals.Batch021.data_7_86' does not depend on any axioms
'Collatz.Research.DescentIntervals.Batch021.endpoint_7_86' depends on axioms: [propext, Quot.sound]
'Collatz.Research.DescentIntervals.Batch021.bounds_7_87' does not depend on any axioms
'Collatz.Research.DescentIntervals.Batch021.exact_7_87' depends on axioms: [propext, Classical.choice, Quot.sound]
'Collatz.Research.DescentIntervals.Batch021.data_7_87' does not depend on any axioms
'Collatz.Research.DescentIntervals.Batch021.endpoint_7_87' depends on axioms: [propext, Quot.sound]
'Collatz.Research.DescentIntervals.Batch022.bounds_7_88' does not depend on any axioms
'Collatz.Research.DescentIntervals.Batch022.exact_7_88' depends on axioms: [propext, Classical.choice, Quot.sound]
'Collatz.Research.DescentIntervals.Batch022.data_7_88' does not depend on any axioms
'Collatz.Research.DescentIntervals.Batch022.endpoint_7_88' depends on axioms: [propext, Quot.sound]
'Collatz.Research.DescentIntervals.Batch022.bounds_7_89' does not depend on any axioms
'Collatz.Research.DescentIntervals.Batch022.exact_7_89' depends on axioms: [propext, Classical.choice, Quot.sound]
'Collatz.Research.DescentIntervals.Batch022.data_7_89' does not depend on any axioms
'Collatz.Research.DescentIntervals.Batch022.endpoint_7_89' depends on axioms: [propext, Quot.sound]
'Collatz.Research.DescentIntervals.Batch022.bounds_7_90' does not depend on any axioms
'Collatz.Research.DescentIntervals.Batch022.exact_7_90' depends on axioms: [propext, Classical.choice, Quot.sound]
'Collatz.Research.DescentIntervals.Batch022.data_7_90' does not depend on any axioms
'Collatz.Research.DescentIntervals.Batch022.endpoint_7_90' depends on axioms: [propext, Quot.sound]
'Collatz.Research.DescentIntervals.Batch022.bounds_7_91' does not depend on any axioms
'Collatz.Research.DescentIntervals.Batch022.exact_7_91' depends on axioms: [propext, Classical.choice, Quot.sound]
'Collatz.Research.DescentIntervals.Batch022.data_7_91' does not depend on any axioms
'Collatz.Research.DescentIntervals.Batch022.endpoint_7_91' depends on axioms: [propext, Quot.sound]
'Collatz.Research.DescentIntervals.Batch022.bounds_7_92' does not depend on any axioms
'Collatz.Research.DescentIntervals.Batch022.exact_7_92' depends on axioms: [propext, Classical.choice, Quot.sound]
'Collatz.Research.DescentIntervals.Batch022.data_7_92' does not depend on any axioms
'Collatz.Research.DescentIntervals.Batch022.endpoint_7_92' depends on axioms: [propext, Quot.sound]
'Collatz.Research.DescentIntervals.Batch022.bounds_7_93' does not depend on any axioms
'Collatz.Research.DescentIntervals.Batch022.exact_7_93' depends on axioms: [propext, Classical.choice, Quot.sound]
'Collatz.Research.DescentIntervals.Batch022.data_7_93' does not depend on any axioms
'Collatz.Research.DescentIntervals.Batch022.endpoint_7_93' depends on axioms: [propext, Quot.sound]
'Collatz.Research.DescentIntervals.Batch022.bounds_7_94' does not depend on any axioms
'Collatz.Research.DescentIntervals.Batch022.exact_7_94' depends on axioms: [propext, Classical.choice, Quot.sound]
'Collatz.Research.DescentIntervals.Batch022.data_7_94' does not depend on any axioms
'Collatz.Research.DescentIntervals.Batch022.endpoint_7_94' depends on axioms: [propext, Quot.sound]
'Collatz.Research.DescentIntervals.Batch022.bounds_7_95' does not depend on any axioms
'Collatz.Research.DescentIntervals.Batch022.exact_7_95' depends on axioms: [propext, Classical.choice, Quot.sound]
'Collatz.Research.DescentIntervals.Batch022.data_7_95' does not depend on any axioms
'Collatz.Research.DescentIntervals.Batch022.endpoint_7_95' depends on axioms: [propext, Quot.sound]
'Collatz.Research.DescentIntervals.Batch022.bounds_7_96' does not depend on any axioms
'Collatz.Research.DescentIntervals.Batch022.exact_7_96' depends on axioms: [propext, Classical.choice, Quot.sound]
'Collatz.Research.DescentIntervals.Batch022.data_7_96' does not depend on any axioms
'Collatz.Research.DescentIntervals.Batch022.endpoint_7_96' depends on axioms: [propext, Quot.sound]
'Collatz.Research.DescentIntervals.Batch022.bounds_7_97' does not depend on any axioms
'Collatz.Research.DescentIntervals.Batch022.exact_7_97' depends on axioms: [propext, Classical.choice, Quot.sound]
'Collatz.Research.DescentIntervals.Batch022.data_7_97' does not depend on any axioms
'Collatz.Research.DescentIntervals.Batch022.endpoint_7_97' depends on axioms: [propext, Quot.sound]
'Collatz.Research.DescentIntervals.Batch023.bounds_7_98' does not depend on any axioms
'Collatz.Research.DescentIntervals.Batch023.exact_7_98' depends on axioms: [propext, Classical.choice, Quot.sound]
'Collatz.Research.DescentIntervals.Batch023.data_7_98' does not depend on any axioms
'Collatz.Research.DescentIntervals.Batch023.endpoint_7_98' depends on axioms: [propext, Quot.sound]
'Collatz.Research.DescentIntervals.Batch023.bounds_7_99' does not depend on any axioms
'Collatz.Research.DescentIntervals.Batch023.exact_7_99' depends on axioms: [propext, Classical.choice, Quot.sound]
'Collatz.Research.DescentIntervals.Batch023.data_7_99' does not depend on any axioms
'Collatz.Research.DescentIntervals.Batch023.endpoint_7_99' depends on axioms: [propext, Quot.sound]
'Collatz.Research.DescentIntervals.Batch023.bounds_7_100' does not depend on any axioms
'Collatz.Research.DescentIntervals.Batch023.exact_7_100' depends on axioms: [propext, Classical.choice, Quot.sound]
'Collatz.Research.DescentIntervals.Batch023.data_7_100' does not depend on any axioms
'Collatz.Research.DescentIntervals.Batch023.endpoint_7_100' depends on axioms: [propext, Quot.sound]
'Collatz.Research.DescentIntervals.Batch023.bounds_7_101' does not depend on any axioms
'Collatz.Research.DescentIntervals.Batch023.exact_7_101' depends on axioms: [propext, Classical.choice, Quot.sound]
'Collatz.Research.DescentIntervals.Batch023.data_7_101' does not depend on any axioms
'Collatz.Research.DescentIntervals.Batch023.endpoint_7_101' depends on axioms: [propext, Quot.sound]
'Collatz.Research.DescentIntervals.Batch023.bounds_7_102' does not depend on any axioms
'Collatz.Research.DescentIntervals.Batch023.exact_7_102' depends on axioms: [propext, Classical.choice, Quot.sound]
'Collatz.Research.DescentIntervals.Batch023.data_7_102' does not depend on any axioms
'Collatz.Research.DescentIntervals.Batch023.endpoint_7_102' depends on axioms: [propext, Quot.sound]
'Collatz.Research.DescentIntervals.Batch023.bounds_7_103' does not depend on any axioms
'Collatz.Research.DescentIntervals.Batch023.exact_7_103' depends on axioms: [propext, Classical.choice, Quot.sound]
'Collatz.Research.DescentIntervals.Batch023.data_7_103' does not depend on any axioms
'Collatz.Research.DescentIntervals.Batch023.endpoint_7_103' depends on axioms: [propext, Quot.sound]
'Collatz.Research.DescentIntervals.Batch023.bounds_7_104' does not depend on any axioms
'Collatz.Research.DescentIntervals.Batch023.exact_7_104' depends on axioms: [propext, Classical.choice, Quot.sound]
'Collatz.Research.DescentIntervals.Batch023.data_7_104' does not depend on any axioms
'Collatz.Research.DescentIntervals.Batch023.endpoint_7_104' depends on axioms: [propext, Quot.sound]
'Collatz.Research.DescentIntervals.Batch023.bounds_7_105' does not depend on any axioms
'Collatz.Research.DescentIntervals.Batch023.exact_7_105' depends on axioms: [propext, Classical.choice, Quot.sound]
'Collatz.Research.DescentIntervals.Batch023.data_7_105' does not depend on any axioms
'Collatz.Research.DescentIntervals.Batch023.endpoint_7_105' depends on axioms: [propext, Quot.sound]
'Collatz.Research.DescentIntervals.Batch023.bounds_7_106' does not depend on any axioms
'Collatz.Research.DescentIntervals.Batch023.exact_7_106' depends on axioms: [propext, Classical.choice, Quot.sound]
'Collatz.Research.DescentIntervals.Batch023.data_7_106' does not depend on any axioms
'Collatz.Research.DescentIntervals.Batch023.endpoint_7_106' depends on axioms: [propext, Quot.sound]
'Collatz.Research.DescentIntervals.Batch023.bounds_7_107' does not depend on any axioms
'Collatz.Research.DescentIntervals.Batch023.exact_7_107' depends on axioms: [propext, Classical.choice, Quot.sound]
'Collatz.Research.DescentIntervals.Batch023.data_7_107' does not depend on any axioms
'Collatz.Research.DescentIntervals.Batch023.endpoint_7_107' depends on axioms: [propext, Quot.sound]
'Collatz.Research.DescentIntervals.Batch023.bounds_7_108' does not depend on any axioms
'Collatz.Research.DescentIntervals.Batch023.exact_7_108' depends on axioms: [propext, Classical.choice, Quot.sound]
'Collatz.Research.DescentIntervals.Batch023.data_7_108' does not depend on any axioms
'Collatz.Research.DescentIntervals.Batch023.endpoint_7_108' depends on axioms: [propext, Quot.sound]
'Collatz.Research.DescentIntervals.Batch024.bounds_7_109' does not depend on any axioms
'Collatz.Research.DescentIntervals.Batch024.exact_7_109' depends on axioms: [propext, Classical.choice, Quot.sound]
'Collatz.Research.DescentIntervals.Batch024.data_7_109' does not depend on any axioms
'Collatz.Research.DescentIntervals.Batch024.endpoint_7_109' depends on axioms: [propext, Quot.sound]
'Collatz.Research.DescentIntervals.Batch024.bounds_7_110' does not depend on any axioms
'Collatz.Research.DescentIntervals.Batch024.exact_7_110' depends on axioms: [propext, Classical.choice, Quot.sound]
'Collatz.Research.DescentIntervals.Batch024.data_7_110' does not depend on any axioms
'Collatz.Research.DescentIntervals.Batch024.endpoint_7_110' depends on axioms: [propext, Quot.sound]
'Collatz.Research.DescentIntervals.Batch024.bounds_7_111' does not depend on any axioms
'Collatz.Research.DescentIntervals.Batch024.exact_7_111' depends on axioms: [propext, Classical.choice, Quot.sound]
'Collatz.Research.DescentIntervals.Batch024.data_7_111' does not depend on any axioms
'Collatz.Research.DescentIntervals.Batch024.endpoint_7_111' depends on axioms: [propext, Quot.sound]
'Collatz.Research.DescentIntervals.Batch024.bounds_7_112' does not depend on any axioms
'Collatz.Research.DescentIntervals.Batch024.exact_7_112' depends on axioms: [propext, Classical.choice, Quot.sound]
'Collatz.Research.DescentIntervals.Batch024.data_7_112' does not depend on any axioms
'Collatz.Research.DescentIntervals.Batch024.endpoint_7_112' depends on axioms: [propext, Quot.sound]
'Collatz.Research.DescentIntervals.Batch024.bounds_7_113' does not depend on any axioms
'Collatz.Research.DescentIntervals.Batch024.exact_7_113' depends on axioms: [propext, Classical.choice, Quot.sound]
'Collatz.Research.DescentIntervals.Batch024.data_7_113' does not depend on any axioms
'Collatz.Research.DescentIntervals.Batch024.endpoint_7_113' depends on axioms: [propext, Quot.sound]
'Collatz.Research.DescentIntervals.Batch024.bounds_7_114' does not depend on any axioms
'Collatz.Research.DescentIntervals.Batch024.exact_7_114' depends on axioms: [propext, Classical.choice, Quot.sound]
'Collatz.Research.DescentIntervals.Batch024.data_7_114' does not depend on any axioms
'Collatz.Research.DescentIntervals.Batch024.endpoint_7_114' depends on axioms: [propext, Quot.sound]
'Collatz.Research.DescentIntervals.Batch024.bounds_7_115' does not depend on any axioms
'Collatz.Research.DescentIntervals.Batch024.exact_7_115' depends on axioms: [propext, Classical.choice, Quot.sound]
'Collatz.Research.DescentIntervals.Batch024.data_7_115' does not depend on any axioms
'Collatz.Research.DescentIntervals.Batch024.endpoint_7_115' depends on axioms: [propext, Quot.sound]
'Collatz.Research.DescentIntervals.Batch024.bounds_7_116' does not depend on any axioms
'Collatz.Research.DescentIntervals.Batch024.exact_7_116' depends on axioms: [propext, Classical.choice, Quot.sound]
'Collatz.Research.DescentIntervals.Batch024.data_7_116' does not depend on any axioms
'Collatz.Research.DescentIntervals.Batch024.endpoint_7_116' depends on axioms: [propext, Quot.sound]
'Collatz.Research.DescentIntervals.Batch024.bounds_7_117' does not depend on any axioms
'Collatz.Research.DescentIntervals.Batch024.exact_7_117' depends on axioms: [propext, Classical.choice, Quot.sound]
'Collatz.Research.DescentIntervals.Batch024.data_7_117' does not depend on any axioms
'Collatz.Research.DescentIntervals.Batch024.endpoint_7_117' depends on axioms: [propext, Quot.sound]
'Collatz.Research.DescentIntervals.Batch024.bounds_7_118' does not depend on any axioms
'Collatz.Research.DescentIntervals.Batch024.exact_7_118' depends on axioms: [propext, Classical.choice, Quot.sound]
'Collatz.Research.DescentIntervals.Batch024.data_7_118' does not depend on any axioms
'Collatz.Research.DescentIntervals.Batch024.endpoint_7_118' depends on axioms: [propext, Quot.sound]
'Collatz.Research.DescentIntervals.Batch025.bounds_7_119' does not depend on any axioms
'Collatz.Research.DescentIntervals.Batch025.exact_7_119' depends on axioms: [propext, Classical.choice, Quot.sound]
'Collatz.Research.DescentIntervals.Batch025.data_7_119' does not depend on any axioms
'Collatz.Research.DescentIntervals.Batch025.endpoint_7_119' depends on axioms: [propext, Quot.sound]
'Collatz.Research.DescentIntervals.Batch025.bounds_7_120' does not depend on any axioms
'Collatz.Research.DescentIntervals.Batch025.exact_7_120' depends on axioms: [propext, Classical.choice, Quot.sound]
'Collatz.Research.DescentIntervals.Batch025.data_7_120' does not depend on any axioms
'Collatz.Research.DescentIntervals.Batch025.endpoint_7_120' depends on axioms: [propext, Quot.sound]
'Collatz.Research.DescentIntervals.Batch025.bounds_7_121' does not depend on any axioms
'Collatz.Research.DescentIntervals.Batch025.exact_7_121' depends on axioms: [propext, Classical.choice, Quot.sound]
'Collatz.Research.DescentIntervals.Batch025.data_7_121' does not depend on any axioms
'Collatz.Research.DescentIntervals.Batch025.endpoint_7_121' depends on axioms: [propext, Quot.sound]
'Collatz.Research.DescentIntervals.Batch025.bounds_7_122' does not depend on any axioms
'Collatz.Research.DescentIntervals.Batch025.exact_7_122' depends on axioms: [propext, Classical.choice, Quot.sound]
'Collatz.Research.DescentIntervals.Batch025.data_7_122' does not depend on any axioms
'Collatz.Research.DescentIntervals.Batch025.endpoint_7_122' depends on axioms: [propext, Quot.sound]
'Collatz.Research.DescentIntervals.Batch025.bounds_7_123' does not depend on any axioms
'Collatz.Research.DescentIntervals.Batch025.exact_7_123' depends on axioms: [propext, Classical.choice, Quot.sound]
'Collatz.Research.DescentIntervals.Batch025.data_7_123' does not depend on any axioms
'Collatz.Research.DescentIntervals.Batch025.endpoint_7_123' depends on axioms: [propext, Quot.sound]
'Collatz.Research.DescentIntervals.Batch025.bounds_7_124' does not depend on any axioms
'Collatz.Research.DescentIntervals.Batch025.exact_7_124' depends on axioms: [propext, Classical.choice, Quot.sound]
'Collatz.Research.DescentIntervals.Batch025.data_7_124' does not depend on any axioms
'Collatz.Research.DescentIntervals.Batch025.endpoint_7_124' depends on axioms: [propext, Quot.sound]
'Collatz.Research.DescentIntervals.Batch025.bounds_7_125' does not depend on any axioms
'Collatz.Research.DescentIntervals.Batch025.exact_7_125' depends on axioms: [propext, Classical.choice, Quot.sound]
'Collatz.Research.DescentIntervals.Batch025.data_7_125' does not depend on any axioms
'Collatz.Research.DescentIntervals.Batch025.endpoint_7_125' depends on axioms: [propext, Quot.sound]
'Collatz.Research.DescentIntervals.Batch025.bounds_7_126' does not depend on any axioms
'Collatz.Research.DescentIntervals.Batch025.exact_7_126' depends on axioms: [propext, Classical.choice, Quot.sound]
'Collatz.Research.DescentIntervals.Batch025.data_7_126' does not depend on any axioms
'Collatz.Research.DescentIntervals.Batch025.endpoint_7_126' depends on axioms: [propext, Quot.sound]
'Collatz.Research.DescentIntervals.Batch025.bounds_7_127' does not depend on any axioms
'Collatz.Research.DescentIntervals.Batch025.exact_7_127' depends on axioms: [propext, Classical.choice, Quot.sound]
'Collatz.Research.DescentIntervals.Batch025.data_7_127' does not depend on any axioms
'Collatz.Research.DescentIntervals.Batch025.endpoint_7_127' depends on axioms: [propext, Quot.sound]
'Collatz.Research.DescentIntervals.Batch025.bounds_8_0' does not depend on any axioms
'Collatz.Research.DescentIntervals.Batch025.exact_8_0' depends on axioms: [propext, Classical.choice, Quot.sound]
'Collatz.Research.DescentIntervals.Batch025.data_8_0' does not depend on any axioms
'Collatz.Research.DescentIntervals.Batch025.endpoint_8_0' depends on axioms: [propext, Quot.sound]
'Collatz.Research.DescentIntervals.Batch026.bounds_8_1' does not depend on any axioms
'Collatz.Research.DescentIntervals.Batch026.exact_8_1' depends on axioms: [propext, Classical.choice, Quot.sound]
'Collatz.Research.DescentIntervals.Batch026.data_8_1' does not depend on any axioms
'Collatz.Research.DescentIntervals.Batch026.endpoint_8_1' depends on axioms: [propext, Quot.sound]
'Collatz.Research.DescentIntervals.Batch026.bounds_8_2' does not depend on any axioms
'Collatz.Research.DescentIntervals.Batch026.exact_8_2' depends on axioms: [propext, Classical.choice, Quot.sound]
'Collatz.Research.DescentIntervals.Batch026.data_8_2' does not depend on any axioms
'Collatz.Research.DescentIntervals.Batch026.endpoint_8_2' depends on axioms: [propext, Quot.sound]
'Collatz.Research.DescentIntervals.Batch026.bounds_8_3' does not depend on any axioms
'Collatz.Research.DescentIntervals.Batch026.exact_8_3' depends on axioms: [propext, Classical.choice, Quot.sound]
'Collatz.Research.DescentIntervals.Batch026.data_8_3' does not depend on any axioms
'Collatz.Research.DescentIntervals.Batch026.endpoint_8_3' depends on axioms: [propext, Quot.sound]
'Collatz.Research.DescentIntervals.Batch026.bounds_8_4' does not depend on any axioms
'Collatz.Research.DescentIntervals.Batch026.exact_8_4' depends on axioms: [propext, Classical.choice, Quot.sound]
'Collatz.Research.DescentIntervals.Batch026.data_8_4' does not depend on any axioms
'Collatz.Research.DescentIntervals.Batch026.endpoint_8_4' depends on axioms: [propext, Quot.sound]
'Collatz.Research.DescentIntervals.Batch026.bounds_8_5' does not depend on any axioms
'Collatz.Research.DescentIntervals.Batch026.exact_8_5' depends on axioms: [propext, Classical.choice, Quot.sound]
'Collatz.Research.DescentIntervals.Batch026.data_8_5' does not depend on any axioms
'Collatz.Research.DescentIntervals.Batch026.endpoint_8_5' depends on axioms: [propext, Quot.sound]
'Collatz.Research.DescentIntervals.Batch026.bounds_8_6' does not depend on any axioms
'Collatz.Research.DescentIntervals.Batch026.exact_8_6' depends on axioms: [propext, Classical.choice, Quot.sound]
'Collatz.Research.DescentIntervals.Batch026.data_8_6' does not depend on any axioms
'Collatz.Research.DescentIntervals.Batch026.endpoint_8_6' depends on axioms: [propext, Quot.sound]
'Collatz.Research.DescentIntervals.Batch026.bounds_8_7' does not depend on any axioms
'Collatz.Research.DescentIntervals.Batch026.exact_8_7' depends on axioms: [propext, Classical.choice, Quot.sound]
'Collatz.Research.DescentIntervals.Batch026.data_8_7' does not depend on any axioms
'Collatz.Research.DescentIntervals.Batch026.endpoint_8_7' depends on axioms: [propext, Quot.sound]
'Collatz.Research.DescentIntervals.Batch026.bounds_8_8' does not depend on any axioms
'Collatz.Research.DescentIntervals.Batch026.exact_8_8' depends on axioms: [propext, Classical.choice, Quot.sound]
'Collatz.Research.DescentIntervals.Batch026.data_8_8' does not depend on any axioms
'Collatz.Research.DescentIntervals.Batch026.endpoint_8_8' depends on axioms: [propext, Quot.sound]
'Collatz.Research.DescentIntervals.Batch026.bounds_8_9' does not depend on any axioms
'Collatz.Research.DescentIntervals.Batch026.exact_8_9' depends on axioms: [propext, Classical.choice, Quot.sound]
'Collatz.Research.DescentIntervals.Batch026.data_8_9' does not depend on any axioms
'Collatz.Research.DescentIntervals.Batch026.endpoint_8_9' depends on axioms: [propext, Quot.sound]
'Collatz.Research.DescentIntervals.Batch026.bounds_8_10' does not depend on any axioms
'Collatz.Research.DescentIntervals.Batch026.exact_8_10' depends on axioms: [propext, Classical.choice, Quot.sound]
'Collatz.Research.DescentIntervals.Batch026.data_8_10' does not depend on any axioms
'Collatz.Research.DescentIntervals.Batch026.endpoint_8_10' depends on axioms: [propext, Quot.sound]
'Collatz.Research.DescentIntervals.Batch027.bounds_8_11' does not depend on any axioms
'Collatz.Research.DescentIntervals.Batch027.exact_8_11' depends on axioms: [propext, Classical.choice, Quot.sound]
'Collatz.Research.DescentIntervals.Batch027.data_8_11' does not depend on any axioms
'Collatz.Research.DescentIntervals.Batch027.endpoint_8_11' depends on axioms: [propext, Quot.sound]
'Collatz.Research.DescentIntervals.Batch027.bounds_8_12' does not depend on any axioms
'Collatz.Research.DescentIntervals.Batch027.exact_8_12' depends on axioms: [propext, Classical.choice, Quot.sound]
'Collatz.Research.DescentIntervals.Batch027.data_8_12' does not depend on any axioms
'Collatz.Research.DescentIntervals.Batch027.endpoint_8_12' depends on axioms: [propext, Quot.sound]
'Collatz.Research.DescentIntervals.Batch027.bounds_8_13' does not depend on any axioms
'Collatz.Research.DescentIntervals.Batch027.exact_8_13' depends on axioms: [propext, Classical.choice, Quot.sound]
'Collatz.Research.DescentIntervals.Batch027.data_8_13' does not depend on any axioms
'Collatz.Research.DescentIntervals.Batch027.endpoint_8_13' depends on axioms: [propext, Quot.sound]
'Collatz.Research.DescentIntervals.Batch027.bounds_8_14' does not depend on any axioms
'Collatz.Research.DescentIntervals.Batch027.exact_8_14' depends on axioms: [propext, Classical.choice, Quot.sound]
'Collatz.Research.DescentIntervals.Batch027.data_8_14' does not depend on any axioms
'Collatz.Research.DescentIntervals.Batch027.endpoint_8_14' depends on axioms: [propext, Quot.sound]
'Collatz.Research.DescentIntervals.Batch027.bounds_8_15' does not depend on any axioms
'Collatz.Research.DescentIntervals.Batch027.exact_8_15' depends on axioms: [propext, Classical.choice, Quot.sound]
'Collatz.Research.DescentIntervals.Batch027.data_8_15' does not depend on any axioms
'Collatz.Research.DescentIntervals.Batch027.endpoint_8_15' depends on axioms: [propext, Quot.sound]
'Collatz.Research.DescentIntervals.Batch027.bounds_8_16' does not depend on any axioms
'Collatz.Research.DescentIntervals.Batch027.exact_8_16' depends on axioms: [propext, Classical.choice, Quot.sound]
'Collatz.Research.DescentIntervals.Batch027.data_8_16' does not depend on any axioms
'Collatz.Research.DescentIntervals.Batch027.endpoint_8_16' depends on axioms: [propext, Quot.sound]
'Collatz.Research.DescentIntervals.Batch027.bounds_8_17' does not depend on any axioms
'Collatz.Research.DescentIntervals.Batch027.exact_8_17' depends on axioms: [propext, Classical.choice, Quot.sound]
'Collatz.Research.DescentIntervals.Batch027.data_8_17' does not depend on any axioms
'Collatz.Research.DescentIntervals.Batch027.endpoint_8_17' depends on axioms: [propext, Quot.sound]
'Collatz.Research.DescentIntervals.Batch027.bounds_8_18' does not depend on any axioms
'Collatz.Research.DescentIntervals.Batch027.exact_8_18' depends on axioms: [propext, Classical.choice, Quot.sound]
'Collatz.Research.DescentIntervals.Batch027.data_8_18' does not depend on any axioms
'Collatz.Research.DescentIntervals.Batch027.endpoint_8_18' depends on axioms: [propext, Quot.sound]
'Collatz.Research.DescentIntervals.Batch027.bounds_8_19' does not depend on any axioms
'Collatz.Research.DescentIntervals.Batch027.exact_8_19' depends on axioms: [propext, Classical.choice, Quot.sound]
'Collatz.Research.DescentIntervals.Batch027.data_8_19' does not depend on any axioms
'Collatz.Research.DescentIntervals.Batch027.endpoint_8_19' depends on axioms: [propext, Quot.sound]
'Collatz.Research.DescentIntervals.Batch027.bounds_8_20' does not depend on any axioms
'Collatz.Research.DescentIntervals.Batch027.exact_8_20' depends on axioms: [propext, Classical.choice, Quot.sound]
'Collatz.Research.DescentIntervals.Batch027.data_8_20' does not depend on any axioms
'Collatz.Research.DescentIntervals.Batch027.endpoint_8_20' depends on axioms: [propext, Quot.sound]
'Collatz.Research.DescentIntervals.Batch028.bounds_8_21' does not depend on any axioms
'Collatz.Research.DescentIntervals.Batch028.exact_8_21' depends on axioms: [propext, Classical.choice, Quot.sound]
'Collatz.Research.DescentIntervals.Batch028.data_8_21' does not depend on any axioms
'Collatz.Research.DescentIntervals.Batch028.endpoint_8_21' depends on axioms: [propext, Quot.sound]
'Collatz.Research.DescentIntervals.Batch028.bounds_8_22' does not depend on any axioms
'Collatz.Research.DescentIntervals.Batch028.exact_8_22' depends on axioms: [propext, Classical.choice, Quot.sound]
'Collatz.Research.DescentIntervals.Batch028.data_8_22' does not depend on any axioms
'Collatz.Research.DescentIntervals.Batch028.endpoint_8_22' depends on axioms: [propext, Quot.sound]
'Collatz.Research.DescentIntervals.Batch028.bounds_8_23' does not depend on any axioms
'Collatz.Research.DescentIntervals.Batch028.exact_8_23' depends on axioms: [propext, Classical.choice, Quot.sound]
'Collatz.Research.DescentIntervals.Batch028.data_8_23' does not depend on any axioms
'Collatz.Research.DescentIntervals.Batch028.endpoint_8_23' depends on axioms: [propext, Quot.sound]
'Collatz.Research.DescentIntervals.Batch028.bounds_8_24' does not depend on any axioms
'Collatz.Research.DescentIntervals.Batch028.exact_8_24' depends on axioms: [propext, Classical.choice, Quot.sound]
'Collatz.Research.DescentIntervals.Batch028.data_8_24' does not depend on any axioms
'Collatz.Research.DescentIntervals.Batch028.endpoint_8_24' depends on axioms: [propext, Quot.sound]
'Collatz.Research.DescentIntervals.Batch028.bounds_8_25' does not depend on any axioms
'Collatz.Research.DescentIntervals.Batch028.exact_8_25' depends on axioms: [propext, Classical.choice, Quot.sound]
'Collatz.Research.DescentIntervals.Batch028.data_8_25' does not depend on any axioms
'Collatz.Research.DescentIntervals.Batch028.endpoint_8_25' depends on axioms: [propext, Quot.sound]
'Collatz.Research.DescentIntervals.Batch028.bounds_8_26' does not depend on any axioms
'Collatz.Research.DescentIntervals.Batch028.exact_8_26' depends on axioms: [propext, Classical.choice, Quot.sound]
'Collatz.Research.DescentIntervals.Batch028.data_8_26' does not depend on any axioms
'Collatz.Research.DescentIntervals.Batch028.endpoint_8_26' depends on axioms: [propext, Quot.sound]
'Collatz.Research.DescentIntervals.Batch028.bounds_8_27' does not depend on any axioms
'Collatz.Research.DescentIntervals.Batch028.exact_8_27' depends on axioms: [propext, Classical.choice, Quot.sound]
'Collatz.Research.DescentIntervals.Batch028.data_8_27' does not depend on any axioms
'Collatz.Research.DescentIntervals.Batch028.endpoint_8_27' depends on axioms: [propext, Quot.sound]
'Collatz.Research.DescentIntervals.Batch028.bounds_8_28' does not depend on any axioms
'Collatz.Research.DescentIntervals.Batch028.exact_8_28' depends on axioms: [propext, Classical.choice, Quot.sound]
'Collatz.Research.DescentIntervals.Batch028.data_8_28' does not depend on any axioms
'Collatz.Research.DescentIntervals.Batch028.endpoint_8_28' depends on axioms: [propext, Quot.sound]
'Collatz.Research.DescentIntervals.Batch028.bounds_8_29' does not depend on any axioms
'Collatz.Research.DescentIntervals.Batch028.exact_8_29' depends on axioms: [propext, Classical.choice, Quot.sound]
'Collatz.Research.DescentIntervals.Batch028.data_8_29' does not depend on any axioms
'Collatz.Research.DescentIntervals.Batch028.endpoint_8_29' depends on axioms: [propext, Quot.sound]
'Collatz.Research.DescentIntervals.Batch028.bounds_8_30' does not depend on any axioms
'Collatz.Research.DescentIntervals.Batch028.exact_8_30' depends on axioms: [propext, Classical.choice, Quot.sound]
'Collatz.Research.DescentIntervals.Batch028.data_8_30' does not depend on any axioms
'Collatz.Research.DescentIntervals.Batch028.endpoint_8_30' depends on axioms: [propext, Quot.sound]
'Collatz.Research.DescentIntervals.Batch028.bounds_8_31' does not depend on any axioms
'Collatz.Research.DescentIntervals.Batch028.exact_8_31' depends on axioms: [propext, Classical.choice, Quot.sound]
'Collatz.Research.DescentIntervals.Batch028.data_8_31' does not depend on any axioms
'Collatz.Research.DescentIntervals.Batch028.endpoint_8_31' depends on axioms: [propext, Quot.sound]
'Collatz.Research.DescentIntervals.Batch029.bounds_8_32' does not depend on any axioms
'Collatz.Research.DescentIntervals.Batch029.exact_8_32' depends on axioms: [propext, Classical.choice, Quot.sound]
'Collatz.Research.DescentIntervals.Batch029.data_8_32' does not depend on any axioms
'Collatz.Research.DescentIntervals.Batch029.endpoint_8_32' depends on axioms: [propext, Quot.sound]
'Collatz.Research.DescentIntervals.Batch029.bounds_8_33' does not depend on any axioms
'Collatz.Research.DescentIntervals.Batch029.exact_8_33' depends on axioms: [propext, Classical.choice, Quot.sound]
'Collatz.Research.DescentIntervals.Batch029.data_8_33' does not depend on any axioms
'Collatz.Research.DescentIntervals.Batch029.endpoint_8_33' depends on axioms: [propext, Quot.sound]
'Collatz.Research.DescentIntervals.Batch029.bounds_8_34' does not depend on any axioms
'Collatz.Research.DescentIntervals.Batch029.exact_8_34' depends on axioms: [propext, Classical.choice, Quot.sound]
'Collatz.Research.DescentIntervals.Batch029.data_8_34' does not depend on any axioms
'Collatz.Research.DescentIntervals.Batch029.endpoint_8_34' depends on axioms: [propext, Quot.sound]
'Collatz.Research.DescentIntervals.Batch029.bounds_8_35' does not depend on any axioms
'Collatz.Research.DescentIntervals.Batch029.exact_8_35' depends on axioms: [propext, Classical.choice, Quot.sound]
'Collatz.Research.DescentIntervals.Batch029.data_8_35' does not depend on any axioms
'Collatz.Research.DescentIntervals.Batch029.endpoint_8_35' depends on axioms: [propext, Quot.sound]
'Collatz.Research.DescentIntervals.Batch029.bounds_8_36' does not depend on any axioms
'Collatz.Research.DescentIntervals.Batch029.exact_8_36' depends on axioms: [propext, Classical.choice, Quot.sound]
'Collatz.Research.DescentIntervals.Batch029.data_8_36' does not depend on any axioms
'Collatz.Research.DescentIntervals.Batch029.endpoint_8_36' depends on axioms: [propext, Quot.sound]
'Collatz.Research.DescentIntervals.Batch029.bounds_8_37' does not depend on any axioms
'Collatz.Research.DescentIntervals.Batch029.exact_8_37' depends on axioms: [propext, Classical.choice, Quot.sound]
'Collatz.Research.DescentIntervals.Batch029.data_8_37' does not depend on any axioms
'Collatz.Research.DescentIntervals.Batch029.endpoint_8_37' depends on axioms: [propext, Quot.sound]
'Collatz.Research.DescentIntervals.Batch029.bounds_8_38' does not depend on any axioms
'Collatz.Research.DescentIntervals.Batch029.exact_8_38' depends on axioms: [propext, Classical.choice, Quot.sound]
'Collatz.Research.DescentIntervals.Batch029.data_8_38' does not depend on any axioms
'Collatz.Research.DescentIntervals.Batch029.endpoint_8_38' depends on axioms: [propext, Quot.sound]
'Collatz.Research.DescentIntervals.Batch029.bounds_8_39' does not depend on any axioms
'Collatz.Research.DescentIntervals.Batch029.exact_8_39' depends on axioms: [propext, Classical.choice, Quot.sound]
'Collatz.Research.DescentIntervals.Batch029.data_8_39' does not depend on any axioms
'Collatz.Research.DescentIntervals.Batch029.endpoint_8_39' depends on axioms: [propext, Quot.sound]
'Collatz.Research.DescentIntervals.Batch029.bounds_8_40' does not depend on any axioms
'Collatz.Research.DescentIntervals.Batch029.exact_8_40' depends on axioms: [propext, Classical.choice, Quot.sound]
'Collatz.Research.DescentIntervals.Batch029.data_8_40' does not depend on any axioms
'Collatz.Research.DescentIntervals.Batch029.endpoint_8_40' depends on axioms: [propext, Quot.sound]
'Collatz.Research.DescentIntervals.Batch029.bounds_8_41' does not depend on any axioms
'Collatz.Research.DescentIntervals.Batch029.exact_8_41' depends on axioms: [propext, Classical.choice, Quot.sound]
'Collatz.Research.DescentIntervals.Batch029.data_8_41' does not depend on any axioms
'Collatz.Research.DescentIntervals.Batch029.endpoint_8_41' depends on axioms: [propext, Quot.sound]
'Collatz.Research.DescentIntervals.Batch030.bounds_8_42' does not depend on any axioms
'Collatz.Research.DescentIntervals.Batch030.exact_8_42' depends on axioms: [propext, Classical.choice, Quot.sound]
'Collatz.Research.DescentIntervals.Batch030.data_8_42' does not depend on any axioms
'Collatz.Research.DescentIntervals.Batch030.endpoint_8_42' depends on axioms: [propext, Quot.sound]
'Collatz.Research.DescentIntervals.Batch030.bounds_8_43' does not depend on any axioms
'Collatz.Research.DescentIntervals.Batch030.exact_8_43' depends on axioms: [propext, Classical.choice, Quot.sound]
'Collatz.Research.DescentIntervals.Batch030.data_8_43' does not depend on any axioms
'Collatz.Research.DescentIntervals.Batch030.endpoint_8_43' depends on axioms: [propext, Quot.sound]
'Collatz.Research.DescentIntervals.Batch030.bounds_8_44' does not depend on any axioms
'Collatz.Research.DescentIntervals.Batch030.exact_8_44' depends on axioms: [propext, Classical.choice, Quot.sound]
'Collatz.Research.DescentIntervals.Batch030.data_8_44' does not depend on any axioms
'Collatz.Research.DescentIntervals.Batch030.endpoint_8_44' depends on axioms: [propext, Quot.sound]
'Collatz.Research.DescentIntervals.Batch030.bounds_8_45' does not depend on any axioms
'Collatz.Research.DescentIntervals.Batch030.exact_8_45' depends on axioms: [propext, Classical.choice, Quot.sound]
'Collatz.Research.DescentIntervals.Batch030.data_8_45' does not depend on any axioms
'Collatz.Research.DescentIntervals.Batch030.endpoint_8_45' depends on axioms: [propext, Quot.sound]
'Collatz.Research.DescentIntervals.Batch030.bounds_8_46' does not depend on any axioms
'Collatz.Research.DescentIntervals.Batch030.exact_8_46' depends on axioms: [propext, Classical.choice, Quot.sound]
'Collatz.Research.DescentIntervals.Batch030.data_8_46' does not depend on any axioms
'Collatz.Research.DescentIntervals.Batch030.endpoint_8_46' depends on axioms: [propext, Quot.sound]
'Collatz.Research.DescentIntervals.Batch030.bounds_8_47' does not depend on any axioms
'Collatz.Research.DescentIntervals.Batch030.exact_8_47' depends on axioms: [propext, Classical.choice, Quot.sound]
'Collatz.Research.DescentIntervals.Batch030.data_8_47' does not depend on any axioms
'Collatz.Research.DescentIntervals.Batch030.endpoint_8_47' depends on axioms: [propext, Quot.sound]
'Collatz.Research.DescentIntervals.Batch030.bounds_8_48' does not depend on any axioms
'Collatz.Research.DescentIntervals.Batch030.exact_8_48' depends on axioms: [propext, Classical.choice, Quot.sound]
'Collatz.Research.DescentIntervals.Batch030.data_8_48' does not depend on any axioms
'Collatz.Research.DescentIntervals.Batch030.endpoint_8_48' depends on axioms: [propext, Quot.sound]
'Collatz.Research.DescentIntervals.Batch030.bounds_8_49' does not depend on any axioms
'Collatz.Research.DescentIntervals.Batch030.exact_8_49' depends on axioms: [propext, Classical.choice, Quot.sound]
'Collatz.Research.DescentIntervals.Batch030.data_8_49' does not depend on any axioms
'Collatz.Research.DescentIntervals.Batch030.endpoint_8_49' depends on axioms: [propext, Quot.sound]
'Collatz.Research.DescentIntervals.Batch030.bounds_8_50' does not depend on any axioms
'Collatz.Research.DescentIntervals.Batch030.exact_8_50' depends on axioms: [propext, Classical.choice, Quot.sound]
'Collatz.Research.DescentIntervals.Batch030.data_8_50' does not depend on any axioms
'Collatz.Research.DescentIntervals.Batch030.endpoint_8_50' depends on axioms: [propext, Quot.sound]
'Collatz.Research.DescentIntervals.Batch030.bounds_8_51' does not depend on any axioms
'Collatz.Research.DescentIntervals.Batch030.exact_8_51' depends on axioms: [propext, Classical.choice, Quot.sound]
'Collatz.Research.DescentIntervals.Batch030.data_8_51' does not depend on any axioms
'Collatz.Research.DescentIntervals.Batch030.endpoint_8_51' depends on axioms: [propext, Quot.sound]
'Collatz.Research.DescentIntervals.Batch031.bounds_8_52' does not depend on any axioms
'Collatz.Research.DescentIntervals.Batch031.exact_8_52' depends on axioms: [propext, Classical.choice, Quot.sound]
'Collatz.Research.DescentIntervals.Batch031.data_8_52' does not depend on any axioms
'Collatz.Research.DescentIntervals.Batch031.endpoint_8_52' depends on axioms: [propext, Quot.sound]
'Collatz.Research.DescentIntervals.Batch031.bounds_8_53' does not depend on any axioms
'Collatz.Research.DescentIntervals.Batch031.exact_8_53' depends on axioms: [propext, Classical.choice, Quot.sound]
'Collatz.Research.DescentIntervals.Batch031.data_8_53' does not depend on any axioms
'Collatz.Research.DescentIntervals.Batch031.endpoint_8_53' depends on axioms: [propext, Quot.sound]
'Collatz.Research.DescentIntervals.Batch031.bounds_8_54' does not depend on any axioms
'Collatz.Research.DescentIntervals.Batch031.exact_8_54' depends on axioms: [propext, Classical.choice, Quot.sound]
'Collatz.Research.DescentIntervals.Batch031.data_8_54' does not depend on any axioms
'Collatz.Research.DescentIntervals.Batch031.endpoint_8_54' depends on axioms: [propext, Quot.sound]
'Collatz.Research.DescentIntervals.Batch031.bounds_8_55' does not depend on any axioms
'Collatz.Research.DescentIntervals.Batch031.exact_8_55' depends on axioms: [propext, Classical.choice, Quot.sound]
'Collatz.Research.DescentIntervals.Batch031.data_8_55' does not depend on any axioms
'Collatz.Research.DescentIntervals.Batch031.endpoint_8_55' depends on axioms: [propext, Quot.sound]
'Collatz.Research.DescentIntervals.Batch031.bounds_8_56' does not depend on any axioms
'Collatz.Research.DescentIntervals.Batch031.exact_8_56' depends on axioms: [propext, Classical.choice, Quot.sound]
'Collatz.Research.DescentIntervals.Batch031.data_8_56' does not depend on any axioms
'Collatz.Research.DescentIntervals.Batch031.endpoint_8_56' depends on axioms: [propext, Quot.sound]
'Collatz.Research.DescentIntervals.Batch031.bounds_8_57' does not depend on any axioms
'Collatz.Research.DescentIntervals.Batch031.exact_8_57' depends on axioms: [propext, Classical.choice, Quot.sound]
'Collatz.Research.DescentIntervals.Batch031.data_8_57' does not depend on any axioms
'Collatz.Research.DescentIntervals.Batch031.endpoint_8_57' depends on axioms: [propext, Quot.sound]
'Collatz.Research.DescentIntervals.Batch031.bounds_8_58' does not depend on any axioms
'Collatz.Research.DescentIntervals.Batch031.exact_8_58' depends on axioms: [propext, Classical.choice, Quot.sound]
'Collatz.Research.DescentIntervals.Batch031.data_8_58' does not depend on any axioms
'Collatz.Research.DescentIntervals.Batch031.endpoint_8_58' depends on axioms: [propext, Quot.sound]
'Collatz.Research.DescentIntervals.Batch031.bounds_8_59' does not depend on any axioms
'Collatz.Research.DescentIntervals.Batch031.exact_8_59' depends on axioms: [propext, Classical.choice, Quot.sound]
'Collatz.Research.DescentIntervals.Batch031.data_8_59' does not depend on any axioms
'Collatz.Research.DescentIntervals.Batch031.endpoint_8_59' depends on axioms: [propext, Quot.sound]
'Collatz.Research.DescentIntervals.Batch031.bounds_8_60' does not depend on any axioms
'Collatz.Research.DescentIntervals.Batch031.exact_8_60' depends on axioms: [propext, Classical.choice, Quot.sound]
'Collatz.Research.DescentIntervals.Batch031.data_8_60' does not depend on any axioms
'Collatz.Research.DescentIntervals.Batch031.endpoint_8_60' depends on axioms: [propext, Quot.sound]
'Collatz.Research.DescentIntervals.Batch031.bounds_8_61' does not depend on any axioms
'Collatz.Research.DescentIntervals.Batch031.exact_8_61' depends on axioms: [propext, Classical.choice, Quot.sound]
'Collatz.Research.DescentIntervals.Batch031.data_8_61' does not depend on any axioms
'Collatz.Research.DescentIntervals.Batch031.endpoint_8_61' depends on axioms: [propext, Quot.sound]
'Collatz.Research.DescentIntervals.Batch032.bounds_8_62' does not depend on any axioms
'Collatz.Research.DescentIntervals.Batch032.exact_8_62' depends on axioms: [propext, Classical.choice, Quot.sound]
'Collatz.Research.DescentIntervals.Batch032.data_8_62' does not depend on any axioms
'Collatz.Research.DescentIntervals.Batch032.endpoint_8_62' depends on axioms: [propext, Quot.sound]
'Collatz.Research.DescentIntervals.Batch032.bounds_8_63' does not depend on any axioms
'Collatz.Research.DescentIntervals.Batch032.exact_8_63' depends on axioms: [propext, Classical.choice, Quot.sound]
'Collatz.Research.DescentIntervals.Batch032.data_8_63' does not depend on any axioms
'Collatz.Research.DescentIntervals.Batch032.endpoint_8_63' depends on axioms: [propext, Quot.sound]
'Collatz.Research.DescentIntervals.Batch032.bounds_8_64' does not depend on any axioms
'Collatz.Research.DescentIntervals.Batch032.exact_8_64' depends on axioms: [propext, Classical.choice, Quot.sound]
'Collatz.Research.DescentIntervals.Batch032.data_8_64' does not depend on any axioms
'Collatz.Research.DescentIntervals.Batch032.endpoint_8_64' depends on axioms: [propext, Quot.sound]
'Collatz.Research.DescentIntervals.Batch032.bounds_8_65' does not depend on any axioms
'Collatz.Research.DescentIntervals.Batch032.exact_8_65' depends on axioms: [propext, Classical.choice, Quot.sound]
'Collatz.Research.DescentIntervals.Batch032.data_8_65' does not depend on any axioms
'Collatz.Research.DescentIntervals.Batch032.endpoint_8_65' depends on axioms: [propext, Quot.sound]
'Collatz.Research.DescentIntervals.Batch032.bounds_8_66' does not depend on any axioms
'Collatz.Research.DescentIntervals.Batch032.exact_8_66' depends on axioms: [propext, Classical.choice, Quot.sound]
'Collatz.Research.DescentIntervals.Batch032.data_8_66' does not depend on any axioms
'Collatz.Research.DescentIntervals.Batch032.endpoint_8_66' depends on axioms: [propext, Quot.sound]
'Collatz.Research.DescentIntervals.Batch032.bounds_8_67' does not depend on any axioms
'Collatz.Research.DescentIntervals.Batch032.exact_8_67' depends on axioms: [propext, Classical.choice, Quot.sound]
'Collatz.Research.DescentIntervals.Batch032.data_8_67' does not depend on any axioms
'Collatz.Research.DescentIntervals.Batch032.endpoint_8_67' depends on axioms: [propext, Quot.sound]
'Collatz.Research.DescentIntervals.Batch032.bounds_8_68' does not depend on any axioms
'Collatz.Research.DescentIntervals.Batch032.exact_8_68' depends on axioms: [propext, Classical.choice, Quot.sound]
'Collatz.Research.DescentIntervals.Batch032.data_8_68' does not depend on any axioms
'Collatz.Research.DescentIntervals.Batch032.endpoint_8_68' depends on axioms: [propext, Quot.sound]
'Collatz.Research.DescentIntervals.Batch032.bounds_8_69' does not depend on any axioms
'Collatz.Research.DescentIntervals.Batch032.exact_8_69' depends on axioms: [propext, Classical.choice, Quot.sound]
'Collatz.Research.DescentIntervals.Batch032.data_8_69' does not depend on any axioms
'Collatz.Research.DescentIntervals.Batch032.endpoint_8_69' depends on axioms: [propext, Quot.sound]
'Collatz.Research.DescentIntervals.Batch032.bounds_8_70' does not depend on any axioms
'Collatz.Research.DescentIntervals.Batch032.exact_8_70' depends on axioms: [propext, Classical.choice, Quot.sound]
'Collatz.Research.DescentIntervals.Batch032.data_8_70' does not depend on any axioms
'Collatz.Research.DescentIntervals.Batch032.endpoint_8_70' depends on axioms: [propext, Quot.sound]
'Collatz.Research.DescentIntervals.Batch032.bounds_8_71' does not depend on any axioms
'Collatz.Research.DescentIntervals.Batch032.exact_8_71' depends on axioms: [propext, Classical.choice, Quot.sound]
'Collatz.Research.DescentIntervals.Batch032.data_8_71' does not depend on any axioms
'Collatz.Research.DescentIntervals.Batch032.endpoint_8_71' depends on axioms: [propext, Quot.sound]
'Collatz.Research.DescentIntervals.Batch032.bounds_8_72' does not depend on any axioms
'Collatz.Research.DescentIntervals.Batch032.exact_8_72' depends on axioms: [propext, Classical.choice, Quot.sound]
'Collatz.Research.DescentIntervals.Batch032.data_8_72' does not depend on any axioms
'Collatz.Research.DescentIntervals.Batch032.endpoint_8_72' depends on axioms: [propext, Quot.sound]
'Collatz.Research.DescentIntervals.Batch033.bounds_8_73' does not depend on any axioms
'Collatz.Research.DescentIntervals.Batch033.exact_8_73' depends on axioms: [propext, Classical.choice, Quot.sound]
'Collatz.Research.DescentIntervals.Batch033.data_8_73' does not depend on any axioms
'Collatz.Research.DescentIntervals.Batch033.endpoint_8_73' depends on axioms: [propext, Quot.sound]
'Collatz.Research.DescentIntervals.Batch033.bounds_8_74' does not depend on any axioms
'Collatz.Research.DescentIntervals.Batch033.exact_8_74' depends on axioms: [propext, Classical.choice, Quot.sound]
'Collatz.Research.DescentIntervals.Batch033.data_8_74' does not depend on any axioms
'Collatz.Research.DescentIntervals.Batch033.endpoint_8_74' depends on axioms: [propext, Quot.sound]
'Collatz.Research.DescentIntervals.Batch033.bounds_8_75' does not depend on any axioms
'Collatz.Research.DescentIntervals.Batch033.exact_8_75' depends on axioms: [propext, Classical.choice, Quot.sound]
'Collatz.Research.DescentIntervals.Batch033.data_8_75' does not depend on any axioms
'Collatz.Research.DescentIntervals.Batch033.endpoint_8_75' depends on axioms: [propext, Quot.sound]
'Collatz.Research.DescentIntervals.Batch033.bounds_8_76' does not depend on any axioms
'Collatz.Research.DescentIntervals.Batch033.exact_8_76' depends on axioms: [propext, Classical.choice, Quot.sound]
'Collatz.Research.DescentIntervals.Batch033.data_8_76' does not depend on any axioms
'Collatz.Research.DescentIntervals.Batch033.endpoint_8_76' depends on axioms: [propext, Quot.sound]
'Collatz.Research.DescentIntervals.Batch033.bounds_8_77' does not depend on any axioms
'Collatz.Research.DescentIntervals.Batch033.exact_8_77' depends on axioms: [propext, Classical.choice, Quot.sound]
'Collatz.Research.DescentIntervals.Batch033.data_8_77' does not depend on any axioms
'Collatz.Research.DescentIntervals.Batch033.endpoint_8_77' depends on axioms: [propext, Quot.sound]
'Collatz.Research.DescentIntervals.Batch033.bounds_8_78' does not depend on any axioms
'Collatz.Research.DescentIntervals.Batch033.exact_8_78' depends on axioms: [propext, Classical.choice, Quot.sound]
'Collatz.Research.DescentIntervals.Batch033.data_8_78' does not depend on any axioms
'Collatz.Research.DescentIntervals.Batch033.endpoint_8_78' depends on axioms: [propext, Quot.sound]
'Collatz.Research.DescentIntervals.Batch033.bounds_8_79' does not depend on any axioms
'Collatz.Research.DescentIntervals.Batch033.exact_8_79' depends on axioms: [propext, Classical.choice, Quot.sound]
'Collatz.Research.DescentIntervals.Batch033.data_8_79' does not depend on any axioms
'Collatz.Research.DescentIntervals.Batch033.endpoint_8_79' depends on axioms: [propext, Quot.sound]
'Collatz.Research.DescentIntervals.Batch033.bounds_8_80' does not depend on any axioms
'Collatz.Research.DescentIntervals.Batch033.exact_8_80' depends on axioms: [propext, Classical.choice, Quot.sound]
'Collatz.Research.DescentIntervals.Batch033.data_8_80' does not depend on any axioms
'Collatz.Research.DescentIntervals.Batch033.endpoint_8_80' depends on axioms: [propext, Quot.sound]
'Collatz.Research.DescentIntervals.Batch033.bounds_8_81' does not depend on any axioms
'Collatz.Research.DescentIntervals.Batch033.exact_8_81' depends on axioms: [propext, Classical.choice, Quot.sound]
'Collatz.Research.DescentIntervals.Batch033.data_8_81' does not depend on any axioms
'Collatz.Research.DescentIntervals.Batch033.endpoint_8_81' depends on axioms: [propext, Quot.sound]
'Collatz.Research.DescentIntervals.Batch033.bounds_8_82' does not depend on any axioms
'Collatz.Research.DescentIntervals.Batch033.exact_8_82' depends on axioms: [propext, Classical.choice, Quot.sound]
'Collatz.Research.DescentIntervals.Batch033.data_8_82' does not depend on any axioms
'Collatz.Research.DescentIntervals.Batch033.endpoint_8_82' depends on axioms: [propext, Quot.sound]
'Collatz.Research.DescentIntervals.Batch034.bounds_8_83' does not depend on any axioms
'Collatz.Research.DescentIntervals.Batch034.exact_8_83' depends on axioms: [propext, Classical.choice, Quot.sound]
'Collatz.Research.DescentIntervals.Batch034.data_8_83' does not depend on any axioms
'Collatz.Research.DescentIntervals.Batch034.endpoint_8_83' depends on axioms: [propext, Quot.sound]
'Collatz.Research.DescentIntervals.Batch034.bounds_8_84' does not depend on any axioms
'Collatz.Research.DescentIntervals.Batch034.exact_8_84' depends on axioms: [propext, Classical.choice, Quot.sound]
'Collatz.Research.DescentIntervals.Batch034.data_8_84' does not depend on any axioms
'Collatz.Research.DescentIntervals.Batch034.endpoint_8_84' depends on axioms: [propext, Quot.sound]
'Collatz.Research.DescentIntervals.Batch034.bounds_8_85' does not depend on any axioms
'Collatz.Research.DescentIntervals.Batch034.exact_8_85' depends on axioms: [propext, Classical.choice, Quot.sound]
'Collatz.Research.DescentIntervals.Batch034.data_8_85' does not depend on any axioms
'Collatz.Research.DescentIntervals.Batch034.endpoint_8_85' depends on axioms: [propext, Quot.sound]
'Collatz.Research.DescentIntervals.Batch034.bounds_8_86' does not depend on any axioms
'Collatz.Research.DescentIntervals.Batch034.exact_8_86' depends on axioms: [propext, Classical.choice, Quot.sound]
'Collatz.Research.DescentIntervals.Batch034.data_8_86' does not depend on any axioms
'Collatz.Research.DescentIntervals.Batch034.endpoint_8_86' depends on axioms: [propext, Quot.sound]
'Collatz.Research.DescentIntervals.Batch034.bounds_8_87' does not depend on any axioms
'Collatz.Research.DescentIntervals.Batch034.exact_8_87' depends on axioms: [propext, Classical.choice, Quot.sound]
'Collatz.Research.DescentIntervals.Batch034.data_8_87' does not depend on any axioms
'Collatz.Research.DescentIntervals.Batch034.endpoint_8_87' depends on axioms: [propext, Quot.sound]
'Collatz.Research.DescentIntervals.Batch034.bounds_8_88' does not depend on any axioms
'Collatz.Research.DescentIntervals.Batch034.exact_8_88' depends on axioms: [propext, Classical.choice, Quot.sound]
'Collatz.Research.DescentIntervals.Batch034.data_8_88' does not depend on any axioms
'Collatz.Research.DescentIntervals.Batch034.endpoint_8_88' depends on axioms: [propext, Quot.sound]
'Collatz.Research.DescentIntervals.Batch034.bounds_8_89' does not depend on any axioms
'Collatz.Research.DescentIntervals.Batch034.exact_8_89' depends on axioms: [propext, Classical.choice, Quot.sound]
'Collatz.Research.DescentIntervals.Batch034.data_8_89' does not depend on any axioms
'Collatz.Research.DescentIntervals.Batch034.endpoint_8_89' depends on axioms: [propext, Quot.sound]
'Collatz.Research.DescentIntervals.Batch034.bounds_8_90' does not depend on any axioms
'Collatz.Research.DescentIntervals.Batch034.exact_8_90' depends on axioms: [propext, Classical.choice, Quot.sound]
'Collatz.Research.DescentIntervals.Batch034.data_8_90' does not depend on any axioms
'Collatz.Research.DescentIntervals.Batch034.endpoint_8_90' depends on axioms: [propext, Quot.sound]
'Collatz.Research.DescentIntervals.Batch034.bounds_8_91' does not depend on any axioms
'Collatz.Research.DescentIntervals.Batch034.exact_8_91' depends on axioms: [propext, Classical.choice, Quot.sound]
'Collatz.Research.DescentIntervals.Batch034.data_8_91' does not depend on any axioms
'Collatz.Research.DescentIntervals.Batch034.endpoint_8_91' depends on axioms: [propext, Quot.sound]
'Collatz.Research.DescentIntervals.Batch034.bounds_8_92' does not depend on any axioms
'Collatz.Research.DescentIntervals.Batch034.exact_8_92' depends on axioms: [propext, Classical.choice, Quot.sound]
'Collatz.Research.DescentIntervals.Batch034.data_8_92' does not depend on any axioms
'Collatz.Research.DescentIntervals.Batch034.endpoint_8_92' depends on axioms: [propext, Quot.sound]
'Collatz.Research.DescentIntervals.Batch035.bounds_8_93' does not depend on any axioms
'Collatz.Research.DescentIntervals.Batch035.exact_8_93' depends on axioms: [propext, Classical.choice, Quot.sound]
'Collatz.Research.DescentIntervals.Batch035.data_8_93' does not depend on any axioms
'Collatz.Research.DescentIntervals.Batch035.endpoint_8_93' depends on axioms: [propext, Quot.sound]
'Collatz.Research.DescentIntervals.Batch035.bounds_8_94' does not depend on any axioms
'Collatz.Research.DescentIntervals.Batch035.exact_8_94' depends on axioms: [propext, Classical.choice, Quot.sound]
'Collatz.Research.DescentIntervals.Batch035.data_8_94' does not depend on any axioms
'Collatz.Research.DescentIntervals.Batch035.endpoint_8_94' depends on axioms: [propext, Quot.sound]
'Collatz.Research.DescentIntervals.Batch035.bounds_8_95' does not depend on any axioms
'Collatz.Research.DescentIntervals.Batch035.exact_8_95' depends on axioms: [propext, Classical.choice, Quot.sound]
'Collatz.Research.DescentIntervals.Batch035.data_8_95' does not depend on any axioms
'Collatz.Research.DescentIntervals.Batch035.endpoint_8_95' depends on axioms: [propext, Quot.sound]
'Collatz.Research.DescentIntervals.Batch035.bounds_8_96' does not depend on any axioms
'Collatz.Research.DescentIntervals.Batch035.exact_8_96' depends on axioms: [propext, Classical.choice, Quot.sound]
'Collatz.Research.DescentIntervals.Batch035.data_8_96' does not depend on any axioms
'Collatz.Research.DescentIntervals.Batch035.endpoint_8_96' depends on axioms: [propext, Quot.sound]
'Collatz.Research.DescentIntervals.Batch035.bounds_8_97' does not depend on any axioms
'Collatz.Research.DescentIntervals.Batch035.exact_8_97' depends on axioms: [propext, Classical.choice, Quot.sound]
'Collatz.Research.DescentIntervals.Batch035.data_8_97' does not depend on any axioms
'Collatz.Research.DescentIntervals.Batch035.endpoint_8_97' depends on axioms: [propext, Quot.sound]
'Collatz.Research.DescentIntervals.Batch035.bounds_8_98' does not depend on any axioms
'Collatz.Research.DescentIntervals.Batch035.exact_8_98' depends on axioms: [propext, Classical.choice, Quot.sound]
'Collatz.Research.DescentIntervals.Batch035.data_8_98' does not depend on any axioms
'Collatz.Research.DescentIntervals.Batch035.endpoint_8_98' depends on axioms: [propext, Quot.sound]
'Collatz.Research.DescentIntervals.Batch035.bounds_8_99' does not depend on any axioms
'Collatz.Research.DescentIntervals.Batch035.exact_8_99' depends on axioms: [propext, Classical.choice, Quot.sound]
'Collatz.Research.DescentIntervals.Batch035.data_8_99' does not depend on any axioms
'Collatz.Research.DescentIntervals.Batch035.endpoint_8_99' depends on axioms: [propext, Quot.sound]
'Collatz.Research.DescentIntervals.Batch035.bounds_8_100' does not depend on any axioms
'Collatz.Research.DescentIntervals.Batch035.exact_8_100' depends on axioms: [propext, Classical.choice, Quot.sound]
'Collatz.Research.DescentIntervals.Batch035.data_8_100' does not depend on any axioms
'Collatz.Research.DescentIntervals.Batch035.endpoint_8_100' depends on axioms: [propext, Quot.sound]
'Collatz.Research.DescentIntervals.Batch035.bounds_8_101' does not depend on any axioms
'Collatz.Research.DescentIntervals.Batch035.exact_8_101' depends on axioms: [propext, Classical.choice, Quot.sound]
'Collatz.Research.DescentIntervals.Batch035.data_8_101' does not depend on any axioms
'Collatz.Research.DescentIntervals.Batch035.endpoint_8_101' depends on axioms: [propext, Quot.sound]
'Collatz.Research.DescentIntervals.Batch035.bounds_8_102' does not depend on any axioms
'Collatz.Research.DescentIntervals.Batch035.exact_8_102' depends on axioms: [propext, Classical.choice, Quot.sound]
'Collatz.Research.DescentIntervals.Batch035.data_8_102' does not depend on any axioms
'Collatz.Research.DescentIntervals.Batch035.endpoint_8_102' depends on axioms: [propext, Quot.sound]
'Collatz.Research.DescentIntervals.Batch036.bounds_8_103' does not depend on any axioms
'Collatz.Research.DescentIntervals.Batch036.exact_8_103' depends on axioms: [propext, Classical.choice, Quot.sound]
'Collatz.Research.DescentIntervals.Batch036.data_8_103' does not depend on any axioms
'Collatz.Research.DescentIntervals.Batch036.endpoint_8_103' depends on axioms: [propext, Quot.sound]
'Collatz.Research.DescentIntervals.Batch036.bounds_8_104' does not depend on any axioms
'Collatz.Research.DescentIntervals.Batch036.exact_8_104' depends on axioms: [propext, Classical.choice, Quot.sound]
'Collatz.Research.DescentIntervals.Batch036.data_8_104' does not depend on any axioms
'Collatz.Research.DescentIntervals.Batch036.endpoint_8_104' depends on axioms: [propext, Quot.sound]
'Collatz.Research.DescentIntervals.Batch036.bounds_8_105' does not depend on any axioms
'Collatz.Research.DescentIntervals.Batch036.exact_8_105' depends on axioms: [propext, Classical.choice, Quot.sound]
'Collatz.Research.DescentIntervals.Batch036.data_8_105' does not depend on any axioms
'Collatz.Research.DescentIntervals.Batch036.endpoint_8_105' depends on axioms: [propext, Quot.sound]
'Collatz.Research.DescentIntervals.Batch036.bounds_8_106' does not depend on any axioms
'Collatz.Research.DescentIntervals.Batch036.exact_8_106' depends on axioms: [propext, Classical.choice, Quot.sound]
'Collatz.Research.DescentIntervals.Batch036.data_8_106' does not depend on any axioms
'Collatz.Research.DescentIntervals.Batch036.endpoint_8_106' depends on axioms: [propext, Quot.sound]
'Collatz.Research.DescentIntervals.Batch036.bounds_8_107' does not depend on any axioms
'Collatz.Research.DescentIntervals.Batch036.exact_8_107' depends on axioms: [propext, Classical.choice, Quot.sound]
'Collatz.Research.DescentIntervals.Batch036.data_8_107' does not depend on any axioms
'Collatz.Research.DescentIntervals.Batch036.endpoint_8_107' depends on axioms: [propext, Quot.sound]
'Collatz.Research.DescentIntervals.Batch036.bounds_8_108' does not depend on any axioms
'Collatz.Research.DescentIntervals.Batch036.exact_8_108' depends on axioms: [propext, Classical.choice, Quot.sound]
'Collatz.Research.DescentIntervals.Batch036.data_8_108' does not depend on any axioms
'Collatz.Research.DescentIntervals.Batch036.endpoint_8_108' depends on axioms: [propext, Quot.sound]
'Collatz.Research.DescentIntervals.Batch036.bounds_8_109' does not depend on any axioms
'Collatz.Research.DescentIntervals.Batch036.exact_8_109' depends on axioms: [propext, Classical.choice, Quot.sound]
'Collatz.Research.DescentIntervals.Batch036.data_8_109' does not depend on any axioms
'Collatz.Research.DescentIntervals.Batch036.endpoint_8_109' depends on axioms: [propext, Quot.sound]
'Collatz.Research.DescentIntervals.Batch036.bounds_8_110' does not depend on any axioms
'Collatz.Research.DescentIntervals.Batch036.exact_8_110' depends on axioms: [propext, Classical.choice, Quot.sound]
'Collatz.Research.DescentIntervals.Batch036.data_8_110' does not depend on any axioms
'Collatz.Research.DescentIntervals.Batch036.endpoint_8_110' depends on axioms: [propext, Quot.sound]
'Collatz.Research.DescentIntervals.Batch036.bounds_8_111' does not depend on any axioms
'Collatz.Research.DescentIntervals.Batch036.exact_8_111' depends on axioms: [propext, Classical.choice, Quot.sound]
'Collatz.Research.DescentIntervals.Batch036.data_8_111' does not depend on any axioms
'Collatz.Research.DescentIntervals.Batch036.endpoint_8_111' depends on axioms: [propext, Quot.sound]
'Collatz.Research.DescentIntervals.Batch036.bounds_8_112' does not depend on any axioms
'Collatz.Research.DescentIntervals.Batch036.exact_8_112' depends on axioms: [propext, Classical.choice, Quot.sound]
'Collatz.Research.DescentIntervals.Batch036.data_8_112' does not depend on any axioms
'Collatz.Research.DescentIntervals.Batch036.endpoint_8_112' depends on axioms: [propext, Quot.sound]
'Collatz.Research.DescentIntervals.Batch037.bounds_8_113' does not depend on any axioms
'Collatz.Research.DescentIntervals.Batch037.exact_8_113' depends on axioms: [propext, Classical.choice, Quot.sound]
'Collatz.Research.DescentIntervals.Batch037.data_8_113' does not depend on any axioms
'Collatz.Research.DescentIntervals.Batch037.endpoint_8_113' depends on axioms: [propext, Quot.sound]
'Collatz.Research.DescentIntervals.Batch037.bounds_8_114' does not depend on any axioms
'Collatz.Research.DescentIntervals.Batch037.exact_8_114' depends on axioms: [propext, Classical.choice, Quot.sound]
'Collatz.Research.DescentIntervals.Batch037.data_8_114' does not depend on any axioms
'Collatz.Research.DescentIntervals.Batch037.endpoint_8_114' depends on axioms: [propext, Quot.sound]
'Collatz.Research.DescentIntervals.Batch037.bounds_8_115' does not depend on any axioms
'Collatz.Research.DescentIntervals.Batch037.exact_8_115' depends on axioms: [propext, Classical.choice, Quot.sound]
'Collatz.Research.DescentIntervals.Batch037.data_8_115' does not depend on any axioms
'Collatz.Research.DescentIntervals.Batch037.endpoint_8_115' depends on axioms: [propext, Quot.sound]
'Collatz.Research.DescentIntervals.Batch037.bounds_8_116' does not depend on any axioms
'Collatz.Research.DescentIntervals.Batch037.exact_8_116' depends on axioms: [propext, Classical.choice, Quot.sound]
'Collatz.Research.DescentIntervals.Batch037.data_8_116' does not depend on any axioms
'Collatz.Research.DescentIntervals.Batch037.endpoint_8_116' depends on axioms: [propext, Quot.sound]
'Collatz.Research.DescentIntervals.Batch037.bounds_8_117' does not depend on any axioms
'Collatz.Research.DescentIntervals.Batch037.exact_8_117' depends on axioms: [propext, Classical.choice, Quot.sound]
'Collatz.Research.DescentIntervals.Batch037.data_8_117' does not depend on any axioms
'Collatz.Research.DescentIntervals.Batch037.endpoint_8_117' depends on axioms: [propext, Quot.sound]
'Collatz.Research.DescentIntervals.Batch037.bounds_8_118' does not depend on any axioms
'Collatz.Research.DescentIntervals.Batch037.exact_8_118' depends on axioms: [propext, Classical.choice, Quot.sound]
'Collatz.Research.DescentIntervals.Batch037.data_8_118' does not depend on any axioms
'Collatz.Research.DescentIntervals.Batch037.endpoint_8_118' depends on axioms: [propext, Quot.sound]
'Collatz.Research.DescentIntervals.Batch037.bounds_8_119' does not depend on any axioms
'Collatz.Research.DescentIntervals.Batch037.exact_8_119' depends on axioms: [propext, Classical.choice, Quot.sound]
'Collatz.Research.DescentIntervals.Batch037.data_8_119' does not depend on any axioms
'Collatz.Research.DescentIntervals.Batch037.endpoint_8_119' depends on axioms: [propext, Quot.sound]
'Collatz.Research.DescentIntervals.Batch037.bounds_8_120' does not depend on any axioms
'Collatz.Research.DescentIntervals.Batch037.exact_8_120' depends on axioms: [propext, Classical.choice, Quot.sound]
'Collatz.Research.DescentIntervals.Batch037.data_8_120' does not depend on any axioms
'Collatz.Research.DescentIntervals.Batch037.endpoint_8_120' depends on axioms: [propext, Quot.sound]
'Collatz.Research.DescentIntervals.Batch037.bounds_8_121' does not depend on any axioms
'Collatz.Research.DescentIntervals.Batch037.exact_8_121' depends on axioms: [propext, Classical.choice, Quot.sound]
'Collatz.Research.DescentIntervals.Batch037.data_8_121' does not depend on any axioms
'Collatz.Research.DescentIntervals.Batch037.endpoint_8_121' depends on axioms: [propext, Quot.sound]
'Collatz.Research.DescentIntervals.Batch037.bounds_8_122' does not depend on any axioms
'Collatz.Research.DescentIntervals.Batch037.exact_8_122' depends on axioms: [propext, Classical.choice, Quot.sound]
'Collatz.Research.DescentIntervals.Batch037.data_8_122' does not depend on any axioms
'Collatz.Research.DescentIntervals.Batch037.endpoint_8_122' depends on axioms: [propext, Quot.sound]
'Collatz.Research.DescentIntervals.Batch037.bounds_8_123' does not depend on any axioms
'Collatz.Research.DescentIntervals.Batch037.exact_8_123' depends on axioms: [propext, Classical.choice, Quot.sound]
'Collatz.Research.DescentIntervals.Batch037.data_8_123' does not depend on any axioms
'Collatz.Research.DescentIntervals.Batch037.endpoint_8_123' depends on axioms: [propext, Quot.sound]
'Collatz.Research.DescentIntervals.Batch038.bounds_8_124' does not depend on any axioms
'Collatz.Research.DescentIntervals.Batch038.exact_8_124' depends on axioms: [propext, Classical.choice, Quot.sound]
'Collatz.Research.DescentIntervals.Batch038.data_8_124' does not depend on any axioms
'Collatz.Research.DescentIntervals.Batch038.endpoint_8_124' depends on axioms: [propext, Quot.sound]
'Collatz.Research.DescentIntervals.Batch038.bounds_8_125' does not depend on any axioms
'Collatz.Research.DescentIntervals.Batch038.exact_8_125' depends on axioms: [propext, Classical.choice, Quot.sound]
'Collatz.Research.DescentIntervals.Batch038.data_8_125' does not depend on any axioms
'Collatz.Research.DescentIntervals.Batch038.endpoint_8_125' depends on axioms: [propext, Quot.sound]
'Collatz.Research.DescentIntervals.Batch038.bounds_8_126' does not depend on any axioms
'Collatz.Research.DescentIntervals.Batch038.exact_8_126' depends on axioms: [propext, Classical.choice, Quot.sound]
'Collatz.Research.DescentIntervals.Batch038.data_8_126' does not depend on any axioms
'Collatz.Research.DescentIntervals.Batch038.endpoint_8_126' depends on axioms: [propext, Quot.sound]
'Collatz.Research.DescentIntervals.Batch038.bounds_8_127' does not depend on any axioms
'Collatz.Research.DescentIntervals.Batch038.exact_8_127' depends on axioms: [propext, Classical.choice, Quot.sound]
'Collatz.Research.DescentIntervals.Batch038.data_8_127' does not depend on any axioms
'Collatz.Research.DescentIntervals.Batch038.endpoint_8_127' depends on axioms: [propext, Quot.sound]
'Collatz.Research.DescentIntervals.Batch038.bounds_8_128' does not depend on any axioms
'Collatz.Research.DescentIntervals.Batch038.exact_8_128' depends on axioms: [propext, Classical.choice, Quot.sound]
'Collatz.Research.DescentIntervals.Batch038.data_8_128' does not depend on any axioms
'Collatz.Research.DescentIntervals.Batch038.endpoint_8_128' depends on axioms: [propext, Quot.sound]
'Collatz.Research.DescentIntervals.Batch038.bounds_8_129' does not depend on any axioms
'Collatz.Research.DescentIntervals.Batch038.exact_8_129' depends on axioms: [propext, Classical.choice, Quot.sound]
'Collatz.Research.DescentIntervals.Batch038.data_8_129' does not depend on any axioms
'Collatz.Research.DescentIntervals.Batch038.endpoint_8_129' depends on axioms: [propext, Quot.sound]
'Collatz.Research.DescentIntervals.Batch038.bounds_8_130' does not depend on any axioms
'Collatz.Research.DescentIntervals.Batch038.exact_8_130' depends on axioms: [propext, Classical.choice, Quot.sound]
'Collatz.Research.DescentIntervals.Batch038.data_8_130' does not depend on any axioms
'Collatz.Research.DescentIntervals.Batch038.endpoint_8_130' depends on axioms: [propext, Quot.sound]
'Collatz.Research.DescentIntervals.Batch038.bounds_8_131' does not depend on any axioms
'Collatz.Research.DescentIntervals.Batch038.exact_8_131' depends on axioms: [propext, Classical.choice, Quot.sound]
'Collatz.Research.DescentIntervals.Batch038.data_8_131' does not depend on any axioms
'Collatz.Research.DescentIntervals.Batch038.endpoint_8_131' depends on axioms: [propext, Quot.sound]
'Collatz.Research.DescentIntervals.Batch038.bounds_8_132' does not depend on any axioms
'Collatz.Research.DescentIntervals.Batch038.exact_8_132' depends on axioms: [propext, Classical.choice, Quot.sound]
'Collatz.Research.DescentIntervals.Batch038.data_8_132' does not depend on any axioms
'Collatz.Research.DescentIntervals.Batch038.endpoint_8_132' depends on axioms: [propext, Quot.sound]
'Collatz.Research.DescentIntervals.Batch038.bounds_8_133' does not depend on any axioms
'Collatz.Research.DescentIntervals.Batch038.exact_8_133' depends on axioms: [propext, Classical.choice, Quot.sound]
'Collatz.Research.DescentIntervals.Batch038.data_8_133' does not depend on any axioms
'Collatz.Research.DescentIntervals.Batch038.endpoint_8_133' depends on axioms: [propext, Quot.sound]
'Collatz.Research.DescentIntervals.Batch039.bounds_8_134' does not depend on any axioms
'Collatz.Research.DescentIntervals.Batch039.exact_8_134' depends on axioms: [propext, Classical.choice, Quot.sound]
'Collatz.Research.DescentIntervals.Batch039.data_8_134' does not depend on any axioms
'Collatz.Research.DescentIntervals.Batch039.endpoint_8_134' depends on axioms: [propext, Quot.sound]
'Collatz.Research.DescentIntervals.Batch039.bounds_8_135' does not depend on any axioms
'Collatz.Research.DescentIntervals.Batch039.exact_8_135' depends on axioms: [propext, Classical.choice, Quot.sound]
'Collatz.Research.DescentIntervals.Batch039.data_8_135' does not depend on any axioms
'Collatz.Research.DescentIntervals.Batch039.endpoint_8_135' depends on axioms: [propext, Quot.sound]
'Collatz.Research.DescentIntervals.Batch039.bounds_8_136' does not depend on any axioms
'Collatz.Research.DescentIntervals.Batch039.exact_8_136' depends on axioms: [propext, Classical.choice, Quot.sound]
'Collatz.Research.DescentIntervals.Batch039.data_8_136' does not depend on any axioms
'Collatz.Research.DescentIntervals.Batch039.endpoint_8_136' depends on axioms: [propext, Quot.sound]
'Collatz.Research.DescentIntervals.Batch039.bounds_8_137' does not depend on any axioms
'Collatz.Research.DescentIntervals.Batch039.exact_8_137' depends on axioms: [propext, Classical.choice, Quot.sound]
'Collatz.Research.DescentIntervals.Batch039.data_8_137' does not depend on any axioms
'Collatz.Research.DescentIntervals.Batch039.endpoint_8_137' depends on axioms: [propext, Quot.sound]
'Collatz.Research.DescentIntervals.Batch039.bounds_8_138' does not depend on any axioms
'Collatz.Research.DescentIntervals.Batch039.exact_8_138' depends on axioms: [propext, Classical.choice, Quot.sound]
'Collatz.Research.DescentIntervals.Batch039.data_8_138' does not depend on any axioms
'Collatz.Research.DescentIntervals.Batch039.endpoint_8_138' depends on axioms: [propext, Quot.sound]
'Collatz.Research.DescentIntervals.Batch039.bounds_8_139' does not depend on any axioms
'Collatz.Research.DescentIntervals.Batch039.exact_8_139' depends on axioms: [propext, Classical.choice, Quot.sound]
'Collatz.Research.DescentIntervals.Batch039.data_8_139' does not depend on any axioms
'Collatz.Research.DescentIntervals.Batch039.endpoint_8_139' depends on axioms: [propext, Quot.sound]
'Collatz.Research.DescentIntervals.Batch039.bounds_8_140' does not depend on any axioms
'Collatz.Research.DescentIntervals.Batch039.exact_8_140' depends on axioms: [propext, Classical.choice, Quot.sound]
'Collatz.Research.DescentIntervals.Batch039.data_8_140' does not depend on any axioms
'Collatz.Research.DescentIntervals.Batch039.endpoint_8_140' depends on axioms: [propext, Quot.sound]
'Collatz.Research.DescentIntervals.Batch039.bounds_8_141' does not depend on any axioms
'Collatz.Research.DescentIntervals.Batch039.exact_8_141' depends on axioms: [propext, Classical.choice, Quot.sound]
'Collatz.Research.DescentIntervals.Batch039.data_8_141' does not depend on any axioms
'Collatz.Research.DescentIntervals.Batch039.endpoint_8_141' depends on axioms: [propext, Quot.sound]
'Collatz.Research.DescentIntervals.Batch039.bounds_8_142' does not depend on any axioms
'Collatz.Research.DescentIntervals.Batch039.exact_8_142' depends on axioms: [propext, Classical.choice, Quot.sound]
'Collatz.Research.DescentIntervals.Batch039.data_8_142' does not depend on any axioms
'Collatz.Research.DescentIntervals.Batch039.endpoint_8_142' depends on axioms: [propext, Quot.sound]
'Collatz.Research.DescentIntervals.Batch039.bounds_8_143' does not depend on any axioms
'Collatz.Research.DescentIntervals.Batch039.exact_8_143' depends on axioms: [propext, Classical.choice, Quot.sound]
'Collatz.Research.DescentIntervals.Batch039.data_8_143' does not depend on any axioms
'Collatz.Research.DescentIntervals.Batch039.endpoint_8_143' depends on axioms: [propext, Quot.sound]
'Collatz.Research.DescentIntervals.Batch040.bounds_8_144' does not depend on any axioms
'Collatz.Research.DescentIntervals.Batch040.exact_8_144' depends on axioms: [propext, Classical.choice, Quot.sound]
'Collatz.Research.DescentIntervals.Batch040.data_8_144' does not depend on any axioms
'Collatz.Research.DescentIntervals.Batch040.endpoint_8_144' depends on axioms: [propext, Quot.sound]
'Collatz.Research.DescentIntervals.Batch040.bounds_8_145' does not depend on any axioms
'Collatz.Research.DescentIntervals.Batch040.exact_8_145' depends on axioms: [propext, Classical.choice, Quot.sound]
'Collatz.Research.DescentIntervals.Batch040.data_8_145' does not depend on any axioms
'Collatz.Research.DescentIntervals.Batch040.endpoint_8_145' depends on axioms: [propext, Quot.sound]
'Collatz.Research.DescentIntervals.Batch040.bounds_8_146' does not depend on any axioms
'Collatz.Research.DescentIntervals.Batch040.exact_8_146' depends on axioms: [propext, Classical.choice, Quot.sound]
'Collatz.Research.DescentIntervals.Batch040.data_8_146' does not depend on any axioms
'Collatz.Research.DescentIntervals.Batch040.endpoint_8_146' depends on axioms: [propext, Quot.sound]
'Collatz.Research.DescentIntervals.Batch040.bounds_8_147' does not depend on any axioms
'Collatz.Research.DescentIntervals.Batch040.exact_8_147' depends on axioms: [propext, Classical.choice, Quot.sound]
'Collatz.Research.DescentIntervals.Batch040.data_8_147' does not depend on any axioms
'Collatz.Research.DescentIntervals.Batch040.endpoint_8_147' depends on axioms: [propext, Quot.sound]
'Collatz.Research.DescentIntervals.Batch040.bounds_8_148' does not depend on any axioms
'Collatz.Research.DescentIntervals.Batch040.exact_8_148' depends on axioms: [propext, Classical.choice, Quot.sound]
'Collatz.Research.DescentIntervals.Batch040.data_8_148' does not depend on any axioms
'Collatz.Research.DescentIntervals.Batch040.endpoint_8_148' depends on axioms: [propext, Quot.sound]
'Collatz.Research.DescentIntervals.Batch040.bounds_8_149' does not depend on any axioms
'Collatz.Research.DescentIntervals.Batch040.exact_8_149' depends on axioms: [propext, Classical.choice, Quot.sound]
'Collatz.Research.DescentIntervals.Batch040.data_8_149' does not depend on any axioms
'Collatz.Research.DescentIntervals.Batch040.endpoint_8_149' depends on axioms: [propext, Quot.sound]
'Collatz.Research.DescentIntervals.Batch040.bounds_8_150' does not depend on any axioms
'Collatz.Research.DescentIntervals.Batch040.exact_8_150' depends on axioms: [propext, Classical.choice, Quot.sound]
'Collatz.Research.DescentIntervals.Batch040.data_8_150' does not depend on any axioms
'Collatz.Research.DescentIntervals.Batch040.endpoint_8_150' depends on axioms: [propext, Quot.sound]
'Collatz.Research.DescentIntervals.Batch040.bounds_8_151' does not depend on any axioms
'Collatz.Research.DescentIntervals.Batch040.exact_8_151' depends on axioms: [propext, Classical.choice, Quot.sound]
'Collatz.Research.DescentIntervals.Batch040.data_8_151' does not depend on any axioms
'Collatz.Research.DescentIntervals.Batch040.endpoint_8_151' depends on axioms: [propext, Quot.sound]
'Collatz.Research.DescentIntervals.Batch040.bounds_8_152' does not depend on any axioms
'Collatz.Research.DescentIntervals.Batch040.exact_8_152' depends on axioms: [propext, Classical.choice, Quot.sound]
'Collatz.Research.DescentIntervals.Batch040.data_8_152' does not depend on any axioms
'Collatz.Research.DescentIntervals.Batch040.endpoint_8_152' depends on axioms: [propext, Quot.sound]
'Collatz.Research.DescentIntervals.Batch040.bounds_8_153' does not depend on any axioms
'Collatz.Research.DescentIntervals.Batch040.exact_8_153' depends on axioms: [propext, Classical.choice, Quot.sound]
'Collatz.Research.DescentIntervals.Batch040.data_8_153' does not depend on any axioms
'Collatz.Research.DescentIntervals.Batch040.endpoint_8_153' depends on axioms: [propext, Quot.sound]
'Collatz.Research.DescentIntervals.Batch041.bounds_8_154' does not depend on any axioms
'Collatz.Research.DescentIntervals.Batch041.exact_8_154' depends on axioms: [propext, Classical.choice, Quot.sound]
'Collatz.Research.DescentIntervals.Batch041.data_8_154' does not depend on any axioms
'Collatz.Research.DescentIntervals.Batch041.endpoint_8_154' depends on axioms: [propext, Quot.sound]
'Collatz.Research.DescentIntervals.Batch041.bounds_8_155' does not depend on any axioms
'Collatz.Research.DescentIntervals.Batch041.exact_8_155' depends on axioms: [propext, Classical.choice, Quot.sound]
'Collatz.Research.DescentIntervals.Batch041.data_8_155' does not depend on any axioms
'Collatz.Research.DescentIntervals.Batch041.endpoint_8_155' depends on axioms: [propext, Quot.sound]
'Collatz.Research.DescentIntervals.Batch041.bounds_8_156' does not depend on any axioms
'Collatz.Research.DescentIntervals.Batch041.exact_8_156' depends on axioms: [propext, Classical.choice, Quot.sound]
'Collatz.Research.DescentIntervals.Batch041.data_8_156' does not depend on any axioms
'Collatz.Research.DescentIntervals.Batch041.endpoint_8_156' depends on axioms: [propext, Quot.sound]
'Collatz.Research.DescentIntervals.Batch041.bounds_8_157' does not depend on any axioms
'Collatz.Research.DescentIntervals.Batch041.exact_8_157' depends on axioms: [propext, Classical.choice, Quot.sound]
'Collatz.Research.DescentIntervals.Batch041.data_8_157' does not depend on any axioms
'Collatz.Research.DescentIntervals.Batch041.endpoint_8_157' depends on axioms: [propext, Quot.sound]
'Collatz.Research.DescentIntervals.Batch041.bounds_8_158' does not depend on any axioms
'Collatz.Research.DescentIntervals.Batch041.exact_8_158' depends on axioms: [propext, Classical.choice, Quot.sound]
'Collatz.Research.DescentIntervals.Batch041.data_8_158' does not depend on any axioms
'Collatz.Research.DescentIntervals.Batch041.endpoint_8_158' depends on axioms: [propext, Quot.sound]
'Collatz.Research.DescentIntervals.Batch041.bounds_8_159' does not depend on any axioms
'Collatz.Research.DescentIntervals.Batch041.exact_8_159' depends on axioms: [propext, Classical.choice, Quot.sound]
'Collatz.Research.DescentIntervals.Batch041.data_8_159' does not depend on any axioms
'Collatz.Research.DescentIntervals.Batch041.endpoint_8_159' depends on axioms: [propext, Quot.sound]
'Collatz.Research.DescentIntervals.Batch041.bounds_8_160' does not depend on any axioms
'Collatz.Research.DescentIntervals.Batch041.exact_8_160' depends on axioms: [propext, Classical.choice, Quot.sound]
'Collatz.Research.DescentIntervals.Batch041.data_8_160' does not depend on any axioms
'Collatz.Research.DescentIntervals.Batch041.endpoint_8_160' depends on axioms: [propext, Quot.sound]
'Collatz.Research.DescentIntervals.Batch041.bounds_8_161' does not depend on any axioms
'Collatz.Research.DescentIntervals.Batch041.exact_8_161' depends on axioms: [propext, Classical.choice, Quot.sound]
'Collatz.Research.DescentIntervals.Batch041.data_8_161' does not depend on any axioms
'Collatz.Research.DescentIntervals.Batch041.endpoint_8_161' depends on axioms: [propext, Quot.sound]
'Collatz.Research.DescentIntervals.Batch041.bounds_8_162' does not depend on any axioms
'Collatz.Research.DescentIntervals.Batch041.exact_8_162' depends on axioms: [propext, Classical.choice, Quot.sound]
'Collatz.Research.DescentIntervals.Batch041.data_8_162' does not depend on any axioms
'Collatz.Research.DescentIntervals.Batch041.endpoint_8_162' depends on axioms: [propext, Quot.sound]
'Collatz.Research.DescentIntervals.Batch041.bounds_8_163' does not depend on any axioms
'Collatz.Research.DescentIntervals.Batch041.exact_8_163' depends on axioms: [propext, Classical.choice, Quot.sound]
'Collatz.Research.DescentIntervals.Batch041.data_8_163' does not depend on any axioms
'Collatz.Research.DescentIntervals.Batch041.endpoint_8_163' depends on axioms: [propext, Quot.sound]
'Collatz.Research.DescentIntervals.Batch041.bounds_8_164' does not depend on any axioms
'Collatz.Research.DescentIntervals.Batch041.exact_8_164' depends on axioms: [propext, Classical.choice, Quot.sound]
'Collatz.Research.DescentIntervals.Batch041.data_8_164' does not depend on any axioms
'Collatz.Research.DescentIntervals.Batch041.endpoint_8_164' depends on axioms: [propext, Quot.sound]
'Collatz.Research.DescentIntervals.Batch042.bounds_8_165' does not depend on any axioms
'Collatz.Research.DescentIntervals.Batch042.exact_8_165' depends on axioms: [propext, Classical.choice, Quot.sound]
'Collatz.Research.DescentIntervals.Batch042.data_8_165' does not depend on any axioms
'Collatz.Research.DescentIntervals.Batch042.endpoint_8_165' depends on axioms: [propext, Quot.sound]
'Collatz.Research.DescentIntervals.Batch042.bounds_8_166' does not depend on any axioms
'Collatz.Research.DescentIntervals.Batch042.exact_8_166' depends on axioms: [propext, Classical.choice, Quot.sound]
'Collatz.Research.DescentIntervals.Batch042.data_8_166' does not depend on any axioms
'Collatz.Research.DescentIntervals.Batch042.endpoint_8_166' depends on axioms: [propext, Quot.sound]
'Collatz.Research.DescentIntervals.Batch042.bounds_8_167' does not depend on any axioms
'Collatz.Research.DescentIntervals.Batch042.exact_8_167' depends on axioms: [propext, Classical.choice, Quot.sound]
'Collatz.Research.DescentIntervals.Batch042.data_8_167' does not depend on any axioms
'Collatz.Research.DescentIntervals.Batch042.endpoint_8_167' depends on axioms: [propext, Quot.sound]
'Collatz.Research.DescentIntervals.Batch042.bounds_8_168' does not depend on any axioms
'Collatz.Research.DescentIntervals.Batch042.exact_8_168' depends on axioms: [propext, Classical.choice, Quot.sound]
'Collatz.Research.DescentIntervals.Batch042.data_8_168' does not depend on any axioms
'Collatz.Research.DescentIntervals.Batch042.endpoint_8_168' depends on axioms: [propext, Quot.sound]
'Collatz.Research.DescentIntervals.Batch042.bounds_8_169' does not depend on any axioms
'Collatz.Research.DescentIntervals.Batch042.exact_8_169' depends on axioms: [propext, Classical.choice, Quot.sound]
'Collatz.Research.DescentIntervals.Batch042.data_8_169' does not depend on any axioms
'Collatz.Research.DescentIntervals.Batch042.endpoint_8_169' depends on axioms: [propext, Quot.sound]
'Collatz.Research.DescentIntervals.Batch042.bounds_8_170' does not depend on any axioms
'Collatz.Research.DescentIntervals.Batch042.exact_8_170' depends on axioms: [propext, Classical.choice, Quot.sound]
'Collatz.Research.DescentIntervals.Batch042.data_8_170' does not depend on any axioms
'Collatz.Research.DescentIntervals.Batch042.endpoint_8_170' depends on axioms: [propext, Quot.sound]
'Collatz.Research.DescentIntervals.Batch042.bounds_8_171' does not depend on any axioms
'Collatz.Research.DescentIntervals.Batch042.exact_8_171' depends on axioms: [propext, Classical.choice, Quot.sound]
'Collatz.Research.DescentIntervals.Batch042.data_8_171' does not depend on any axioms
'Collatz.Research.DescentIntervals.Batch042.endpoint_8_171' depends on axioms: [propext, Quot.sound]
'Collatz.Research.DescentIntervals.Batch042.bounds_8_172' does not depend on any axioms
'Collatz.Research.DescentIntervals.Batch042.exact_8_172' depends on axioms: [propext, Classical.choice, Quot.sound]
'Collatz.Research.DescentIntervals.Batch042.data_8_172' does not depend on any axioms
'Collatz.Research.DescentIntervals.Batch042.endpoint_8_172' depends on axioms: [propext, Quot.sound]
'Collatz.Research.DescentIntervals.Batch042.bounds_8_173' does not depend on any axioms
'Collatz.Research.DescentIntervals.Batch042.exact_8_173' depends on axioms: [propext, Classical.choice, Quot.sound]
'Collatz.Research.DescentIntervals.Batch042.data_8_173' does not depend on any axioms
'Collatz.Research.DescentIntervals.Batch042.endpoint_8_173' depends on axioms: [propext, Quot.sound]
'Collatz.Research.DescentIntervals.Batch042.bounds_8_174' does not depend on any axioms
'Collatz.Research.DescentIntervals.Batch042.exact_8_174' depends on axioms: [propext, Classical.choice, Quot.sound]
'Collatz.Research.DescentIntervals.Batch042.data_8_174' does not depend on any axioms
'Collatz.Research.DescentIntervals.Batch042.endpoint_8_174' depends on axioms: [propext, Quot.sound]
'Collatz.Research.DescentIntervals.Batch043.bounds_8_175' does not depend on any axioms
'Collatz.Research.DescentIntervals.Batch043.exact_8_175' depends on axioms: [propext, Classical.choice, Quot.sound]
'Collatz.Research.DescentIntervals.Batch043.data_8_175' does not depend on any axioms
'Collatz.Research.DescentIntervals.Batch043.endpoint_8_175' depends on axioms: [propext, Quot.sound]
'Collatz.Research.DescentIntervals.Batch043.bounds_8_176' does not depend on any axioms
'Collatz.Research.DescentIntervals.Batch043.exact_8_176' depends on axioms: [propext, Classical.choice, Quot.sound]
'Collatz.Research.DescentIntervals.Batch043.data_8_176' does not depend on any axioms
'Collatz.Research.DescentIntervals.Batch043.endpoint_8_176' depends on axioms: [propext, Quot.sound]
'Collatz.Research.DescentIntervals.Batch043.bounds_8_177' does not depend on any axioms
'Collatz.Research.DescentIntervals.Batch043.exact_8_177' depends on axioms: [propext, Classical.choice, Quot.sound]
'Collatz.Research.DescentIntervals.Batch043.data_8_177' does not depend on any axioms
'Collatz.Research.DescentIntervals.Batch043.endpoint_8_177' depends on axioms: [propext, Quot.sound]
'Collatz.Research.DescentIntervals.Batch043.bounds_8_178' does not depend on any axioms
'Collatz.Research.DescentIntervals.Batch043.exact_8_178' depends on axioms: [propext, Classical.choice, Quot.sound]
'Collatz.Research.DescentIntervals.Batch043.data_8_178' does not depend on any axioms
'Collatz.Research.DescentIntervals.Batch043.endpoint_8_178' depends on axioms: [propext, Quot.sound]
'Collatz.Research.DescentIntervals.Batch043.bounds_8_179' does not depend on any axioms
'Collatz.Research.DescentIntervals.Batch043.exact_8_179' depends on axioms: [propext, Classical.choice, Quot.sound]
'Collatz.Research.DescentIntervals.Batch043.data_8_179' does not depend on any axioms
'Collatz.Research.DescentIntervals.Batch043.endpoint_8_179' depends on axioms: [propext, Quot.sound]
'Collatz.Research.DescentIntervals.Batch043.bounds_8_180' does not depend on any axioms
'Collatz.Research.DescentIntervals.Batch043.exact_8_180' depends on axioms: [propext, Classical.choice, Quot.sound]
'Collatz.Research.DescentIntervals.Batch043.data_8_180' does not depend on any axioms
'Collatz.Research.DescentIntervals.Batch043.endpoint_8_180' depends on axioms: [propext, Quot.sound]
'Collatz.Research.DescentIntervals.Batch043.bounds_8_181' does not depend on any axioms
'Collatz.Research.DescentIntervals.Batch043.exact_8_181' depends on axioms: [propext, Classical.choice, Quot.sound]
'Collatz.Research.DescentIntervals.Batch043.data_8_181' does not depend on any axioms
'Collatz.Research.DescentIntervals.Batch043.endpoint_8_181' depends on axioms: [propext, Quot.sound]
'Collatz.Research.DescentIntervals.Batch043.bounds_8_182' does not depend on any axioms
'Collatz.Research.DescentIntervals.Batch043.exact_8_182' depends on axioms: [propext, Classical.choice, Quot.sound]
'Collatz.Research.DescentIntervals.Batch043.data_8_182' does not depend on any axioms
'Collatz.Research.DescentIntervals.Batch043.endpoint_8_182' depends on axioms: [propext, Quot.sound]
'Collatz.Research.DescentIntervals.Batch043.bounds_8_183' does not depend on any axioms
'Collatz.Research.DescentIntervals.Batch043.exact_8_183' depends on axioms: [propext, Classical.choice, Quot.sound]
'Collatz.Research.DescentIntervals.Batch043.data_8_183' does not depend on any axioms
'Collatz.Research.DescentIntervals.Batch043.endpoint_8_183' depends on axioms: [propext, Quot.sound]
'Collatz.Research.DescentIntervals.Batch043.bounds_8_184' does not depend on any axioms
'Collatz.Research.DescentIntervals.Batch043.exact_8_184' depends on axioms: [propext, Classical.choice, Quot.sound]
'Collatz.Research.DescentIntervals.Batch043.data_8_184' does not depend on any axioms
'Collatz.Research.DescentIntervals.Batch043.endpoint_8_184' depends on axioms: [propext, Quot.sound]
'Collatz.Research.DescentIntervals.Batch044.bounds_8_185' does not depend on any axioms
'Collatz.Research.DescentIntervals.Batch044.exact_8_185' depends on axioms: [propext, Classical.choice, Quot.sound]
'Collatz.Research.DescentIntervals.Batch044.data_8_185' does not depend on any axioms
'Collatz.Research.DescentIntervals.Batch044.endpoint_8_185' depends on axioms: [propext, Quot.sound]
'Collatz.Research.DescentIntervals.Batch044.bounds_8_186' does not depend on any axioms
'Collatz.Research.DescentIntervals.Batch044.exact_8_186' depends on axioms: [propext, Classical.choice, Quot.sound]
'Collatz.Research.DescentIntervals.Batch044.data_8_186' does not depend on any axioms
'Collatz.Research.DescentIntervals.Batch044.endpoint_8_186' depends on axioms: [propext, Quot.sound]
'Collatz.Research.DescentIntervals.Batch044.bounds_8_187' does not depend on any axioms
'Collatz.Research.DescentIntervals.Batch044.exact_8_187' depends on axioms: [propext, Classical.choice, Quot.sound]
'Collatz.Research.DescentIntervals.Batch044.data_8_187' does not depend on any axioms
'Collatz.Research.DescentIntervals.Batch044.endpoint_8_187' depends on axioms: [propext, Quot.sound]
'Collatz.Research.DescentIntervals.Batch044.bounds_8_188' does not depend on any axioms
'Collatz.Research.DescentIntervals.Batch044.exact_8_188' depends on axioms: [propext, Classical.choice, Quot.sound]
'Collatz.Research.DescentIntervals.Batch044.data_8_188' does not depend on any axioms
'Collatz.Research.DescentIntervals.Batch044.endpoint_8_188' depends on axioms: [propext, Quot.sound]
'Collatz.Research.DescentIntervals.Batch044.bounds_8_189' does not depend on any axioms
'Collatz.Research.DescentIntervals.Batch044.exact_8_189' depends on axioms: [propext, Classical.choice, Quot.sound]
'Collatz.Research.DescentIntervals.Batch044.data_8_189' does not depend on any axioms
'Collatz.Research.DescentIntervals.Batch044.endpoint_8_189' depends on axioms: [propext, Quot.sound]
'Collatz.Research.DescentIntervals.Batch044.bounds_8_190' does not depend on any axioms
'Collatz.Research.DescentIntervals.Batch044.exact_8_190' depends on axioms: [propext, Classical.choice, Quot.sound]
'Collatz.Research.DescentIntervals.Batch044.data_8_190' does not depend on any axioms
'Collatz.Research.DescentIntervals.Batch044.endpoint_8_190' depends on axioms: [propext, Quot.sound]
'Collatz.Research.DescentIntervals.Batch044.bounds_8_191' does not depend on any axioms
'Collatz.Research.DescentIntervals.Batch044.exact_8_191' depends on axioms: [propext, Classical.choice, Quot.sound]
'Collatz.Research.DescentIntervals.Batch044.data_8_191' does not depend on any axioms
'Collatz.Research.DescentIntervals.Batch044.endpoint_8_191' depends on axioms: [propext, Quot.sound]
'Collatz.Research.DescentIntervals.Batch044.bounds_8_192' does not depend on any axioms
'Collatz.Research.DescentIntervals.Batch044.exact_8_192' depends on axioms: [propext, Classical.choice, Quot.sound]
'Collatz.Research.DescentIntervals.Batch044.data_8_192' does not depend on any axioms
'Collatz.Research.DescentIntervals.Batch044.endpoint_8_192' depends on axioms: [propext, Quot.sound]
'Collatz.Research.DescentIntervals.Batch044.bounds_8_193' does not depend on any axioms
'Collatz.Research.DescentIntervals.Batch044.exact_8_193' depends on axioms: [propext, Classical.choice, Quot.sound]
'Collatz.Research.DescentIntervals.Batch044.data_8_193' does not depend on any axioms
'Collatz.Research.DescentIntervals.Batch044.endpoint_8_193' depends on axioms: [propext, Quot.sound]
'Collatz.Research.DescentIntervals.Batch044.bounds_8_194' does not depend on any axioms
'Collatz.Research.DescentIntervals.Batch044.exact_8_194' depends on axioms: [propext, Classical.choice, Quot.sound]
'Collatz.Research.DescentIntervals.Batch044.data_8_194' does not depend on any axioms
'Collatz.Research.DescentIntervals.Batch044.endpoint_8_194' depends on axioms: [propext, Quot.sound]
'Collatz.Research.DescentIntervals.Batch045.bounds_8_195' does not depend on any axioms
'Collatz.Research.DescentIntervals.Batch045.exact_8_195' depends on axioms: [propext, Classical.choice, Quot.sound]
'Collatz.Research.DescentIntervals.Batch045.data_8_195' does not depend on any axioms
'Collatz.Research.DescentIntervals.Batch045.endpoint_8_195' depends on axioms: [propext, Quot.sound]
'Collatz.Research.DescentIntervals.Batch045.bounds_8_196' does not depend on any axioms
'Collatz.Research.DescentIntervals.Batch045.exact_8_196' depends on axioms: [propext, Classical.choice, Quot.sound]
'Collatz.Research.DescentIntervals.Batch045.data_8_196' does not depend on any axioms
'Collatz.Research.DescentIntervals.Batch045.endpoint_8_196' depends on axioms: [propext, Quot.sound]
'Collatz.Research.DescentIntervals.Batch045.bounds_8_197' does not depend on any axioms
'Collatz.Research.DescentIntervals.Batch045.exact_8_197' depends on axioms: [propext, Classical.choice, Quot.sound]
'Collatz.Research.DescentIntervals.Batch045.data_8_197' does not depend on any axioms
'Collatz.Research.DescentIntervals.Batch045.endpoint_8_197' depends on axioms: [propext, Quot.sound]
'Collatz.Research.DescentIntervals.Batch045.bounds_8_198' does not depend on any axioms
'Collatz.Research.DescentIntervals.Batch045.exact_8_198' depends on axioms: [propext, Classical.choice, Quot.sound]
'Collatz.Research.DescentIntervals.Batch045.data_8_198' does not depend on any axioms
'Collatz.Research.DescentIntervals.Batch045.endpoint_8_198' depends on axioms: [propext, Quot.sound]
'Collatz.Research.DescentIntervals.Batch045.bounds_8_199' does not depend on any axioms
'Collatz.Research.DescentIntervals.Batch045.exact_8_199' depends on axioms: [propext, Classical.choice, Quot.sound]
'Collatz.Research.DescentIntervals.Batch045.data_8_199' does not depend on any axioms
'Collatz.Research.DescentIntervals.Batch045.endpoint_8_199' depends on axioms: [propext, Quot.sound]
'Collatz.Research.DescentIntervals.Batch045.bounds_8_200' does not depend on any axioms
'Collatz.Research.DescentIntervals.Batch045.exact_8_200' depends on axioms: [propext, Classical.choice, Quot.sound]
'Collatz.Research.DescentIntervals.Batch045.data_8_200' does not depend on any axioms
'Collatz.Research.DescentIntervals.Batch045.endpoint_8_200' depends on axioms: [propext, Quot.sound]
'Collatz.Research.DescentIntervals.Batch045.bounds_8_201' does not depend on any axioms
'Collatz.Research.DescentIntervals.Batch045.exact_8_201' depends on axioms: [propext, Classical.choice, Quot.sound]
'Collatz.Research.DescentIntervals.Batch045.data_8_201' does not depend on any axioms
'Collatz.Research.DescentIntervals.Batch045.endpoint_8_201' depends on axioms: [propext, Quot.sound]
'Collatz.Research.DescentIntervals.Batch045.bounds_8_202' does not depend on any axioms
'Collatz.Research.DescentIntervals.Batch045.exact_8_202' depends on axioms: [propext, Classical.choice, Quot.sound]
'Collatz.Research.DescentIntervals.Batch045.data_8_202' does not depend on any axioms
'Collatz.Research.DescentIntervals.Batch045.endpoint_8_202' depends on axioms: [propext, Quot.sound]
'Collatz.Research.DescentIntervals.Batch045.bounds_8_203' does not depend on any axioms
'Collatz.Research.DescentIntervals.Batch045.exact_8_203' depends on axioms: [propext, Classical.choice, Quot.sound]
'Collatz.Research.DescentIntervals.Batch045.data_8_203' does not depend on any axioms
'Collatz.Research.DescentIntervals.Batch045.endpoint_8_203' depends on axioms: [propext, Quot.sound]
'Collatz.Research.DescentIntervals.Batch045.bounds_8_204' does not depend on any axioms
'Collatz.Research.DescentIntervals.Batch045.exact_8_204' depends on axioms: [propext, Classical.choice, Quot.sound]
'Collatz.Research.DescentIntervals.Batch045.data_8_204' does not depend on any axioms
'Collatz.Research.DescentIntervals.Batch045.endpoint_8_204' depends on axioms: [propext, Quot.sound]
'Collatz.Research.DescentIntervals.Batch046.bounds_8_205' does not depend on any axioms
'Collatz.Research.DescentIntervals.Batch046.exact_8_205' depends on axioms: [propext, Classical.choice, Quot.sound]
'Collatz.Research.DescentIntervals.Batch046.data_8_205' does not depend on any axioms
'Collatz.Research.DescentIntervals.Batch046.endpoint_8_205' depends on axioms: [propext, Quot.sound]
'Collatz.Research.DescentIntervals.Batch046.bounds_8_206' does not depend on any axioms
'Collatz.Research.DescentIntervals.Batch046.exact_8_206' depends on axioms: [propext, Classical.choice, Quot.sound]
'Collatz.Research.DescentIntervals.Batch046.data_8_206' does not depend on any axioms
'Collatz.Research.DescentIntervals.Batch046.endpoint_8_206' depends on axioms: [propext, Quot.sound]
'Collatz.Research.DescentIntervals.Batch046.bounds_8_207' does not depend on any axioms
'Collatz.Research.DescentIntervals.Batch046.exact_8_207' depends on axioms: [propext, Classical.choice, Quot.sound]
'Collatz.Research.DescentIntervals.Batch046.data_8_207' does not depend on any axioms
'Collatz.Research.DescentIntervals.Batch046.endpoint_8_207' depends on axioms: [propext, Quot.sound]
'Collatz.Research.DescentIntervals.Batch046.bounds_8_208' does not depend on any axioms
'Collatz.Research.DescentIntervals.Batch046.exact_8_208' depends on axioms: [propext, Classical.choice, Quot.sound]
'Collatz.Research.DescentIntervals.Batch046.data_8_208' does not depend on any axioms
'Collatz.Research.DescentIntervals.Batch046.endpoint_8_208' depends on axioms: [propext, Quot.sound]
'Collatz.Research.DescentIntervals.Batch046.bounds_8_209' does not depend on any axioms
'Collatz.Research.DescentIntervals.Batch046.exact_8_209' depends on axioms: [propext, Classical.choice, Quot.sound]
'Collatz.Research.DescentIntervals.Batch046.data_8_209' does not depend on any axioms
'Collatz.Research.DescentIntervals.Batch046.endpoint_8_209' depends on axioms: [propext, Quot.sound]
'Collatz.Research.DescentIntervals.Batch046.bounds_8_210' does not depend on any axioms
'Collatz.Research.DescentIntervals.Batch046.exact_8_210' depends on axioms: [propext, Classical.choice, Quot.sound]
'Collatz.Research.DescentIntervals.Batch046.data_8_210' does not depend on any axioms
'Collatz.Research.DescentIntervals.Batch046.endpoint_8_210' depends on axioms: [propext, Quot.sound]
'Collatz.Research.DescentIntervals.Batch046.bounds_8_211' does not depend on any axioms
'Collatz.Research.DescentIntervals.Batch046.exact_8_211' depends on axioms: [propext, Classical.choice, Quot.sound]
'Collatz.Research.DescentIntervals.Batch046.data_8_211' does not depend on any axioms
'Collatz.Research.DescentIntervals.Batch046.endpoint_8_211' depends on axioms: [propext, Quot.sound]
'Collatz.Research.DescentIntervals.Batch046.bounds_8_212' does not depend on any axioms
'Collatz.Research.DescentIntervals.Batch046.exact_8_212' depends on axioms: [propext, Classical.choice, Quot.sound]
'Collatz.Research.DescentIntervals.Batch046.data_8_212' does not depend on any axioms
'Collatz.Research.DescentIntervals.Batch046.endpoint_8_212' depends on axioms: [propext, Quot.sound]
'Collatz.Research.DescentIntervals.Batch046.bounds_8_213' does not depend on any axioms
'Collatz.Research.DescentIntervals.Batch046.exact_8_213' depends on axioms: [propext, Classical.choice, Quot.sound]
'Collatz.Research.DescentIntervals.Batch046.data_8_213' does not depend on any axioms
'Collatz.Research.DescentIntervals.Batch046.endpoint_8_213' depends on axioms: [propext, Quot.sound]
'Collatz.Research.DescentIntervals.Batch046.bounds_8_214' does not depend on any axioms
'Collatz.Research.DescentIntervals.Batch046.exact_8_214' depends on axioms: [propext, Classical.choice, Quot.sound]
'Collatz.Research.DescentIntervals.Batch046.data_8_214' does not depend on any axioms
'Collatz.Research.DescentIntervals.Batch046.endpoint_8_214' depends on axioms: [propext, Quot.sound]
'Collatz.Research.DescentIntervals.Batch046.bounds_8_215' does not depend on any axioms
'Collatz.Research.DescentIntervals.Batch046.exact_8_215' depends on axioms: [propext, Classical.choice, Quot.sound]
'Collatz.Research.DescentIntervals.Batch046.data_8_215' does not depend on any axioms
'Collatz.Research.DescentIntervals.Batch046.endpoint_8_215' depends on axioms: [propext, Quot.sound]
'Collatz.Research.DescentIntervals.Batch047.bounds_8_216' does not depend on any axioms
'Collatz.Research.DescentIntervals.Batch047.exact_8_216' depends on axioms: [propext, Classical.choice, Quot.sound]
'Collatz.Research.DescentIntervals.Batch047.data_8_216' does not depend on any axioms
'Collatz.Research.DescentIntervals.Batch047.endpoint_8_216' depends on axioms: [propext, Quot.sound]
'Collatz.Research.DescentIntervals.Batch047.bounds_8_217' does not depend on any axioms
'Collatz.Research.DescentIntervals.Batch047.exact_8_217' depends on axioms: [propext, Classical.choice, Quot.sound]
'Collatz.Research.DescentIntervals.Batch047.data_8_217' does not depend on any axioms
'Collatz.Research.DescentIntervals.Batch047.endpoint_8_217' depends on axioms: [propext, Quot.sound]
'Collatz.Research.DescentIntervals.Batch047.bounds_8_218' does not depend on any axioms
'Collatz.Research.DescentIntervals.Batch047.exact_8_218' depends on axioms: [propext, Classical.choice, Quot.sound]
'Collatz.Research.DescentIntervals.Batch047.data_8_218' does not depend on any axioms
'Collatz.Research.DescentIntervals.Batch047.endpoint_8_218' depends on axioms: [propext, Quot.sound]
'Collatz.Research.DescentIntervals.Batch047.bounds_8_219' does not depend on any axioms
'Collatz.Research.DescentIntervals.Batch047.exact_8_219' depends on axioms: [propext, Classical.choice, Quot.sound]
'Collatz.Research.DescentIntervals.Batch047.data_8_219' does not depend on any axioms
'Collatz.Research.DescentIntervals.Batch047.endpoint_8_219' depends on axioms: [propext, Quot.sound]
'Collatz.Research.DescentIntervals.Batch047.bounds_8_220' does not depend on any axioms
'Collatz.Research.DescentIntervals.Batch047.exact_8_220' depends on axioms: [propext, Classical.choice, Quot.sound]
'Collatz.Research.DescentIntervals.Batch047.data_8_220' does not depend on any axioms
'Collatz.Research.DescentIntervals.Batch047.endpoint_8_220' depends on axioms: [propext, Quot.sound]
'Collatz.Research.DescentIntervals.Batch047.bounds_8_221' does not depend on any axioms
'Collatz.Research.DescentIntervals.Batch047.exact_8_221' depends on axioms: [propext, Classical.choice, Quot.sound]
'Collatz.Research.DescentIntervals.Batch047.data_8_221' does not depend on any axioms
'Collatz.Research.DescentIntervals.Batch047.endpoint_8_221' depends on axioms: [propext, Quot.sound]
'Collatz.Research.DescentIntervals.Batch047.bounds_8_222' does not depend on any axioms
'Collatz.Research.DescentIntervals.Batch047.exact_8_222' depends on axioms: [propext, Classical.choice, Quot.sound]
'Collatz.Research.DescentIntervals.Batch047.data_8_222' does not depend on any axioms
'Collatz.Research.DescentIntervals.Batch047.endpoint_8_222' depends on axioms: [propext, Quot.sound]
'Collatz.Research.DescentIntervals.Batch047.bounds_8_223' does not depend on any axioms
'Collatz.Research.DescentIntervals.Batch047.exact_8_223' depends on axioms: [propext, Classical.choice, Quot.sound]
'Collatz.Research.DescentIntervals.Batch047.data_8_223' does not depend on any axioms
'Collatz.Research.DescentIntervals.Batch047.endpoint_8_223' depends on axioms: [propext, Quot.sound]
'Collatz.Research.DescentIntervals.Batch047.bounds_8_224' does not depend on any axioms
'Collatz.Research.DescentIntervals.Batch047.exact_8_224' depends on axioms: [propext, Classical.choice, Quot.sound]
'Collatz.Research.DescentIntervals.Batch047.data_8_224' does not depend on any axioms
'Collatz.Research.DescentIntervals.Batch047.endpoint_8_224' depends on axioms: [propext, Quot.sound]
'Collatz.Research.DescentIntervals.Batch047.bounds_8_225' does not depend on any axioms
'Collatz.Research.DescentIntervals.Batch047.exact_8_225' depends on axioms: [propext, Classical.choice, Quot.sound]
'Collatz.Research.DescentIntervals.Batch047.data_8_225' does not depend on any axioms
'Collatz.Research.DescentIntervals.Batch047.endpoint_8_225' depends on axioms: [propext, Quot.sound]
'Collatz.Research.DescentIntervals.Batch048.bounds_8_226' does not depend on any axioms
'Collatz.Research.DescentIntervals.Batch048.exact_8_226' depends on axioms: [propext, Classical.choice, Quot.sound]
'Collatz.Research.DescentIntervals.Batch048.data_8_226' does not depend on any axioms
'Collatz.Research.DescentIntervals.Batch048.endpoint_8_226' depends on axioms: [propext, Quot.sound]
'Collatz.Research.DescentIntervals.Batch048.bounds_8_227' does not depend on any axioms
'Collatz.Research.DescentIntervals.Batch048.exact_8_227' depends on axioms: [propext, Classical.choice, Quot.sound]
'Collatz.Research.DescentIntervals.Batch048.data_8_227' does not depend on any axioms
'Collatz.Research.DescentIntervals.Batch048.endpoint_8_227' depends on axioms: [propext, Quot.sound]
'Collatz.Research.DescentIntervals.Batch048.bounds_8_228' does not depend on any axioms
'Collatz.Research.DescentIntervals.Batch048.exact_8_228' depends on axioms: [propext, Classical.choice, Quot.sound]
'Collatz.Research.DescentIntervals.Batch048.data_8_228' does not depend on any axioms
'Collatz.Research.DescentIntervals.Batch048.endpoint_8_228' depends on axioms: [propext, Quot.sound]
'Collatz.Research.DescentIntervals.Batch048.bounds_8_229' does not depend on any axioms
'Collatz.Research.DescentIntervals.Batch048.exact_8_229' depends on axioms: [propext, Classical.choice, Quot.sound]
'Collatz.Research.DescentIntervals.Batch048.data_8_229' does not depend on any axioms
'Collatz.Research.DescentIntervals.Batch048.endpoint_8_229' depends on axioms: [propext, Quot.sound]
'Collatz.Research.DescentIntervals.Batch048.bounds_8_230' does not depend on any axioms
'Collatz.Research.DescentIntervals.Batch048.exact_8_230' depends on axioms: [propext, Classical.choice, Quot.sound]
'Collatz.Research.DescentIntervals.Batch048.data_8_230' does not depend on any axioms
'Collatz.Research.DescentIntervals.Batch048.endpoint_8_230' depends on axioms: [propext, Quot.sound]
'Collatz.Research.DescentIntervals.Batch048.bounds_8_231' does not depend on any axioms
'Collatz.Research.DescentIntervals.Batch048.exact_8_231' depends on axioms: [propext, Classical.choice, Quot.sound]
'Collatz.Research.DescentIntervals.Batch048.data_8_231' does not depend on any axioms
'Collatz.Research.DescentIntervals.Batch048.endpoint_8_231' depends on axioms: [propext, Quot.sound]
'Collatz.Research.DescentIntervals.Batch048.bounds_8_232' does not depend on any axioms
'Collatz.Research.DescentIntervals.Batch048.exact_8_232' depends on axioms: [propext, Classical.choice, Quot.sound]
'Collatz.Research.DescentIntervals.Batch048.data_8_232' does not depend on any axioms
'Collatz.Research.DescentIntervals.Batch048.endpoint_8_232' depends on axioms: [propext, Quot.sound]
'Collatz.Research.DescentIntervals.Batch048.bounds_8_233' does not depend on any axioms
'Collatz.Research.DescentIntervals.Batch048.exact_8_233' depends on axioms: [propext, Classical.choice, Quot.sound]
'Collatz.Research.DescentIntervals.Batch048.data_8_233' does not depend on any axioms
'Collatz.Research.DescentIntervals.Batch048.endpoint_8_233' depends on axioms: [propext, Quot.sound]
'Collatz.Research.DescentIntervals.Batch048.bounds_8_234' does not depend on any axioms
'Collatz.Research.DescentIntervals.Batch048.exact_8_234' depends on axioms: [propext, Classical.choice, Quot.sound]
'Collatz.Research.DescentIntervals.Batch048.data_8_234' does not depend on any axioms
'Collatz.Research.DescentIntervals.Batch048.endpoint_8_234' depends on axioms: [propext, Quot.sound]
'Collatz.Research.DescentIntervals.Batch048.bounds_8_235' does not depend on any axioms
'Collatz.Research.DescentIntervals.Batch048.exact_8_235' depends on axioms: [propext, Classical.choice, Quot.sound]
'Collatz.Research.DescentIntervals.Batch048.data_8_235' does not depend on any axioms
'Collatz.Research.DescentIntervals.Batch048.endpoint_8_235' depends on axioms: [propext, Quot.sound]
'Collatz.Research.DescentIntervals.Batch049.bounds_8_236' does not depend on any axioms
'Collatz.Research.DescentIntervals.Batch049.exact_8_236' depends on axioms: [propext, Classical.choice, Quot.sound]
'Collatz.Research.DescentIntervals.Batch049.data_8_236' does not depend on any axioms
'Collatz.Research.DescentIntervals.Batch049.endpoint_8_236' depends on axioms: [propext, Quot.sound]
'Collatz.Research.DescentIntervals.Batch049.bounds_8_237' does not depend on any axioms
'Collatz.Research.DescentIntervals.Batch049.exact_8_237' depends on axioms: [propext, Classical.choice, Quot.sound]
'Collatz.Research.DescentIntervals.Batch049.data_8_237' does not depend on any axioms
'Collatz.Research.DescentIntervals.Batch049.endpoint_8_237' depends on axioms: [propext, Quot.sound]
'Collatz.Research.DescentIntervals.Batch049.bounds_8_238' does not depend on any axioms
'Collatz.Research.DescentIntervals.Batch049.exact_8_238' depends on axioms: [propext, Classical.choice, Quot.sound]
'Collatz.Research.DescentIntervals.Batch049.data_8_238' does not depend on any axioms
'Collatz.Research.DescentIntervals.Batch049.endpoint_8_238' depends on axioms: [propext, Quot.sound]
'Collatz.Research.DescentIntervals.Batch049.bounds_8_239' does not depend on any axioms
'Collatz.Research.DescentIntervals.Batch049.exact_8_239' depends on axioms: [propext, Classical.choice, Quot.sound]
'Collatz.Research.DescentIntervals.Batch049.data_8_239' does not depend on any axioms
'Collatz.Research.DescentIntervals.Batch049.endpoint_8_239' depends on axioms: [propext, Quot.sound]
'Collatz.Research.DescentIntervals.Batch049.bounds_8_240' does not depend on any axioms
'Collatz.Research.DescentIntervals.Batch049.exact_8_240' depends on axioms: [propext, Classical.choice, Quot.sound]
'Collatz.Research.DescentIntervals.Batch049.data_8_240' does not depend on any axioms
'Collatz.Research.DescentIntervals.Batch049.endpoint_8_240' depends on axioms: [propext, Quot.sound]
'Collatz.Research.DescentIntervals.Batch049.bounds_8_241' does not depend on any axioms
'Collatz.Research.DescentIntervals.Batch049.exact_8_241' depends on axioms: [propext, Classical.choice, Quot.sound]
'Collatz.Research.DescentIntervals.Batch049.data_8_241' does not depend on any axioms
'Collatz.Research.DescentIntervals.Batch049.endpoint_8_241' depends on axioms: [propext, Quot.sound]
'Collatz.Research.DescentIntervals.Batch049.bounds_8_242' does not depend on any axioms
'Collatz.Research.DescentIntervals.Batch049.exact_8_242' depends on axioms: [propext, Classical.choice, Quot.sound]
'Collatz.Research.DescentIntervals.Batch049.data_8_242' does not depend on any axioms
'Collatz.Research.DescentIntervals.Batch049.endpoint_8_242' depends on axioms: [propext, Quot.sound]
'Collatz.Research.DescentIntervals.Batch049.bounds_8_243' does not depend on any axioms
'Collatz.Research.DescentIntervals.Batch049.exact_8_243' depends on axioms: [propext, Classical.choice, Quot.sound]
'Collatz.Research.DescentIntervals.Batch049.data_8_243' does not depend on any axioms
'Collatz.Research.DescentIntervals.Batch049.endpoint_8_243' depends on axioms: [propext, Quot.sound]
'Collatz.Research.DescentIntervals.Batch049.bounds_8_244' does not depend on any axioms
'Collatz.Research.DescentIntervals.Batch049.exact_8_244' depends on axioms: [propext, Classical.choice, Quot.sound]
'Collatz.Research.DescentIntervals.Batch049.data_8_244' does not depend on any axioms
'Collatz.Research.DescentIntervals.Batch049.endpoint_8_244' depends on axioms: [propext, Quot.sound]
'Collatz.Research.DescentIntervals.Batch049.bounds_8_245' does not depend on any axioms
'Collatz.Research.DescentIntervals.Batch049.exact_8_245' depends on axioms: [propext, Classical.choice, Quot.sound]
'Collatz.Research.DescentIntervals.Batch049.data_8_245' does not depend on any axioms
'Collatz.Research.DescentIntervals.Batch049.endpoint_8_245' depends on axioms: [propext, Quot.sound]
'Collatz.Research.DescentIntervals.Batch050.bounds_8_246' does not depend on any axioms
'Collatz.Research.DescentIntervals.Batch050.exact_8_246' depends on axioms: [propext, Classical.choice, Quot.sound]
'Collatz.Research.DescentIntervals.Batch050.data_8_246' does not depend on any axioms
'Collatz.Research.DescentIntervals.Batch050.endpoint_8_246' depends on axioms: [propext, Quot.sound]
'Collatz.Research.DescentIntervals.Batch050.bounds_8_247' does not depend on any axioms
'Collatz.Research.DescentIntervals.Batch050.exact_8_247' depends on axioms: [propext, Classical.choice, Quot.sound]
'Collatz.Research.DescentIntervals.Batch050.data_8_247' does not depend on any axioms
'Collatz.Research.DescentIntervals.Batch050.endpoint_8_247' depends on axioms: [propext, Quot.sound]
'Collatz.Research.DescentIntervals.Batch050.bounds_8_248' does not depend on any axioms
'Collatz.Research.DescentIntervals.Batch050.exact_8_248' depends on axioms: [propext, Classical.choice, Quot.sound]
'Collatz.Research.DescentIntervals.Batch050.data_8_248' does not depend on any axioms
'Collatz.Research.DescentIntervals.Batch050.endpoint_8_248' depends on axioms: [propext, Quot.sound]
'Collatz.Research.DescentIntervals.Batch050.bounds_8_249' does not depend on any axioms
'Collatz.Research.DescentIntervals.Batch050.exact_8_249' depends on axioms: [propext, Classical.choice, Quot.sound]
'Collatz.Research.DescentIntervals.Batch050.data_8_249' does not depend on any axioms
'Collatz.Research.DescentIntervals.Batch050.endpoint_8_249' depends on axioms: [propext, Quot.sound]
'Collatz.Research.DescentIntervals.Batch050.bounds_8_250' does not depend on any axioms
'Collatz.Research.DescentIntervals.Batch050.exact_8_250' depends on axioms: [propext, Classical.choice, Quot.sound]
'Collatz.Research.DescentIntervals.Batch050.data_8_250' does not depend on any axioms
'Collatz.Research.DescentIntervals.Batch050.endpoint_8_250' depends on axioms: [propext, Quot.sound]
'Collatz.Research.DescentIntervals.Batch050.bounds_8_251' does not depend on any axioms
'Collatz.Research.DescentIntervals.Batch050.exact_8_251' depends on axioms: [propext, Classical.choice, Quot.sound]
'Collatz.Research.DescentIntervals.Batch050.data_8_251' does not depend on any axioms
'Collatz.Research.DescentIntervals.Batch050.endpoint_8_251' depends on axioms: [propext, Quot.sound]
'Collatz.Research.DescentIntervals.Batch050.bounds_8_252' does not depend on any axioms
'Collatz.Research.DescentIntervals.Batch050.exact_8_252' depends on axioms: [propext, Classical.choice, Quot.sound]
'Collatz.Research.DescentIntervals.Batch050.data_8_252' does not depend on any axioms
'Collatz.Research.DescentIntervals.Batch050.endpoint_8_252' depends on axioms: [propext, Quot.sound]
'Collatz.Research.DescentIntervals.Batch050.bounds_8_253' does not depend on any axioms
'Collatz.Research.DescentIntervals.Batch050.exact_8_253' depends on axioms: [propext, Classical.choice, Quot.sound]
'Collatz.Research.DescentIntervals.Batch050.data_8_253' does not depend on any axioms
'Collatz.Research.DescentIntervals.Batch050.endpoint_8_253' depends on axioms: [propext, Quot.sound]
'Collatz.Research.DescentIntervals.Batch050.bounds_8_254' does not depend on any axioms
'Collatz.Research.DescentIntervals.Batch050.exact_8_254' depends on axioms: [propext, Classical.choice, Quot.sound]
'Collatz.Research.DescentIntervals.Batch050.data_8_254' does not depend on any axioms
'Collatz.Research.DescentIntervals.Batch050.endpoint_8_254' depends on axioms: [propext, Quot.sound]
'Collatz.Research.DescentIntervals.Batch050.bounds_8_255' does not depend on any axioms
'Collatz.Research.DescentIntervals.Batch050.exact_8_255' depends on axioms: [propext, Classical.choice, Quot.sound]
'Collatz.Research.DescentIntervals.Batch050.data_8_255' does not depend on any axioms
'Collatz.Research.DescentIntervals.Batch050.endpoint_8_255' depends on axioms: [propext, Quot.sound]
'Collatz.Research.DescentIntervals.Batch050.bounds_9_0' does not depend on any axioms
'Collatz.Research.DescentIntervals.Batch050.exact_9_0' depends on axioms: [propext, Classical.choice, Quot.sound]
'Collatz.Research.DescentIntervals.Batch050.data_9_0' does not depend on any axioms
'Collatz.Research.DescentIntervals.Batch050.endpoint_9_0' depends on axioms: [propext, Quot.sound]
'Collatz.Research.DescentIntervals.Batch051.bounds_9_1' does not depend on any axioms
'Collatz.Research.DescentIntervals.Batch051.exact_9_1' depends on axioms: [propext, Classical.choice, Quot.sound]
'Collatz.Research.DescentIntervals.Batch051.data_9_1' does not depend on any axioms
'Collatz.Research.DescentIntervals.Batch051.endpoint_9_1' depends on axioms: [propext, Quot.sound]
'Collatz.Research.DescentIntervals.Batch051.bounds_9_2' does not depend on any axioms
'Collatz.Research.DescentIntervals.Batch051.exact_9_2' depends on axioms: [propext, Classical.choice, Quot.sound]
'Collatz.Research.DescentIntervals.Batch051.data_9_2' does not depend on any axioms
'Collatz.Research.DescentIntervals.Batch051.endpoint_9_2' depends on axioms: [propext, Quot.sound]
'Collatz.Research.DescentIntervals.Batch051.bounds_9_3' does not depend on any axioms
'Collatz.Research.DescentIntervals.Batch051.exact_9_3' depends on axioms: [propext, Classical.choice, Quot.sound]
'Collatz.Research.DescentIntervals.Batch051.data_9_3' does not depend on any axioms
'Collatz.Research.DescentIntervals.Batch051.endpoint_9_3' depends on axioms: [propext, Quot.sound]
'Collatz.Research.DescentIntervals.Batch051.bounds_9_4' does not depend on any axioms
'Collatz.Research.DescentIntervals.Batch051.exact_9_4' depends on axioms: [propext, Classical.choice, Quot.sound]
'Collatz.Research.DescentIntervals.Batch051.data_9_4' does not depend on any axioms
'Collatz.Research.DescentIntervals.Batch051.endpoint_9_4' depends on axioms: [propext, Quot.sound]
'Collatz.Research.DescentIntervals.Batch051.bounds_9_5' does not depend on any axioms
'Collatz.Research.DescentIntervals.Batch051.exact_9_5' depends on axioms: [propext, Classical.choice, Quot.sound]
'Collatz.Research.DescentIntervals.Batch051.data_9_5' does not depend on any axioms
'Collatz.Research.DescentIntervals.Batch051.endpoint_9_5' depends on axioms: [propext, Quot.sound]
'Collatz.Research.DescentIntervals.Batch051.bounds_9_6' does not depend on any axioms
'Collatz.Research.DescentIntervals.Batch051.exact_9_6' depends on axioms: [propext, Classical.choice, Quot.sound]
'Collatz.Research.DescentIntervals.Batch051.data_9_6' does not depend on any axioms
'Collatz.Research.DescentIntervals.Batch051.endpoint_9_6' depends on axioms: [propext, Quot.sound]
'Collatz.Research.DescentIntervals.Batch051.bounds_9_7' does not depend on any axioms
'Collatz.Research.DescentIntervals.Batch051.exact_9_7' depends on axioms: [propext, Classical.choice, Quot.sound]
'Collatz.Research.DescentIntervals.Batch051.data_9_7' does not depend on any axioms
'Collatz.Research.DescentIntervals.Batch051.endpoint_9_7' depends on axioms: [propext, Quot.sound]
'Collatz.Research.DescentIntervals.Batch051.bounds_9_8' does not depend on any axioms
'Collatz.Research.DescentIntervals.Batch051.exact_9_8' depends on axioms: [propext, Classical.choice, Quot.sound]
'Collatz.Research.DescentIntervals.Batch051.data_9_8' does not depend on any axioms
'Collatz.Research.DescentIntervals.Batch051.endpoint_9_8' depends on axioms: [propext, Quot.sound]
'Collatz.Research.DescentIntervals.Batch051.bounds_9_9' does not depend on any axioms
'Collatz.Research.DescentIntervals.Batch051.exact_9_9' depends on axioms: [propext, Classical.choice, Quot.sound]
'Collatz.Research.DescentIntervals.Batch051.data_9_9' does not depend on any axioms
'Collatz.Research.DescentIntervals.Batch051.endpoint_9_9' depends on axioms: [propext, Quot.sound]
'Collatz.Research.DescentIntervals.Batch051.bounds_9_10' does not depend on any axioms
'Collatz.Research.DescentIntervals.Batch051.exact_9_10' depends on axioms: [propext, Classical.choice, Quot.sound]
'Collatz.Research.DescentIntervals.Batch051.data_9_10' does not depend on any axioms
'Collatz.Research.DescentIntervals.Batch051.endpoint_9_10' depends on axioms: [propext, Quot.sound]
'Collatz.Research.DescentIntervals.Batch052.bounds_9_11' does not depend on any axioms
'Collatz.Research.DescentIntervals.Batch052.exact_9_11' depends on axioms: [propext, Classical.choice, Quot.sound]
'Collatz.Research.DescentIntervals.Batch052.data_9_11' does not depend on any axioms
'Collatz.Research.DescentIntervals.Batch052.endpoint_9_11' depends on axioms: [propext, Quot.sound]
'Collatz.Research.DescentIntervals.Batch052.bounds_9_12' does not depend on any axioms
'Collatz.Research.DescentIntervals.Batch052.exact_9_12' depends on axioms: [propext, Classical.choice, Quot.sound]
'Collatz.Research.DescentIntervals.Batch052.data_9_12' does not depend on any axioms
'Collatz.Research.DescentIntervals.Batch052.endpoint_9_12' depends on axioms: [propext, Quot.sound]
'Collatz.Research.DescentIntervals.Batch052.bounds_9_13' does not depend on any axioms
'Collatz.Research.DescentIntervals.Batch052.exact_9_13' depends on axioms: [propext, Classical.choice, Quot.sound]
'Collatz.Research.DescentIntervals.Batch052.data_9_13' does not depend on any axioms
'Collatz.Research.DescentIntervals.Batch052.endpoint_9_13' depends on axioms: [propext, Quot.sound]
'Collatz.Research.DescentIntervals.Batch052.bounds_9_14' does not depend on any axioms
'Collatz.Research.DescentIntervals.Batch052.exact_9_14' depends on axioms: [propext, Classical.choice, Quot.sound]
'Collatz.Research.DescentIntervals.Batch052.data_9_14' does not depend on any axioms
'Collatz.Research.DescentIntervals.Batch052.endpoint_9_14' depends on axioms: [propext, Quot.sound]
'Collatz.Research.DescentIntervals.Batch052.bounds_9_15' does not depend on any axioms
'Collatz.Research.DescentIntervals.Batch052.exact_9_15' depends on axioms: [propext, Classical.choice, Quot.sound]
'Collatz.Research.DescentIntervals.Batch052.data_9_15' does not depend on any axioms
'Collatz.Research.DescentIntervals.Batch052.endpoint_9_15' depends on axioms: [propext, Quot.sound]
'Collatz.Research.DescentIntervals.Batch052.bounds_9_16' does not depend on any axioms
'Collatz.Research.DescentIntervals.Batch052.exact_9_16' depends on axioms: [propext, Classical.choice, Quot.sound]
'Collatz.Research.DescentIntervals.Batch052.data_9_16' does not depend on any axioms
'Collatz.Research.DescentIntervals.Batch052.endpoint_9_16' depends on axioms: [propext, Quot.sound]
'Collatz.Research.DescentIntervals.Batch052.bounds_9_17' does not depend on any axioms
'Collatz.Research.DescentIntervals.Batch052.exact_9_17' depends on axioms: [propext, Classical.choice, Quot.sound]
'Collatz.Research.DescentIntervals.Batch052.data_9_17' does not depend on any axioms
'Collatz.Research.DescentIntervals.Batch052.endpoint_9_17' depends on axioms: [propext, Quot.sound]
'Collatz.Research.DescentIntervals.Batch052.bounds_9_18' does not depend on any axioms
'Collatz.Research.DescentIntervals.Batch052.exact_9_18' depends on axioms: [propext, Classical.choice, Quot.sound]
'Collatz.Research.DescentIntervals.Batch052.data_9_18' does not depend on any axioms
'Collatz.Research.DescentIntervals.Batch052.endpoint_9_18' depends on axioms: [propext, Quot.sound]
'Collatz.Research.DescentIntervals.Batch052.bounds_9_19' does not depend on any axioms
'Collatz.Research.DescentIntervals.Batch052.exact_9_19' depends on axioms: [propext, Classical.choice, Quot.sound]
'Collatz.Research.DescentIntervals.Batch052.data_9_19' does not depend on any axioms
'Collatz.Research.DescentIntervals.Batch052.endpoint_9_19' depends on axioms: [propext, Quot.sound]
'Collatz.Research.DescentIntervals.Batch052.bounds_9_20' does not depend on any axioms
'Collatz.Research.DescentIntervals.Batch052.exact_9_20' depends on axioms: [propext, Classical.choice, Quot.sound]
'Collatz.Research.DescentIntervals.Batch052.data_9_20' does not depend on any axioms
'Collatz.Research.DescentIntervals.Batch052.endpoint_9_20' depends on axioms: [propext, Quot.sound]
'Collatz.Research.DescentIntervals.Batch053.bounds_9_21' does not depend on any axioms
'Collatz.Research.DescentIntervals.Batch053.exact_9_21' depends on axioms: [propext, Classical.choice, Quot.sound]
'Collatz.Research.DescentIntervals.Batch053.data_9_21' does not depend on any axioms
'Collatz.Research.DescentIntervals.Batch053.endpoint_9_21' depends on axioms: [propext, Quot.sound]
'Collatz.Research.DescentIntervals.Batch053.bounds_9_22' does not depend on any axioms
'Collatz.Research.DescentIntervals.Batch053.exact_9_22' depends on axioms: [propext, Classical.choice, Quot.sound]
'Collatz.Research.DescentIntervals.Batch053.data_9_22' does not depend on any axioms
'Collatz.Research.DescentIntervals.Batch053.endpoint_9_22' depends on axioms: [propext, Quot.sound]
'Collatz.Research.DescentIntervals.Batch053.bounds_9_23' does not depend on any axioms
'Collatz.Research.DescentIntervals.Batch053.exact_9_23' depends on axioms: [propext, Classical.choice, Quot.sound]
'Collatz.Research.DescentIntervals.Batch053.data_9_23' does not depend on any axioms
'Collatz.Research.DescentIntervals.Batch053.endpoint_9_23' depends on axioms: [propext, Quot.sound]
'Collatz.Research.DescentIntervals.Batch053.bounds_9_24' does not depend on any axioms
'Collatz.Research.DescentIntervals.Batch053.exact_9_24' depends on axioms: [propext, Classical.choice, Quot.sound]
'Collatz.Research.DescentIntervals.Batch053.data_9_24' does not depend on any axioms
'Collatz.Research.DescentIntervals.Batch053.endpoint_9_24' depends on axioms: [propext, Quot.sound]
'Collatz.Research.DescentIntervals.Batch053.bounds_9_25' does not depend on any axioms
'Collatz.Research.DescentIntervals.Batch053.exact_9_25' depends on axioms: [propext, Classical.choice, Quot.sound]
'Collatz.Research.DescentIntervals.Batch053.data_9_25' does not depend on any axioms
'Collatz.Research.DescentIntervals.Batch053.endpoint_9_25' depends on axioms: [propext, Quot.sound]
'Collatz.Research.DescentIntervals.Batch053.bounds_9_26' does not depend on any axioms
'Collatz.Research.DescentIntervals.Batch053.exact_9_26' depends on axioms: [propext, Classical.choice, Quot.sound]
'Collatz.Research.DescentIntervals.Batch053.data_9_26' does not depend on any axioms
'Collatz.Research.DescentIntervals.Batch053.endpoint_9_26' depends on axioms: [propext, Quot.sound]
'Collatz.Research.DescentIntervals.Batch053.bounds_9_27' does not depend on any axioms
'Collatz.Research.DescentIntervals.Batch053.exact_9_27' depends on axioms: [propext, Classical.choice, Quot.sound]
'Collatz.Research.DescentIntervals.Batch053.data_9_27' does not depend on any axioms
'Collatz.Research.DescentIntervals.Batch053.endpoint_9_27' depends on axioms: [propext, Quot.sound]
'Collatz.Research.DescentIntervals.Batch053.bounds_9_28' does not depend on any axioms
'Collatz.Research.DescentIntervals.Batch053.exact_9_28' depends on axioms: [propext, Classical.choice, Quot.sound]
'Collatz.Research.DescentIntervals.Batch053.data_9_28' does not depend on any axioms
'Collatz.Research.DescentIntervals.Batch053.endpoint_9_28' depends on axioms: [propext, Quot.sound]
'Collatz.Research.DescentIntervals.Batch053.bounds_9_29' does not depend on any axioms
'Collatz.Research.DescentIntervals.Batch053.exact_9_29' depends on axioms: [propext, Classical.choice, Quot.sound]
'Collatz.Research.DescentIntervals.Batch053.data_9_29' does not depend on any axioms
'Collatz.Research.DescentIntervals.Batch053.endpoint_9_29' depends on axioms: [propext, Quot.sound]
'Collatz.Research.DescentIntervals.Batch053.bounds_9_30' does not depend on any axioms
'Collatz.Research.DescentIntervals.Batch053.exact_9_30' depends on axioms: [propext, Classical.choice, Quot.sound]
'Collatz.Research.DescentIntervals.Batch053.data_9_30' does not depend on any axioms
'Collatz.Research.DescentIntervals.Batch053.endpoint_9_30' depends on axioms: [propext, Quot.sound]
'Collatz.Research.DescentIntervals.Batch054.bounds_9_31' does not depend on any axioms
'Collatz.Research.DescentIntervals.Batch054.exact_9_31' depends on axioms: [propext, Classical.choice, Quot.sound]
'Collatz.Research.DescentIntervals.Batch054.data_9_31' does not depend on any axioms
'Collatz.Research.DescentIntervals.Batch054.endpoint_9_31' depends on axioms: [propext, Quot.sound]
'Collatz.Research.DescentIntervals.Batch054.bounds_9_32' does not depend on any axioms
'Collatz.Research.DescentIntervals.Batch054.exact_9_32' depends on axioms: [propext, Classical.choice, Quot.sound]
'Collatz.Research.DescentIntervals.Batch054.data_9_32' does not depend on any axioms
'Collatz.Research.DescentIntervals.Batch054.endpoint_9_32' depends on axioms: [propext, Quot.sound]
'Collatz.Research.DescentIntervals.Batch054.bounds_9_33' does not depend on any axioms
'Collatz.Research.DescentIntervals.Batch054.exact_9_33' depends on axioms: [propext, Classical.choice, Quot.sound]
'Collatz.Research.DescentIntervals.Batch054.data_9_33' does not depend on any axioms
'Collatz.Research.DescentIntervals.Batch054.endpoint_9_33' depends on axioms: [propext, Quot.sound]
'Collatz.Research.DescentIntervals.Batch054.bounds_9_34' does not depend on any axioms
'Collatz.Research.DescentIntervals.Batch054.exact_9_34' depends on axioms: [propext, Classical.choice, Quot.sound]
'Collatz.Research.DescentIntervals.Batch054.data_9_34' does not depend on any axioms
'Collatz.Research.DescentIntervals.Batch054.endpoint_9_34' depends on axioms: [propext, Quot.sound]
'Collatz.Research.DescentIntervals.Batch054.bounds_9_35' does not depend on any axioms
'Collatz.Research.DescentIntervals.Batch054.exact_9_35' depends on axioms: [propext, Classical.choice, Quot.sound]
'Collatz.Research.DescentIntervals.Batch054.data_9_35' does not depend on any axioms
'Collatz.Research.DescentIntervals.Batch054.endpoint_9_35' depends on axioms: [propext, Quot.sound]
'Collatz.Research.DescentIntervals.Batch054.bounds_9_36' does not depend on any axioms
'Collatz.Research.DescentIntervals.Batch054.exact_9_36' depends on axioms: [propext, Classical.choice, Quot.sound]
'Collatz.Research.DescentIntervals.Batch054.data_9_36' does not depend on any axioms
'Collatz.Research.DescentIntervals.Batch054.endpoint_9_36' depends on axioms: [propext, Quot.sound]
'Collatz.Research.DescentIntervals.Batch054.bounds_9_37' does not depend on any axioms
'Collatz.Research.DescentIntervals.Batch054.exact_9_37' depends on axioms: [propext, Classical.choice, Quot.sound]
'Collatz.Research.DescentIntervals.Batch054.data_9_37' does not depend on any axioms
'Collatz.Research.DescentIntervals.Batch054.endpoint_9_37' depends on axioms: [propext, Quot.sound]
'Collatz.Research.DescentIntervals.Batch054.bounds_9_38' does not depend on any axioms
'Collatz.Research.DescentIntervals.Batch054.exact_9_38' depends on axioms: [propext, Classical.choice, Quot.sound]
'Collatz.Research.DescentIntervals.Batch054.data_9_38' does not depend on any axioms
'Collatz.Research.DescentIntervals.Batch054.endpoint_9_38' depends on axioms: [propext, Quot.sound]
'Collatz.Research.DescentIntervals.Batch054.bounds_9_39' does not depend on any axioms
'Collatz.Research.DescentIntervals.Batch054.exact_9_39' depends on axioms: [propext, Classical.choice, Quot.sound]
'Collatz.Research.DescentIntervals.Batch054.data_9_39' does not depend on any axioms
'Collatz.Research.DescentIntervals.Batch054.endpoint_9_39' depends on axioms: [propext, Quot.sound]
'Collatz.Research.DescentIntervals.Batch054.bounds_9_40' does not depend on any axioms
'Collatz.Research.DescentIntervals.Batch054.exact_9_40' depends on axioms: [propext, Classical.choice, Quot.sound]
'Collatz.Research.DescentIntervals.Batch054.data_9_40' does not depend on any axioms
'Collatz.Research.DescentIntervals.Batch054.endpoint_9_40' depends on axioms: [propext, Quot.sound]
'Collatz.Research.DescentIntervals.Batch055.bounds_9_41' does not depend on any axioms
'Collatz.Research.DescentIntervals.Batch055.exact_9_41' depends on axioms: [propext, Classical.choice, Quot.sound]
'Collatz.Research.DescentIntervals.Batch055.data_9_41' does not depend on any axioms
'Collatz.Research.DescentIntervals.Batch055.endpoint_9_41' depends on axioms: [propext, Quot.sound]
'Collatz.Research.DescentIntervals.Batch055.bounds_9_42' does not depend on any axioms
'Collatz.Research.DescentIntervals.Batch055.exact_9_42' depends on axioms: [propext, Classical.choice, Quot.sound]
'Collatz.Research.DescentIntervals.Batch055.data_9_42' does not depend on any axioms
'Collatz.Research.DescentIntervals.Batch055.endpoint_9_42' depends on axioms: [propext, Quot.sound]
'Collatz.Research.DescentIntervals.Batch055.bounds_9_43' does not depend on any axioms
'Collatz.Research.DescentIntervals.Batch055.exact_9_43' depends on axioms: [propext, Classical.choice, Quot.sound]
'Collatz.Research.DescentIntervals.Batch055.data_9_43' does not depend on any axioms
'Collatz.Research.DescentIntervals.Batch055.endpoint_9_43' depends on axioms: [propext, Quot.sound]
'Collatz.Research.DescentIntervals.Batch055.bounds_9_44' does not depend on any axioms
'Collatz.Research.DescentIntervals.Batch055.exact_9_44' depends on axioms: [propext, Classical.choice, Quot.sound]
'Collatz.Research.DescentIntervals.Batch055.data_9_44' does not depend on any axioms
'Collatz.Research.DescentIntervals.Batch055.endpoint_9_44' depends on axioms: [propext, Quot.sound]
'Collatz.Research.DescentIntervals.Batch055.bounds_9_45' does not depend on any axioms
'Collatz.Research.DescentIntervals.Batch055.exact_9_45' depends on axioms: [propext, Classical.choice, Quot.sound]
'Collatz.Research.DescentIntervals.Batch055.data_9_45' does not depend on any axioms
'Collatz.Research.DescentIntervals.Batch055.endpoint_9_45' depends on axioms: [propext, Quot.sound]
'Collatz.Research.DescentIntervals.Batch055.bounds_9_46' does not depend on any axioms
'Collatz.Research.DescentIntervals.Batch055.exact_9_46' depends on axioms: [propext, Classical.choice, Quot.sound]
'Collatz.Research.DescentIntervals.Batch055.data_9_46' does not depend on any axioms
'Collatz.Research.DescentIntervals.Batch055.endpoint_9_46' depends on axioms: [propext, Quot.sound]
'Collatz.Research.DescentIntervals.Batch055.bounds_9_47' does not depend on any axioms
'Collatz.Research.DescentIntervals.Batch055.exact_9_47' depends on axioms: [propext, Classical.choice, Quot.sound]
'Collatz.Research.DescentIntervals.Batch055.data_9_47' does not depend on any axioms
'Collatz.Research.DescentIntervals.Batch055.endpoint_9_47' depends on axioms: [propext, Quot.sound]
'Collatz.Research.DescentIntervals.Batch055.bounds_9_48' does not depend on any axioms
'Collatz.Research.DescentIntervals.Batch055.exact_9_48' depends on axioms: [propext, Classical.choice, Quot.sound]
'Collatz.Research.DescentIntervals.Batch055.data_9_48' does not depend on any axioms
'Collatz.Research.DescentIntervals.Batch055.endpoint_9_48' depends on axioms: [propext, Quot.sound]
'Collatz.Research.DescentIntervals.Batch055.bounds_9_49' does not depend on any axioms
'Collatz.Research.DescentIntervals.Batch055.exact_9_49' depends on axioms: [propext, Classical.choice, Quot.sound]
'Collatz.Research.DescentIntervals.Batch055.data_9_49' does not depend on any axioms
'Collatz.Research.DescentIntervals.Batch055.endpoint_9_49' depends on axioms: [propext, Quot.sound]
'Collatz.Research.DescentIntervals.Batch055.bounds_9_50' does not depend on any axioms
'Collatz.Research.DescentIntervals.Batch055.exact_9_50' depends on axioms: [propext, Classical.choice, Quot.sound]
'Collatz.Research.DescentIntervals.Batch055.data_9_50' does not depend on any axioms
'Collatz.Research.DescentIntervals.Batch055.endpoint_9_50' depends on axioms: [propext, Quot.sound]
'Collatz.Research.DescentIntervals.Batch055.bounds_9_51' does not depend on any axioms
'Collatz.Research.DescentIntervals.Batch055.exact_9_51' depends on axioms: [propext, Classical.choice, Quot.sound]
'Collatz.Research.DescentIntervals.Batch055.data_9_51' does not depend on any axioms
'Collatz.Research.DescentIntervals.Batch055.endpoint_9_51' depends on axioms: [propext, Quot.sound]
'Collatz.Research.DescentIntervals.Batch056.bounds_9_52' does not depend on any axioms
'Collatz.Research.DescentIntervals.Batch056.exact_9_52' depends on axioms: [propext, Classical.choice, Quot.sound]
'Collatz.Research.DescentIntervals.Batch056.data_9_52' does not depend on any axioms
'Collatz.Research.DescentIntervals.Batch056.endpoint_9_52' depends on axioms: [propext, Quot.sound]
'Collatz.Research.DescentIntervals.Batch056.bounds_9_53' does not depend on any axioms
'Collatz.Research.DescentIntervals.Batch056.exact_9_53' depends on axioms: [propext, Classical.choice, Quot.sound]
'Collatz.Research.DescentIntervals.Batch056.data_9_53' does not depend on any axioms
'Collatz.Research.DescentIntervals.Batch056.endpoint_9_53' depends on axioms: [propext, Quot.sound]
'Collatz.Research.DescentIntervals.Batch056.bounds_9_54' does not depend on any axioms
'Collatz.Research.DescentIntervals.Batch056.exact_9_54' depends on axioms: [propext, Classical.choice, Quot.sound]
'Collatz.Research.DescentIntervals.Batch056.data_9_54' does not depend on any axioms
'Collatz.Research.DescentIntervals.Batch056.endpoint_9_54' depends on axioms: [propext, Quot.sound]
'Collatz.Research.DescentIntervals.Batch056.bounds_9_55' does not depend on any axioms
'Collatz.Research.DescentIntervals.Batch056.exact_9_55' depends on axioms: [propext, Classical.choice, Quot.sound]
'Collatz.Research.DescentIntervals.Batch056.data_9_55' does not depend on any axioms
'Collatz.Research.DescentIntervals.Batch056.endpoint_9_55' depends on axioms: [propext, Quot.sound]
'Collatz.Research.DescentIntervals.Batch056.bounds_9_56' does not depend on any axioms
'Collatz.Research.DescentIntervals.Batch056.exact_9_56' depends on axioms: [propext, Classical.choice, Quot.sound]
'Collatz.Research.DescentIntervals.Batch056.data_9_56' does not depend on any axioms
'Collatz.Research.DescentIntervals.Batch056.endpoint_9_56' depends on axioms: [propext, Quot.sound]
'Collatz.Research.DescentIntervals.Batch056.bounds_9_57' does not depend on any axioms
'Collatz.Research.DescentIntervals.Batch056.exact_9_57' depends on axioms: [propext, Classical.choice, Quot.sound]
'Collatz.Research.DescentIntervals.Batch056.data_9_57' does not depend on any axioms
'Collatz.Research.DescentIntervals.Batch056.endpoint_9_57' depends on axioms: [propext, Quot.sound]
'Collatz.Research.DescentIntervals.Batch056.bounds_9_58' does not depend on any axioms
'Collatz.Research.DescentIntervals.Batch056.exact_9_58' depends on axioms: [propext, Classical.choice, Quot.sound]
'Collatz.Research.DescentIntervals.Batch056.data_9_58' does not depend on any axioms
'Collatz.Research.DescentIntervals.Batch056.endpoint_9_58' depends on axioms: [propext, Quot.sound]
'Collatz.Research.DescentIntervals.Batch056.bounds_9_59' does not depend on any axioms
'Collatz.Research.DescentIntervals.Batch056.exact_9_59' depends on axioms: [propext, Classical.choice, Quot.sound]
'Collatz.Research.DescentIntervals.Batch056.data_9_59' does not depend on any axioms
'Collatz.Research.DescentIntervals.Batch056.endpoint_9_59' depends on axioms: [propext, Quot.sound]
'Collatz.Research.DescentIntervals.Batch056.bounds_9_60' does not depend on any axioms
'Collatz.Research.DescentIntervals.Batch056.exact_9_60' depends on axioms: [propext, Classical.choice, Quot.sound]
'Collatz.Research.DescentIntervals.Batch056.data_9_60' does not depend on any axioms
'Collatz.Research.DescentIntervals.Batch056.endpoint_9_60' depends on axioms: [propext, Quot.sound]
'Collatz.Research.DescentIntervals.Batch056.bounds_9_61' does not depend on any axioms
'Collatz.Research.DescentIntervals.Batch056.exact_9_61' depends on axioms: [propext, Classical.choice, Quot.sound]
'Collatz.Research.DescentIntervals.Batch056.data_9_61' does not depend on any axioms
'Collatz.Research.DescentIntervals.Batch056.endpoint_9_61' depends on axioms: [propext, Quot.sound]
'Collatz.Research.DescentIntervals.Batch057.bounds_9_62' does not depend on any axioms
'Collatz.Research.DescentIntervals.Batch057.exact_9_62' depends on axioms: [propext, Classical.choice, Quot.sound]
'Collatz.Research.DescentIntervals.Batch057.data_9_62' does not depend on any axioms
'Collatz.Research.DescentIntervals.Batch057.endpoint_9_62' depends on axioms: [propext, Quot.sound]
'Collatz.Research.DescentIntervals.Batch057.bounds_9_63' does not depend on any axioms
'Collatz.Research.DescentIntervals.Batch057.exact_9_63' depends on axioms: [propext, Classical.choice, Quot.sound]
'Collatz.Research.DescentIntervals.Batch057.data_9_63' does not depend on any axioms
'Collatz.Research.DescentIntervals.Batch057.endpoint_9_63' depends on axioms: [propext, Quot.sound]
'Collatz.Research.DescentIntervals.Batch057.bounds_9_64' does not depend on any axioms
'Collatz.Research.DescentIntervals.Batch057.exact_9_64' depends on axioms: [propext, Classical.choice, Quot.sound]
'Collatz.Research.DescentIntervals.Batch057.data_9_64' does not depend on any axioms
'Collatz.Research.DescentIntervals.Batch057.endpoint_9_64' depends on axioms: [propext, Quot.sound]
'Collatz.Research.DescentIntervals.Batch057.bounds_9_65' does not depend on any axioms
'Collatz.Research.DescentIntervals.Batch057.exact_9_65' depends on axioms: [propext, Classical.choice, Quot.sound]
'Collatz.Research.DescentIntervals.Batch057.data_9_65' does not depend on any axioms
'Collatz.Research.DescentIntervals.Batch057.endpoint_9_65' depends on axioms: [propext, Quot.sound]
'Collatz.Research.DescentIntervals.Batch057.bounds_9_66' does not depend on any axioms
'Collatz.Research.DescentIntervals.Batch057.exact_9_66' depends on axioms: [propext, Classical.choice, Quot.sound]
'Collatz.Research.DescentIntervals.Batch057.data_9_66' does not depend on any axioms
'Collatz.Research.DescentIntervals.Batch057.endpoint_9_66' depends on axioms: [propext, Quot.sound]
'Collatz.Research.DescentIntervals.Batch057.bounds_9_67' does not depend on any axioms
'Collatz.Research.DescentIntervals.Batch057.exact_9_67' depends on axioms: [propext, Classical.choice, Quot.sound]
'Collatz.Research.DescentIntervals.Batch057.data_9_67' does not depend on any axioms
'Collatz.Research.DescentIntervals.Batch057.endpoint_9_67' depends on axioms: [propext, Quot.sound]
'Collatz.Research.DescentIntervals.Batch057.bounds_9_68' does not depend on any axioms
'Collatz.Research.DescentIntervals.Batch057.exact_9_68' depends on axioms: [propext, Classical.choice, Quot.sound]
'Collatz.Research.DescentIntervals.Batch057.data_9_68' does not depend on any axioms
'Collatz.Research.DescentIntervals.Batch057.endpoint_9_68' depends on axioms: [propext, Quot.sound]
'Collatz.Research.DescentIntervals.Batch057.bounds_9_69' does not depend on any axioms
'Collatz.Research.DescentIntervals.Batch057.exact_9_69' depends on axioms: [propext, Classical.choice, Quot.sound]
'Collatz.Research.DescentIntervals.Batch057.data_9_69' does not depend on any axioms
'Collatz.Research.DescentIntervals.Batch057.endpoint_9_69' depends on axioms: [propext, Quot.sound]
'Collatz.Research.DescentIntervals.Batch057.bounds_9_70' does not depend on any axioms
'Collatz.Research.DescentIntervals.Batch057.exact_9_70' depends on axioms: [propext, Classical.choice, Quot.sound]
'Collatz.Research.DescentIntervals.Batch057.data_9_70' does not depend on any axioms
'Collatz.Research.DescentIntervals.Batch057.endpoint_9_70' depends on axioms: [propext, Quot.sound]
'Collatz.Research.DescentIntervals.Batch057.bounds_9_71' does not depend on any axioms
'Collatz.Research.DescentIntervals.Batch057.exact_9_71' depends on axioms: [propext, Classical.choice, Quot.sound]
'Collatz.Research.DescentIntervals.Batch057.data_9_71' does not depend on any axioms
'Collatz.Research.DescentIntervals.Batch057.endpoint_9_71' depends on axioms: [propext, Quot.sound]
'Collatz.Research.DescentIntervals.Batch058.bounds_9_72' does not depend on any axioms
'Collatz.Research.DescentIntervals.Batch058.exact_9_72' depends on axioms: [propext, Classical.choice, Quot.sound]
'Collatz.Research.DescentIntervals.Batch058.data_9_72' does not depend on any axioms
'Collatz.Research.DescentIntervals.Batch058.endpoint_9_72' depends on axioms: [propext, Quot.sound]
'Collatz.Research.DescentIntervals.Batch058.bounds_9_73' does not depend on any axioms
'Collatz.Research.DescentIntervals.Batch058.exact_9_73' depends on axioms: [propext, Classical.choice, Quot.sound]
'Collatz.Research.DescentIntervals.Batch058.data_9_73' does not depend on any axioms
'Collatz.Research.DescentIntervals.Batch058.endpoint_9_73' depends on axioms: [propext, Quot.sound]
'Collatz.Research.DescentIntervals.Batch058.bounds_9_74' does not depend on any axioms
'Collatz.Research.DescentIntervals.Batch058.exact_9_74' depends on axioms: [propext, Classical.choice, Quot.sound]
'Collatz.Research.DescentIntervals.Batch058.data_9_74' does not depend on any axioms
'Collatz.Research.DescentIntervals.Batch058.endpoint_9_74' depends on axioms: [propext, Quot.sound]
'Collatz.Research.DescentIntervals.Batch058.bounds_9_75' does not depend on any axioms
'Collatz.Research.DescentIntervals.Batch058.exact_9_75' depends on axioms: [propext, Classical.choice, Quot.sound]
'Collatz.Research.DescentIntervals.Batch058.data_9_75' does not depend on any axioms
'Collatz.Research.DescentIntervals.Batch058.endpoint_9_75' depends on axioms: [propext, Quot.sound]
'Collatz.Research.DescentIntervals.Batch058.bounds_9_76' does not depend on any axioms
'Collatz.Research.DescentIntervals.Batch058.exact_9_76' depends on axioms: [propext, Classical.choice, Quot.sound]
'Collatz.Research.DescentIntervals.Batch058.data_9_76' does not depend on any axioms
'Collatz.Research.DescentIntervals.Batch058.endpoint_9_76' depends on axioms: [propext, Quot.sound]
'Collatz.Research.DescentIntervals.Batch058.bounds_9_77' does not depend on any axioms
'Collatz.Research.DescentIntervals.Batch058.exact_9_77' depends on axioms: [propext, Classical.choice, Quot.sound]
'Collatz.Research.DescentIntervals.Batch058.data_9_77' does not depend on any axioms
'Collatz.Research.DescentIntervals.Batch058.endpoint_9_77' depends on axioms: [propext, Quot.sound]
'Collatz.Research.DescentIntervals.Batch058.bounds_9_78' does not depend on any axioms
'Collatz.Research.DescentIntervals.Batch058.exact_9_78' depends on axioms: [propext, Classical.choice, Quot.sound]
'Collatz.Research.DescentIntervals.Batch058.data_9_78' does not depend on any axioms
'Collatz.Research.DescentIntervals.Batch058.endpoint_9_78' depends on axioms: [propext, Quot.sound]
'Collatz.Research.DescentIntervals.Batch058.bounds_9_79' does not depend on any axioms
'Collatz.Research.DescentIntervals.Batch058.exact_9_79' depends on axioms: [propext, Classical.choice, Quot.sound]
'Collatz.Research.DescentIntervals.Batch058.data_9_79' does not depend on any axioms
'Collatz.Research.DescentIntervals.Batch058.endpoint_9_79' depends on axioms: [propext, Quot.sound]
'Collatz.Research.DescentIntervals.Batch058.bounds_9_80' does not depend on any axioms
'Collatz.Research.DescentIntervals.Batch058.exact_9_80' depends on axioms: [propext, Classical.choice, Quot.sound]
'Collatz.Research.DescentIntervals.Batch058.data_9_80' does not depend on any axioms
'Collatz.Research.DescentIntervals.Batch058.endpoint_9_80' depends on axioms: [propext, Quot.sound]
'Collatz.Research.DescentIntervals.Batch058.bounds_9_81' does not depend on any axioms
'Collatz.Research.DescentIntervals.Batch058.exact_9_81' depends on axioms: [propext, Classical.choice, Quot.sound]
'Collatz.Research.DescentIntervals.Batch058.data_9_81' does not depend on any axioms
'Collatz.Research.DescentIntervals.Batch058.endpoint_9_81' depends on axioms: [propext, Quot.sound]
'Collatz.Research.DescentIntervals.Batch059.bounds_9_82' does not depend on any axioms
'Collatz.Research.DescentIntervals.Batch059.exact_9_82' depends on axioms: [propext, Classical.choice, Quot.sound]
'Collatz.Research.DescentIntervals.Batch059.data_9_82' does not depend on any axioms
'Collatz.Research.DescentIntervals.Batch059.endpoint_9_82' depends on axioms: [propext, Quot.sound]
'Collatz.Research.DescentIntervals.Batch059.bounds_9_83' does not depend on any axioms
'Collatz.Research.DescentIntervals.Batch059.exact_9_83' depends on axioms: [propext, Classical.choice, Quot.sound]
'Collatz.Research.DescentIntervals.Batch059.data_9_83' does not depend on any axioms
'Collatz.Research.DescentIntervals.Batch059.endpoint_9_83' depends on axioms: [propext, Quot.sound]
'Collatz.Research.DescentIntervals.Batch059.bounds_9_84' does not depend on any axioms
'Collatz.Research.DescentIntervals.Batch059.exact_9_84' depends on axioms: [propext, Classical.choice, Quot.sound]
'Collatz.Research.DescentIntervals.Batch059.data_9_84' does not depend on any axioms
'Collatz.Research.DescentIntervals.Batch059.endpoint_9_84' depends on axioms: [propext, Quot.sound]
'Collatz.Research.DescentIntervals.Batch059.bounds_9_85' does not depend on any axioms
'Collatz.Research.DescentIntervals.Batch059.exact_9_85' depends on axioms: [propext, Classical.choice, Quot.sound]
'Collatz.Research.DescentIntervals.Batch059.data_9_85' does not depend on any axioms
'Collatz.Research.DescentIntervals.Batch059.endpoint_9_85' depends on axioms: [propext, Quot.sound]
'Collatz.Research.DescentIntervals.Batch059.bounds_9_86' does not depend on any axioms
'Collatz.Research.DescentIntervals.Batch059.exact_9_86' depends on axioms: [propext, Classical.choice, Quot.sound]
'Collatz.Research.DescentIntervals.Batch059.data_9_86' does not depend on any axioms
'Collatz.Research.DescentIntervals.Batch059.endpoint_9_86' depends on axioms: [propext, Quot.sound]
'Collatz.Research.DescentIntervals.Batch059.bounds_9_87' does not depend on any axioms
'Collatz.Research.DescentIntervals.Batch059.exact_9_87' depends on axioms: [propext, Classical.choice, Quot.sound]
'Collatz.Research.DescentIntervals.Batch059.data_9_87' does not depend on any axioms
'Collatz.Research.DescentIntervals.Batch059.endpoint_9_87' depends on axioms: [propext, Quot.sound]
'Collatz.Research.DescentIntervals.Batch059.bounds_9_88' does not depend on any axioms
'Collatz.Research.DescentIntervals.Batch059.exact_9_88' depends on axioms: [propext, Classical.choice, Quot.sound]
'Collatz.Research.DescentIntervals.Batch059.data_9_88' does not depend on any axioms
'Collatz.Research.DescentIntervals.Batch059.endpoint_9_88' depends on axioms: [propext, Quot.sound]
'Collatz.Research.DescentIntervals.Batch059.bounds_9_89' does not depend on any axioms
'Collatz.Research.DescentIntervals.Batch059.exact_9_89' depends on axioms: [propext, Classical.choice, Quot.sound]
'Collatz.Research.DescentIntervals.Batch059.data_9_89' does not depend on any axioms
'Collatz.Research.DescentIntervals.Batch059.endpoint_9_89' depends on axioms: [propext, Quot.sound]
'Collatz.Research.DescentIntervals.Batch059.bounds_9_90' does not depend on any axioms
'Collatz.Research.DescentIntervals.Batch059.exact_9_90' depends on axioms: [propext, Classical.choice, Quot.sound]
'Collatz.Research.DescentIntervals.Batch059.data_9_90' does not depend on any axioms
'Collatz.Research.DescentIntervals.Batch059.endpoint_9_90' depends on axioms: [propext, Quot.sound]
'Collatz.Research.DescentIntervals.Batch059.bounds_9_91' does not depend on any axioms
'Collatz.Research.DescentIntervals.Batch059.exact_9_91' depends on axioms: [propext, Classical.choice, Quot.sound]
'Collatz.Research.DescentIntervals.Batch059.data_9_91' does not depend on any axioms
'Collatz.Research.DescentIntervals.Batch059.endpoint_9_91' depends on axioms: [propext, Quot.sound]
'Collatz.Research.DescentIntervals.Batch060.bounds_9_92' does not depend on any axioms
'Collatz.Research.DescentIntervals.Batch060.exact_9_92' depends on axioms: [propext, Classical.choice, Quot.sound]
'Collatz.Research.DescentIntervals.Batch060.data_9_92' does not depend on any axioms
'Collatz.Research.DescentIntervals.Batch060.endpoint_9_92' depends on axioms: [propext, Quot.sound]
'Collatz.Research.DescentIntervals.Batch060.bounds_9_93' does not depend on any axioms
'Collatz.Research.DescentIntervals.Batch060.exact_9_93' depends on axioms: [propext, Classical.choice, Quot.sound]
'Collatz.Research.DescentIntervals.Batch060.data_9_93' does not depend on any axioms
'Collatz.Research.DescentIntervals.Batch060.endpoint_9_93' depends on axioms: [propext, Quot.sound]
'Collatz.Research.DescentIntervals.Batch060.bounds_9_94' does not depend on any axioms
'Collatz.Research.DescentIntervals.Batch060.exact_9_94' depends on axioms: [propext, Classical.choice, Quot.sound]
'Collatz.Research.DescentIntervals.Batch060.data_9_94' does not depend on any axioms
'Collatz.Research.DescentIntervals.Batch060.endpoint_9_94' depends on axioms: [propext, Quot.sound]
'Collatz.Research.DescentIntervals.Batch060.bounds_9_95' does not depend on any axioms
'Collatz.Research.DescentIntervals.Batch060.exact_9_95' depends on axioms: [propext, Classical.choice, Quot.sound]
'Collatz.Research.DescentIntervals.Batch060.data_9_95' does not depend on any axioms
'Collatz.Research.DescentIntervals.Batch060.endpoint_9_95' depends on axioms: [propext, Quot.sound]
'Collatz.Research.DescentIntervals.Batch060.bounds_9_96' does not depend on any axioms
'Collatz.Research.DescentIntervals.Batch060.exact_9_96' depends on axioms: [propext, Classical.choice, Quot.sound]
'Collatz.Research.DescentIntervals.Batch060.data_9_96' does not depend on any axioms
'Collatz.Research.DescentIntervals.Batch060.endpoint_9_96' depends on axioms: [propext, Quot.sound]
'Collatz.Research.DescentIntervals.Batch060.bounds_9_97' does not depend on any axioms
'Collatz.Research.DescentIntervals.Batch060.exact_9_97' depends on axioms: [propext, Classical.choice, Quot.sound]
'Collatz.Research.DescentIntervals.Batch060.data_9_97' does not depend on any axioms
'Collatz.Research.DescentIntervals.Batch060.endpoint_9_97' depends on axioms: [propext, Quot.sound]
'Collatz.Research.DescentIntervals.Batch060.bounds_9_98' does not depend on any axioms
'Collatz.Research.DescentIntervals.Batch060.exact_9_98' depends on axioms: [propext, Classical.choice, Quot.sound]
'Collatz.Research.DescentIntervals.Batch060.data_9_98' does not depend on any axioms
'Collatz.Research.DescentIntervals.Batch060.endpoint_9_98' depends on axioms: [propext, Quot.sound]
'Collatz.Research.DescentIntervals.Batch060.bounds_9_99' does not depend on any axioms
'Collatz.Research.DescentIntervals.Batch060.exact_9_99' depends on axioms: [propext, Classical.choice, Quot.sound]
'Collatz.Research.DescentIntervals.Batch060.data_9_99' does not depend on any axioms
'Collatz.Research.DescentIntervals.Batch060.endpoint_9_99' depends on axioms: [propext, Quot.sound]
'Collatz.Research.DescentIntervals.Batch060.bounds_9_100' does not depend on any axioms
'Collatz.Research.DescentIntervals.Batch060.exact_9_100' depends on axioms: [propext, Classical.choice, Quot.sound]
'Collatz.Research.DescentIntervals.Batch060.data_9_100' does not depend on any axioms
'Collatz.Research.DescentIntervals.Batch060.endpoint_9_100' depends on axioms: [propext, Quot.sound]
'Collatz.Research.DescentIntervals.Batch060.bounds_9_101' does not depend on any axioms
'Collatz.Research.DescentIntervals.Batch060.exact_9_101' depends on axioms: [propext, Classical.choice, Quot.sound]
'Collatz.Research.DescentIntervals.Batch060.data_9_101' does not depend on any axioms
'Collatz.Research.DescentIntervals.Batch060.endpoint_9_101' depends on axioms: [propext, Quot.sound]
'Collatz.Research.DescentIntervals.Batch060.bounds_9_102' does not depend on any axioms
'Collatz.Research.DescentIntervals.Batch060.exact_9_102' depends on axioms: [propext, Classical.choice, Quot.sound]
'Collatz.Research.DescentIntervals.Batch060.data_9_102' does not depend on any axioms
'Collatz.Research.DescentIntervals.Batch060.endpoint_9_102' depends on axioms: [propext, Quot.sound]
'Collatz.Research.DescentIntervals.Batch061.bounds_9_103' does not depend on any axioms
'Collatz.Research.DescentIntervals.Batch061.exact_9_103' depends on axioms: [propext, Classical.choice, Quot.sound]
'Collatz.Research.DescentIntervals.Batch061.data_9_103' does not depend on any axioms
'Collatz.Research.DescentIntervals.Batch061.endpoint_9_103' depends on axioms: [propext, Quot.sound]
'Collatz.Research.DescentIntervals.Batch061.bounds_9_104' does not depend on any axioms
'Collatz.Research.DescentIntervals.Batch061.exact_9_104' depends on axioms: [propext, Classical.choice, Quot.sound]
'Collatz.Research.DescentIntervals.Batch061.data_9_104' does not depend on any axioms
'Collatz.Research.DescentIntervals.Batch061.endpoint_9_104' depends on axioms: [propext, Quot.sound]
'Collatz.Research.DescentIntervals.Batch061.bounds_9_105' does not depend on any axioms
'Collatz.Research.DescentIntervals.Batch061.exact_9_105' depends on axioms: [propext, Classical.choice, Quot.sound]
'Collatz.Research.DescentIntervals.Batch061.data_9_105' does not depend on any axioms
'Collatz.Research.DescentIntervals.Batch061.endpoint_9_105' depends on axioms: [propext, Quot.sound]
'Collatz.Research.DescentIntervals.Batch061.bounds_9_106' does not depend on any axioms
'Collatz.Research.DescentIntervals.Batch061.exact_9_106' depends on axioms: [propext, Classical.choice, Quot.sound]
'Collatz.Research.DescentIntervals.Batch061.data_9_106' does not depend on any axioms
'Collatz.Research.DescentIntervals.Batch061.endpoint_9_106' depends on axioms: [propext, Quot.sound]
'Collatz.Research.DescentIntervals.Batch061.bounds_9_107' does not depend on any axioms
'Collatz.Research.DescentIntervals.Batch061.exact_9_107' depends on axioms: [propext, Classical.choice, Quot.sound]
'Collatz.Research.DescentIntervals.Batch061.data_9_107' does not depend on any axioms
'Collatz.Research.DescentIntervals.Batch061.endpoint_9_107' depends on axioms: [propext, Quot.sound]
'Collatz.Research.DescentIntervals.Batch061.bounds_9_108' does not depend on any axioms
'Collatz.Research.DescentIntervals.Batch061.exact_9_108' depends on axioms: [propext, Classical.choice, Quot.sound]
'Collatz.Research.DescentIntervals.Batch061.data_9_108' does not depend on any axioms
'Collatz.Research.DescentIntervals.Batch061.endpoint_9_108' depends on axioms: [propext, Quot.sound]
'Collatz.Research.DescentIntervals.Batch061.bounds_9_109' does not depend on any axioms
'Collatz.Research.DescentIntervals.Batch061.exact_9_109' depends on axioms: [propext, Classical.choice, Quot.sound]
'Collatz.Research.DescentIntervals.Batch061.data_9_109' does not depend on any axioms
'Collatz.Research.DescentIntervals.Batch061.endpoint_9_109' depends on axioms: [propext, Quot.sound]
'Collatz.Research.DescentIntervals.Batch061.bounds_9_110' does not depend on any axioms
'Collatz.Research.DescentIntervals.Batch061.exact_9_110' depends on axioms: [propext, Classical.choice, Quot.sound]
'Collatz.Research.DescentIntervals.Batch061.data_9_110' does not depend on any axioms
'Collatz.Research.DescentIntervals.Batch061.endpoint_9_110' depends on axioms: [propext, Quot.sound]
'Collatz.Research.DescentIntervals.Batch061.bounds_9_111' does not depend on any axioms
'Collatz.Research.DescentIntervals.Batch061.exact_9_111' depends on axioms: [propext, Classical.choice, Quot.sound]
'Collatz.Research.DescentIntervals.Batch061.data_9_111' does not depend on any axioms
'Collatz.Research.DescentIntervals.Batch061.endpoint_9_111' depends on axioms: [propext, Quot.sound]
'Collatz.Research.DescentIntervals.Batch061.bounds_9_112' does not depend on any axioms
'Collatz.Research.DescentIntervals.Batch061.exact_9_112' depends on axioms: [propext, Classical.choice, Quot.sound]
'Collatz.Research.DescentIntervals.Batch061.data_9_112' does not depend on any axioms
'Collatz.Research.DescentIntervals.Batch061.endpoint_9_112' depends on axioms: [propext, Quot.sound]
'Collatz.Research.DescentIntervals.Batch062.bounds_9_113' does not depend on any axioms
'Collatz.Research.DescentIntervals.Batch062.exact_9_113' depends on axioms: [propext, Classical.choice, Quot.sound]
'Collatz.Research.DescentIntervals.Batch062.data_9_113' does not depend on any axioms
'Collatz.Research.DescentIntervals.Batch062.endpoint_9_113' depends on axioms: [propext, Quot.sound]
'Collatz.Research.DescentIntervals.Batch062.bounds_9_114' does not depend on any axioms
'Collatz.Research.DescentIntervals.Batch062.exact_9_114' depends on axioms: [propext, Classical.choice, Quot.sound]
'Collatz.Research.DescentIntervals.Batch062.data_9_114' does not depend on any axioms
'Collatz.Research.DescentIntervals.Batch062.endpoint_9_114' depends on axioms: [propext, Quot.sound]
'Collatz.Research.DescentIntervals.Batch062.bounds_9_115' does not depend on any axioms
'Collatz.Research.DescentIntervals.Batch062.exact_9_115' depends on axioms: [propext, Classical.choice, Quot.sound]
'Collatz.Research.DescentIntervals.Batch062.data_9_115' does not depend on any axioms
'Collatz.Research.DescentIntervals.Batch062.endpoint_9_115' depends on axioms: [propext, Quot.sound]
'Collatz.Research.DescentIntervals.Batch062.bounds_9_116' does not depend on any axioms
'Collatz.Research.DescentIntervals.Batch062.exact_9_116' depends on axioms: [propext, Classical.choice, Quot.sound]
'Collatz.Research.DescentIntervals.Batch062.data_9_116' does not depend on any axioms
'Collatz.Research.DescentIntervals.Batch062.endpoint_9_116' depends on axioms: [propext, Quot.sound]
'Collatz.Research.DescentIntervals.Batch062.bounds_9_117' does not depend on any axioms
'Collatz.Research.DescentIntervals.Batch062.exact_9_117' depends on axioms: [propext, Classical.choice, Quot.sound]
'Collatz.Research.DescentIntervals.Batch062.data_9_117' does not depend on any axioms
'Collatz.Research.DescentIntervals.Batch062.endpoint_9_117' depends on axioms: [propext, Quot.sound]
'Collatz.Research.DescentIntervals.Batch062.bounds_9_118' does not depend on any axioms
'Collatz.Research.DescentIntervals.Batch062.exact_9_118' depends on axioms: [propext, Classical.choice, Quot.sound]
'Collatz.Research.DescentIntervals.Batch062.data_9_118' does not depend on any axioms
'Collatz.Research.DescentIntervals.Batch062.endpoint_9_118' depends on axioms: [propext, Quot.sound]
'Collatz.Research.DescentIntervals.Batch062.bounds_9_119' does not depend on any axioms
'Collatz.Research.DescentIntervals.Batch062.exact_9_119' depends on axioms: [propext, Classical.choice, Quot.sound]
'Collatz.Research.DescentIntervals.Batch062.data_9_119' does not depend on any axioms
'Collatz.Research.DescentIntervals.Batch062.endpoint_9_119' depends on axioms: [propext, Quot.sound]
'Collatz.Research.DescentIntervals.Batch062.bounds_9_120' does not depend on any axioms
'Collatz.Research.DescentIntervals.Batch062.exact_9_120' depends on axioms: [propext, Classical.choice, Quot.sound]
'Collatz.Research.DescentIntervals.Batch062.data_9_120' does not depend on any axioms
'Collatz.Research.DescentIntervals.Batch062.endpoint_9_120' depends on axioms: [propext, Quot.sound]
'Collatz.Research.DescentIntervals.Batch062.bounds_9_121' does not depend on any axioms
'Collatz.Research.DescentIntervals.Batch062.exact_9_121' depends on axioms: [propext, Classical.choice, Quot.sound]
'Collatz.Research.DescentIntervals.Batch062.data_9_121' does not depend on any axioms
'Collatz.Research.DescentIntervals.Batch062.endpoint_9_121' depends on axioms: [propext, Quot.sound]
'Collatz.Research.DescentIntervals.Batch062.bounds_9_122' does not depend on any axioms
'Collatz.Research.DescentIntervals.Batch062.exact_9_122' depends on axioms: [propext, Classical.choice, Quot.sound]
'Collatz.Research.DescentIntervals.Batch062.data_9_122' does not depend on any axioms
'Collatz.Research.DescentIntervals.Batch062.endpoint_9_122' depends on axioms: [propext, Quot.sound]
'Collatz.Research.DescentIntervals.Batch063.bounds_9_123' does not depend on any axioms
'Collatz.Research.DescentIntervals.Batch063.exact_9_123' depends on axioms: [propext, Classical.choice, Quot.sound]
'Collatz.Research.DescentIntervals.Batch063.data_9_123' does not depend on any axioms
'Collatz.Research.DescentIntervals.Batch063.endpoint_9_123' depends on axioms: [propext, Quot.sound]
'Collatz.Research.DescentIntervals.Batch063.bounds_9_124' does not depend on any axioms
'Collatz.Research.DescentIntervals.Batch063.exact_9_124' depends on axioms: [propext, Classical.choice, Quot.sound]
'Collatz.Research.DescentIntervals.Batch063.data_9_124' does not depend on any axioms
'Collatz.Research.DescentIntervals.Batch063.endpoint_9_124' depends on axioms: [propext, Quot.sound]
'Collatz.Research.DescentIntervals.Batch063.bounds_9_125' does not depend on any axioms
'Collatz.Research.DescentIntervals.Batch063.exact_9_125' depends on axioms: [propext, Classical.choice, Quot.sound]
'Collatz.Research.DescentIntervals.Batch063.data_9_125' does not depend on any axioms
'Collatz.Research.DescentIntervals.Batch063.endpoint_9_125' depends on axioms: [propext, Quot.sound]
'Collatz.Research.DescentIntervals.Batch063.bounds_9_126' does not depend on any axioms
'Collatz.Research.DescentIntervals.Batch063.exact_9_126' depends on axioms: [propext, Classical.choice, Quot.sound]
'Collatz.Research.DescentIntervals.Batch063.data_9_126' does not depend on any axioms
'Collatz.Research.DescentIntervals.Batch063.endpoint_9_126' depends on axioms: [propext, Quot.sound]
'Collatz.Research.DescentIntervals.Batch063.bounds_9_127' does not depend on any axioms
'Collatz.Research.DescentIntervals.Batch063.exact_9_127' depends on axioms: [propext, Classical.choice, Quot.sound]
'Collatz.Research.DescentIntervals.Batch063.data_9_127' does not depend on any axioms
'Collatz.Research.DescentIntervals.Batch063.endpoint_9_127' depends on axioms: [propext, Quot.sound]
'Collatz.Research.DescentIntervals.Batch063.bounds_9_128' does not depend on any axioms
'Collatz.Research.DescentIntervals.Batch063.exact_9_128' depends on axioms: [propext, Classical.choice, Quot.sound]
'Collatz.Research.DescentIntervals.Batch063.data_9_128' does not depend on any axioms
'Collatz.Research.DescentIntervals.Batch063.endpoint_9_128' depends on axioms: [propext, Quot.sound]
'Collatz.Research.DescentIntervals.Batch063.bounds_9_129' does not depend on any axioms
'Collatz.Research.DescentIntervals.Batch063.exact_9_129' depends on axioms: [propext, Classical.choice, Quot.sound]
'Collatz.Research.DescentIntervals.Batch063.data_9_129' does not depend on any axioms
'Collatz.Research.DescentIntervals.Batch063.endpoint_9_129' depends on axioms: [propext, Quot.sound]
'Collatz.Research.DescentIntervals.Batch063.bounds_9_130' does not depend on any axioms
'Collatz.Research.DescentIntervals.Batch063.exact_9_130' depends on axioms: [propext, Classical.choice, Quot.sound]
'Collatz.Research.DescentIntervals.Batch063.data_9_130' does not depend on any axioms
'Collatz.Research.DescentIntervals.Batch063.endpoint_9_130' depends on axioms: [propext, Quot.sound]
'Collatz.Research.DescentIntervals.Batch063.bounds_9_131' does not depend on any axioms
'Collatz.Research.DescentIntervals.Batch063.exact_9_131' depends on axioms: [propext, Classical.choice, Quot.sound]
'Collatz.Research.DescentIntervals.Batch063.data_9_131' does not depend on any axioms
'Collatz.Research.DescentIntervals.Batch063.endpoint_9_131' depends on axioms: [propext, Quot.sound]
'Collatz.Research.DescentIntervals.Batch063.bounds_9_132' does not depend on any axioms
'Collatz.Research.DescentIntervals.Batch063.exact_9_132' depends on axioms: [propext, Classical.choice, Quot.sound]
'Collatz.Research.DescentIntervals.Batch063.data_9_132' does not depend on any axioms
'Collatz.Research.DescentIntervals.Batch063.endpoint_9_132' depends on axioms: [propext, Quot.sound]
'Collatz.Research.DescentIntervals.Batch064.bounds_9_133' does not depend on any axioms
'Collatz.Research.DescentIntervals.Batch064.exact_9_133' depends on axioms: [propext, Classical.choice, Quot.sound]
'Collatz.Research.DescentIntervals.Batch064.data_9_133' does not depend on any axioms
'Collatz.Research.DescentIntervals.Batch064.endpoint_9_133' depends on axioms: [propext, Quot.sound]
'Collatz.Research.DescentIntervals.Batch064.bounds_9_134' does not depend on any axioms
'Collatz.Research.DescentIntervals.Batch064.exact_9_134' depends on axioms: [propext, Classical.choice, Quot.sound]
'Collatz.Research.DescentIntervals.Batch064.data_9_134' does not depend on any axioms
'Collatz.Research.DescentIntervals.Batch064.endpoint_9_134' depends on axioms: [propext, Quot.sound]
'Collatz.Research.DescentIntervals.Batch064.bounds_9_135' does not depend on any axioms
'Collatz.Research.DescentIntervals.Batch064.exact_9_135' depends on axioms: [propext, Classical.choice, Quot.sound]
'Collatz.Research.DescentIntervals.Batch064.data_9_135' does not depend on any axioms
'Collatz.Research.DescentIntervals.Batch064.endpoint_9_135' depends on axioms: [propext, Quot.sound]
'Collatz.Research.DescentIntervals.Batch064.bounds_9_136' does not depend on any axioms
'Collatz.Research.DescentIntervals.Batch064.exact_9_136' depends on axioms: [propext, Classical.choice, Quot.sound]
'Collatz.Research.DescentIntervals.Batch064.data_9_136' does not depend on any axioms
'Collatz.Research.DescentIntervals.Batch064.endpoint_9_136' depends on axioms: [propext, Quot.sound]
'Collatz.Research.DescentIntervals.Batch064.bounds_9_137' does not depend on any axioms
'Collatz.Research.DescentIntervals.Batch064.exact_9_137' depends on axioms: [propext, Classical.choice, Quot.sound]
'Collatz.Research.DescentIntervals.Batch064.data_9_137' does not depend on any axioms
'Collatz.Research.DescentIntervals.Batch064.endpoint_9_137' depends on axioms: [propext, Quot.sound]
'Collatz.Research.DescentIntervals.Batch064.bounds_9_138' does not depend on any axioms
'Collatz.Research.DescentIntervals.Batch064.exact_9_138' depends on axioms: [propext, Classical.choice, Quot.sound]
'Collatz.Research.DescentIntervals.Batch064.data_9_138' does not depend on any axioms
'Collatz.Research.DescentIntervals.Batch064.endpoint_9_138' depends on axioms: [propext, Quot.sound]
'Collatz.Research.DescentIntervals.Batch064.bounds_9_139' does not depend on any axioms
'Collatz.Research.DescentIntervals.Batch064.exact_9_139' depends on axioms: [propext, Classical.choice, Quot.sound]
'Collatz.Research.DescentIntervals.Batch064.data_9_139' does not depend on any axioms
'Collatz.Research.DescentIntervals.Batch064.endpoint_9_139' depends on axioms: [propext, Quot.sound]
'Collatz.Research.DescentIntervals.Batch064.bounds_9_140' does not depend on any axioms
'Collatz.Research.DescentIntervals.Batch064.exact_9_140' depends on axioms: [propext, Classical.choice, Quot.sound]
'Collatz.Research.DescentIntervals.Batch064.data_9_140' does not depend on any axioms
'Collatz.Research.DescentIntervals.Batch064.endpoint_9_140' depends on axioms: [propext, Quot.sound]
'Collatz.Research.DescentIntervals.Batch064.bounds_9_141' does not depend on any axioms
'Collatz.Research.DescentIntervals.Batch064.exact_9_141' depends on axioms: [propext, Classical.choice, Quot.sound]
'Collatz.Research.DescentIntervals.Batch064.data_9_141' does not depend on any axioms
'Collatz.Research.DescentIntervals.Batch064.endpoint_9_141' depends on axioms: [propext, Quot.sound]
'Collatz.Research.DescentIntervals.Batch064.bounds_9_142' does not depend on any axioms
'Collatz.Research.DescentIntervals.Batch064.exact_9_142' depends on axioms: [propext, Classical.choice, Quot.sound]
'Collatz.Research.DescentIntervals.Batch064.data_9_142' does not depend on any axioms
'Collatz.Research.DescentIntervals.Batch064.endpoint_9_142' depends on axioms: [propext, Quot.sound]
'Collatz.Research.DescentIntervals.Batch064.bounds_9_143' does not depend on any axioms
'Collatz.Research.DescentIntervals.Batch064.exact_9_143' depends on axioms: [propext, Classical.choice, Quot.sound]
'Collatz.Research.DescentIntervals.Batch064.data_9_143' does not depend on any axioms
'Collatz.Research.DescentIntervals.Batch064.endpoint_9_143' depends on axioms: [propext, Quot.sound]
'Collatz.Research.DescentIntervals.Batch065.bounds_9_144' does not depend on any axioms
'Collatz.Research.DescentIntervals.Batch065.exact_9_144' depends on axioms: [propext, Classical.choice, Quot.sound]
'Collatz.Research.DescentIntervals.Batch065.data_9_144' does not depend on any axioms
'Collatz.Research.DescentIntervals.Batch065.endpoint_9_144' depends on axioms: [propext, Quot.sound]
'Collatz.Research.DescentIntervals.Batch065.bounds_9_145' does not depend on any axioms
'Collatz.Research.DescentIntervals.Batch065.exact_9_145' depends on axioms: [propext, Classical.choice, Quot.sound]
'Collatz.Research.DescentIntervals.Batch065.data_9_145' does not depend on any axioms
'Collatz.Research.DescentIntervals.Batch065.endpoint_9_145' depends on axioms: [propext, Quot.sound]
'Collatz.Research.DescentIntervals.Batch065.bounds_9_146' does not depend on any axioms
'Collatz.Research.DescentIntervals.Batch065.exact_9_146' depends on axioms: [propext, Classical.choice, Quot.sound]
'Collatz.Research.DescentIntervals.Batch065.data_9_146' does not depend on any axioms
'Collatz.Research.DescentIntervals.Batch065.endpoint_9_146' depends on axioms: [propext, Quot.sound]
'Collatz.Research.DescentIntervals.Batch065.bounds_9_147' does not depend on any axioms
'Collatz.Research.DescentIntervals.Batch065.exact_9_147' depends on axioms: [propext, Classical.choice, Quot.sound]
'Collatz.Research.DescentIntervals.Batch065.data_9_147' does not depend on any axioms
'Collatz.Research.DescentIntervals.Batch065.endpoint_9_147' depends on axioms: [propext, Quot.sound]
'Collatz.Research.DescentIntervals.Batch065.bounds_9_148' does not depend on any axioms
'Collatz.Research.DescentIntervals.Batch065.exact_9_148' depends on axioms: [propext, Classical.choice, Quot.sound]
'Collatz.Research.DescentIntervals.Batch065.data_9_148' does not depend on any axioms
'Collatz.Research.DescentIntervals.Batch065.endpoint_9_148' depends on axioms: [propext, Quot.sound]
'Collatz.Research.DescentIntervals.Batch065.bounds_9_149' does not depend on any axioms
'Collatz.Research.DescentIntervals.Batch065.exact_9_149' depends on axioms: [propext, Classical.choice, Quot.sound]
'Collatz.Research.DescentIntervals.Batch065.data_9_149' does not depend on any axioms
'Collatz.Research.DescentIntervals.Batch065.endpoint_9_149' depends on axioms: [propext, Quot.sound]
'Collatz.Research.DescentIntervals.Batch065.bounds_9_150' does not depend on any axioms
'Collatz.Research.DescentIntervals.Batch065.exact_9_150' depends on axioms: [propext, Classical.choice, Quot.sound]
'Collatz.Research.DescentIntervals.Batch065.data_9_150' does not depend on any axioms
'Collatz.Research.DescentIntervals.Batch065.endpoint_9_150' depends on axioms: [propext, Quot.sound]
'Collatz.Research.DescentIntervals.Batch065.bounds_9_151' does not depend on any axioms
'Collatz.Research.DescentIntervals.Batch065.exact_9_151' depends on axioms: [propext, Classical.choice, Quot.sound]
'Collatz.Research.DescentIntervals.Batch065.data_9_151' does not depend on any axioms
'Collatz.Research.DescentIntervals.Batch065.endpoint_9_151' depends on axioms: [propext, Quot.sound]
'Collatz.Research.DescentIntervals.Batch065.bounds_9_152' does not depend on any axioms
'Collatz.Research.DescentIntervals.Batch065.exact_9_152' depends on axioms: [propext, Classical.choice, Quot.sound]
'Collatz.Research.DescentIntervals.Batch065.data_9_152' does not depend on any axioms
'Collatz.Research.DescentIntervals.Batch065.endpoint_9_152' depends on axioms: [propext, Quot.sound]
'Collatz.Research.DescentIntervals.Batch065.bounds_9_153' does not depend on any axioms
'Collatz.Research.DescentIntervals.Batch065.exact_9_153' depends on axioms: [propext, Classical.choice, Quot.sound]
'Collatz.Research.DescentIntervals.Batch065.data_9_153' does not depend on any axioms
'Collatz.Research.DescentIntervals.Batch065.endpoint_9_153' depends on axioms: [propext, Quot.sound]
'Collatz.Research.DescentIntervals.Batch066.bounds_9_154' does not depend on any axioms
'Collatz.Research.DescentIntervals.Batch066.exact_9_154' depends on axioms: [propext, Classical.choice, Quot.sound]
'Collatz.Research.DescentIntervals.Batch066.data_9_154' does not depend on any axioms
'Collatz.Research.DescentIntervals.Batch066.endpoint_9_154' depends on axioms: [propext, Quot.sound]
'Collatz.Research.DescentIntervals.Batch066.bounds_9_155' does not depend on any axioms
'Collatz.Research.DescentIntervals.Batch066.exact_9_155' depends on axioms: [propext, Classical.choice, Quot.sound]
'Collatz.Research.DescentIntervals.Batch066.data_9_155' does not depend on any axioms
'Collatz.Research.DescentIntervals.Batch066.endpoint_9_155' depends on axioms: [propext, Quot.sound]
'Collatz.Research.DescentIntervals.Batch066.bounds_9_156' does not depend on any axioms
'Collatz.Research.DescentIntervals.Batch066.exact_9_156' depends on axioms: [propext, Classical.choice, Quot.sound]
'Collatz.Research.DescentIntervals.Batch066.data_9_156' does not depend on any axioms
'Collatz.Research.DescentIntervals.Batch066.endpoint_9_156' depends on axioms: [propext, Quot.sound]
'Collatz.Research.DescentIntervals.Batch066.bounds_9_157' does not depend on any axioms
'Collatz.Research.DescentIntervals.Batch066.exact_9_157' depends on axioms: [propext, Classical.choice, Quot.sound]
'Collatz.Research.DescentIntervals.Batch066.data_9_157' does not depend on any axioms
'Collatz.Research.DescentIntervals.Batch066.endpoint_9_157' depends on axioms: [propext, Quot.sound]
'Collatz.Research.DescentIntervals.Batch066.bounds_9_158' does not depend on any axioms
'Collatz.Research.DescentIntervals.Batch066.exact_9_158' depends on axioms: [propext, Classical.choice, Quot.sound]
'Collatz.Research.DescentIntervals.Batch066.data_9_158' does not depend on any axioms
'Collatz.Research.DescentIntervals.Batch066.endpoint_9_158' depends on axioms: [propext, Quot.sound]
'Collatz.Research.DescentIntervals.Batch066.bounds_9_159' does not depend on any axioms
'Collatz.Research.DescentIntervals.Batch066.exact_9_159' depends on axioms: [propext, Classical.choice, Quot.sound]
'Collatz.Research.DescentIntervals.Batch066.data_9_159' does not depend on any axioms
'Collatz.Research.DescentIntervals.Batch066.endpoint_9_159' depends on axioms: [propext, Quot.sound]
'Collatz.Research.DescentIntervals.Batch066.bounds_9_160' does not depend on any axioms
'Collatz.Research.DescentIntervals.Batch066.exact_9_160' depends on axioms: [propext, Classical.choice, Quot.sound]
'Collatz.Research.DescentIntervals.Batch066.data_9_160' does not depend on any axioms
'Collatz.Research.DescentIntervals.Batch066.endpoint_9_160' depends on axioms: [propext, Quot.sound]
'Collatz.Research.DescentIntervals.Batch066.bounds_9_161' does not depend on any axioms
'Collatz.Research.DescentIntervals.Batch066.exact_9_161' depends on axioms: [propext, Classical.choice, Quot.sound]
'Collatz.Research.DescentIntervals.Batch066.data_9_161' does not depend on any axioms
'Collatz.Research.DescentIntervals.Batch066.endpoint_9_161' depends on axioms: [propext, Quot.sound]
'Collatz.Research.DescentIntervals.Batch066.bounds_9_162' does not depend on any axioms
'Collatz.Research.DescentIntervals.Batch066.exact_9_162' depends on axioms: [propext, Classical.choice, Quot.sound]
'Collatz.Research.DescentIntervals.Batch066.data_9_162' does not depend on any axioms
'Collatz.Research.DescentIntervals.Batch066.endpoint_9_162' depends on axioms: [propext, Quot.sound]
'Collatz.Research.DescentIntervals.Batch066.bounds_9_163' does not depend on any axioms
'Collatz.Research.DescentIntervals.Batch066.exact_9_163' depends on axioms: [propext, Classical.choice, Quot.sound]
'Collatz.Research.DescentIntervals.Batch066.data_9_163' does not depend on any axioms
'Collatz.Research.DescentIntervals.Batch066.endpoint_9_163' depends on axioms: [propext, Quot.sound]
'Collatz.Research.DescentIntervals.Batch067.bounds_9_164' does not depend on any axioms
'Collatz.Research.DescentIntervals.Batch067.exact_9_164' depends on axioms: [propext, Classical.choice, Quot.sound]
'Collatz.Research.DescentIntervals.Batch067.data_9_164' does not depend on any axioms
'Collatz.Research.DescentIntervals.Batch067.endpoint_9_164' depends on axioms: [propext, Quot.sound]
'Collatz.Research.DescentIntervals.Batch067.bounds_9_165' does not depend on any axioms
'Collatz.Research.DescentIntervals.Batch067.exact_9_165' depends on axioms: [propext, Classical.choice, Quot.sound]
'Collatz.Research.DescentIntervals.Batch067.data_9_165' does not depend on any axioms
'Collatz.Research.DescentIntervals.Batch067.endpoint_9_165' depends on axioms: [propext, Quot.sound]
'Collatz.Research.DescentIntervals.Batch067.bounds_9_166' does not depend on any axioms
'Collatz.Research.DescentIntervals.Batch067.exact_9_166' depends on axioms: [propext, Classical.choice, Quot.sound]
'Collatz.Research.DescentIntervals.Batch067.data_9_166' does not depend on any axioms
'Collatz.Research.DescentIntervals.Batch067.endpoint_9_166' depends on axioms: [propext, Quot.sound]
'Collatz.Research.DescentIntervals.Batch067.bounds_9_167' does not depend on any axioms
'Collatz.Research.DescentIntervals.Batch067.exact_9_167' depends on axioms: [propext, Classical.choice, Quot.sound]
'Collatz.Research.DescentIntervals.Batch067.data_9_167' does not depend on any axioms
'Collatz.Research.DescentIntervals.Batch067.endpoint_9_167' depends on axioms: [propext, Quot.sound]
'Collatz.Research.DescentIntervals.Batch067.bounds_9_168' does not depend on any axioms
'Collatz.Research.DescentIntervals.Batch067.exact_9_168' depends on axioms: [propext, Classical.choice, Quot.sound]
'Collatz.Research.DescentIntervals.Batch067.data_9_168' does not depend on any axioms
'Collatz.Research.DescentIntervals.Batch067.endpoint_9_168' depends on axioms: [propext, Quot.sound]
'Collatz.Research.DescentIntervals.Batch067.bounds_9_169' does not depend on any axioms
'Collatz.Research.DescentIntervals.Batch067.exact_9_169' depends on axioms: [propext, Classical.choice, Quot.sound]
'Collatz.Research.DescentIntervals.Batch067.data_9_169' does not depend on any axioms
'Collatz.Research.DescentIntervals.Batch067.endpoint_9_169' depends on axioms: [propext, Quot.sound]
'Collatz.Research.DescentIntervals.Batch067.bounds_9_170' does not depend on any axioms
'Collatz.Research.DescentIntervals.Batch067.exact_9_170' depends on axioms: [propext, Classical.choice, Quot.sound]
'Collatz.Research.DescentIntervals.Batch067.data_9_170' does not depend on any axioms
'Collatz.Research.DescentIntervals.Batch067.endpoint_9_170' depends on axioms: [propext, Quot.sound]
'Collatz.Research.DescentIntervals.Batch067.bounds_9_171' does not depend on any axioms
'Collatz.Research.DescentIntervals.Batch067.exact_9_171' depends on axioms: [propext, Classical.choice, Quot.sound]
'Collatz.Research.DescentIntervals.Batch067.data_9_171' does not depend on any axioms
'Collatz.Research.DescentIntervals.Batch067.endpoint_9_171' depends on axioms: [propext, Quot.sound]
'Collatz.Research.DescentIntervals.Batch067.bounds_9_172' does not depend on any axioms
'Collatz.Research.DescentIntervals.Batch067.exact_9_172' depends on axioms: [propext, Classical.choice, Quot.sound]
'Collatz.Research.DescentIntervals.Batch067.data_9_172' does not depend on any axioms
'Collatz.Research.DescentIntervals.Batch067.endpoint_9_172' depends on axioms: [propext, Quot.sound]
'Collatz.Research.DescentIntervals.Batch067.bounds_9_173' does not depend on any axioms
'Collatz.Research.DescentIntervals.Batch067.exact_9_173' depends on axioms: [propext, Classical.choice, Quot.sound]
'Collatz.Research.DescentIntervals.Batch067.data_9_173' does not depend on any axioms
'Collatz.Research.DescentIntervals.Batch067.endpoint_9_173' depends on axioms: [propext, Quot.sound]
'Collatz.Research.DescentIntervals.Batch068.bounds_9_174' does not depend on any axioms
'Collatz.Research.DescentIntervals.Batch068.exact_9_174' depends on axioms: [propext, Classical.choice, Quot.sound]
'Collatz.Research.DescentIntervals.Batch068.data_9_174' does not depend on any axioms
'Collatz.Research.DescentIntervals.Batch068.endpoint_9_174' depends on axioms: [propext, Quot.sound]
'Collatz.Research.DescentIntervals.Batch068.bounds_9_175' does not depend on any axioms
'Collatz.Research.DescentIntervals.Batch068.exact_9_175' depends on axioms: [propext, Classical.choice, Quot.sound]
'Collatz.Research.DescentIntervals.Batch068.data_9_175' does not depend on any axioms
'Collatz.Research.DescentIntervals.Batch068.endpoint_9_175' depends on axioms: [propext, Quot.sound]
'Collatz.Research.DescentIntervals.Batch068.bounds_9_176' does not depend on any axioms
'Collatz.Research.DescentIntervals.Batch068.exact_9_176' depends on axioms: [propext, Classical.choice, Quot.sound]
'Collatz.Research.DescentIntervals.Batch068.data_9_176' does not depend on any axioms
'Collatz.Research.DescentIntervals.Batch068.endpoint_9_176' depends on axioms: [propext, Quot.sound]
'Collatz.Research.DescentIntervals.Batch068.bounds_9_177' does not depend on any axioms
'Collatz.Research.DescentIntervals.Batch068.exact_9_177' depends on axioms: [propext, Classical.choice, Quot.sound]
'Collatz.Research.DescentIntervals.Batch068.data_9_177' does not depend on any axioms
'Collatz.Research.DescentIntervals.Batch068.endpoint_9_177' depends on axioms: [propext, Quot.sound]
'Collatz.Research.DescentIntervals.Batch068.bounds_9_178' does not depend on any axioms
'Collatz.Research.DescentIntervals.Batch068.exact_9_178' depends on axioms: [propext, Classical.choice, Quot.sound]
'Collatz.Research.DescentIntervals.Batch068.data_9_178' does not depend on any axioms
'Collatz.Research.DescentIntervals.Batch068.endpoint_9_178' depends on axioms: [propext, Quot.sound]
'Collatz.Research.DescentIntervals.Batch068.bounds_9_179' does not depend on any axioms
'Collatz.Research.DescentIntervals.Batch068.exact_9_179' depends on axioms: [propext, Classical.choice, Quot.sound]
'Collatz.Research.DescentIntervals.Batch068.data_9_179' does not depend on any axioms
'Collatz.Research.DescentIntervals.Batch068.endpoint_9_179' depends on axioms: [propext, Quot.sound]
'Collatz.Research.DescentIntervals.Batch068.bounds_9_180' does not depend on any axioms
'Collatz.Research.DescentIntervals.Batch068.exact_9_180' depends on axioms: [propext, Classical.choice, Quot.sound]
'Collatz.Research.DescentIntervals.Batch068.data_9_180' does not depend on any axioms
'Collatz.Research.DescentIntervals.Batch068.endpoint_9_180' depends on axioms: [propext, Quot.sound]
'Collatz.Research.DescentIntervals.Batch068.bounds_9_181' does not depend on any axioms
'Collatz.Research.DescentIntervals.Batch068.exact_9_181' depends on axioms: [propext, Classical.choice, Quot.sound]
'Collatz.Research.DescentIntervals.Batch068.data_9_181' does not depend on any axioms
'Collatz.Research.DescentIntervals.Batch068.endpoint_9_181' depends on axioms: [propext, Quot.sound]
'Collatz.Research.DescentIntervals.Batch068.bounds_9_182' does not depend on any axioms
'Collatz.Research.DescentIntervals.Batch068.exact_9_182' depends on axioms: [propext, Classical.choice, Quot.sound]
'Collatz.Research.DescentIntervals.Batch068.data_9_182' does not depend on any axioms
'Collatz.Research.DescentIntervals.Batch068.endpoint_9_182' depends on axioms: [propext, Quot.sound]
'Collatz.Research.DescentIntervals.Batch068.bounds_9_183' does not depend on any axioms
'Collatz.Research.DescentIntervals.Batch068.exact_9_183' depends on axioms: [propext, Classical.choice, Quot.sound]
'Collatz.Research.DescentIntervals.Batch068.data_9_183' does not depend on any axioms
'Collatz.Research.DescentIntervals.Batch068.endpoint_9_183' depends on axioms: [propext, Quot.sound]
'Collatz.Research.DescentIntervals.Batch069.bounds_9_184' does not depend on any axioms
'Collatz.Research.DescentIntervals.Batch069.exact_9_184' depends on axioms: [propext, Classical.choice, Quot.sound]
'Collatz.Research.DescentIntervals.Batch069.data_9_184' does not depend on any axioms
'Collatz.Research.DescentIntervals.Batch069.endpoint_9_184' depends on axioms: [propext, Quot.sound]
'Collatz.Research.DescentIntervals.Batch069.bounds_9_185' does not depend on any axioms
'Collatz.Research.DescentIntervals.Batch069.exact_9_185' depends on axioms: [propext, Classical.choice, Quot.sound]
'Collatz.Research.DescentIntervals.Batch069.data_9_185' does not depend on any axioms
'Collatz.Research.DescentIntervals.Batch069.endpoint_9_185' depends on axioms: [propext, Quot.sound]
'Collatz.Research.DescentIntervals.Batch069.bounds_9_186' does not depend on any axioms
'Collatz.Research.DescentIntervals.Batch069.exact_9_186' depends on axioms: [propext, Classical.choice, Quot.sound]
'Collatz.Research.DescentIntervals.Batch069.data_9_186' does not depend on any axioms
'Collatz.Research.DescentIntervals.Batch069.endpoint_9_186' depends on axioms: [propext, Quot.sound]
'Collatz.Research.DescentIntervals.Batch069.bounds_9_187' does not depend on any axioms
'Collatz.Research.DescentIntervals.Batch069.exact_9_187' depends on axioms: [propext, Classical.choice, Quot.sound]
'Collatz.Research.DescentIntervals.Batch069.data_9_187' does not depend on any axioms
'Collatz.Research.DescentIntervals.Batch069.endpoint_9_187' depends on axioms: [propext, Quot.sound]
'Collatz.Research.DescentIntervals.Batch069.bounds_9_188' does not depend on any axioms
'Collatz.Research.DescentIntervals.Batch069.exact_9_188' depends on axioms: [propext, Classical.choice, Quot.sound]
'Collatz.Research.DescentIntervals.Batch069.data_9_188' does not depend on any axioms
'Collatz.Research.DescentIntervals.Batch069.endpoint_9_188' depends on axioms: [propext, Quot.sound]
'Collatz.Research.DescentIntervals.Batch069.bounds_9_189' does not depend on any axioms
'Collatz.Research.DescentIntervals.Batch069.exact_9_189' depends on axioms: [propext, Classical.choice, Quot.sound]
'Collatz.Research.DescentIntervals.Batch069.data_9_189' does not depend on any axioms
'Collatz.Research.DescentIntervals.Batch069.endpoint_9_189' depends on axioms: [propext, Quot.sound]
'Collatz.Research.DescentIntervals.Batch069.bounds_9_190' does not depend on any axioms
'Collatz.Research.DescentIntervals.Batch069.exact_9_190' depends on axioms: [propext, Classical.choice, Quot.sound]
'Collatz.Research.DescentIntervals.Batch069.data_9_190' does not depend on any axioms
'Collatz.Research.DescentIntervals.Batch069.endpoint_9_190' depends on axioms: [propext, Quot.sound]
'Collatz.Research.DescentIntervals.Batch069.bounds_9_191' does not depend on any axioms
'Collatz.Research.DescentIntervals.Batch069.exact_9_191' depends on axioms: [propext, Classical.choice, Quot.sound]
'Collatz.Research.DescentIntervals.Batch069.data_9_191' does not depend on any axioms
'Collatz.Research.DescentIntervals.Batch069.endpoint_9_191' depends on axioms: [propext, Quot.sound]
'Collatz.Research.DescentIntervals.Batch069.bounds_9_192' does not depend on any axioms
'Collatz.Research.DescentIntervals.Batch069.exact_9_192' depends on axioms: [propext, Classical.choice, Quot.sound]
'Collatz.Research.DescentIntervals.Batch069.data_9_192' does not depend on any axioms
'Collatz.Research.DescentIntervals.Batch069.endpoint_9_192' depends on axioms: [propext, Quot.sound]
'Collatz.Research.DescentIntervals.Batch069.bounds_9_193' does not depend on any axioms
'Collatz.Research.DescentIntervals.Batch069.exact_9_193' depends on axioms: [propext, Classical.choice, Quot.sound]
'Collatz.Research.DescentIntervals.Batch069.data_9_193' does not depend on any axioms
'Collatz.Research.DescentIntervals.Batch069.endpoint_9_193' depends on axioms: [propext, Quot.sound]
'Collatz.Research.DescentIntervals.Batch069.bounds_9_194' does not depend on any axioms
'Collatz.Research.DescentIntervals.Batch069.exact_9_194' depends on axioms: [propext, Classical.choice, Quot.sound]
'Collatz.Research.DescentIntervals.Batch069.data_9_194' does not depend on any axioms
'Collatz.Research.DescentIntervals.Batch069.endpoint_9_194' depends on axioms: [propext, Quot.sound]
'Collatz.Research.DescentIntervals.Batch070.bounds_9_195' does not depend on any axioms
'Collatz.Research.DescentIntervals.Batch070.exact_9_195' depends on axioms: [propext, Classical.choice, Quot.sound]
'Collatz.Research.DescentIntervals.Batch070.data_9_195' does not depend on any axioms
'Collatz.Research.DescentIntervals.Batch070.endpoint_9_195' depends on axioms: [propext, Quot.sound]
'Collatz.Research.DescentIntervals.Batch070.bounds_9_196' does not depend on any axioms
'Collatz.Research.DescentIntervals.Batch070.exact_9_196' depends on axioms: [propext, Classical.choice, Quot.sound]
'Collatz.Research.DescentIntervals.Batch070.data_9_196' does not depend on any axioms
'Collatz.Research.DescentIntervals.Batch070.endpoint_9_196' depends on axioms: [propext, Quot.sound]
'Collatz.Research.DescentIntervals.Batch070.bounds_9_197' does not depend on any axioms
'Collatz.Research.DescentIntervals.Batch070.exact_9_197' depends on axioms: [propext, Classical.choice, Quot.sound]
'Collatz.Research.DescentIntervals.Batch070.data_9_197' does not depend on any axioms
'Collatz.Research.DescentIntervals.Batch070.endpoint_9_197' depends on axioms: [propext, Quot.sound]
'Collatz.Research.DescentIntervals.Batch070.bounds_9_198' does not depend on any axioms
'Collatz.Research.DescentIntervals.Batch070.exact_9_198' depends on axioms: [propext, Classical.choice, Quot.sound]
'Collatz.Research.DescentIntervals.Batch070.data_9_198' does not depend on any axioms
'Collatz.Research.DescentIntervals.Batch070.endpoint_9_198' depends on axioms: [propext, Quot.sound]
'Collatz.Research.DescentIntervals.Batch070.bounds_9_199' does not depend on any axioms
'Collatz.Research.DescentIntervals.Batch070.exact_9_199' depends on axioms: [propext, Classical.choice, Quot.sound]
'Collatz.Research.DescentIntervals.Batch070.data_9_199' does not depend on any axioms
'Collatz.Research.DescentIntervals.Batch070.endpoint_9_199' depends on axioms: [propext, Quot.sound]
'Collatz.Research.DescentIntervals.Batch070.bounds_9_200' does not depend on any axioms
'Collatz.Research.DescentIntervals.Batch070.exact_9_200' depends on axioms: [propext, Classical.choice, Quot.sound]
'Collatz.Research.DescentIntervals.Batch070.data_9_200' does not depend on any axioms
'Collatz.Research.DescentIntervals.Batch070.endpoint_9_200' depends on axioms: [propext, Quot.sound]
'Collatz.Research.DescentIntervals.Batch070.bounds_9_201' does not depend on any axioms
'Collatz.Research.DescentIntervals.Batch070.exact_9_201' depends on axioms: [propext, Classical.choice, Quot.sound]
'Collatz.Research.DescentIntervals.Batch070.data_9_201' does not depend on any axioms
'Collatz.Research.DescentIntervals.Batch070.endpoint_9_201' depends on axioms: [propext, Quot.sound]
'Collatz.Research.DescentIntervals.Batch070.bounds_9_202' does not depend on any axioms
'Collatz.Research.DescentIntervals.Batch070.exact_9_202' depends on axioms: [propext, Classical.choice, Quot.sound]
'Collatz.Research.DescentIntervals.Batch070.data_9_202' does not depend on any axioms
'Collatz.Research.DescentIntervals.Batch070.endpoint_9_202' depends on axioms: [propext, Quot.sound]
'Collatz.Research.DescentIntervals.Batch070.bounds_9_203' does not depend on any axioms
'Collatz.Research.DescentIntervals.Batch070.exact_9_203' depends on axioms: [propext, Classical.choice, Quot.sound]
'Collatz.Research.DescentIntervals.Batch070.data_9_203' does not depend on any axioms
'Collatz.Research.DescentIntervals.Batch070.endpoint_9_203' depends on axioms: [propext, Quot.sound]
'Collatz.Research.DescentIntervals.Batch070.bounds_9_204' does not depend on any axioms
'Collatz.Research.DescentIntervals.Batch070.exact_9_204' depends on axioms: [propext, Classical.choice, Quot.sound]
'Collatz.Research.DescentIntervals.Batch070.data_9_204' does not depend on any axioms
'Collatz.Research.DescentIntervals.Batch070.endpoint_9_204' depends on axioms: [propext, Quot.sound]
'Collatz.Research.DescentIntervals.Batch071.bounds_9_205' does not depend on any axioms
'Collatz.Research.DescentIntervals.Batch071.exact_9_205' depends on axioms: [propext, Classical.choice, Quot.sound]
'Collatz.Research.DescentIntervals.Batch071.data_9_205' does not depend on any axioms
'Collatz.Research.DescentIntervals.Batch071.endpoint_9_205' depends on axioms: [propext, Quot.sound]
'Collatz.Research.DescentIntervals.Batch071.bounds_9_206' does not depend on any axioms
'Collatz.Research.DescentIntervals.Batch071.exact_9_206' depends on axioms: [propext, Classical.choice, Quot.sound]
'Collatz.Research.DescentIntervals.Batch071.data_9_206' does not depend on any axioms
'Collatz.Research.DescentIntervals.Batch071.endpoint_9_206' depends on axioms: [propext, Quot.sound]
'Collatz.Research.DescentIntervals.Batch071.bounds_9_207' does not depend on any axioms
'Collatz.Research.DescentIntervals.Batch071.exact_9_207' depends on axioms: [propext, Classical.choice, Quot.sound]
'Collatz.Research.DescentIntervals.Batch071.data_9_207' does not depend on any axioms
'Collatz.Research.DescentIntervals.Batch071.endpoint_9_207' depends on axioms: [propext, Quot.sound]
'Collatz.Research.DescentIntervals.Batch071.bounds_9_208' does not depend on any axioms
'Collatz.Research.DescentIntervals.Batch071.exact_9_208' depends on axioms: [propext, Classical.choice, Quot.sound]
'Collatz.Research.DescentIntervals.Batch071.data_9_208' does not depend on any axioms
'Collatz.Research.DescentIntervals.Batch071.endpoint_9_208' depends on axioms: [propext, Quot.sound]
'Collatz.Research.DescentIntervals.Batch071.bounds_9_209' does not depend on any axioms
'Collatz.Research.DescentIntervals.Batch071.exact_9_209' depends on axioms: [propext, Classical.choice, Quot.sound]
'Collatz.Research.DescentIntervals.Batch071.data_9_209' does not depend on any axioms
'Collatz.Research.DescentIntervals.Batch071.endpoint_9_209' depends on axioms: [propext, Quot.sound]
'Collatz.Research.DescentIntervals.Batch071.bounds_9_210' does not depend on any axioms
'Collatz.Research.DescentIntervals.Batch071.exact_9_210' depends on axioms: [propext, Classical.choice, Quot.sound]
'Collatz.Research.DescentIntervals.Batch071.data_9_210' does not depend on any axioms
'Collatz.Research.DescentIntervals.Batch071.endpoint_9_210' depends on axioms: [propext, Quot.sound]
'Collatz.Research.DescentIntervals.Batch071.bounds_9_211' does not depend on any axioms
'Collatz.Research.DescentIntervals.Batch071.exact_9_211' depends on axioms: [propext, Classical.choice, Quot.sound]
'Collatz.Research.DescentIntervals.Batch071.data_9_211' does not depend on any axioms
'Collatz.Research.DescentIntervals.Batch071.endpoint_9_211' depends on axioms: [propext, Quot.sound]
'Collatz.Research.DescentIntervals.Batch071.bounds_9_212' does not depend on any axioms
'Collatz.Research.DescentIntervals.Batch071.exact_9_212' depends on axioms: [propext, Classical.choice, Quot.sound]
'Collatz.Research.DescentIntervals.Batch071.data_9_212' does not depend on any axioms
'Collatz.Research.DescentIntervals.Batch071.endpoint_9_212' depends on axioms: [propext, Quot.sound]
'Collatz.Research.DescentIntervals.Batch071.bounds_9_213' does not depend on any axioms
'Collatz.Research.DescentIntervals.Batch071.exact_9_213' depends on axioms: [propext, Classical.choice, Quot.sound]
'Collatz.Research.DescentIntervals.Batch071.data_9_213' does not depend on any axioms
'Collatz.Research.DescentIntervals.Batch071.endpoint_9_213' depends on axioms: [propext, Quot.sound]
'Collatz.Research.DescentIntervals.Batch071.bounds_9_214' does not depend on any axioms
'Collatz.Research.DescentIntervals.Batch071.exact_9_214' depends on axioms: [propext, Classical.choice, Quot.sound]
'Collatz.Research.DescentIntervals.Batch071.data_9_214' does not depend on any axioms
'Collatz.Research.DescentIntervals.Batch071.endpoint_9_214' depends on axioms: [propext, Quot.sound]
'Collatz.Research.DescentIntervals.Batch072.bounds_9_215' does not depend on any axioms
'Collatz.Research.DescentIntervals.Batch072.exact_9_215' depends on axioms: [propext, Classical.choice, Quot.sound]
'Collatz.Research.DescentIntervals.Batch072.data_9_215' does not depend on any axioms
'Collatz.Research.DescentIntervals.Batch072.endpoint_9_215' depends on axioms: [propext, Quot.sound]
'Collatz.Research.DescentIntervals.Batch072.bounds_9_216' does not depend on any axioms
'Collatz.Research.DescentIntervals.Batch072.exact_9_216' depends on axioms: [propext, Classical.choice, Quot.sound]
'Collatz.Research.DescentIntervals.Batch072.data_9_216' does not depend on any axioms
'Collatz.Research.DescentIntervals.Batch072.endpoint_9_216' depends on axioms: [propext, Quot.sound]
'Collatz.Research.DescentIntervals.Batch072.bounds_9_217' does not depend on any axioms
'Collatz.Research.DescentIntervals.Batch072.exact_9_217' depends on axioms: [propext, Classical.choice, Quot.sound]
'Collatz.Research.DescentIntervals.Batch072.data_9_217' does not depend on any axioms
'Collatz.Research.DescentIntervals.Batch072.endpoint_9_217' depends on axioms: [propext, Quot.sound]
'Collatz.Research.DescentIntervals.Batch072.bounds_9_218' does not depend on any axioms
'Collatz.Research.DescentIntervals.Batch072.exact_9_218' depends on axioms: [propext, Classical.choice, Quot.sound]
'Collatz.Research.DescentIntervals.Batch072.data_9_218' does not depend on any axioms
'Collatz.Research.DescentIntervals.Batch072.endpoint_9_218' depends on axioms: [propext, Quot.sound]
'Collatz.Research.DescentIntervals.Batch072.bounds_9_219' does not depend on any axioms
'Collatz.Research.DescentIntervals.Batch072.exact_9_219' depends on axioms: [propext, Classical.choice, Quot.sound]
'Collatz.Research.DescentIntervals.Batch072.data_9_219' does not depend on any axioms
'Collatz.Research.DescentIntervals.Batch072.endpoint_9_219' depends on axioms: [propext, Quot.sound]
'Collatz.Research.DescentIntervals.Batch072.bounds_9_220' does not depend on any axioms
'Collatz.Research.DescentIntervals.Batch072.exact_9_220' depends on axioms: [propext, Classical.choice, Quot.sound]
'Collatz.Research.DescentIntervals.Batch072.data_9_220' does not depend on any axioms
'Collatz.Research.DescentIntervals.Batch072.endpoint_9_220' depends on axioms: [propext, Quot.sound]
'Collatz.Research.DescentIntervals.Batch072.bounds_9_221' does not depend on any axioms
'Collatz.Research.DescentIntervals.Batch072.exact_9_221' depends on axioms: [propext, Classical.choice, Quot.sound]
'Collatz.Research.DescentIntervals.Batch072.data_9_221' does not depend on any axioms
'Collatz.Research.DescentIntervals.Batch072.endpoint_9_221' depends on axioms: [propext, Quot.sound]
'Collatz.Research.DescentIntervals.Batch072.bounds_9_222' does not depend on any axioms
'Collatz.Research.DescentIntervals.Batch072.exact_9_222' depends on axioms: [propext, Classical.choice, Quot.sound]
'Collatz.Research.DescentIntervals.Batch072.data_9_222' does not depend on any axioms
'Collatz.Research.DescentIntervals.Batch072.endpoint_9_222' depends on axioms: [propext, Quot.sound]
'Collatz.Research.DescentIntervals.Batch072.bounds_9_223' does not depend on any axioms
'Collatz.Research.DescentIntervals.Batch072.exact_9_223' depends on axioms: [propext, Classical.choice, Quot.sound]
'Collatz.Research.DescentIntervals.Batch072.data_9_223' does not depend on any axioms
'Collatz.Research.DescentIntervals.Batch072.endpoint_9_223' depends on axioms: [propext, Quot.sound]
'Collatz.Research.DescentIntervals.Batch072.bounds_9_224' does not depend on any axioms
'Collatz.Research.DescentIntervals.Batch072.exact_9_224' depends on axioms: [propext, Classical.choice, Quot.sound]
'Collatz.Research.DescentIntervals.Batch072.data_9_224' does not depend on any axioms
'Collatz.Research.DescentIntervals.Batch072.endpoint_9_224' depends on axioms: [propext, Quot.sound]
'Collatz.Research.DescentIntervals.Batch073.bounds_9_225' does not depend on any axioms
'Collatz.Research.DescentIntervals.Batch073.exact_9_225' depends on axioms: [propext, Classical.choice, Quot.sound]
'Collatz.Research.DescentIntervals.Batch073.data_9_225' does not depend on any axioms
'Collatz.Research.DescentIntervals.Batch073.endpoint_9_225' depends on axioms: [propext, Quot.sound]
'Collatz.Research.DescentIntervals.Batch073.bounds_9_226' does not depend on any axioms
'Collatz.Research.DescentIntervals.Batch073.exact_9_226' depends on axioms: [propext, Classical.choice, Quot.sound]
'Collatz.Research.DescentIntervals.Batch073.data_9_226' does not depend on any axioms
'Collatz.Research.DescentIntervals.Batch073.endpoint_9_226' depends on axioms: [propext, Quot.sound]
'Collatz.Research.DescentIntervals.Batch073.bounds_9_227' does not depend on any axioms
'Collatz.Research.DescentIntervals.Batch073.exact_9_227' depends on axioms: [propext, Classical.choice, Quot.sound]
'Collatz.Research.DescentIntervals.Batch073.data_9_227' does not depend on any axioms
'Collatz.Research.DescentIntervals.Batch073.endpoint_9_227' depends on axioms: [propext, Quot.sound]
'Collatz.Research.DescentIntervals.Batch073.bounds_9_228' does not depend on any axioms
'Collatz.Research.DescentIntervals.Batch073.exact_9_228' depends on axioms: [propext, Classical.choice, Quot.sound]
'Collatz.Research.DescentIntervals.Batch073.data_9_228' does not depend on any axioms
'Collatz.Research.DescentIntervals.Batch073.endpoint_9_228' depends on axioms: [propext, Quot.sound]
'Collatz.Research.DescentIntervals.Batch073.bounds_9_229' does not depend on any axioms
'Collatz.Research.DescentIntervals.Batch073.exact_9_229' depends on axioms: [propext, Classical.choice, Quot.sound]
'Collatz.Research.DescentIntervals.Batch073.data_9_229' does not depend on any axioms
'Collatz.Research.DescentIntervals.Batch073.endpoint_9_229' depends on axioms: [propext, Quot.sound]
'Collatz.Research.DescentIntervals.Batch073.bounds_9_230' does not depend on any axioms
'Collatz.Research.DescentIntervals.Batch073.exact_9_230' depends on axioms: [propext, Classical.choice, Quot.sound]
'Collatz.Research.DescentIntervals.Batch073.data_9_230' does not depend on any axioms
'Collatz.Research.DescentIntervals.Batch073.endpoint_9_230' depends on axioms: [propext, Quot.sound]
'Collatz.Research.DescentIntervals.Batch073.bounds_9_231' does not depend on any axioms
'Collatz.Research.DescentIntervals.Batch073.exact_9_231' depends on axioms: [propext, Classical.choice, Quot.sound]
'Collatz.Research.DescentIntervals.Batch073.data_9_231' does not depend on any axioms
'Collatz.Research.DescentIntervals.Batch073.endpoint_9_231' depends on axioms: [propext, Quot.sound]
'Collatz.Research.DescentIntervals.Batch073.bounds_9_232' does not depend on any axioms
'Collatz.Research.DescentIntervals.Batch073.exact_9_232' depends on axioms: [propext, Classical.choice, Quot.sound]
'Collatz.Research.DescentIntervals.Batch073.data_9_232' does not depend on any axioms
'Collatz.Research.DescentIntervals.Batch073.endpoint_9_232' depends on axioms: [propext, Quot.sound]
'Collatz.Research.DescentIntervals.Batch073.bounds_9_233' does not depend on any axioms
'Collatz.Research.DescentIntervals.Batch073.exact_9_233' depends on axioms: [propext, Classical.choice, Quot.sound]
'Collatz.Research.DescentIntervals.Batch073.data_9_233' does not depend on any axioms
'Collatz.Research.DescentIntervals.Batch073.endpoint_9_233' depends on axioms: [propext, Quot.sound]
'Collatz.Research.DescentIntervals.Batch073.bounds_9_234' does not depend on any axioms
'Collatz.Research.DescentIntervals.Batch073.exact_9_234' depends on axioms: [propext, Classical.choice, Quot.sound]
'Collatz.Research.DescentIntervals.Batch073.data_9_234' does not depend on any axioms
'Collatz.Research.DescentIntervals.Batch073.endpoint_9_234' depends on axioms: [propext, Quot.sound]
'Collatz.Research.DescentIntervals.Batch073.bounds_9_235' does not depend on any axioms
'Collatz.Research.DescentIntervals.Batch073.exact_9_235' depends on axioms: [propext, Classical.choice, Quot.sound]
'Collatz.Research.DescentIntervals.Batch073.data_9_235' does not depend on any axioms
'Collatz.Research.DescentIntervals.Batch073.endpoint_9_235' depends on axioms: [propext, Quot.sound]
'Collatz.Research.DescentIntervals.Batch074.bounds_9_236' does not depend on any axioms
'Collatz.Research.DescentIntervals.Batch074.exact_9_236' depends on axioms: [propext, Classical.choice, Quot.sound]
'Collatz.Research.DescentIntervals.Batch074.data_9_236' does not depend on any axioms
'Collatz.Research.DescentIntervals.Batch074.endpoint_9_236' depends on axioms: [propext, Quot.sound]
'Collatz.Research.DescentIntervals.Batch074.bounds_9_237' does not depend on any axioms
'Collatz.Research.DescentIntervals.Batch074.exact_9_237' depends on axioms: [propext, Classical.choice, Quot.sound]
'Collatz.Research.DescentIntervals.Batch074.data_9_237' does not depend on any axioms
'Collatz.Research.DescentIntervals.Batch074.endpoint_9_237' depends on axioms: [propext, Quot.sound]
'Collatz.Research.DescentIntervals.Batch074.bounds_9_238' does not depend on any axioms
'Collatz.Research.DescentIntervals.Batch074.exact_9_238' depends on axioms: [propext, Classical.choice, Quot.sound]
'Collatz.Research.DescentIntervals.Batch074.data_9_238' does not depend on any axioms
'Collatz.Research.DescentIntervals.Batch074.endpoint_9_238' depends on axioms: [propext, Quot.sound]
'Collatz.Research.DescentIntervals.Batch074.bounds_9_239' does not depend on any axioms
'Collatz.Research.DescentIntervals.Batch074.exact_9_239' depends on axioms: [propext, Classical.choice, Quot.sound]
'Collatz.Research.DescentIntervals.Batch074.data_9_239' does not depend on any axioms
'Collatz.Research.DescentIntervals.Batch074.endpoint_9_239' depends on axioms: [propext, Quot.sound]
'Collatz.Research.DescentIntervals.Batch074.bounds_9_240' does not depend on any axioms
'Collatz.Research.DescentIntervals.Batch074.exact_9_240' depends on axioms: [propext, Classical.choice, Quot.sound]
'Collatz.Research.DescentIntervals.Batch074.data_9_240' does not depend on any axioms
'Collatz.Research.DescentIntervals.Batch074.endpoint_9_240' depends on axioms: [propext, Quot.sound]
'Collatz.Research.DescentIntervals.Batch074.bounds_9_241' does not depend on any axioms
'Collatz.Research.DescentIntervals.Batch074.exact_9_241' depends on axioms: [propext, Classical.choice, Quot.sound]
'Collatz.Research.DescentIntervals.Batch074.data_9_241' does not depend on any axioms
'Collatz.Research.DescentIntervals.Batch074.endpoint_9_241' depends on axioms: [propext, Quot.sound]
'Collatz.Research.DescentIntervals.Batch074.bounds_9_242' does not depend on any axioms
'Collatz.Research.DescentIntervals.Batch074.exact_9_242' depends on axioms: [propext, Classical.choice, Quot.sound]
'Collatz.Research.DescentIntervals.Batch074.data_9_242' does not depend on any axioms
'Collatz.Research.DescentIntervals.Batch074.endpoint_9_242' depends on axioms: [propext, Quot.sound]
'Collatz.Research.DescentIntervals.Batch074.bounds_9_243' does not depend on any axioms
'Collatz.Research.DescentIntervals.Batch074.exact_9_243' depends on axioms: [propext, Classical.choice, Quot.sound]
'Collatz.Research.DescentIntervals.Batch074.data_9_243' does not depend on any axioms
'Collatz.Research.DescentIntervals.Batch074.endpoint_9_243' depends on axioms: [propext, Quot.sound]
'Collatz.Research.DescentIntervals.Batch074.bounds_9_244' does not depend on any axioms
'Collatz.Research.DescentIntervals.Batch074.exact_9_244' depends on axioms: [propext, Classical.choice, Quot.sound]
'Collatz.Research.DescentIntervals.Batch074.data_9_244' does not depend on any axioms
'Collatz.Research.DescentIntervals.Batch074.endpoint_9_244' depends on axioms: [propext, Quot.sound]
'Collatz.Research.DescentIntervals.Batch074.bounds_9_245' does not depend on any axioms
'Collatz.Research.DescentIntervals.Batch074.exact_9_245' depends on axioms: [propext, Classical.choice, Quot.sound]
'Collatz.Research.DescentIntervals.Batch074.data_9_245' does not depend on any axioms
'Collatz.Research.DescentIntervals.Batch074.endpoint_9_245' depends on axioms: [propext, Quot.sound]
'Collatz.Research.DescentIntervals.Batch075.bounds_9_246' does not depend on any axioms
'Collatz.Research.DescentIntervals.Batch075.exact_9_246' depends on axioms: [propext, Classical.choice, Quot.sound]
'Collatz.Research.DescentIntervals.Batch075.data_9_246' does not depend on any axioms
'Collatz.Research.DescentIntervals.Batch075.endpoint_9_246' depends on axioms: [propext, Quot.sound]
'Collatz.Research.DescentIntervals.Batch075.bounds_9_247' does not depend on any axioms
'Collatz.Research.DescentIntervals.Batch075.exact_9_247' depends on axioms: [propext, Classical.choice, Quot.sound]
'Collatz.Research.DescentIntervals.Batch075.data_9_247' does not depend on any axioms
'Collatz.Research.DescentIntervals.Batch075.endpoint_9_247' depends on axioms: [propext, Quot.sound]
'Collatz.Research.DescentIntervals.Batch075.bounds_9_248' does not depend on any axioms
'Collatz.Research.DescentIntervals.Batch075.exact_9_248' depends on axioms: [propext, Classical.choice, Quot.sound]
'Collatz.Research.DescentIntervals.Batch075.data_9_248' does not depend on any axioms
'Collatz.Research.DescentIntervals.Batch075.endpoint_9_248' depends on axioms: [propext, Quot.sound]
'Collatz.Research.DescentIntervals.Batch075.bounds_9_249' does not depend on any axioms
'Collatz.Research.DescentIntervals.Batch075.exact_9_249' depends on axioms: [propext, Classical.choice, Quot.sound]
'Collatz.Research.DescentIntervals.Batch075.data_9_249' does not depend on any axioms
'Collatz.Research.DescentIntervals.Batch075.endpoint_9_249' depends on axioms: [propext, Quot.sound]
'Collatz.Research.DescentIntervals.Batch075.bounds_9_250' does not depend on any axioms
'Collatz.Research.DescentIntervals.Batch075.exact_9_250' depends on axioms: [propext, Classical.choice, Quot.sound]
'Collatz.Research.DescentIntervals.Batch075.data_9_250' does not depend on any axioms
'Collatz.Research.DescentIntervals.Batch075.endpoint_9_250' depends on axioms: [propext, Quot.sound]
'Collatz.Research.DescentIntervals.Batch075.bounds_9_251' does not depend on any axioms
'Collatz.Research.DescentIntervals.Batch075.exact_9_251' depends on axioms: [propext, Classical.choice, Quot.sound]
'Collatz.Research.DescentIntervals.Batch075.data_9_251' does not depend on any axioms
'Collatz.Research.DescentIntervals.Batch075.endpoint_9_251' depends on axioms: [propext, Quot.sound]
'Collatz.Research.DescentIntervals.Batch075.bounds_9_252' does not depend on any axioms
'Collatz.Research.DescentIntervals.Batch075.exact_9_252' depends on axioms: [propext, Classical.choice, Quot.sound]
'Collatz.Research.DescentIntervals.Batch075.data_9_252' does not depend on any axioms
'Collatz.Research.DescentIntervals.Batch075.endpoint_9_252' depends on axioms: [propext, Quot.sound]
'Collatz.Research.DescentIntervals.Batch075.bounds_9_253' does not depend on any axioms
'Collatz.Research.DescentIntervals.Batch075.exact_9_253' depends on axioms: [propext, Classical.choice, Quot.sound]
'Collatz.Research.DescentIntervals.Batch075.data_9_253' does not depend on any axioms
'Collatz.Research.DescentIntervals.Batch075.endpoint_9_253' depends on axioms: [propext, Quot.sound]
'Collatz.Research.DescentIntervals.Batch075.bounds_9_254' does not depend on any axioms
'Collatz.Research.DescentIntervals.Batch075.exact_9_254' depends on axioms: [propext, Classical.choice, Quot.sound]
'Collatz.Research.DescentIntervals.Batch075.data_9_254' does not depend on any axioms
'Collatz.Research.DescentIntervals.Batch075.endpoint_9_254' depends on axioms: [propext, Quot.sound]
'Collatz.Research.DescentIntervals.Batch075.bounds_9_255' does not depend on any axioms
'Collatz.Research.DescentIntervals.Batch075.exact_9_255' depends on axioms: [propext, Classical.choice, Quot.sound]
'Collatz.Research.DescentIntervals.Batch075.data_9_255' does not depend on any axioms
'Collatz.Research.DescentIntervals.Batch075.endpoint_9_255' depends on axioms: [propext, Quot.sound]
'Collatz.Research.DescentIntervals.Batch076.bounds_9_256' does not depend on any axioms
'Collatz.Research.DescentIntervals.Batch076.exact_9_256' depends on axioms: [propext, Classical.choice, Quot.sound]
'Collatz.Research.DescentIntervals.Batch076.data_9_256' does not depend on any axioms
'Collatz.Research.DescentIntervals.Batch076.endpoint_9_256' depends on axioms: [propext, Quot.sound]
'Collatz.Research.DescentIntervals.Batch076.bounds_9_257' does not depend on any axioms
'Collatz.Research.DescentIntervals.Batch076.exact_9_257' depends on axioms: [propext, Classical.choice, Quot.sound]
'Collatz.Research.DescentIntervals.Batch076.data_9_257' does not depend on any axioms
'Collatz.Research.DescentIntervals.Batch076.endpoint_9_257' depends on axioms: [propext, Quot.sound]
'Collatz.Research.DescentIntervals.Batch076.bounds_9_258' does not depend on any axioms
'Collatz.Research.DescentIntervals.Batch076.exact_9_258' depends on axioms: [propext, Classical.choice, Quot.sound]
'Collatz.Research.DescentIntervals.Batch076.data_9_258' does not depend on any axioms
'Collatz.Research.DescentIntervals.Batch076.endpoint_9_258' depends on axioms: [propext, Quot.sound]
'Collatz.Research.DescentIntervals.Batch076.bounds_9_259' does not depend on any axioms
'Collatz.Research.DescentIntervals.Batch076.exact_9_259' depends on axioms: [propext, Classical.choice, Quot.sound]
'Collatz.Research.DescentIntervals.Batch076.data_9_259' does not depend on any axioms
'Collatz.Research.DescentIntervals.Batch076.endpoint_9_259' depends on axioms: [propext, Quot.sound]
'Collatz.Research.DescentIntervals.Batch076.bounds_9_260' does not depend on any axioms
'Collatz.Research.DescentIntervals.Batch076.exact_9_260' depends on axioms: [propext, Classical.choice, Quot.sound]
'Collatz.Research.DescentIntervals.Batch076.data_9_260' does not depend on any axioms
'Collatz.Research.DescentIntervals.Batch076.endpoint_9_260' depends on axioms: [propext, Quot.sound]
'Collatz.Research.DescentIntervals.Batch076.bounds_9_261' does not depend on any axioms
'Collatz.Research.DescentIntervals.Batch076.exact_9_261' depends on axioms: [propext, Classical.choice, Quot.sound]
'Collatz.Research.DescentIntervals.Batch076.data_9_261' does not depend on any axioms
'Collatz.Research.DescentIntervals.Batch076.endpoint_9_261' depends on axioms: [propext, Quot.sound]
'Collatz.Research.DescentIntervals.Batch076.bounds_9_262' does not depend on any axioms
'Collatz.Research.DescentIntervals.Batch076.exact_9_262' depends on axioms: [propext, Classical.choice, Quot.sound]
'Collatz.Research.DescentIntervals.Batch076.data_9_262' does not depend on any axioms
'Collatz.Research.DescentIntervals.Batch076.endpoint_9_262' depends on axioms: [propext, Quot.sound]
'Collatz.Research.DescentIntervals.Batch076.bounds_9_263' does not depend on any axioms
'Collatz.Research.DescentIntervals.Batch076.exact_9_263' depends on axioms: [propext, Classical.choice, Quot.sound]
'Collatz.Research.DescentIntervals.Batch076.data_9_263' does not depend on any axioms
'Collatz.Research.DescentIntervals.Batch076.endpoint_9_263' depends on axioms: [propext, Quot.sound]
'Collatz.Research.DescentIntervals.Batch076.bounds_9_264' does not depend on any axioms
'Collatz.Research.DescentIntervals.Batch076.exact_9_264' depends on axioms: [propext, Classical.choice, Quot.sound]
'Collatz.Research.DescentIntervals.Batch076.data_9_264' does not depend on any axioms
'Collatz.Research.DescentIntervals.Batch076.endpoint_9_264' depends on axioms: [propext, Quot.sound]
'Collatz.Research.DescentIntervals.Batch076.bounds_9_265' does not depend on any axioms
'Collatz.Research.DescentIntervals.Batch076.exact_9_265' depends on axioms: [propext, Classical.choice, Quot.sound]
'Collatz.Research.DescentIntervals.Batch076.data_9_265' does not depend on any axioms
'Collatz.Research.DescentIntervals.Batch076.endpoint_9_265' depends on axioms: [propext, Quot.sound]
'Collatz.Research.DescentIntervals.Batch077.bounds_9_266' does not depend on any axioms
'Collatz.Research.DescentIntervals.Batch077.exact_9_266' depends on axioms: [propext, Classical.choice, Quot.sound]
'Collatz.Research.DescentIntervals.Batch077.data_9_266' does not depend on any axioms
'Collatz.Research.DescentIntervals.Batch077.endpoint_9_266' depends on axioms: [propext, Quot.sound]
'Collatz.Research.DescentIntervals.Batch077.bounds_9_267' does not depend on any axioms
'Collatz.Research.DescentIntervals.Batch077.exact_9_267' depends on axioms: [propext, Classical.choice, Quot.sound]
'Collatz.Research.DescentIntervals.Batch077.data_9_267' does not depend on any axioms
'Collatz.Research.DescentIntervals.Batch077.endpoint_9_267' depends on axioms: [propext, Quot.sound]
'Collatz.Research.DescentIntervals.Batch077.bounds_9_268' does not depend on any axioms
'Collatz.Research.DescentIntervals.Batch077.exact_9_268' depends on axioms: [propext, Classical.choice, Quot.sound]
'Collatz.Research.DescentIntervals.Batch077.data_9_268' does not depend on any axioms
'Collatz.Research.DescentIntervals.Batch077.endpoint_9_268' depends on axioms: [propext, Quot.sound]
'Collatz.Research.DescentIntervals.Batch077.bounds_9_269' does not depend on any axioms
'Collatz.Research.DescentIntervals.Batch077.exact_9_269' depends on axioms: [propext, Classical.choice, Quot.sound]
'Collatz.Research.DescentIntervals.Batch077.data_9_269' does not depend on any axioms
'Collatz.Research.DescentIntervals.Batch077.endpoint_9_269' depends on axioms: [propext, Quot.sound]
'Collatz.Research.DescentIntervals.Batch077.bounds_9_270' does not depend on any axioms
'Collatz.Research.DescentIntervals.Batch077.exact_9_270' depends on axioms: [propext, Classical.choice, Quot.sound]
'Collatz.Research.DescentIntervals.Batch077.data_9_270' does not depend on any axioms
'Collatz.Research.DescentIntervals.Batch077.endpoint_9_270' depends on axioms: [propext, Quot.sound]
'Collatz.Research.DescentIntervals.Batch077.bounds_9_271' does not depend on any axioms
'Collatz.Research.DescentIntervals.Batch077.exact_9_271' depends on axioms: [propext, Classical.choice, Quot.sound]
'Collatz.Research.DescentIntervals.Batch077.data_9_271' does not depend on any axioms
'Collatz.Research.DescentIntervals.Batch077.endpoint_9_271' depends on axioms: [propext, Quot.sound]
'Collatz.Research.DescentIntervals.Batch077.bounds_9_272' does not depend on any axioms
'Collatz.Research.DescentIntervals.Batch077.exact_9_272' depends on axioms: [propext, Classical.choice, Quot.sound]
'Collatz.Research.DescentIntervals.Batch077.data_9_272' does not depend on any axioms
'Collatz.Research.DescentIntervals.Batch077.endpoint_9_272' depends on axioms: [propext, Quot.sound]
'Collatz.Research.DescentIntervals.Batch077.bounds_9_273' does not depend on any axioms
'Collatz.Research.DescentIntervals.Batch077.exact_9_273' depends on axioms: [propext, Classical.choice, Quot.sound]
'Collatz.Research.DescentIntervals.Batch077.data_9_273' does not depend on any axioms
'Collatz.Research.DescentIntervals.Batch077.endpoint_9_273' depends on axioms: [propext, Quot.sound]
'Collatz.Research.DescentIntervals.Batch077.bounds_9_274' does not depend on any axioms
'Collatz.Research.DescentIntervals.Batch077.exact_9_274' depends on axioms: [propext, Classical.choice, Quot.sound]
'Collatz.Research.DescentIntervals.Batch077.data_9_274' does not depend on any axioms
'Collatz.Research.DescentIntervals.Batch077.endpoint_9_274' depends on axioms: [propext, Quot.sound]
'Collatz.Research.DescentIntervals.Batch077.bounds_9_275' does not depend on any axioms
'Collatz.Research.DescentIntervals.Batch077.exact_9_275' depends on axioms: [propext, Classical.choice, Quot.sound]
'Collatz.Research.DescentIntervals.Batch077.data_9_275' does not depend on any axioms
'Collatz.Research.DescentIntervals.Batch077.endpoint_9_275' depends on axioms: [propext, Quot.sound]
'Collatz.Research.DescentIntervals.Batch078.bounds_9_276' does not depend on any axioms
'Collatz.Research.DescentIntervals.Batch078.exact_9_276' depends on axioms: [propext, Classical.choice, Quot.sound]
'Collatz.Research.DescentIntervals.Batch078.data_9_276' does not depend on any axioms
'Collatz.Research.DescentIntervals.Batch078.endpoint_9_276' depends on axioms: [propext, Quot.sound]
'Collatz.Research.DescentIntervals.Batch078.bounds_9_277' does not depend on any axioms
'Collatz.Research.DescentIntervals.Batch078.exact_9_277' depends on axioms: [propext, Classical.choice, Quot.sound]
'Collatz.Research.DescentIntervals.Batch078.data_9_277' does not depend on any axioms
'Collatz.Research.DescentIntervals.Batch078.endpoint_9_277' depends on axioms: [propext, Quot.sound]
'Collatz.Research.DescentIntervals.Batch078.bounds_9_278' does not depend on any axioms
'Collatz.Research.DescentIntervals.Batch078.exact_9_278' depends on axioms: [propext, Classical.choice, Quot.sound]
'Collatz.Research.DescentIntervals.Batch078.data_9_278' does not depend on any axioms
'Collatz.Research.DescentIntervals.Batch078.endpoint_9_278' depends on axioms: [propext, Quot.sound]
'Collatz.Research.DescentIntervals.Batch078.bounds_9_279' does not depend on any axioms
'Collatz.Research.DescentIntervals.Batch078.exact_9_279' depends on axioms: [propext, Classical.choice, Quot.sound]
'Collatz.Research.DescentIntervals.Batch078.data_9_279' does not depend on any axioms
'Collatz.Research.DescentIntervals.Batch078.endpoint_9_279' depends on axioms: [propext, Quot.sound]
'Collatz.Research.DescentIntervals.Batch078.bounds_9_280' does not depend on any axioms
'Collatz.Research.DescentIntervals.Batch078.exact_9_280' depends on axioms: [propext, Classical.choice, Quot.sound]
'Collatz.Research.DescentIntervals.Batch078.data_9_280' does not depend on any axioms
'Collatz.Research.DescentIntervals.Batch078.endpoint_9_280' depends on axioms: [propext, Quot.sound]
'Collatz.Research.DescentIntervals.Batch078.bounds_9_281' does not depend on any axioms
'Collatz.Research.DescentIntervals.Batch078.exact_9_281' depends on axioms: [propext, Classical.choice, Quot.sound]
'Collatz.Research.DescentIntervals.Batch078.data_9_281' does not depend on any axioms
'Collatz.Research.DescentIntervals.Batch078.endpoint_9_281' depends on axioms: [propext, Quot.sound]
'Collatz.Research.DescentIntervals.Batch078.bounds_9_282' does not depend on any axioms
'Collatz.Research.DescentIntervals.Batch078.exact_9_282' depends on axioms: [propext, Classical.choice, Quot.sound]
'Collatz.Research.DescentIntervals.Batch078.data_9_282' does not depend on any axioms
'Collatz.Research.DescentIntervals.Batch078.endpoint_9_282' depends on axioms: [propext, Quot.sound]
'Collatz.Research.DescentIntervals.Batch078.bounds_9_283' does not depend on any axioms
'Collatz.Research.DescentIntervals.Batch078.exact_9_283' depends on axioms: [propext, Classical.choice, Quot.sound]
'Collatz.Research.DescentIntervals.Batch078.data_9_283' does not depend on any axioms
'Collatz.Research.DescentIntervals.Batch078.endpoint_9_283' depends on axioms: [propext, Quot.sound]
'Collatz.Research.DescentIntervals.Batch078.bounds_9_284' does not depend on any axioms
'Collatz.Research.DescentIntervals.Batch078.exact_9_284' depends on axioms: [propext, Classical.choice, Quot.sound]
'Collatz.Research.DescentIntervals.Batch078.data_9_284' does not depend on any axioms
'Collatz.Research.DescentIntervals.Batch078.endpoint_9_284' depends on axioms: [propext, Quot.sound]
'Collatz.Research.DescentIntervals.Batch078.bounds_9_285' does not depend on any axioms
'Collatz.Research.DescentIntervals.Batch078.exact_9_285' depends on axioms: [propext, Classical.choice, Quot.sound]
'Collatz.Research.DescentIntervals.Batch078.data_9_285' does not depend on any axioms
'Collatz.Research.DescentIntervals.Batch078.endpoint_9_285' depends on axioms: [propext, Quot.sound]
'Collatz.Research.DescentIntervals.Batch078.bounds_9_286' does not depend on any axioms
'Collatz.Research.DescentIntervals.Batch078.exact_9_286' depends on axioms: [propext, Classical.choice, Quot.sound]
'Collatz.Research.DescentIntervals.Batch078.data_9_286' does not depend on any axioms
'Collatz.Research.DescentIntervals.Batch078.endpoint_9_286' depends on axioms: [propext, Quot.sound]
'Collatz.Research.DescentIntervals.Batch079.bounds_9_287' does not depend on any axioms
'Collatz.Research.DescentIntervals.Batch079.exact_9_287' depends on axioms: [propext, Classical.choice, Quot.sound]
'Collatz.Research.DescentIntervals.Batch079.data_9_287' does not depend on any axioms
'Collatz.Research.DescentIntervals.Batch079.endpoint_9_287' depends on axioms: [propext, Quot.sound]
'Collatz.Research.DescentIntervals.Batch079.bounds_9_288' does not depend on any axioms
'Collatz.Research.DescentIntervals.Batch079.exact_9_288' depends on axioms: [propext, Classical.choice, Quot.sound]
'Collatz.Research.DescentIntervals.Batch079.data_9_288' does not depend on any axioms
'Collatz.Research.DescentIntervals.Batch079.endpoint_9_288' depends on axioms: [propext, Quot.sound]
'Collatz.Research.DescentIntervals.Batch079.bounds_9_289' does not depend on any axioms
'Collatz.Research.DescentIntervals.Batch079.exact_9_289' depends on axioms: [propext, Classical.choice, Quot.sound]
'Collatz.Research.DescentIntervals.Batch079.data_9_289' does not depend on any axioms
'Collatz.Research.DescentIntervals.Batch079.endpoint_9_289' depends on axioms: [propext, Quot.sound]
'Collatz.Research.DescentIntervals.Batch079.bounds_9_290' does not depend on any axioms
'Collatz.Research.DescentIntervals.Batch079.exact_9_290' depends on axioms: [propext, Classical.choice, Quot.sound]
'Collatz.Research.DescentIntervals.Batch079.data_9_290' does not depend on any axioms
'Collatz.Research.DescentIntervals.Batch079.endpoint_9_290' depends on axioms: [propext, Quot.sound]
'Collatz.Research.DescentIntervals.Batch079.bounds_9_291' does not depend on any axioms
'Collatz.Research.DescentIntervals.Batch079.exact_9_291' depends on axioms: [propext, Classical.choice, Quot.sound]
'Collatz.Research.DescentIntervals.Batch079.data_9_291' does not depend on any axioms
'Collatz.Research.DescentIntervals.Batch079.endpoint_9_291' depends on axioms: [propext, Quot.sound]
'Collatz.Research.DescentIntervals.Batch079.bounds_9_292' does not depend on any axioms
'Collatz.Research.DescentIntervals.Batch079.exact_9_292' depends on axioms: [propext, Classical.choice, Quot.sound]
'Collatz.Research.DescentIntervals.Batch079.data_9_292' does not depend on any axioms
'Collatz.Research.DescentIntervals.Batch079.endpoint_9_292' depends on axioms: [propext, Quot.sound]
'Collatz.Research.DescentIntervals.Batch079.bounds_9_293' does not depend on any axioms
'Collatz.Research.DescentIntervals.Batch079.exact_9_293' depends on axioms: [propext, Classical.choice, Quot.sound]
'Collatz.Research.DescentIntervals.Batch079.data_9_293' does not depend on any axioms
'Collatz.Research.DescentIntervals.Batch079.endpoint_9_293' depends on axioms: [propext, Quot.sound]
'Collatz.Research.DescentIntervals.Batch079.bounds_9_294' does not depend on any axioms
'Collatz.Research.DescentIntervals.Batch079.exact_9_294' depends on axioms: [propext, Classical.choice, Quot.sound]
'Collatz.Research.DescentIntervals.Batch079.data_9_294' does not depend on any axioms
'Collatz.Research.DescentIntervals.Batch079.endpoint_9_294' depends on axioms: [propext, Quot.sound]
'Collatz.Research.DescentIntervals.Batch079.bounds_9_295' does not depend on any axioms
'Collatz.Research.DescentIntervals.Batch079.exact_9_295' depends on axioms: [propext, Classical.choice, Quot.sound]
'Collatz.Research.DescentIntervals.Batch079.data_9_295' does not depend on any axioms
'Collatz.Research.DescentIntervals.Batch079.endpoint_9_295' depends on axioms: [propext, Quot.sound]
'Collatz.Research.DescentIntervals.Batch079.bounds_9_296' does not depend on any axioms
'Collatz.Research.DescentIntervals.Batch079.exact_9_296' depends on axioms: [propext, Classical.choice, Quot.sound]
'Collatz.Research.DescentIntervals.Batch079.data_9_296' does not depend on any axioms
'Collatz.Research.DescentIntervals.Batch079.endpoint_9_296' depends on axioms: [propext, Quot.sound]
'Collatz.Research.DescentIntervals.Batch080.bounds_9_297' does not depend on any axioms
'Collatz.Research.DescentIntervals.Batch080.exact_9_297' depends on axioms: [propext, Classical.choice, Quot.sound]
'Collatz.Research.DescentIntervals.Batch080.data_9_297' does not depend on any axioms
'Collatz.Research.DescentIntervals.Batch080.endpoint_9_297' depends on axioms: [propext, Quot.sound]
'Collatz.Research.DescentIntervals.Batch080.bounds_9_298' does not depend on any axioms
'Collatz.Research.DescentIntervals.Batch080.exact_9_298' depends on axioms: [propext, Classical.choice, Quot.sound]
'Collatz.Research.DescentIntervals.Batch080.data_9_298' does not depend on any axioms
'Collatz.Research.DescentIntervals.Batch080.endpoint_9_298' depends on axioms: [propext, Quot.sound]
'Collatz.Research.DescentIntervals.Batch080.bounds_9_299' does not depend on any axioms
'Collatz.Research.DescentIntervals.Batch080.exact_9_299' depends on axioms: [propext, Classical.choice, Quot.sound]
'Collatz.Research.DescentIntervals.Batch080.data_9_299' does not depend on any axioms
'Collatz.Research.DescentIntervals.Batch080.endpoint_9_299' depends on axioms: [propext, Quot.sound]
'Collatz.Research.DescentIntervals.Batch080.bounds_9_300' does not depend on any axioms
'Collatz.Research.DescentIntervals.Batch080.exact_9_300' depends on axioms: [propext, Classical.choice, Quot.sound]
'Collatz.Research.DescentIntervals.Batch080.data_9_300' does not depend on any axioms
'Collatz.Research.DescentIntervals.Batch080.endpoint_9_300' depends on axioms: [propext, Quot.sound]
'Collatz.Research.DescentIntervals.Batch080.bounds_9_301' does not depend on any axioms
'Collatz.Research.DescentIntervals.Batch080.exact_9_301' depends on axioms: [propext, Classical.choice, Quot.sound]
'Collatz.Research.DescentIntervals.Batch080.data_9_301' does not depend on any axioms
'Collatz.Research.DescentIntervals.Batch080.endpoint_9_301' depends on axioms: [propext, Quot.sound]
'Collatz.Research.DescentIntervals.Batch080.bounds_9_302' does not depend on any axioms
'Collatz.Research.DescentIntervals.Batch080.exact_9_302' depends on axioms: [propext, Classical.choice, Quot.sound]
'Collatz.Research.DescentIntervals.Batch080.data_9_302' does not depend on any axioms
'Collatz.Research.DescentIntervals.Batch080.endpoint_9_302' depends on axioms: [propext, Quot.sound]
'Collatz.Research.DescentIntervals.Batch080.bounds_9_303' does not depend on any axioms
'Collatz.Research.DescentIntervals.Batch080.exact_9_303' depends on axioms: [propext, Classical.choice, Quot.sound]
'Collatz.Research.DescentIntervals.Batch080.data_9_303' does not depend on any axioms
'Collatz.Research.DescentIntervals.Batch080.endpoint_9_303' depends on axioms: [propext, Quot.sound]
'Collatz.Research.DescentIntervals.Batch080.bounds_9_304' does not depend on any axioms
'Collatz.Research.DescentIntervals.Batch080.exact_9_304' depends on axioms: [propext, Classical.choice, Quot.sound]
'Collatz.Research.DescentIntervals.Batch080.data_9_304' does not depend on any axioms
'Collatz.Research.DescentIntervals.Batch080.endpoint_9_304' depends on axioms: [propext, Quot.sound]
'Collatz.Research.DescentIntervals.Batch080.bounds_9_305' does not depend on any axioms
'Collatz.Research.DescentIntervals.Batch080.exact_9_305' depends on axioms: [propext, Classical.choice, Quot.sound]
'Collatz.Research.DescentIntervals.Batch080.data_9_305' does not depend on any axioms
'Collatz.Research.DescentIntervals.Batch080.endpoint_9_305' depends on axioms: [propext, Quot.sound]
'Collatz.Research.DescentIntervals.Batch080.bounds_9_306' does not depend on any axioms
'Collatz.Research.DescentIntervals.Batch080.exact_9_306' depends on axioms: [propext, Classical.choice, Quot.sound]
'Collatz.Research.DescentIntervals.Batch080.data_9_306' does not depend on any axioms
'Collatz.Research.DescentIntervals.Batch080.endpoint_9_306' depends on axioms: [propext, Quot.sound]
'Collatz.Research.DescentIntervals.Batch081.bounds_9_307' does not depend on any axioms
'Collatz.Research.DescentIntervals.Batch081.exact_9_307' depends on axioms: [propext, Classical.choice, Quot.sound]
'Collatz.Research.DescentIntervals.Batch081.data_9_307' does not depend on any axioms
'Collatz.Research.DescentIntervals.Batch081.endpoint_9_307' depends on axioms: [propext, Quot.sound]
'Collatz.Research.DescentIntervals.Batch081.bounds_9_308' does not depend on any axioms
'Collatz.Research.DescentIntervals.Batch081.exact_9_308' depends on axioms: [propext, Classical.choice, Quot.sound]
'Collatz.Research.DescentIntervals.Batch081.data_9_308' does not depend on any axioms
'Collatz.Research.DescentIntervals.Batch081.endpoint_9_308' depends on axioms: [propext, Quot.sound]
'Collatz.Research.DescentIntervals.Batch081.bounds_9_309' does not depend on any axioms
'Collatz.Research.DescentIntervals.Batch081.exact_9_309' depends on axioms: [propext, Classical.choice, Quot.sound]
'Collatz.Research.DescentIntervals.Batch081.data_9_309' does not depend on any axioms
'Collatz.Research.DescentIntervals.Batch081.endpoint_9_309' depends on axioms: [propext, Quot.sound]
'Collatz.Research.DescentIntervals.Batch081.bounds_9_310' does not depend on any axioms
'Collatz.Research.DescentIntervals.Batch081.exact_9_310' depends on axioms: [propext, Classical.choice, Quot.sound]
'Collatz.Research.DescentIntervals.Batch081.data_9_310' does not depend on any axioms
'Collatz.Research.DescentIntervals.Batch081.endpoint_9_310' depends on axioms: [propext, Quot.sound]
'Collatz.Research.DescentIntervals.Batch081.bounds_9_311' does not depend on any axioms
'Collatz.Research.DescentIntervals.Batch081.exact_9_311' depends on axioms: [propext, Classical.choice, Quot.sound]
'Collatz.Research.DescentIntervals.Batch081.data_9_311' does not depend on any axioms
'Collatz.Research.DescentIntervals.Batch081.endpoint_9_311' depends on axioms: [propext, Quot.sound]
'Collatz.Research.DescentIntervals.Batch081.bounds_9_312' does not depend on any axioms
'Collatz.Research.DescentIntervals.Batch081.exact_9_312' depends on axioms: [propext, Classical.choice, Quot.sound]
'Collatz.Research.DescentIntervals.Batch081.data_9_312' does not depend on any axioms
'Collatz.Research.DescentIntervals.Batch081.endpoint_9_312' depends on axioms: [propext, Quot.sound]
'Collatz.Research.DescentIntervals.Batch081.bounds_9_313' does not depend on any axioms
'Collatz.Research.DescentIntervals.Batch081.exact_9_313' depends on axioms: [propext, Classical.choice, Quot.sound]
'Collatz.Research.DescentIntervals.Batch081.data_9_313' does not depend on any axioms
'Collatz.Research.DescentIntervals.Batch081.endpoint_9_313' depends on axioms: [propext, Quot.sound]
'Collatz.Research.DescentIntervals.Batch081.bounds_9_314' does not depend on any axioms
'Collatz.Research.DescentIntervals.Batch081.exact_9_314' depends on axioms: [propext, Classical.choice, Quot.sound]
'Collatz.Research.DescentIntervals.Batch081.data_9_314' does not depend on any axioms
'Collatz.Research.DescentIntervals.Batch081.endpoint_9_314' depends on axioms: [propext, Quot.sound]
'Collatz.Research.DescentIntervals.Batch081.bounds_9_315' does not depend on any axioms
'Collatz.Research.DescentIntervals.Batch081.exact_9_315' depends on axioms: [propext, Classical.choice, Quot.sound]
'Collatz.Research.DescentIntervals.Batch081.data_9_315' does not depend on any axioms
'Collatz.Research.DescentIntervals.Batch081.endpoint_9_315' depends on axioms: [propext, Quot.sound]
'Collatz.Research.DescentIntervals.Batch081.bounds_9_316' does not depend on any axioms
'Collatz.Research.DescentIntervals.Batch081.exact_9_316' depends on axioms: [propext, Classical.choice, Quot.sound]
'Collatz.Research.DescentIntervals.Batch081.data_9_316' does not depend on any axioms
'Collatz.Research.DescentIntervals.Batch081.endpoint_9_316' depends on axioms: [propext, Quot.sound]
'Collatz.Research.DescentIntervals.Batch082.bounds_9_317' does not depend on any axioms
'Collatz.Research.DescentIntervals.Batch082.exact_9_317' depends on axioms: [propext, Classical.choice, Quot.sound]
'Collatz.Research.DescentIntervals.Batch082.data_9_317' does not depend on any axioms
'Collatz.Research.DescentIntervals.Batch082.endpoint_9_317' depends on axioms: [propext, Quot.sound]
'Collatz.Research.DescentIntervals.Batch082.bounds_9_318' does not depend on any axioms
'Collatz.Research.DescentIntervals.Batch082.exact_9_318' depends on axioms: [propext, Classical.choice, Quot.sound]
'Collatz.Research.DescentIntervals.Batch082.data_9_318' does not depend on any axioms
'Collatz.Research.DescentIntervals.Batch082.endpoint_9_318' depends on axioms: [propext, Quot.sound]
'Collatz.Research.DescentIntervals.Batch082.bounds_9_319' does not depend on any axioms
'Collatz.Research.DescentIntervals.Batch082.exact_9_319' depends on axioms: [propext, Classical.choice, Quot.sound]
'Collatz.Research.DescentIntervals.Batch082.data_9_319' does not depend on any axioms
'Collatz.Research.DescentIntervals.Batch082.endpoint_9_319' depends on axioms: [propext, Quot.sound]
'Collatz.Research.DescentIntervals.Batch082.bounds_9_320' does not depend on any axioms
'Collatz.Research.DescentIntervals.Batch082.exact_9_320' depends on axioms: [propext, Classical.choice, Quot.sound]
'Collatz.Research.DescentIntervals.Batch082.data_9_320' does not depend on any axioms
'Collatz.Research.DescentIntervals.Batch082.endpoint_9_320' depends on axioms: [propext, Quot.sound]
'Collatz.Research.DescentIntervals.Batch082.bounds_9_321' does not depend on any axioms
'Collatz.Research.DescentIntervals.Batch082.exact_9_321' depends on axioms: [propext, Classical.choice, Quot.sound]
'Collatz.Research.DescentIntervals.Batch082.data_9_321' does not depend on any axioms
'Collatz.Research.DescentIntervals.Batch082.endpoint_9_321' depends on axioms: [propext, Quot.sound]
'Collatz.Research.DescentIntervals.Batch082.bounds_9_322' does not depend on any axioms
'Collatz.Research.DescentIntervals.Batch082.exact_9_322' depends on axioms: [propext, Classical.choice, Quot.sound]
'Collatz.Research.DescentIntervals.Batch082.data_9_322' does not depend on any axioms
'Collatz.Research.DescentIntervals.Batch082.endpoint_9_322' depends on axioms: [propext, Quot.sound]
'Collatz.Research.DescentIntervals.Batch082.bounds_9_323' does not depend on any axioms
'Collatz.Research.DescentIntervals.Batch082.exact_9_323' depends on axioms: [propext, Classical.choice, Quot.sound]
'Collatz.Research.DescentIntervals.Batch082.data_9_323' does not depend on any axioms
'Collatz.Research.DescentIntervals.Batch082.endpoint_9_323' depends on axioms: [propext, Quot.sound]
'Collatz.Research.DescentIntervals.Batch082.bounds_9_324' does not depend on any axioms
'Collatz.Research.DescentIntervals.Batch082.exact_9_324' depends on axioms: [propext, Classical.choice, Quot.sound]
'Collatz.Research.DescentIntervals.Batch082.data_9_324' does not depend on any axioms
'Collatz.Research.DescentIntervals.Batch082.endpoint_9_324' depends on axioms: [propext, Quot.sound]
'Collatz.Research.DescentIntervals.Batch082.bounds_9_325' does not depend on any axioms
'Collatz.Research.DescentIntervals.Batch082.exact_9_325' depends on axioms: [propext, Classical.choice, Quot.sound]
'Collatz.Research.DescentIntervals.Batch082.data_9_325' does not depend on any axioms
'Collatz.Research.DescentIntervals.Batch082.endpoint_9_325' depends on axioms: [propext, Quot.sound]
'Collatz.Research.DescentIntervals.Batch082.bounds_9_326' does not depend on any axioms
'Collatz.Research.DescentIntervals.Batch082.exact_9_326' depends on axioms: [propext, Classical.choice, Quot.sound]
'Collatz.Research.DescentIntervals.Batch082.data_9_326' does not depend on any axioms
'Collatz.Research.DescentIntervals.Batch082.endpoint_9_326' depends on axioms: [propext, Quot.sound]
'Collatz.Research.DescentIntervals.Batch082.bounds_9_327' does not depend on any axioms
'Collatz.Research.DescentIntervals.Batch082.exact_9_327' depends on axioms: [propext, Classical.choice, Quot.sound]
'Collatz.Research.DescentIntervals.Batch082.data_9_327' does not depend on any axioms
'Collatz.Research.DescentIntervals.Batch082.endpoint_9_327' depends on axioms: [propext, Quot.sound]
'Collatz.Research.DescentIntervals.Batch083.bounds_9_328' does not depend on any axioms
'Collatz.Research.DescentIntervals.Batch083.exact_9_328' depends on axioms: [propext, Classical.choice, Quot.sound]
'Collatz.Research.DescentIntervals.Batch083.data_9_328' does not depend on any axioms
'Collatz.Research.DescentIntervals.Batch083.endpoint_9_328' depends on axioms: [propext, Quot.sound]
'Collatz.Research.DescentIntervals.Batch083.bounds_9_329' does not depend on any axioms
'Collatz.Research.DescentIntervals.Batch083.exact_9_329' depends on axioms: [propext, Classical.choice, Quot.sound]
'Collatz.Research.DescentIntervals.Batch083.data_9_329' does not depend on any axioms
'Collatz.Research.DescentIntervals.Batch083.endpoint_9_329' depends on axioms: [propext, Quot.sound]
'Collatz.Research.DescentIntervals.Batch083.bounds_9_330' does not depend on any axioms
'Collatz.Research.DescentIntervals.Batch083.exact_9_330' depends on axioms: [propext, Classical.choice, Quot.sound]
'Collatz.Research.DescentIntervals.Batch083.data_9_330' does not depend on any axioms
'Collatz.Research.DescentIntervals.Batch083.endpoint_9_330' depends on axioms: [propext, Quot.sound]
'Collatz.Research.DescentIntervals.Batch083.bounds_9_331' does not depend on any axioms
'Collatz.Research.DescentIntervals.Batch083.exact_9_331' depends on axioms: [propext, Classical.choice, Quot.sound]
'Collatz.Research.DescentIntervals.Batch083.data_9_331' does not depend on any axioms
'Collatz.Research.DescentIntervals.Batch083.endpoint_9_331' depends on axioms: [propext, Quot.sound]
'Collatz.Research.DescentIntervals.Batch083.bounds_9_332' does not depend on any axioms
'Collatz.Research.DescentIntervals.Batch083.exact_9_332' depends on axioms: [propext, Classical.choice, Quot.sound]
'Collatz.Research.DescentIntervals.Batch083.data_9_332' does not depend on any axioms
'Collatz.Research.DescentIntervals.Batch083.endpoint_9_332' depends on axioms: [propext, Quot.sound]
'Collatz.Research.DescentIntervals.Batch083.bounds_9_333' does not depend on any axioms
'Collatz.Research.DescentIntervals.Batch083.exact_9_333' depends on axioms: [propext, Classical.choice, Quot.sound]
'Collatz.Research.DescentIntervals.Batch083.data_9_333' does not depend on any axioms
'Collatz.Research.DescentIntervals.Batch083.endpoint_9_333' depends on axioms: [propext, Quot.sound]
'Collatz.Research.DescentIntervals.Batch083.bounds_9_334' does not depend on any axioms
'Collatz.Research.DescentIntervals.Batch083.exact_9_334' depends on axioms: [propext, Classical.choice, Quot.sound]
'Collatz.Research.DescentIntervals.Batch083.data_9_334' does not depend on any axioms
'Collatz.Research.DescentIntervals.Batch083.endpoint_9_334' depends on axioms: [propext, Quot.sound]
'Collatz.Research.DescentIntervals.Batch083.bounds_9_335' does not depend on any axioms
'Collatz.Research.DescentIntervals.Batch083.exact_9_335' depends on axioms: [propext, Classical.choice, Quot.sound]
'Collatz.Research.DescentIntervals.Batch083.data_9_335' does not depend on any axioms
'Collatz.Research.DescentIntervals.Batch083.endpoint_9_335' depends on axioms: [propext, Quot.sound]
'Collatz.Research.DescentIntervals.Batch083.bounds_9_336' does not depend on any axioms
'Collatz.Research.DescentIntervals.Batch083.exact_9_336' depends on axioms: [propext, Classical.choice, Quot.sound]
'Collatz.Research.DescentIntervals.Batch083.data_9_336' does not depend on any axioms
'Collatz.Research.DescentIntervals.Batch083.endpoint_9_336' depends on axioms: [propext, Quot.sound]
'Collatz.Research.DescentIntervals.Batch083.bounds_9_337' does not depend on any axioms
'Collatz.Research.DescentIntervals.Batch083.exact_9_337' depends on axioms: [propext, Classical.choice, Quot.sound]
'Collatz.Research.DescentIntervals.Batch083.data_9_337' does not depend on any axioms
'Collatz.Research.DescentIntervals.Batch083.endpoint_9_337' depends on axioms: [propext, Quot.sound]
'Collatz.Research.DescentIntervals.Batch084.bounds_9_338' does not depend on any axioms
'Collatz.Research.DescentIntervals.Batch084.exact_9_338' depends on axioms: [propext, Classical.choice, Quot.sound]
'Collatz.Research.DescentIntervals.Batch084.data_9_338' does not depend on any axioms
'Collatz.Research.DescentIntervals.Batch084.endpoint_9_338' depends on axioms: [propext, Quot.sound]
'Collatz.Research.DescentIntervals.Batch084.bounds_9_339' does not depend on any axioms
'Collatz.Research.DescentIntervals.Batch084.exact_9_339' depends on axioms: [propext, Classical.choice, Quot.sound]
'Collatz.Research.DescentIntervals.Batch084.data_9_339' does not depend on any axioms
'Collatz.Research.DescentIntervals.Batch084.endpoint_9_339' depends on axioms: [propext, Quot.sound]
'Collatz.Research.DescentIntervals.Batch084.bounds_9_340' does not depend on any axioms
'Collatz.Research.DescentIntervals.Batch084.exact_9_340' depends on axioms: [propext, Classical.choice, Quot.sound]
'Collatz.Research.DescentIntervals.Batch084.data_9_340' does not depend on any axioms
'Collatz.Research.DescentIntervals.Batch084.endpoint_9_340' depends on axioms: [propext, Quot.sound]
'Collatz.Research.DescentIntervals.Batch084.bounds_9_341' does not depend on any axioms
'Collatz.Research.DescentIntervals.Batch084.exact_9_341' depends on axioms: [propext, Classical.choice, Quot.sound]
'Collatz.Research.DescentIntervals.Batch084.data_9_341' does not depend on any axioms
'Collatz.Research.DescentIntervals.Batch084.endpoint_9_341' depends on axioms: [propext, Quot.sound]
'Collatz.Research.DescentIntervals.Batch084.bounds_9_342' does not depend on any axioms
'Collatz.Research.DescentIntervals.Batch084.exact_9_342' depends on axioms: [propext, Classical.choice, Quot.sound]
'Collatz.Research.DescentIntervals.Batch084.data_9_342' does not depend on any axioms
'Collatz.Research.DescentIntervals.Batch084.endpoint_9_342' depends on axioms: [propext, Quot.sound]
'Collatz.Research.DescentIntervals.Batch084.bounds_9_343' does not depend on any axioms
'Collatz.Research.DescentIntervals.Batch084.exact_9_343' depends on axioms: [propext, Classical.choice, Quot.sound]
'Collatz.Research.DescentIntervals.Batch084.data_9_343' does not depend on any axioms
'Collatz.Research.DescentIntervals.Batch084.endpoint_9_343' depends on axioms: [propext, Quot.sound]
'Collatz.Research.DescentIntervals.Batch084.bounds_9_344' does not depend on any axioms
'Collatz.Research.DescentIntervals.Batch084.exact_9_344' depends on axioms: [propext, Classical.choice, Quot.sound]
'Collatz.Research.DescentIntervals.Batch084.data_9_344' does not depend on any axioms
'Collatz.Research.DescentIntervals.Batch084.endpoint_9_344' depends on axioms: [propext, Quot.sound]
'Collatz.Research.DescentIntervals.Batch084.bounds_9_345' does not depend on any axioms
'Collatz.Research.DescentIntervals.Batch084.exact_9_345' depends on axioms: [propext, Classical.choice, Quot.sound]
'Collatz.Research.DescentIntervals.Batch084.data_9_345' does not depend on any axioms
'Collatz.Research.DescentIntervals.Batch084.endpoint_9_345' depends on axioms: [propext, Quot.sound]
'Collatz.Research.DescentIntervals.Batch084.bounds_9_346' does not depend on any axioms
'Collatz.Research.DescentIntervals.Batch084.exact_9_346' depends on axioms: [propext, Classical.choice, Quot.sound]
'Collatz.Research.DescentIntervals.Batch084.data_9_346' does not depend on any axioms
'Collatz.Research.DescentIntervals.Batch084.endpoint_9_346' depends on axioms: [propext, Quot.sound]
'Collatz.Research.DescentIntervals.Batch084.bounds_9_347' does not depend on any axioms
'Collatz.Research.DescentIntervals.Batch084.exact_9_347' depends on axioms: [propext, Classical.choice, Quot.sound]
'Collatz.Research.DescentIntervals.Batch084.data_9_347' does not depend on any axioms
'Collatz.Research.DescentIntervals.Batch084.endpoint_9_347' depends on axioms: [propext, Quot.sound]
'Collatz.Research.DescentIntervals.Batch085.bounds_9_348' does not depend on any axioms
'Collatz.Research.DescentIntervals.Batch085.exact_9_348' depends on axioms: [propext, Classical.choice, Quot.sound]
'Collatz.Research.DescentIntervals.Batch085.data_9_348' does not depend on any axioms
'Collatz.Research.DescentIntervals.Batch085.endpoint_9_348' depends on axioms: [propext, Quot.sound]
'Collatz.Research.DescentIntervals.Batch085.bounds_9_349' does not depend on any axioms
'Collatz.Research.DescentIntervals.Batch085.exact_9_349' depends on axioms: [propext, Classical.choice, Quot.sound]
'Collatz.Research.DescentIntervals.Batch085.data_9_349' does not depend on any axioms
'Collatz.Research.DescentIntervals.Batch085.endpoint_9_349' depends on axioms: [propext, Quot.sound]
'Collatz.Research.DescentIntervals.Batch085.bounds_9_350' does not depend on any axioms
'Collatz.Research.DescentIntervals.Batch085.exact_9_350' depends on axioms: [propext, Classical.choice, Quot.sound]
'Collatz.Research.DescentIntervals.Batch085.data_9_350' does not depend on any axioms
'Collatz.Research.DescentIntervals.Batch085.endpoint_9_350' depends on axioms: [propext, Quot.sound]
'Collatz.Research.DescentIntervals.Batch085.bounds_9_351' does not depend on any axioms
'Collatz.Research.DescentIntervals.Batch085.exact_9_351' depends on axioms: [propext, Classical.choice, Quot.sound]
'Collatz.Research.DescentIntervals.Batch085.data_9_351' does not depend on any axioms
'Collatz.Research.DescentIntervals.Batch085.endpoint_9_351' depends on axioms: [propext, Quot.sound]
'Collatz.Research.DescentIntervals.Batch085.bounds_9_352' does not depend on any axioms
'Collatz.Research.DescentIntervals.Batch085.exact_9_352' depends on axioms: [propext, Classical.choice, Quot.sound]
'Collatz.Research.DescentIntervals.Batch085.data_9_352' does not depend on any axioms
'Collatz.Research.DescentIntervals.Batch085.endpoint_9_352' depends on axioms: [propext, Quot.sound]
'Collatz.Research.DescentIntervals.Batch085.bounds_9_353' does not depend on any axioms
'Collatz.Research.DescentIntervals.Batch085.exact_9_353' depends on axioms: [propext, Classical.choice, Quot.sound]
'Collatz.Research.DescentIntervals.Batch085.data_9_353' does not depend on any axioms
'Collatz.Research.DescentIntervals.Batch085.endpoint_9_353' depends on axioms: [propext, Quot.sound]
'Collatz.Research.DescentIntervals.Batch085.bounds_9_354' does not depend on any axioms
'Collatz.Research.DescentIntervals.Batch085.exact_9_354' depends on axioms: [propext, Classical.choice, Quot.sound]
'Collatz.Research.DescentIntervals.Batch085.data_9_354' does not depend on any axioms
'Collatz.Research.DescentIntervals.Batch085.endpoint_9_354' depends on axioms: [propext, Quot.sound]
'Collatz.Research.DescentIntervals.Batch085.bounds_9_355' does not depend on any axioms
'Collatz.Research.DescentIntervals.Batch085.exact_9_355' depends on axioms: [propext, Classical.choice, Quot.sound]
'Collatz.Research.DescentIntervals.Batch085.data_9_355' does not depend on any axioms
'Collatz.Research.DescentIntervals.Batch085.endpoint_9_355' depends on axioms: [propext, Quot.sound]
'Collatz.Research.DescentIntervals.Batch085.bounds_9_356' does not depend on any axioms
'Collatz.Research.DescentIntervals.Batch085.exact_9_356' depends on axioms: [propext, Classical.choice, Quot.sound]
'Collatz.Research.DescentIntervals.Batch085.data_9_356' does not depend on any axioms
'Collatz.Research.DescentIntervals.Batch085.endpoint_9_356' depends on axioms: [propext, Quot.sound]
'Collatz.Research.DescentIntervals.Batch085.bounds_9_357' does not depend on any axioms
'Collatz.Research.DescentIntervals.Batch085.exact_9_357' depends on axioms: [propext, Classical.choice, Quot.sound]
'Collatz.Research.DescentIntervals.Batch085.data_9_357' does not depend on any axioms
'Collatz.Research.DescentIntervals.Batch085.endpoint_9_357' depends on axioms: [propext, Quot.sound]
'Collatz.Research.DescentIntervals.Batch086.bounds_9_358' does not depend on any axioms
'Collatz.Research.DescentIntervals.Batch086.exact_9_358' depends on axioms: [propext, Classical.choice, Quot.sound]
'Collatz.Research.DescentIntervals.Batch086.data_9_358' does not depend on any axioms
'Collatz.Research.DescentIntervals.Batch086.endpoint_9_358' depends on axioms: [propext, Quot.sound]
'Collatz.Research.DescentIntervals.Batch086.bounds_9_359' does not depend on any axioms
'Collatz.Research.DescentIntervals.Batch086.exact_9_359' depends on axioms: [propext, Classical.choice, Quot.sound]
'Collatz.Research.DescentIntervals.Batch086.data_9_359' does not depend on any axioms
'Collatz.Research.DescentIntervals.Batch086.endpoint_9_359' depends on axioms: [propext, Quot.sound]
'Collatz.Research.DescentIntervals.Batch086.bounds_9_360' does not depend on any axioms
'Collatz.Research.DescentIntervals.Batch086.exact_9_360' depends on axioms: [propext, Classical.choice, Quot.sound]
'Collatz.Research.DescentIntervals.Batch086.data_9_360' does not depend on any axioms
'Collatz.Research.DescentIntervals.Batch086.endpoint_9_360' depends on axioms: [propext, Quot.sound]
'Collatz.Research.DescentIntervals.Batch086.bounds_9_361' does not depend on any axioms
'Collatz.Research.DescentIntervals.Batch086.exact_9_361' depends on axioms: [propext, Classical.choice, Quot.sound]
'Collatz.Research.DescentIntervals.Batch086.data_9_361' does not depend on any axioms
'Collatz.Research.DescentIntervals.Batch086.endpoint_9_361' depends on axioms: [propext, Quot.sound]
'Collatz.Research.DescentIntervals.Batch086.bounds_9_362' does not depend on any axioms
'Collatz.Research.DescentIntervals.Batch086.exact_9_362' depends on axioms: [propext, Classical.choice, Quot.sound]
'Collatz.Research.DescentIntervals.Batch086.data_9_362' does not depend on any axioms
'Collatz.Research.DescentIntervals.Batch086.endpoint_9_362' depends on axioms: [propext, Quot.sound]
'Collatz.Research.DescentIntervals.Batch086.bounds_9_363' does not depend on any axioms
'Collatz.Research.DescentIntervals.Batch086.exact_9_363' depends on axioms: [propext, Classical.choice, Quot.sound]
'Collatz.Research.DescentIntervals.Batch086.data_9_363' does not depend on any axioms
'Collatz.Research.DescentIntervals.Batch086.endpoint_9_363' depends on axioms: [propext, Quot.sound]
'Collatz.Research.DescentIntervals.Batch086.bounds_9_364' does not depend on any axioms
'Collatz.Research.DescentIntervals.Batch086.exact_9_364' depends on axioms: [propext, Classical.choice, Quot.sound]
'Collatz.Research.DescentIntervals.Batch086.data_9_364' does not depend on any axioms
'Collatz.Research.DescentIntervals.Batch086.endpoint_9_364' depends on axioms: [propext, Quot.sound]
'Collatz.Research.DescentIntervals.Batch086.bounds_9_365' does not depend on any axioms
'Collatz.Research.DescentIntervals.Batch086.exact_9_365' depends on axioms: [propext, Classical.choice, Quot.sound]
'Collatz.Research.DescentIntervals.Batch086.data_9_365' does not depend on any axioms
'Collatz.Research.DescentIntervals.Batch086.endpoint_9_365' depends on axioms: [propext, Quot.sound]
'Collatz.Research.DescentIntervals.Batch086.bounds_9_366' does not depend on any axioms
'Collatz.Research.DescentIntervals.Batch086.exact_9_366' depends on axioms: [propext, Classical.choice, Quot.sound]
'Collatz.Research.DescentIntervals.Batch086.data_9_366' does not depend on any axioms
'Collatz.Research.DescentIntervals.Batch086.endpoint_9_366' depends on axioms: [propext, Quot.sound]
'Collatz.Research.DescentIntervals.Batch086.bounds_9_367' does not depend on any axioms
'Collatz.Research.DescentIntervals.Batch086.exact_9_367' depends on axioms: [propext, Classical.choice, Quot.sound]
'Collatz.Research.DescentIntervals.Batch086.data_9_367' does not depend on any axioms
'Collatz.Research.DescentIntervals.Batch086.endpoint_9_367' depends on axioms: [propext, Quot.sound]
'Collatz.Research.DescentIntervals.Batch087.bounds_9_368' does not depend on any axioms
'Collatz.Research.DescentIntervals.Batch087.exact_9_368' depends on axioms: [propext, Classical.choice, Quot.sound]
'Collatz.Research.DescentIntervals.Batch087.data_9_368' does not depend on any axioms
'Collatz.Research.DescentIntervals.Batch087.endpoint_9_368' depends on axioms: [propext, Quot.sound]
'Collatz.Research.DescentIntervals.Batch087.bounds_9_369' does not depend on any axioms
'Collatz.Research.DescentIntervals.Batch087.exact_9_369' depends on axioms: [propext, Classical.choice, Quot.sound]
'Collatz.Research.DescentIntervals.Batch087.data_9_369' does not depend on any axioms
'Collatz.Research.DescentIntervals.Batch087.endpoint_9_369' depends on axioms: [propext, Quot.sound]
'Collatz.Research.DescentIntervals.Batch087.bounds_9_370' does not depend on any axioms
'Collatz.Research.DescentIntervals.Batch087.exact_9_370' depends on axioms: [propext, Classical.choice, Quot.sound]
'Collatz.Research.DescentIntervals.Batch087.data_9_370' does not depend on any axioms
'Collatz.Research.DescentIntervals.Batch087.endpoint_9_370' depends on axioms: [propext, Quot.sound]
'Collatz.Research.DescentIntervals.Batch087.bounds_9_371' does not depend on any axioms
'Collatz.Research.DescentIntervals.Batch087.exact_9_371' depends on axioms: [propext, Classical.choice, Quot.sound]
'Collatz.Research.DescentIntervals.Batch087.data_9_371' does not depend on any axioms
'Collatz.Research.DescentIntervals.Batch087.endpoint_9_371' depends on axioms: [propext, Quot.sound]
'Collatz.Research.DescentIntervals.Batch087.bounds_9_372' does not depend on any axioms
'Collatz.Research.DescentIntervals.Batch087.exact_9_372' depends on axioms: [propext, Classical.choice, Quot.sound]
'Collatz.Research.DescentIntervals.Batch087.data_9_372' does not depend on any axioms
'Collatz.Research.DescentIntervals.Batch087.endpoint_9_372' depends on axioms: [propext, Quot.sound]
'Collatz.Research.DescentIntervals.Batch087.bounds_9_373' does not depend on any axioms
'Collatz.Research.DescentIntervals.Batch087.exact_9_373' depends on axioms: [propext, Classical.choice, Quot.sound]
'Collatz.Research.DescentIntervals.Batch087.data_9_373' does not depend on any axioms
'Collatz.Research.DescentIntervals.Batch087.endpoint_9_373' depends on axioms: [propext, Quot.sound]
'Collatz.Research.DescentIntervals.Batch087.bounds_9_374' does not depend on any axioms
'Collatz.Research.DescentIntervals.Batch087.exact_9_374' depends on axioms: [propext, Classical.choice, Quot.sound]
'Collatz.Research.DescentIntervals.Batch087.data_9_374' does not depend on any axioms
'Collatz.Research.DescentIntervals.Batch087.endpoint_9_374' depends on axioms: [propext, Quot.sound]
'Collatz.Research.DescentIntervals.Batch087.bounds_9_375' does not depend on any axioms
'Collatz.Research.DescentIntervals.Batch087.exact_9_375' depends on axioms: [propext, Classical.choice, Quot.sound]
'Collatz.Research.DescentIntervals.Batch087.data_9_375' does not depend on any axioms
'Collatz.Research.DescentIntervals.Batch087.endpoint_9_375' depends on axioms: [propext, Quot.sound]
'Collatz.Research.DescentIntervals.Batch087.bounds_9_376' does not depend on any axioms
'Collatz.Research.DescentIntervals.Batch087.exact_9_376' depends on axioms: [propext, Classical.choice, Quot.sound]
'Collatz.Research.DescentIntervals.Batch087.data_9_376' does not depend on any axioms
'Collatz.Research.DescentIntervals.Batch087.endpoint_9_376' depends on axioms: [propext, Quot.sound]
'Collatz.Research.DescentIntervals.Batch087.bounds_9_377' does not depend on any axioms
'Collatz.Research.DescentIntervals.Batch087.exact_9_377' depends on axioms: [propext, Classical.choice, Quot.sound]
'Collatz.Research.DescentIntervals.Batch087.data_9_377' does not depend on any axioms
'Collatz.Research.DescentIntervals.Batch087.endpoint_9_377' depends on axioms: [propext, Quot.sound]
'Collatz.Research.DescentIntervals.Batch087.bounds_9_378' does not depend on any axioms
'Collatz.Research.DescentIntervals.Batch087.exact_9_378' depends on axioms: [propext, Classical.choice, Quot.sound]
'Collatz.Research.DescentIntervals.Batch087.data_9_378' does not depend on any axioms
'Collatz.Research.DescentIntervals.Batch087.endpoint_9_378' depends on axioms: [propext, Quot.sound]
'Collatz.Research.DescentIntervals.Batch088.bounds_9_379' does not depend on any axioms
'Collatz.Research.DescentIntervals.Batch088.exact_9_379' depends on axioms: [propext, Classical.choice, Quot.sound]
'Collatz.Research.DescentIntervals.Batch088.data_9_379' does not depend on any axioms
'Collatz.Research.DescentIntervals.Batch088.endpoint_9_379' depends on axioms: [propext, Quot.sound]
'Collatz.Research.DescentIntervals.Batch088.bounds_9_380' does not depend on any axioms
'Collatz.Research.DescentIntervals.Batch088.exact_9_380' depends on axioms: [propext, Classical.choice, Quot.sound]
'Collatz.Research.DescentIntervals.Batch088.data_9_380' does not depend on any axioms
'Collatz.Research.DescentIntervals.Batch088.endpoint_9_380' depends on axioms: [propext, Quot.sound]
'Collatz.Research.DescentIntervals.Batch088.bounds_9_381' does not depend on any axioms
'Collatz.Research.DescentIntervals.Batch088.exact_9_381' depends on axioms: [propext, Classical.choice, Quot.sound]
'Collatz.Research.DescentIntervals.Batch088.data_9_381' does not depend on any axioms
'Collatz.Research.DescentIntervals.Batch088.endpoint_9_381' depends on axioms: [propext, Quot.sound]
'Collatz.Research.DescentIntervals.Batch088.bounds_9_382' does not depend on any axioms
'Collatz.Research.DescentIntervals.Batch088.exact_9_382' depends on axioms: [propext, Classical.choice, Quot.sound]
'Collatz.Research.DescentIntervals.Batch088.data_9_382' does not depend on any axioms
'Collatz.Research.DescentIntervals.Batch088.endpoint_9_382' depends on axioms: [propext, Quot.sound]
'Collatz.Research.DescentIntervals.Batch088.bounds_9_383' does not depend on any axioms
'Collatz.Research.DescentIntervals.Batch088.exact_9_383' depends on axioms: [propext, Classical.choice, Quot.sound]
'Collatz.Research.DescentIntervals.Batch088.data_9_383' does not depend on any axioms
'Collatz.Research.DescentIntervals.Batch088.endpoint_9_383' depends on axioms: [propext, Quot.sound]
'Collatz.Research.DescentIntervals.Batch088.bounds_9_384' does not depend on any axioms
'Collatz.Research.DescentIntervals.Batch088.exact_9_384' depends on axioms: [propext, Classical.choice, Quot.sound]
'Collatz.Research.DescentIntervals.Batch088.data_9_384' does not depend on any axioms
'Collatz.Research.DescentIntervals.Batch088.endpoint_9_384' depends on axioms: [propext, Quot.sound]
'Collatz.Research.DescentIntervals.Batch088.bounds_9_385' does not depend on any axioms
'Collatz.Research.DescentIntervals.Batch088.exact_9_385' depends on axioms: [propext, Classical.choice, Quot.sound]
'Collatz.Research.DescentIntervals.Batch088.data_9_385' does not depend on any axioms
'Collatz.Research.DescentIntervals.Batch088.endpoint_9_385' depends on axioms: [propext, Quot.sound]
'Collatz.Research.DescentIntervals.Batch088.bounds_9_386' does not depend on any axioms
'Collatz.Research.DescentIntervals.Batch088.exact_9_386' depends on axioms: [propext, Classical.choice, Quot.sound]
'Collatz.Research.DescentIntervals.Batch088.data_9_386' does not depend on any axioms
'Collatz.Research.DescentIntervals.Batch088.endpoint_9_386' depends on axioms: [propext, Quot.sound]
'Collatz.Research.DescentIntervals.Batch088.bounds_9_387' does not depend on any axioms
'Collatz.Research.DescentIntervals.Batch088.exact_9_387' depends on axioms: [propext, Classical.choice, Quot.sound]
'Collatz.Research.DescentIntervals.Batch088.data_9_387' does not depend on any axioms
'Collatz.Research.DescentIntervals.Batch088.endpoint_9_387' depends on axioms: [propext, Quot.sound]
'Collatz.Research.DescentIntervals.Batch088.bounds_9_388' does not depend on any axioms
'Collatz.Research.DescentIntervals.Batch088.exact_9_388' depends on axioms: [propext, Classical.choice, Quot.sound]
'Collatz.Research.DescentIntervals.Batch088.data_9_388' does not depend on any axioms
'Collatz.Research.DescentIntervals.Batch088.endpoint_9_388' depends on axioms: [propext, Quot.sound]
'Collatz.Research.DescentIntervals.Batch089.bounds_9_389' does not depend on any axioms
'Collatz.Research.DescentIntervals.Batch089.exact_9_389' depends on axioms: [propext, Classical.choice, Quot.sound]
'Collatz.Research.DescentIntervals.Batch089.data_9_389' does not depend on any axioms
'Collatz.Research.DescentIntervals.Batch089.endpoint_9_389' depends on axioms: [propext, Quot.sound]
'Collatz.Research.DescentIntervals.Batch089.bounds_9_390' does not depend on any axioms
'Collatz.Research.DescentIntervals.Batch089.exact_9_390' depends on axioms: [propext, Classical.choice, Quot.sound]
'Collatz.Research.DescentIntervals.Batch089.data_9_390' does not depend on any axioms
'Collatz.Research.DescentIntervals.Batch089.endpoint_9_390' depends on axioms: [propext, Quot.sound]
'Collatz.Research.DescentIntervals.Batch089.bounds_9_391' does not depend on any axioms
'Collatz.Research.DescentIntervals.Batch089.exact_9_391' depends on axioms: [propext, Classical.choice, Quot.sound]
'Collatz.Research.DescentIntervals.Batch089.data_9_391' does not depend on any axioms
'Collatz.Research.DescentIntervals.Batch089.endpoint_9_391' depends on axioms: [propext, Quot.sound]
'Collatz.Research.DescentIntervals.Batch089.bounds_9_392' does not depend on any axioms
'Collatz.Research.DescentIntervals.Batch089.exact_9_392' depends on axioms: [propext, Classical.choice, Quot.sound]
'Collatz.Research.DescentIntervals.Batch089.data_9_392' does not depend on any axioms
'Collatz.Research.DescentIntervals.Batch089.endpoint_9_392' depends on axioms: [propext, Quot.sound]
'Collatz.Research.DescentIntervals.Batch089.bounds_9_393' does not depend on any axioms
'Collatz.Research.DescentIntervals.Batch089.exact_9_393' depends on axioms: [propext, Classical.choice, Quot.sound]
'Collatz.Research.DescentIntervals.Batch089.data_9_393' does not depend on any axioms
'Collatz.Research.DescentIntervals.Batch089.endpoint_9_393' depends on axioms: [propext, Quot.sound]
'Collatz.Research.DescentIntervals.Batch089.bounds_9_394' does not depend on any axioms
'Collatz.Research.DescentIntervals.Batch089.exact_9_394' depends on axioms: [propext, Classical.choice, Quot.sound]
'Collatz.Research.DescentIntervals.Batch089.data_9_394' does not depend on any axioms
'Collatz.Research.DescentIntervals.Batch089.endpoint_9_394' depends on axioms: [propext, Quot.sound]
'Collatz.Research.DescentIntervals.Batch089.bounds_9_395' does not depend on any axioms
'Collatz.Research.DescentIntervals.Batch089.exact_9_395' depends on axioms: [propext, Classical.choice, Quot.sound]
'Collatz.Research.DescentIntervals.Batch089.data_9_395' does not depend on any axioms
'Collatz.Research.DescentIntervals.Batch089.endpoint_9_395' depends on axioms: [propext, Quot.sound]
'Collatz.Research.DescentIntervals.Batch089.bounds_9_396' does not depend on any axioms
'Collatz.Research.DescentIntervals.Batch089.exact_9_396' depends on axioms: [propext, Classical.choice, Quot.sound]
'Collatz.Research.DescentIntervals.Batch089.data_9_396' does not depend on any axioms
'Collatz.Research.DescentIntervals.Batch089.endpoint_9_396' depends on axioms: [propext, Quot.sound]
'Collatz.Research.DescentIntervals.Batch089.bounds_9_397' does not depend on any axioms
'Collatz.Research.DescentIntervals.Batch089.exact_9_397' depends on axioms: [propext, Classical.choice, Quot.sound]
'Collatz.Research.DescentIntervals.Batch089.data_9_397' does not depend on any axioms
'Collatz.Research.DescentIntervals.Batch089.endpoint_9_397' depends on axioms: [propext, Quot.sound]
'Collatz.Research.DescentIntervals.Batch089.bounds_9_398' does not depend on any axioms
'Collatz.Research.DescentIntervals.Batch089.exact_9_398' depends on axioms: [propext, Classical.choice, Quot.sound]
'Collatz.Research.DescentIntervals.Batch089.data_9_398' does not depend on any axioms
'Collatz.Research.DescentIntervals.Batch089.endpoint_9_398' depends on axioms: [propext, Quot.sound]
'Collatz.Research.DescentIntervals.Batch090.bounds_9_399' does not depend on any axioms
'Collatz.Research.DescentIntervals.Batch090.exact_9_399' depends on axioms: [propext, Classical.choice, Quot.sound]
'Collatz.Research.DescentIntervals.Batch090.data_9_399' does not depend on any axioms
'Collatz.Research.DescentIntervals.Batch090.endpoint_9_399' depends on axioms: [propext, Quot.sound]
'Collatz.Research.DescentIntervals.Batch090.bounds_9_400' does not depend on any axioms
'Collatz.Research.DescentIntervals.Batch090.exact_9_400' depends on axioms: [propext, Classical.choice, Quot.sound]
'Collatz.Research.DescentIntervals.Batch090.data_9_400' does not depend on any axioms
'Collatz.Research.DescentIntervals.Batch090.endpoint_9_400' depends on axioms: [propext, Quot.sound]
'Collatz.Research.DescentIntervals.Batch090.bounds_9_401' does not depend on any axioms
'Collatz.Research.DescentIntervals.Batch090.exact_9_401' depends on axioms: [propext, Classical.choice, Quot.sound]
'Collatz.Research.DescentIntervals.Batch090.data_9_401' does not depend on any axioms
'Collatz.Research.DescentIntervals.Batch090.endpoint_9_401' depends on axioms: [propext, Quot.sound]
'Collatz.Research.DescentIntervals.Batch090.bounds_9_402' does not depend on any axioms
'Collatz.Research.DescentIntervals.Batch090.exact_9_402' depends on axioms: [propext, Classical.choice, Quot.sound]
'Collatz.Research.DescentIntervals.Batch090.data_9_402' does not depend on any axioms
'Collatz.Research.DescentIntervals.Batch090.endpoint_9_402' depends on axioms: [propext, Quot.sound]
'Collatz.Research.DescentIntervals.Batch090.bounds_9_403' does not depend on any axioms
'Collatz.Research.DescentIntervals.Batch090.exact_9_403' depends on axioms: [propext, Classical.choice, Quot.sound]
'Collatz.Research.DescentIntervals.Batch090.data_9_403' does not depend on any axioms
'Collatz.Research.DescentIntervals.Batch090.endpoint_9_403' depends on axioms: [propext, Quot.sound]
'Collatz.Research.DescentIntervals.Batch090.bounds_9_404' does not depend on any axioms
'Collatz.Research.DescentIntervals.Batch090.exact_9_404' depends on axioms: [propext, Classical.choice, Quot.sound]
'Collatz.Research.DescentIntervals.Batch090.data_9_404' does not depend on any axioms
'Collatz.Research.DescentIntervals.Batch090.endpoint_9_404' depends on axioms: [propext, Quot.sound]
'Collatz.Research.DescentIntervals.Batch090.bounds_9_405' does not depend on any axioms
'Collatz.Research.DescentIntervals.Batch090.exact_9_405' depends on axioms: [propext, Classical.choice, Quot.sound]
'Collatz.Research.DescentIntervals.Batch090.data_9_405' does not depend on any axioms
'Collatz.Research.DescentIntervals.Batch090.endpoint_9_405' depends on axioms: [propext, Quot.sound]
'Collatz.Research.DescentIntervals.Batch090.bounds_9_406' does not depend on any axioms
'Collatz.Research.DescentIntervals.Batch090.exact_9_406' depends on axioms: [propext, Classical.choice, Quot.sound]
'Collatz.Research.DescentIntervals.Batch090.data_9_406' does not depend on any axioms
'Collatz.Research.DescentIntervals.Batch090.endpoint_9_406' depends on axioms: [propext, Quot.sound]
'Collatz.Research.DescentIntervals.Batch090.bounds_9_407' does not depend on any axioms
'Collatz.Research.DescentIntervals.Batch090.exact_9_407' depends on axioms: [propext, Classical.choice, Quot.sound]
'Collatz.Research.DescentIntervals.Batch090.data_9_407' does not depend on any axioms
'Collatz.Research.DescentIntervals.Batch090.endpoint_9_407' depends on axioms: [propext, Quot.sound]
'Collatz.Research.DescentIntervals.Batch090.bounds_9_408' does not depend on any axioms
'Collatz.Research.DescentIntervals.Batch090.exact_9_408' depends on axioms: [propext, Classical.choice, Quot.sound]
'Collatz.Research.DescentIntervals.Batch090.data_9_408' does not depend on any axioms
'Collatz.Research.DescentIntervals.Batch090.endpoint_9_408' depends on axioms: [propext, Quot.sound]
'Collatz.Research.DescentIntervals.Batch091.bounds_9_409' does not depend on any axioms
'Collatz.Research.DescentIntervals.Batch091.exact_9_409' depends on axioms: [propext, Classical.choice, Quot.sound]
'Collatz.Research.DescentIntervals.Batch091.data_9_409' does not depend on any axioms
'Collatz.Research.DescentIntervals.Batch091.endpoint_9_409' depends on axioms: [propext, Quot.sound]
'Collatz.Research.DescentIntervals.Batch091.bounds_9_410' does not depend on any axioms
'Collatz.Research.DescentIntervals.Batch091.exact_9_410' depends on axioms: [propext, Classical.choice, Quot.sound]
'Collatz.Research.DescentIntervals.Batch091.data_9_410' does not depend on any axioms
'Collatz.Research.DescentIntervals.Batch091.endpoint_9_410' depends on axioms: [propext, Quot.sound]
'Collatz.Research.DescentIntervals.Batch091.bounds_9_411' does not depend on any axioms
'Collatz.Research.DescentIntervals.Batch091.exact_9_411' depends on axioms: [propext, Classical.choice, Quot.sound]
'Collatz.Research.DescentIntervals.Batch091.data_9_411' does not depend on any axioms
'Collatz.Research.DescentIntervals.Batch091.endpoint_9_411' depends on axioms: [propext, Quot.sound]
'Collatz.Research.DescentIntervals.Batch091.bounds_9_412' does not depend on any axioms
'Collatz.Research.DescentIntervals.Batch091.exact_9_412' depends on axioms: [propext, Classical.choice, Quot.sound]
'Collatz.Research.DescentIntervals.Batch091.data_9_412' does not depend on any axioms
'Collatz.Research.DescentIntervals.Batch091.endpoint_9_412' depends on axioms: [propext, Quot.sound]
'Collatz.Research.DescentIntervals.Batch091.bounds_9_413' does not depend on any axioms
'Collatz.Research.DescentIntervals.Batch091.exact_9_413' depends on axioms: [propext, Classical.choice, Quot.sound]
'Collatz.Research.DescentIntervals.Batch091.data_9_413' does not depend on any axioms
'Collatz.Research.DescentIntervals.Batch091.endpoint_9_413' depends on axioms: [propext, Quot.sound]
'Collatz.Research.DescentIntervals.Batch091.bounds_9_414' does not depend on any axioms
'Collatz.Research.DescentIntervals.Batch091.exact_9_414' depends on axioms: [propext, Classical.choice, Quot.sound]
'Collatz.Research.DescentIntervals.Batch091.data_9_414' does not depend on any axioms
'Collatz.Research.DescentIntervals.Batch091.endpoint_9_414' depends on axioms: [propext, Quot.sound]
'Collatz.Research.DescentIntervals.Batch091.bounds_9_415' does not depend on any axioms
'Collatz.Research.DescentIntervals.Batch091.exact_9_415' depends on axioms: [propext, Classical.choice, Quot.sound]
'Collatz.Research.DescentIntervals.Batch091.data_9_415' does not depend on any axioms
'Collatz.Research.DescentIntervals.Batch091.endpoint_9_415' depends on axioms: [propext, Quot.sound]
'Collatz.Research.DescentIntervals.Batch091.bounds_9_416' does not depend on any axioms
'Collatz.Research.DescentIntervals.Batch091.exact_9_416' depends on axioms: [propext, Classical.choice, Quot.sound]
'Collatz.Research.DescentIntervals.Batch091.data_9_416' does not depend on any axioms
'Collatz.Research.DescentIntervals.Batch091.endpoint_9_416' depends on axioms: [propext, Quot.sound]
'Collatz.Research.DescentIntervals.Batch091.bounds_9_417' does not depend on any axioms
'Collatz.Research.DescentIntervals.Batch091.exact_9_417' depends on axioms: [propext, Classical.choice, Quot.sound]
'Collatz.Research.DescentIntervals.Batch091.data_9_417' does not depend on any axioms
'Collatz.Research.DescentIntervals.Batch091.endpoint_9_417' depends on axioms: [propext, Quot.sound]
'Collatz.Research.DescentIntervals.Batch091.bounds_9_418' does not depend on any axioms
'Collatz.Research.DescentIntervals.Batch091.exact_9_418' depends on axioms: [propext, Classical.choice, Quot.sound]
'Collatz.Research.DescentIntervals.Batch091.data_9_418' does not depend on any axioms
'Collatz.Research.DescentIntervals.Batch091.endpoint_9_418' depends on axioms: [propext, Quot.sound]
'Collatz.Research.DescentIntervals.Batch091.bounds_9_419' does not depend on any axioms
'Collatz.Research.DescentIntervals.Batch091.exact_9_419' depends on axioms: [propext, Classical.choice, Quot.sound]
'Collatz.Research.DescentIntervals.Batch091.data_9_419' does not depend on any axioms
'Collatz.Research.DescentIntervals.Batch091.endpoint_9_419' depends on axioms: [propext, Quot.sound]
'Collatz.Research.DescentIntervals.Batch092.bounds_9_420' does not depend on any axioms
'Collatz.Research.DescentIntervals.Batch092.exact_9_420' depends on axioms: [propext, Classical.choice, Quot.sound]
'Collatz.Research.DescentIntervals.Batch092.data_9_420' does not depend on any axioms
'Collatz.Research.DescentIntervals.Batch092.endpoint_9_420' depends on axioms: [propext, Quot.sound]
'Collatz.Research.DescentIntervals.Batch092.bounds_9_421' does not depend on any axioms
'Collatz.Research.DescentIntervals.Batch092.exact_9_421' depends on axioms: [propext, Classical.choice, Quot.sound]
'Collatz.Research.DescentIntervals.Batch092.data_9_421' does not depend on any axioms
'Collatz.Research.DescentIntervals.Batch092.endpoint_9_421' depends on axioms: [propext, Quot.sound]
'Collatz.Research.DescentIntervals.Batch092.bounds_9_422' does not depend on any axioms
'Collatz.Research.DescentIntervals.Batch092.exact_9_422' depends on axioms: [propext, Classical.choice, Quot.sound]
'Collatz.Research.DescentIntervals.Batch092.data_9_422' does not depend on any axioms
'Collatz.Research.DescentIntervals.Batch092.endpoint_9_422' depends on axioms: [propext, Quot.sound]
'Collatz.Research.DescentIntervals.Batch092.bounds_9_423' does not depend on any axioms
'Collatz.Research.DescentIntervals.Batch092.exact_9_423' depends on axioms: [propext, Classical.choice, Quot.sound]
'Collatz.Research.DescentIntervals.Batch092.data_9_423' does not depend on any axioms
'Collatz.Research.DescentIntervals.Batch092.endpoint_9_423' depends on axioms: [propext, Quot.sound]
'Collatz.Research.DescentIntervals.Batch092.bounds_9_424' does not depend on any axioms
'Collatz.Research.DescentIntervals.Batch092.exact_9_424' depends on axioms: [propext, Classical.choice, Quot.sound]
'Collatz.Research.DescentIntervals.Batch092.data_9_424' does not depend on any axioms
'Collatz.Research.DescentIntervals.Batch092.endpoint_9_424' depends on axioms: [propext, Quot.sound]
'Collatz.Research.DescentIntervals.Batch092.bounds_9_425' does not depend on any axioms
'Collatz.Research.DescentIntervals.Batch092.exact_9_425' depends on axioms: [propext, Classical.choice, Quot.sound]
'Collatz.Research.DescentIntervals.Batch092.data_9_425' does not depend on any axioms
'Collatz.Research.DescentIntervals.Batch092.endpoint_9_425' depends on axioms: [propext, Quot.sound]
'Collatz.Research.DescentIntervals.Batch092.bounds_9_426' does not depend on any axioms
'Collatz.Research.DescentIntervals.Batch092.exact_9_426' depends on axioms: [propext, Classical.choice, Quot.sound]
'Collatz.Research.DescentIntervals.Batch092.data_9_426' does not depend on any axioms
'Collatz.Research.DescentIntervals.Batch092.endpoint_9_426' depends on axioms: [propext, Quot.sound]
'Collatz.Research.DescentIntervals.Batch092.bounds_9_427' does not depend on any axioms
'Collatz.Research.DescentIntervals.Batch092.exact_9_427' depends on axioms: [propext, Classical.choice, Quot.sound]
'Collatz.Research.DescentIntervals.Batch092.data_9_427' does not depend on any axioms
'Collatz.Research.DescentIntervals.Batch092.endpoint_9_427' depends on axioms: [propext, Quot.sound]
'Collatz.Research.DescentIntervals.Batch092.bounds_9_428' does not depend on any axioms
'Collatz.Research.DescentIntervals.Batch092.exact_9_428' depends on axioms: [propext, Classical.choice, Quot.sound]
'Collatz.Research.DescentIntervals.Batch092.data_9_428' does not depend on any axioms
'Collatz.Research.DescentIntervals.Batch092.endpoint_9_428' depends on axioms: [propext, Quot.sound]
'Collatz.Research.DescentIntervals.Batch092.bounds_9_429' does not depend on any axioms
'Collatz.Research.DescentIntervals.Batch092.exact_9_429' depends on axioms: [propext, Classical.choice, Quot.sound]
'Collatz.Research.DescentIntervals.Batch092.data_9_429' does not depend on any axioms
'Collatz.Research.DescentIntervals.Batch092.endpoint_9_429' depends on axioms: [propext, Quot.sound]
'Collatz.Research.DescentIntervals.Batch093.bounds_9_430' does not depend on any axioms
'Collatz.Research.DescentIntervals.Batch093.exact_9_430' depends on axioms: [propext, Classical.choice, Quot.sound]
'Collatz.Research.DescentIntervals.Batch093.data_9_430' does not depend on any axioms
'Collatz.Research.DescentIntervals.Batch093.endpoint_9_430' depends on axioms: [propext, Quot.sound]
'Collatz.Research.DescentIntervals.Batch093.bounds_9_431' does not depend on any axioms
'Collatz.Research.DescentIntervals.Batch093.exact_9_431' depends on axioms: [propext, Classical.choice, Quot.sound]
'Collatz.Research.DescentIntervals.Batch093.data_9_431' does not depend on any axioms
'Collatz.Research.DescentIntervals.Batch093.endpoint_9_431' depends on axioms: [propext, Quot.sound]
'Collatz.Research.DescentIntervals.Batch093.bounds_9_432' does not depend on any axioms
'Collatz.Research.DescentIntervals.Batch093.exact_9_432' depends on axioms: [propext, Classical.choice, Quot.sound]
'Collatz.Research.DescentIntervals.Batch093.data_9_432' does not depend on any axioms
'Collatz.Research.DescentIntervals.Batch093.endpoint_9_432' depends on axioms: [propext, Quot.sound]
'Collatz.Research.DescentIntervals.Batch093.bounds_9_433' does not depend on any axioms
'Collatz.Research.DescentIntervals.Batch093.exact_9_433' depends on axioms: [propext, Classical.choice, Quot.sound]
'Collatz.Research.DescentIntervals.Batch093.data_9_433' does not depend on any axioms
'Collatz.Research.DescentIntervals.Batch093.endpoint_9_433' depends on axioms: [propext, Quot.sound]
'Collatz.Research.DescentIntervals.Batch093.bounds_9_434' does not depend on any axioms
'Collatz.Research.DescentIntervals.Batch093.exact_9_434' depends on axioms: [propext, Classical.choice, Quot.sound]
'Collatz.Research.DescentIntervals.Batch093.data_9_434' does not depend on any axioms
'Collatz.Research.DescentIntervals.Batch093.endpoint_9_434' depends on axioms: [propext, Quot.sound]
'Collatz.Research.DescentIntervals.Batch093.bounds_9_435' does not depend on any axioms
'Collatz.Research.DescentIntervals.Batch093.exact_9_435' depends on axioms: [propext, Classical.choice, Quot.sound]
'Collatz.Research.DescentIntervals.Batch093.data_9_435' does not depend on any axioms
'Collatz.Research.DescentIntervals.Batch093.endpoint_9_435' depends on axioms: [propext, Quot.sound]
'Collatz.Research.DescentIntervals.Batch093.bounds_9_436' does not depend on any axioms
'Collatz.Research.DescentIntervals.Batch093.exact_9_436' depends on axioms: [propext, Classical.choice, Quot.sound]
'Collatz.Research.DescentIntervals.Batch093.data_9_436' does not depend on any axioms
'Collatz.Research.DescentIntervals.Batch093.endpoint_9_436' depends on axioms: [propext, Quot.sound]
'Collatz.Research.DescentIntervals.Batch093.bounds_9_437' does not depend on any axioms
'Collatz.Research.DescentIntervals.Batch093.exact_9_437' depends on axioms: [propext, Classical.choice, Quot.sound]
'Collatz.Research.DescentIntervals.Batch093.data_9_437' does not depend on any axioms
'Collatz.Research.DescentIntervals.Batch093.endpoint_9_437' depends on axioms: [propext, Quot.sound]
'Collatz.Research.DescentIntervals.Batch093.bounds_9_438' does not depend on any axioms
'Collatz.Research.DescentIntervals.Batch093.exact_9_438' depends on axioms: [propext, Classical.choice, Quot.sound]
'Collatz.Research.DescentIntervals.Batch093.data_9_438' does not depend on any axioms
'Collatz.Research.DescentIntervals.Batch093.endpoint_9_438' depends on axioms: [propext, Quot.sound]
'Collatz.Research.DescentIntervals.Batch093.bounds_9_439' does not depend on any axioms
'Collatz.Research.DescentIntervals.Batch093.exact_9_439' depends on axioms: [propext, Classical.choice, Quot.sound]
'Collatz.Research.DescentIntervals.Batch093.data_9_439' does not depend on any axioms
'Collatz.Research.DescentIntervals.Batch093.endpoint_9_439' depends on axioms: [propext, Quot.sound]
'Collatz.Research.DescentIntervals.Batch094.bounds_9_440' does not depend on any axioms
'Collatz.Research.DescentIntervals.Batch094.exact_9_440' depends on axioms: [propext, Classical.choice, Quot.sound]
'Collatz.Research.DescentIntervals.Batch094.data_9_440' does not depend on any axioms
'Collatz.Research.DescentIntervals.Batch094.endpoint_9_440' depends on axioms: [propext, Quot.sound]
'Collatz.Research.DescentIntervals.Batch094.bounds_9_441' does not depend on any axioms
'Collatz.Research.DescentIntervals.Batch094.exact_9_441' depends on axioms: [propext, Classical.choice, Quot.sound]
'Collatz.Research.DescentIntervals.Batch094.data_9_441' does not depend on any axioms
'Collatz.Research.DescentIntervals.Batch094.endpoint_9_441' depends on axioms: [propext, Quot.sound]
'Collatz.Research.DescentIntervals.Batch094.bounds_9_442' does not depend on any axioms
'Collatz.Research.DescentIntervals.Batch094.exact_9_442' depends on axioms: [propext, Classical.choice, Quot.sound]
'Collatz.Research.DescentIntervals.Batch094.data_9_442' does not depend on any axioms
'Collatz.Research.DescentIntervals.Batch094.endpoint_9_442' depends on axioms: [propext, Quot.sound]
'Collatz.Research.DescentIntervals.Batch094.bounds_9_443' does not depend on any axioms
'Collatz.Research.DescentIntervals.Batch094.exact_9_443' depends on axioms: [propext, Classical.choice, Quot.sound]
'Collatz.Research.DescentIntervals.Batch094.data_9_443' does not depend on any axioms
'Collatz.Research.DescentIntervals.Batch094.endpoint_9_443' depends on axioms: [propext, Quot.sound]
'Collatz.Research.DescentIntervals.Batch094.bounds_9_444' does not depend on any axioms
'Collatz.Research.DescentIntervals.Batch094.exact_9_444' depends on axioms: [propext, Classical.choice, Quot.sound]
'Collatz.Research.DescentIntervals.Batch094.data_9_444' does not depend on any axioms
'Collatz.Research.DescentIntervals.Batch094.endpoint_9_444' depends on axioms: [propext, Quot.sound]
'Collatz.Research.DescentIntervals.Batch094.bounds_9_445' does not depend on any axioms
'Collatz.Research.DescentIntervals.Batch094.exact_9_445' depends on axioms: [propext, Classical.choice, Quot.sound]
'Collatz.Research.DescentIntervals.Batch094.data_9_445' does not depend on any axioms
'Collatz.Research.DescentIntervals.Batch094.endpoint_9_445' depends on axioms: [propext, Quot.sound]
'Collatz.Research.DescentIntervals.Batch094.bounds_9_446' does not depend on any axioms
'Collatz.Research.DescentIntervals.Batch094.exact_9_446' depends on axioms: [propext, Classical.choice, Quot.sound]
'Collatz.Research.DescentIntervals.Batch094.data_9_446' does not depend on any axioms
'Collatz.Research.DescentIntervals.Batch094.endpoint_9_446' depends on axioms: [propext, Quot.sound]
'Collatz.Research.DescentIntervals.Batch094.bounds_9_447' does not depend on any axioms
'Collatz.Research.DescentIntervals.Batch094.exact_9_447' depends on axioms: [propext, Classical.choice, Quot.sound]
'Collatz.Research.DescentIntervals.Batch094.data_9_447' does not depend on any axioms
'Collatz.Research.DescentIntervals.Batch094.endpoint_9_447' depends on axioms: [propext, Quot.sound]
'Collatz.Research.DescentIntervals.Batch094.bounds_9_448' does not depend on any axioms
'Collatz.Research.DescentIntervals.Batch094.exact_9_448' depends on axioms: [propext, Classical.choice, Quot.sound]
'Collatz.Research.DescentIntervals.Batch094.data_9_448' does not depend on any axioms
'Collatz.Research.DescentIntervals.Batch094.endpoint_9_448' depends on axioms: [propext, Quot.sound]
'Collatz.Research.DescentIntervals.Batch094.bounds_9_449' does not depend on any axioms
'Collatz.Research.DescentIntervals.Batch094.exact_9_449' depends on axioms: [propext, Classical.choice, Quot.sound]
'Collatz.Research.DescentIntervals.Batch094.data_9_449' does not depend on any axioms
'Collatz.Research.DescentIntervals.Batch094.endpoint_9_449' depends on axioms: [propext, Quot.sound]
'Collatz.Research.DescentIntervals.Batch095.bounds_9_450' does not depend on any axioms
'Collatz.Research.DescentIntervals.Batch095.exact_9_450' depends on axioms: [propext, Classical.choice, Quot.sound]
'Collatz.Research.DescentIntervals.Batch095.data_9_450' does not depend on any axioms
'Collatz.Research.DescentIntervals.Batch095.endpoint_9_450' depends on axioms: [propext, Quot.sound]
'Collatz.Research.DescentIntervals.Batch095.bounds_9_451' does not depend on any axioms
'Collatz.Research.DescentIntervals.Batch095.exact_9_451' depends on axioms: [propext, Classical.choice, Quot.sound]
'Collatz.Research.DescentIntervals.Batch095.data_9_451' does not depend on any axioms
'Collatz.Research.DescentIntervals.Batch095.endpoint_9_451' depends on axioms: [propext, Quot.sound]
'Collatz.Research.DescentIntervals.Batch095.bounds_9_452' does not depend on any axioms
'Collatz.Research.DescentIntervals.Batch095.exact_9_452' depends on axioms: [propext, Classical.choice, Quot.sound]
'Collatz.Research.DescentIntervals.Batch095.data_9_452' does not depend on any axioms
'Collatz.Research.DescentIntervals.Batch095.endpoint_9_452' depends on axioms: [propext, Quot.sound]
'Collatz.Research.DescentIntervals.Batch095.bounds_9_453' does not depend on any axioms
'Collatz.Research.DescentIntervals.Batch095.exact_9_453' depends on axioms: [propext, Classical.choice, Quot.sound]
'Collatz.Research.DescentIntervals.Batch095.data_9_453' does not depend on any axioms
'Collatz.Research.DescentIntervals.Batch095.endpoint_9_453' depends on axioms: [propext, Quot.sound]
'Collatz.Research.DescentIntervals.Batch095.bounds_9_454' does not depend on any axioms
'Collatz.Research.DescentIntervals.Batch095.exact_9_454' depends on axioms: [propext, Classical.choice, Quot.sound]
'Collatz.Research.DescentIntervals.Batch095.data_9_454' does not depend on any axioms
'Collatz.Research.DescentIntervals.Batch095.endpoint_9_454' depends on axioms: [propext, Quot.sound]
'Collatz.Research.DescentIntervals.Batch095.bounds_9_455' does not depend on any axioms
'Collatz.Research.DescentIntervals.Batch095.exact_9_455' depends on axioms: [propext, Classical.choice, Quot.sound]
'Collatz.Research.DescentIntervals.Batch095.data_9_455' does not depend on any axioms
'Collatz.Research.DescentIntervals.Batch095.endpoint_9_455' depends on axioms: [propext, Quot.sound]
'Collatz.Research.DescentIntervals.Batch095.bounds_9_456' does not depend on any axioms
'Collatz.Research.DescentIntervals.Batch095.exact_9_456' depends on axioms: [propext, Classical.choice, Quot.sound]
'Collatz.Research.DescentIntervals.Batch095.data_9_456' does not depend on any axioms
'Collatz.Research.DescentIntervals.Batch095.endpoint_9_456' depends on axioms: [propext, Quot.sound]
'Collatz.Research.DescentIntervals.Batch095.bounds_9_457' does not depend on any axioms
'Collatz.Research.DescentIntervals.Batch095.exact_9_457' depends on axioms: [propext, Classical.choice, Quot.sound]
'Collatz.Research.DescentIntervals.Batch095.data_9_457' does not depend on any axioms
'Collatz.Research.DescentIntervals.Batch095.endpoint_9_457' depends on axioms: [propext, Quot.sound]
'Collatz.Research.DescentIntervals.Batch095.bounds_9_458' does not depend on any axioms
'Collatz.Research.DescentIntervals.Batch095.exact_9_458' depends on axioms: [propext, Classical.choice, Quot.sound]
'Collatz.Research.DescentIntervals.Batch095.data_9_458' does not depend on any axioms
'Collatz.Research.DescentIntervals.Batch095.endpoint_9_458' depends on axioms: [propext, Quot.sound]
'Collatz.Research.DescentIntervals.Batch095.bounds_9_459' does not depend on any axioms
'Collatz.Research.DescentIntervals.Batch095.exact_9_459' depends on axioms: [propext, Classical.choice, Quot.sound]
'Collatz.Research.DescentIntervals.Batch095.data_9_459' does not depend on any axioms
'Collatz.Research.DescentIntervals.Batch095.endpoint_9_459' depends on axioms: [propext, Quot.sound]
'Collatz.Research.DescentIntervals.Batch096.bounds_9_460' does not depend on any axioms
'Collatz.Research.DescentIntervals.Batch096.exact_9_460' depends on axioms: [propext, Classical.choice, Quot.sound]
'Collatz.Research.DescentIntervals.Batch096.data_9_460' does not depend on any axioms
'Collatz.Research.DescentIntervals.Batch096.endpoint_9_460' depends on axioms: [propext, Quot.sound]
'Collatz.Research.DescentIntervals.Batch096.bounds_9_461' does not depend on any axioms
'Collatz.Research.DescentIntervals.Batch096.exact_9_461' depends on axioms: [propext, Classical.choice, Quot.sound]
'Collatz.Research.DescentIntervals.Batch096.data_9_461' does not depend on any axioms
'Collatz.Research.DescentIntervals.Batch096.endpoint_9_461' depends on axioms: [propext, Quot.sound]
'Collatz.Research.DescentIntervals.Batch096.bounds_9_462' does not depend on any axioms
'Collatz.Research.DescentIntervals.Batch096.exact_9_462' depends on axioms: [propext, Classical.choice, Quot.sound]
'Collatz.Research.DescentIntervals.Batch096.data_9_462' does not depend on any axioms
'Collatz.Research.DescentIntervals.Batch096.endpoint_9_462' depends on axioms: [propext, Quot.sound]
'Collatz.Research.DescentIntervals.Batch096.bounds_9_463' does not depend on any axioms
'Collatz.Research.DescentIntervals.Batch096.exact_9_463' depends on axioms: [propext, Classical.choice, Quot.sound]
'Collatz.Research.DescentIntervals.Batch096.data_9_463' does not depend on any axioms
'Collatz.Research.DescentIntervals.Batch096.endpoint_9_463' depends on axioms: [propext, Quot.sound]
'Collatz.Research.DescentIntervals.Batch096.bounds_9_464' does not depend on any axioms
'Collatz.Research.DescentIntervals.Batch096.exact_9_464' depends on axioms: [propext, Classical.choice, Quot.sound]
'Collatz.Research.DescentIntervals.Batch096.data_9_464' does not depend on any axioms
'Collatz.Research.DescentIntervals.Batch096.endpoint_9_464' depends on axioms: [propext, Quot.sound]
'Collatz.Research.DescentIntervals.Batch096.bounds_9_465' does not depend on any axioms
'Collatz.Research.DescentIntervals.Batch096.exact_9_465' depends on axioms: [propext, Classical.choice, Quot.sound]
'Collatz.Research.DescentIntervals.Batch096.data_9_465' does not depend on any axioms
'Collatz.Research.DescentIntervals.Batch096.endpoint_9_465' depends on axioms: [propext, Quot.sound]
'Collatz.Research.DescentIntervals.Batch096.bounds_9_466' does not depend on any axioms
'Collatz.Research.DescentIntervals.Batch096.exact_9_466' depends on axioms: [propext, Classical.choice, Quot.sound]
'Collatz.Research.DescentIntervals.Batch096.data_9_466' does not depend on any axioms
'Collatz.Research.DescentIntervals.Batch096.endpoint_9_466' depends on axioms: [propext, Quot.sound]
'Collatz.Research.DescentIntervals.Batch096.bounds_9_467' does not depend on any axioms
'Collatz.Research.DescentIntervals.Batch096.exact_9_467' depends on axioms: [propext, Classical.choice, Quot.sound]
'Collatz.Research.DescentIntervals.Batch096.data_9_467' does not depend on any axioms
'Collatz.Research.DescentIntervals.Batch096.endpoint_9_467' depends on axioms: [propext, Quot.sound]
'Collatz.Research.DescentIntervals.Batch096.bounds_9_468' does not depend on any axioms
'Collatz.Research.DescentIntervals.Batch096.exact_9_468' depends on axioms: [propext, Classical.choice, Quot.sound]
'Collatz.Research.DescentIntervals.Batch096.data_9_468' does not depend on any axioms
'Collatz.Research.DescentIntervals.Batch096.endpoint_9_468' depends on axioms: [propext, Quot.sound]
'Collatz.Research.DescentIntervals.Batch096.bounds_9_469' does not depend on any axioms
'Collatz.Research.DescentIntervals.Batch096.exact_9_469' depends on axioms: [propext, Classical.choice, Quot.sound]
'Collatz.Research.DescentIntervals.Batch096.data_9_469' does not depend on any axioms
'Collatz.Research.DescentIntervals.Batch096.endpoint_9_469' depends on axioms: [propext, Quot.sound]
'Collatz.Research.DescentIntervals.Batch096.bounds_9_470' does not depend on any axioms
'Collatz.Research.DescentIntervals.Batch096.exact_9_470' depends on axioms: [propext, Classical.choice, Quot.sound]
'Collatz.Research.DescentIntervals.Batch096.data_9_470' does not depend on any axioms
'Collatz.Research.DescentIntervals.Batch096.endpoint_9_470' depends on axioms: [propext, Quot.sound]
'Collatz.Research.DescentIntervals.Batch097.bounds_9_471' does not depend on any axioms
'Collatz.Research.DescentIntervals.Batch097.exact_9_471' depends on axioms: [propext, Classical.choice, Quot.sound]
'Collatz.Research.DescentIntervals.Batch097.data_9_471' does not depend on any axioms
'Collatz.Research.DescentIntervals.Batch097.endpoint_9_471' depends on axioms: [propext, Quot.sound]
'Collatz.Research.DescentIntervals.Batch097.bounds_9_472' does not depend on any axioms
'Collatz.Research.DescentIntervals.Batch097.exact_9_472' depends on axioms: [propext, Classical.choice, Quot.sound]
'Collatz.Research.DescentIntervals.Batch097.data_9_472' does not depend on any axioms
'Collatz.Research.DescentIntervals.Batch097.endpoint_9_472' depends on axioms: [propext, Quot.sound]
'Collatz.Research.DescentIntervals.Batch097.bounds_9_473' does not depend on any axioms
'Collatz.Research.DescentIntervals.Batch097.exact_9_473' depends on axioms: [propext, Classical.choice, Quot.sound]
'Collatz.Research.DescentIntervals.Batch097.data_9_473' does not depend on any axioms
'Collatz.Research.DescentIntervals.Batch097.endpoint_9_473' depends on axioms: [propext, Quot.sound]
'Collatz.Research.DescentIntervals.Batch097.bounds_9_474' does not depend on any axioms
'Collatz.Research.DescentIntervals.Batch097.exact_9_474' depends on axioms: [propext, Classical.choice, Quot.sound]
'Collatz.Research.DescentIntervals.Batch097.data_9_474' does not depend on any axioms
'Collatz.Research.DescentIntervals.Batch097.endpoint_9_474' depends on axioms: [propext, Quot.sound]
'Collatz.Research.DescentIntervals.Batch097.bounds_9_475' does not depend on any axioms
'Collatz.Research.DescentIntervals.Batch097.exact_9_475' depends on axioms: [propext, Classical.choice, Quot.sound]
'Collatz.Research.DescentIntervals.Batch097.data_9_475' does not depend on any axioms
'Collatz.Research.DescentIntervals.Batch097.endpoint_9_475' depends on axioms: [propext, Quot.sound]
'Collatz.Research.DescentIntervals.Batch097.bounds_9_476' does not depend on any axioms
'Collatz.Research.DescentIntervals.Batch097.exact_9_476' depends on axioms: [propext, Classical.choice, Quot.sound]
'Collatz.Research.DescentIntervals.Batch097.data_9_476' does not depend on any axioms
'Collatz.Research.DescentIntervals.Batch097.endpoint_9_476' depends on axioms: [propext, Quot.sound]
'Collatz.Research.DescentIntervals.Batch097.bounds_9_477' does not depend on any axioms
'Collatz.Research.DescentIntervals.Batch097.exact_9_477' depends on axioms: [propext, Classical.choice, Quot.sound]
'Collatz.Research.DescentIntervals.Batch097.data_9_477' does not depend on any axioms
'Collatz.Research.DescentIntervals.Batch097.endpoint_9_477' depends on axioms: [propext, Quot.sound]
'Collatz.Research.DescentIntervals.Batch097.bounds_9_478' does not depend on any axioms
'Collatz.Research.DescentIntervals.Batch097.exact_9_478' depends on axioms: [propext, Classical.choice, Quot.sound]
'Collatz.Research.DescentIntervals.Batch097.data_9_478' does not depend on any axioms
'Collatz.Research.DescentIntervals.Batch097.endpoint_9_478' depends on axioms: [propext, Quot.sound]
'Collatz.Research.DescentIntervals.Batch097.bounds_9_479' does not depend on any axioms
'Collatz.Research.DescentIntervals.Batch097.exact_9_479' depends on axioms: [propext, Classical.choice, Quot.sound]
'Collatz.Research.DescentIntervals.Batch097.data_9_479' does not depend on any axioms
'Collatz.Research.DescentIntervals.Batch097.endpoint_9_479' depends on axioms: [propext, Quot.sound]
'Collatz.Research.DescentIntervals.Batch097.bounds_9_480' does not depend on any axioms
'Collatz.Research.DescentIntervals.Batch097.exact_9_480' depends on axioms: [propext, Classical.choice, Quot.sound]
'Collatz.Research.DescentIntervals.Batch097.data_9_480' does not depend on any axioms
'Collatz.Research.DescentIntervals.Batch097.endpoint_9_480' depends on axioms: [propext, Quot.sound]
'Collatz.Research.DescentIntervals.Batch098.bounds_9_481' does not depend on any axioms
'Collatz.Research.DescentIntervals.Batch098.exact_9_481' depends on axioms: [propext, Classical.choice, Quot.sound]
'Collatz.Research.DescentIntervals.Batch098.data_9_481' does not depend on any axioms
'Collatz.Research.DescentIntervals.Batch098.endpoint_9_481' depends on axioms: [propext, Quot.sound]
'Collatz.Research.DescentIntervals.Batch098.bounds_9_482' does not depend on any axioms
'Collatz.Research.DescentIntervals.Batch098.exact_9_482' depends on axioms: [propext, Classical.choice, Quot.sound]
'Collatz.Research.DescentIntervals.Batch098.data_9_482' does not depend on any axioms
'Collatz.Research.DescentIntervals.Batch098.endpoint_9_482' depends on axioms: [propext, Quot.sound]
'Collatz.Research.DescentIntervals.Batch098.bounds_9_483' does not depend on any axioms
'Collatz.Research.DescentIntervals.Batch098.exact_9_483' depends on axioms: [propext, Classical.choice, Quot.sound]
'Collatz.Research.DescentIntervals.Batch098.data_9_483' does not depend on any axioms
'Collatz.Research.DescentIntervals.Batch098.endpoint_9_483' depends on axioms: [propext, Quot.sound]
'Collatz.Research.DescentIntervals.Batch098.bounds_9_484' does not depend on any axioms
'Collatz.Research.DescentIntervals.Batch098.exact_9_484' depends on axioms: [propext, Classical.choice, Quot.sound]
'Collatz.Research.DescentIntervals.Batch098.data_9_484' does not depend on any axioms
'Collatz.Research.DescentIntervals.Batch098.endpoint_9_484' depends on axioms: [propext, Quot.sound]
'Collatz.Research.DescentIntervals.Batch098.bounds_9_485' does not depend on any axioms
'Collatz.Research.DescentIntervals.Batch098.exact_9_485' depends on axioms: [propext, Classical.choice, Quot.sound]
'Collatz.Research.DescentIntervals.Batch098.data_9_485' does not depend on any axioms
'Collatz.Research.DescentIntervals.Batch098.endpoint_9_485' depends on axioms: [propext, Quot.sound]
'Collatz.Research.DescentIntervals.Batch098.bounds_9_486' does not depend on any axioms
'Collatz.Research.DescentIntervals.Batch098.exact_9_486' depends on axioms: [propext, Classical.choice, Quot.sound]
'Collatz.Research.DescentIntervals.Batch098.data_9_486' does not depend on any axioms
'Collatz.Research.DescentIntervals.Batch098.endpoint_9_486' depends on axioms: [propext, Quot.sound]
'Collatz.Research.DescentIntervals.Batch098.bounds_9_487' does not depend on any axioms
'Collatz.Research.DescentIntervals.Batch098.exact_9_487' depends on axioms: [propext, Classical.choice, Quot.sound]
'Collatz.Research.DescentIntervals.Batch098.data_9_487' does not depend on any axioms
'Collatz.Research.DescentIntervals.Batch098.endpoint_9_487' depends on axioms: [propext, Quot.sound]
'Collatz.Research.DescentIntervals.Batch098.bounds_9_488' does not depend on any axioms
'Collatz.Research.DescentIntervals.Batch098.exact_9_488' depends on axioms: [propext, Classical.choice, Quot.sound]
'Collatz.Research.DescentIntervals.Batch098.data_9_488' does not depend on any axioms
'Collatz.Research.DescentIntervals.Batch098.endpoint_9_488' depends on axioms: [propext, Quot.sound]
'Collatz.Research.DescentIntervals.Batch098.bounds_9_489' does not depend on any axioms
'Collatz.Research.DescentIntervals.Batch098.exact_9_489' depends on axioms: [propext, Classical.choice, Quot.sound]
'Collatz.Research.DescentIntervals.Batch098.data_9_489' does not depend on any axioms
'Collatz.Research.DescentIntervals.Batch098.endpoint_9_489' depends on axioms: [propext, Quot.sound]
'Collatz.Research.DescentIntervals.Batch098.bounds_9_490' does not depend on any axioms
'Collatz.Research.DescentIntervals.Batch098.exact_9_490' depends on axioms: [propext, Classical.choice, Quot.sound]
'Collatz.Research.DescentIntervals.Batch098.data_9_490' does not depend on any axioms
'Collatz.Research.DescentIntervals.Batch098.endpoint_9_490' depends on axioms: [propext, Quot.sound]
'Collatz.Research.DescentIntervals.Batch099.bounds_9_491' does not depend on any axioms
'Collatz.Research.DescentIntervals.Batch099.exact_9_491' depends on axioms: [propext, Classical.choice, Quot.sound]
'Collatz.Research.DescentIntervals.Batch099.data_9_491' does not depend on any axioms
'Collatz.Research.DescentIntervals.Batch099.endpoint_9_491' depends on axioms: [propext, Quot.sound]
'Collatz.Research.DescentIntervals.Batch099.bounds_9_492' does not depend on any axioms
'Collatz.Research.DescentIntervals.Batch099.exact_9_492' depends on axioms: [propext, Classical.choice, Quot.sound]
'Collatz.Research.DescentIntervals.Batch099.data_9_492' does not depend on any axioms
'Collatz.Research.DescentIntervals.Batch099.endpoint_9_492' depends on axioms: [propext, Quot.sound]
'Collatz.Research.DescentIntervals.Batch099.bounds_9_493' does not depend on any axioms
'Collatz.Research.DescentIntervals.Batch099.exact_9_493' depends on axioms: [propext, Classical.choice, Quot.sound]
'Collatz.Research.DescentIntervals.Batch099.data_9_493' does not depend on any axioms
'Collatz.Research.DescentIntervals.Batch099.endpoint_9_493' depends on axioms: [propext, Quot.sound]
'Collatz.Research.DescentIntervals.Batch099.bounds_9_494' does not depend on any axioms
'Collatz.Research.DescentIntervals.Batch099.exact_9_494' depends on axioms: [propext, Classical.choice, Quot.sound]
'Collatz.Research.DescentIntervals.Batch099.data_9_494' does not depend on any axioms
'Collatz.Research.DescentIntervals.Batch099.endpoint_9_494' depends on axioms: [propext, Quot.sound]
'Collatz.Research.DescentIntervals.Batch099.bounds_9_495' does not depend on any axioms
'Collatz.Research.DescentIntervals.Batch099.exact_9_495' depends on axioms: [propext, Classical.choice, Quot.sound]
'Collatz.Research.DescentIntervals.Batch099.data_9_495' does not depend on any axioms
'Collatz.Research.DescentIntervals.Batch099.endpoint_9_495' depends on axioms: [propext, Quot.sound]
'Collatz.Research.DescentIntervals.Batch099.bounds_9_496' does not depend on any axioms
'Collatz.Research.DescentIntervals.Batch099.exact_9_496' depends on axioms: [propext, Classical.choice, Quot.sound]
'Collatz.Research.DescentIntervals.Batch099.data_9_496' does not depend on any axioms
'Collatz.Research.DescentIntervals.Batch099.endpoint_9_496' depends on axioms: [propext, Quot.sound]
'Collatz.Research.DescentIntervals.Batch099.bounds_9_497' does not depend on any axioms
'Collatz.Research.DescentIntervals.Batch099.exact_9_497' depends on axioms: [propext, Classical.choice, Quot.sound]
'Collatz.Research.DescentIntervals.Batch099.data_9_497' does not depend on any axioms
'Collatz.Research.DescentIntervals.Batch099.endpoint_9_497' depends on axioms: [propext, Quot.sound]
'Collatz.Research.DescentIntervals.Batch099.bounds_9_498' does not depend on any axioms
'Collatz.Research.DescentIntervals.Batch099.exact_9_498' depends on axioms: [propext, Classical.choice, Quot.sound]
'Collatz.Research.DescentIntervals.Batch099.data_9_498' does not depend on any axioms
'Collatz.Research.DescentIntervals.Batch099.endpoint_9_498' depends on axioms: [propext, Quot.sound]
'Collatz.Research.DescentIntervals.Batch099.bounds_9_499' does not depend on any axioms
'Collatz.Research.DescentIntervals.Batch099.exact_9_499' depends on axioms: [propext, Classical.choice, Quot.sound]
'Collatz.Research.DescentIntervals.Batch099.data_9_499' does not depend on any axioms
'Collatz.Research.DescentIntervals.Batch099.endpoint_9_499' depends on axioms: [propext, Quot.sound]
'Collatz.Research.DescentIntervals.Batch099.bounds_9_500' does not depend on any axioms
'Collatz.Research.DescentIntervals.Batch099.exact_9_500' depends on axioms: [propext, Classical.choice, Quot.sound]
'Collatz.Research.DescentIntervals.Batch099.data_9_500' does not depend on any axioms
'Collatz.Research.DescentIntervals.Batch099.endpoint_9_500' depends on axioms: [propext, Quot.sound]
'Collatz.Research.DescentIntervals.Batch100.bounds_9_501' does not depend on any axioms
'Collatz.Research.DescentIntervals.Batch100.exact_9_501' depends on axioms: [propext, Classical.choice, Quot.sound]
'Collatz.Research.DescentIntervals.Batch100.data_9_501' does not depend on any axioms
'Collatz.Research.DescentIntervals.Batch100.endpoint_9_501' depends on axioms: [propext, Quot.sound]
'Collatz.Research.DescentIntervals.Batch100.bounds_9_502' does not depend on any axioms
'Collatz.Research.DescentIntervals.Batch100.exact_9_502' depends on axioms: [propext, Classical.choice, Quot.sound]
'Collatz.Research.DescentIntervals.Batch100.data_9_502' does not depend on any axioms
'Collatz.Research.DescentIntervals.Batch100.endpoint_9_502' depends on axioms: [propext, Quot.sound]
'Collatz.Research.DescentIntervals.Batch100.bounds_9_503' does not depend on any axioms
'Collatz.Research.DescentIntervals.Batch100.exact_9_503' depends on axioms: [propext, Classical.choice, Quot.sound]
'Collatz.Research.DescentIntervals.Batch100.data_9_503' does not depend on any axioms
'Collatz.Research.DescentIntervals.Batch100.endpoint_9_503' depends on axioms: [propext, Quot.sound]
'Collatz.Research.DescentIntervals.Batch100.bounds_9_504' does not depend on any axioms
'Collatz.Research.DescentIntervals.Batch100.exact_9_504' depends on axioms: [propext, Classical.choice, Quot.sound]
'Collatz.Research.DescentIntervals.Batch100.data_9_504' does not depend on any axioms
'Collatz.Research.DescentIntervals.Batch100.endpoint_9_504' depends on axioms: [propext, Quot.sound]
'Collatz.Research.DescentIntervals.Batch100.bounds_9_505' does not depend on any axioms
'Collatz.Research.DescentIntervals.Batch100.exact_9_505' depends on axioms: [propext, Classical.choice, Quot.sound]
'Collatz.Research.DescentIntervals.Batch100.data_9_505' does not depend on any axioms
'Collatz.Research.DescentIntervals.Batch100.endpoint_9_505' depends on axioms: [propext, Quot.sound]
'Collatz.Research.DescentIntervals.Batch100.bounds_9_506' does not depend on any axioms
'Collatz.Research.DescentIntervals.Batch100.exact_9_506' depends on axioms: [propext, Classical.choice, Quot.sound]
'Collatz.Research.DescentIntervals.Batch100.data_9_506' does not depend on any axioms
'Collatz.Research.DescentIntervals.Batch100.endpoint_9_506' depends on axioms: [propext, Quot.sound]
'Collatz.Research.DescentIntervals.Batch100.bounds_9_507' does not depend on any axioms
'Collatz.Research.DescentIntervals.Batch100.exact_9_507' depends on axioms: [propext, Classical.choice, Quot.sound]
'Collatz.Research.DescentIntervals.Batch100.data_9_507' does not depend on any axioms
'Collatz.Research.DescentIntervals.Batch100.endpoint_9_507' depends on axioms: [propext, Quot.sound]
'Collatz.Research.DescentIntervals.Batch100.bounds_9_508' does not depend on any axioms
'Collatz.Research.DescentIntervals.Batch100.exact_9_508' depends on axioms: [propext, Classical.choice, Quot.sound]
'Collatz.Research.DescentIntervals.Batch100.data_9_508' does not depend on any axioms
'Collatz.Research.DescentIntervals.Batch100.endpoint_9_508' depends on axioms: [propext, Quot.sound]
'Collatz.Research.DescentIntervals.Batch100.bounds_9_509' does not depend on any axioms
'Collatz.Research.DescentIntervals.Batch100.exact_9_509' depends on axioms: [propext, Classical.choice, Quot.sound]
'Collatz.Research.DescentIntervals.Batch100.data_9_509' does not depend on any axioms
'Collatz.Research.DescentIntervals.Batch100.endpoint_9_509' depends on axioms: [propext, Quot.sound]
'Collatz.Research.DescentIntervals.Batch100.bounds_9_510' does not depend on any axioms
'Collatz.Research.DescentIntervals.Batch100.exact_9_510' depends on axioms: [propext, Classical.choice, Quot.sound]
'Collatz.Research.DescentIntervals.Batch100.data_9_510' does not depend on any axioms
'Collatz.Research.DescentIntervals.Batch100.endpoint_9_510' depends on axioms: [propext, Quot.sound]
'Collatz.Research.DescentIntervals.Batch100.bounds_9_511' does not depend on any axioms
'Collatz.Research.DescentIntervals.Batch100.exact_9_511' depends on axioms: [propext, Classical.choice, Quot.sound]
'Collatz.Research.DescentIntervals.Batch100.data_9_511' does not depend on any axioms
'Collatz.Research.DescentIntervals.Batch100.endpoint_9_511' depends on axioms: [propext, Quot.sound]
'Collatz.Research.DescentIntervals.prefixInterval_spec' depends on axioms: [propext, Classical.choice, Quot.sound]
'Collatz.Research.DescentIntervals.endpointInterval_spec' depends on axioms: [propext, Classical.choice, Quot.sound]
'Collatz.Research.DescentIntervals.exactInterval_spec' depends on axioms: [propext, Classical.choice, Quot.sound]
'Collatz.Research.DescentIntervals.exact_of_certificate' depends on axioms: [propext, Classical.choice, Quot.sound]
'Collatz.Research.DescentIntervals.canonical_exact_iff' depends on axioms: [propext, Classical.choice, Quot.sound]
'Collatz.Research.DescentIntervals.checker_agrees' depends on axioms: [propext, Classical.choice, Quot.sound]
'Collatz.Research.DescentIntervals.excludes_other_time' depends on axioms: [propext, Classical.choice, Quot.sound]
'Collatz.Research.DescentIntervals.tail_certificate' depends on axioms: [propext, Classical.choice, Quot.sound]
'Collatz.Research.DescentIntervals.empty_certificate' depends on axioms: [propext, Classical.choice, Quot.sound]
'Collatz.Research.DescentIntervals.periodicInterval_spec' depends on axioms: [propext, Classical.choice, Quot.sound]
'Collatz.Research.DescentIntervals.affine_fixed_unique' depends on axioms: [propext, Quot.sound]
'Collatz.Research.DescentIntervals.periodic_index_unique' depends on axioms: [propext, Classical.choice, Quot.sound]
'Collatz.Research.DescentIntervals.contracting_periodic_iff' depends on axioms: [propext, Classical.choice, Quot.sound]
'Collatz.Research.DescentIntervals.periodic_gap_divides' depends on axioms: [propext, Classical.choice, Quot.sound]
'Collatz.Research.DescentIntervals.periodic_excludes_exact' depends on axioms: [propext, Classical.choice, Quot.sound]
'Collatz.Research.DescentIntervals.Examples.even_bounds' does not depend on any axioms
'Collatz.Research.DescentIntervals.Examples.even_exact' depends on axioms: [propext, Classical.choice, Quot.sound]
'Collatz.Research.DescentIntervals.Examples.one_mod_four_bounds' does not depend on any axioms
'Collatz.Research.DescentIntervals.Examples.one_mod_four_exact' depends on axioms: [propext,
 Classical.choice,
 Quot.sound]
'Collatz.Research.DescentIntervals.Examples.refined_one_mod_four' depends on axioms: [propext,
 Classical.choice,
 Quot.sound]
'Collatz.Research.DescentIntervals.Examples.seven_bounds' does not depend on any axioms
'Collatz.Research.DescentIntervals.Examples.seven_exact' depends on axioms: [propext, Classical.choice, Quot.sound]
'Collatz.Research.DescentIntervals.Examples.late_three_bounds' does not depend on any axioms
'Collatz.Research.DescentIntervals.Examples.late_three_impossible' depends on axioms: [propext,
 Classical.choice,
 Quot.sound]
'Collatz.Research.DescentIntervals.Examples.twenty_seven_bounds' does not depend on any axioms
'Collatz.Research.DescentIntervals.Examples.twenty_seven_exact' depends on axioms: [propext,
 Classical.choice,
 Quot.sound]
'Collatz.Research.DescentIntervals.Examples.twenty_seven_endpoint' depends on axioms: [propext, Quot.sound]
'Collatz.Research.DescentIntervals.Examples.weak_ray_bounds' does not depend on any axioms
'Collatz.Research.DescentIntervals.Examples.weak_ray_exact' depends on axioms: [propext, Classical.choice, Quot.sound]
'Collatz.Research.DescentIntervals.Examples.finite_arithmetic_interval' does not depend on any axioms
'Collatz.Research.DescentIntervals.Examples.finite_arithmetic_exact' depends on axioms: [propext,
 Classical.choice,
 Quot.sound]
'Collatz.Research.DescentIntervals.Examples.trivial_cycle_bounds' does not depend on any axioms
'Collatz.Research.DescentIntervals.Examples.trivial_cycle_only' depends on axioms: [propext,
 Classical.choice,
 Quot.sound]
'Collatz.Research.DescentIntervals.Examples.mersenne_no_cycle' depends on axioms: [propext,
 Classical.choice,
 Quot.sound]
'Collatz.Research.DescentIntervals.cutoff_monotone' depends on axioms: [propext, Classical.choice, Quot.sound]
'Collatz.Research.DescentIntervals.refinedMass_balance' depends on axioms: [propext, Classical.choice, Quot.sound]
'Collatz.Research.DescentIntervals.refinedMass_empty' depends on axioms: [propext, Classical.choice, Quot.sound]
'Collatz.Research.DescentIntervals.refinedMass_conserved' depends on axioms: [propext, Classical.choice, Quot.sound]
'Collatz.Research.DescentIntervals.membership_partition' depends on axioms: [propext, Classical.choice, Quot.sound]
'Collatz.Research.DescentIntervals.exact_membership_partition' depends on axioms: [propext,
 Classical.choice,
 Quot.sound]
'Collatz.Research.DescentIntervals.exact_finite_mass' depends on axioms: [propext, Classical.choice, Quot.sound]
'Collatz.Research.DescentIntervals.upper_transport' depends on axioms: [propext, Classical.choice, Quot.sound]
'Collatz.Research.DescentIntervals.pullback_spec' depends on axioms: [propext, Classical.choice, Quot.sound]
'Collatz.Research.DescentIntervals.refined_exact_iff' depends on axioms: [propext, Classical.choice, Quot.sound]
'Collatz.Research.DescentIntervals.pullback_composition' depends on axioms: [propext, Classical.choice, Quot.sound]
'Collatz.Research.DescentIntervals.pullback_empty' depends on axioms: [propext, Classical.choice, Quot.sound]
'Collatz.Research.DescentIntervals.lower_is_minimum' depends on axioms: [propext, Quot.sound]
'Collatz.Research.DescentIntervals.finite_membership' does not depend on any axioms
'Collatz.Research.DescentIntervals.upper_is_sharp' depends on axioms: [propext, Classical.choice, Quot.sound]
'Collatz.Research.DescentIntervals.inhabited_iff' depends on axioms: [propext, Quot.sound]
'Collatz.Research.DescentIntervals.first_of_drop' depends on axioms: [propext, Classical.choice, Quot.sound]
'Collatz.Research.DescentIntervals.coverage_at_iff' depends on axioms: [propext, Classical.choice, Quot.sound]
'Collatz.Research.DescentIntervals.collatz_of_coverage' depends on axioms: [propext, Classical.choice, Quot.sound]
'Collatz.Research.DescentIntervals.coverage_of_collatz' depends on axioms: [propext, Classical.choice, Quot.sound]
'Collatz.Research.DescentIntervals.coverage_iff_collatz' depends on axioms: [propext, Classical.choice, Quot.sound]
'Collatz.Research.DescentIntervals.finite_depth_incomplete' depends on axioms: [propext, Classical.choice, Quot.sound]
'Collatz.Research.DescentIntervals.finite_menu_incomplete' depends on axioms: [propext, Classical.choice, Quot.sound]
