'Collatz.Research.DescentAtlas.descent_iff_gap' depends on axioms: [propext, Classical.choice, Quot.sound]
'Collatz.Research.DescentAtlas.descent_of_endpoint' depends on axioms: [propext, Classical.choice, Quot.sound]
'Collatz.Research.DescentAtlas.no_descent_of_noncontracting' depends on axioms: [propext, Quot.sound]
'Collatz.Research.DescentAtlas.descent_upward_closed' depends on axioms: [propext, Classical.choice, Quot.sound]
'Collatz.Research.DescentAtlas.descent_iff_threshold' depends on axioms: [propext, Classical.choice, Quot.sound]
'Collatz.Research.DescentAtlas.descent_at_threshold' depends on axioms: [propext, Classical.choice, Quot.sound]
'Collatz.Research.DescentAtlas.no_descent_below_threshold' depends on axioms: [propext, Classical.choice, Quot.sound]
'Collatz.Research.DescentAtlas.class_seven_exact' depends on axioms: [propext, Classical.choice, Quot.sound]
'Collatz.Research.DescentAtlas.surviving_class' depends on axioms: [propext, Quot.sound]
'Collatz.Research.DescentAtlas.no_monotone_step_ranking' depends on axioms: [propext, Quot.sound]
'Collatz.Research.DescentAtlas.no_affine_step_ranking' depends on axioms: [propext, Quot.sound]
'Collatz.Research.DescentAtlas.no_power_step_ranking' depends on axioms: [propext, Quot.sound]
'Collatz.Research.DescentAtlas.contracting_without_representative_descent' does not depend on any axioms
'Collatz.Research.DescentAtlas.exceptions_eight' does not depend on any axioms
'Collatz.Research.DescentAtlas.exceptions_ten' does not depend on any axioms
'Collatz.Research.DescentAtlas.Batch001.data_3' does not depend on any axioms
'Collatz.Research.DescentAtlas.Batch001.affine_3' depends on axioms: [propext, Quot.sound]
'Collatz.Research.DescentAtlas.Batch001.descent_3' depends on axioms: [propext, Classical.choice, Quot.sound]
'Collatz.Research.DescentAtlas.Batch001.data_5' does not depend on any axioms
'Collatz.Research.DescentAtlas.Batch001.affine_5' depends on axioms: [propext, Quot.sound]
'Collatz.Research.DescentAtlas.Batch001.descent_5' depends on axioms: [propext, Classical.choice, Quot.sound]
'Collatz.Research.DescentAtlas.Batch001.data_7' does not depend on any axioms
'Collatz.Research.DescentAtlas.Batch001.affine_7' depends on axioms: [propext, Quot.sound]
'Collatz.Research.DescentAtlas.Batch001.descent_7' depends on axioms: [propext, Classical.choice, Quot.sound]
'Collatz.Research.DescentAtlas.Batch001.data_9' does not depend on any axioms
'Collatz.Research.DescentAtlas.Batch001.affine_9' depends on axioms: [propext, Quot.sound]
'Collatz.Research.DescentAtlas.Batch001.descent_9' depends on axioms: [propext, Classical.choice, Quot.sound]
'Collatz.Research.DescentAtlas.Batch001.data_11' does not depend on any axioms
'Collatz.Research.DescentAtlas.Batch001.affine_11' depends on axioms: [propext, Quot.sound]
'Collatz.Research.DescentAtlas.Batch001.descent_11' depends on axioms: [propext, Classical.choice, Quot.sound]
'Collatz.Research.DescentAtlas.Batch001.data_13' does not depend on any axioms
'Collatz.Research.DescentAtlas.Batch001.affine_13' depends on axioms: [propext, Quot.sound]
'Collatz.Research.DescentAtlas.Batch001.descent_13' depends on axioms: [propext, Classical.choice, Quot.sound]
'Collatz.Research.DescentAtlas.Batch001.data_15' does not depend on any axioms
'Collatz.Research.DescentAtlas.Batch001.affine_15' depends on axioms: [propext, Quot.sound]
'Collatz.Research.DescentAtlas.Batch001.descent_15' depends on axioms: [propext, Classical.choice, Quot.sound]
'Collatz.Research.DescentAtlas.Batch001.data_17' does not depend on any axioms
'Collatz.Research.DescentAtlas.Batch001.affine_17' depends on axioms: [propext, Quot.sound]
'Collatz.Research.DescentAtlas.Batch001.descent_17' depends on axioms: [propext, Classical.choice, Quot.sound]
'Collatz.Research.DescentAtlas.Batch002.data_19' does not depend on any axioms
'Collatz.Research.DescentAtlas.Batch002.affine_19' depends on axioms: [propext, Quot.sound]
'Collatz.Research.DescentAtlas.Batch002.descent_19' depends on axioms: [propext, Classical.choice, Quot.sound]
'Collatz.Research.DescentAtlas.Batch002.data_21' does not depend on any axioms
'Collatz.Research.DescentAtlas.Batch002.affine_21' depends on axioms: [propext, Quot.sound]
'Collatz.Research.DescentAtlas.Batch002.descent_21' depends on axioms: [propext, Classical.choice, Quot.sound]
'Collatz.Research.DescentAtlas.Batch002.data_23' does not depend on any axioms
'Collatz.Research.DescentAtlas.Batch002.affine_23' depends on axioms: [propext, Quot.sound]
'Collatz.Research.DescentAtlas.Batch002.descent_23' depends on axioms: [propext, Classical.choice, Quot.sound]
'Collatz.Research.DescentAtlas.Batch002.data_25' does not depend on any axioms
'Collatz.Research.DescentAtlas.Batch002.affine_25' depends on axioms: [propext, Quot.sound]
'Collatz.Research.DescentAtlas.Batch002.descent_25' depends on axioms: [propext, Classical.choice, Quot.sound]
'Collatz.Research.DescentAtlas.Batch002.data_29' does not depend on any axioms
'Collatz.Research.DescentAtlas.Batch002.affine_29' depends on axioms: [propext, Quot.sound]
'Collatz.Research.DescentAtlas.Batch002.descent_29' depends on axioms: [propext, Classical.choice, Quot.sound]
'Collatz.Research.DescentAtlas.Batch002.data_33' does not depend on any axioms
'Collatz.Research.DescentAtlas.Batch002.affine_33' depends on axioms: [propext, Quot.sound]
'Collatz.Research.DescentAtlas.Batch002.descent_33' depends on axioms: [propext, Classical.choice, Quot.sound]
'Collatz.Research.DescentAtlas.Batch002.data_35' does not depend on any axioms
'Collatz.Research.DescentAtlas.Batch002.affine_35' depends on axioms: [propext, Quot.sound]
'Collatz.Research.DescentAtlas.Batch002.descent_35' depends on axioms: [propext, Classical.choice, Quot.sound]
'Collatz.Research.DescentAtlas.Batch002.data_37' does not depend on any axioms
'Collatz.Research.DescentAtlas.Batch002.affine_37' depends on axioms: [propext, Quot.sound]
'Collatz.Research.DescentAtlas.Batch002.descent_37' depends on axioms: [propext, Classical.choice, Quot.sound]
'Collatz.Research.DescentAtlas.Batch003.data_39' does not depend on any axioms
'Collatz.Research.DescentAtlas.Batch003.affine_39' depends on axioms: [propext, Quot.sound]
'Collatz.Research.DescentAtlas.Batch003.descent_39' depends on axioms: [propext, Classical.choice, Quot.sound]
'Collatz.Research.DescentAtlas.Batch003.data_43' does not depend on any axioms
'Collatz.Research.DescentAtlas.Batch003.affine_43' depends on axioms: [propext, Quot.sound]
'Collatz.Research.DescentAtlas.Batch003.descent_43' depends on axioms: [propext, Classical.choice, Quot.sound]
'Collatz.Research.DescentAtlas.Batch003.data_45' does not depend on any axioms
'Collatz.Research.DescentAtlas.Batch003.affine_45' depends on axioms: [propext, Quot.sound]
'Collatz.Research.DescentAtlas.Batch003.descent_45' depends on axioms: [propext, Classical.choice, Quot.sound]
'Collatz.Research.DescentAtlas.Batch003.data_49' does not depend on any axioms
'Collatz.Research.DescentAtlas.Batch003.affine_49' depends on axioms: [propext, Quot.sound]
'Collatz.Research.DescentAtlas.Batch003.descent_49' depends on axioms: [propext, Classical.choice, Quot.sound]
'Collatz.Research.DescentAtlas.Batch003.data_51' does not depend on any axioms
'Collatz.Research.DescentAtlas.Batch003.affine_51' depends on axioms: [propext, Quot.sound]
'Collatz.Research.DescentAtlas.Batch003.descent_51' depends on axioms: [propext, Classical.choice, Quot.sound]
'Collatz.Research.DescentAtlas.Batch003.data_53' does not depend on any axioms
'Collatz.Research.DescentAtlas.Batch003.affine_53' depends on axioms: [propext, Quot.sound]
'Collatz.Research.DescentAtlas.Batch003.descent_53' depends on axioms: [propext, Classical.choice, Quot.sound]
'Collatz.Research.DescentAtlas.Batch003.data_57' does not depend on any axioms
'Collatz.Research.DescentAtlas.Batch003.affine_57' depends on axioms: [propext, Quot.sound]
'Collatz.Research.DescentAtlas.Batch003.descent_57' depends on axioms: [propext, Classical.choice, Quot.sound]
'Collatz.Research.DescentAtlas.Batch003.data_59' does not depend on any axioms
'Collatz.Research.DescentAtlas.Batch003.affine_59' depends on axioms: [propext, Quot.sound]
'Collatz.Research.DescentAtlas.Batch003.descent_59' depends on axioms: [propext, Classical.choice, Quot.sound]
'Collatz.Research.DescentAtlas.Batch004.data_61' does not depend on any axioms
'Collatz.Research.DescentAtlas.Batch004.affine_61' depends on axioms: [propext, Quot.sound]
'Collatz.Research.DescentAtlas.Batch004.descent_61' depends on axioms: [propext, Classical.choice, Quot.sound]
'Collatz.Research.DescentAtlas.Batch004.data_65' does not depend on any axioms
'Collatz.Research.DescentAtlas.Batch004.affine_65' depends on axioms: [propext, Quot.sound]
'Collatz.Research.DescentAtlas.Batch004.descent_65' depends on axioms: [propext, Classical.choice, Quot.sound]
'Collatz.Research.DescentAtlas.Batch004.data_67' does not depend on any axioms
'Collatz.Research.DescentAtlas.Batch004.affine_67' depends on axioms: [propext, Quot.sound]
'Collatz.Research.DescentAtlas.Batch004.descent_67' depends on axioms: [propext, Classical.choice, Quot.sound]
'Collatz.Research.DescentAtlas.Batch004.data_69' does not depend on any axioms
'Collatz.Research.DescentAtlas.Batch004.affine_69' depends on axioms: [propext, Quot.sound]
'Collatz.Research.DescentAtlas.Batch004.descent_69' depends on axioms: [propext, Classical.choice, Quot.sound]
'Collatz.Research.DescentAtlas.Batch004.data_75' does not depend on any axioms
'Collatz.Research.DescentAtlas.Batch004.affine_75' depends on axioms: [propext, Quot.sound]
'Collatz.Research.DescentAtlas.Batch004.descent_75' depends on axioms: [propext, Classical.choice, Quot.sound]
'Collatz.Research.DescentAtlas.Batch004.data_77' does not depend on any axioms
'Collatz.Research.DescentAtlas.Batch004.affine_77' depends on axioms: [propext, Quot.sound]
'Collatz.Research.DescentAtlas.Batch004.descent_77' depends on axioms: [propext, Classical.choice, Quot.sound]
'Collatz.Research.DescentAtlas.Batch004.data_79' does not depend on any axioms
'Collatz.Research.DescentAtlas.Batch004.affine_79' depends on axioms: [propext, Quot.sound]
'Collatz.Research.DescentAtlas.Batch004.descent_79' depends on axioms: [propext, Classical.choice, Quot.sound]
'Collatz.Research.DescentAtlas.Batch004.data_81' does not depend on any axioms
'Collatz.Research.DescentAtlas.Batch004.affine_81' depends on axioms: [propext, Quot.sound]
'Collatz.Research.DescentAtlas.Batch004.descent_81' depends on axioms: [propext, Classical.choice, Quot.sound]
'Collatz.Research.DescentAtlas.Batch005.data_85' does not depend on any axioms
'Collatz.Research.DescentAtlas.Batch005.affine_85' depends on axioms: [propext, Quot.sound]
'Collatz.Research.DescentAtlas.Batch005.descent_85' depends on axioms: [propext, Classical.choice, Quot.sound]
'Collatz.Research.DescentAtlas.Batch005.data_87' does not depend on any axioms
'Collatz.Research.DescentAtlas.Batch005.affine_87' depends on axioms: [propext, Quot.sound]
'Collatz.Research.DescentAtlas.Batch005.descent_87' depends on axioms: [propext, Classical.choice, Quot.sound]
'Collatz.Research.DescentAtlas.Batch005.data_89' does not depend on any axioms
'Collatz.Research.DescentAtlas.Batch005.affine_89' depends on axioms: [propext, Quot.sound]
'Collatz.Research.DescentAtlas.Batch005.descent_89' depends on axioms: [propext, Classical.choice, Quot.sound]
'Collatz.Research.DescentAtlas.Batch005.data_93' does not depend on any axioms
'Collatz.Research.DescentAtlas.Batch005.affine_93' depends on axioms: [propext, Quot.sound]
'Collatz.Research.DescentAtlas.Batch005.descent_93' depends on axioms: [propext, Classical.choice, Quot.sound]
'Collatz.Research.DescentAtlas.Batch005.data_99' does not depend on any axioms
'Collatz.Research.DescentAtlas.Batch005.affine_99' depends on axioms: [propext, Quot.sound]
'Collatz.Research.DescentAtlas.Batch005.descent_99' depends on axioms: [propext, Classical.choice, Quot.sound]
'Collatz.Research.DescentAtlas.Batch005.data_101' does not depend on any axioms
'Collatz.Research.DescentAtlas.Batch005.affine_101' depends on axioms: [propext, Quot.sound]
'Collatz.Research.DescentAtlas.Batch005.descent_101' depends on axioms: [propext, Classical.choice, Quot.sound]
'Collatz.Research.DescentAtlas.Batch005.data_105' does not depend on any axioms
'Collatz.Research.DescentAtlas.Batch005.affine_105' depends on axioms: [propext, Quot.sound]
'Collatz.Research.DescentAtlas.Batch005.descent_105' depends on axioms: [propext, Classical.choice, Quot.sound]
'Collatz.Research.DescentAtlas.Batch005.data_113' does not depend on any axioms
'Collatz.Research.DescentAtlas.Batch005.affine_113' depends on axioms: [propext, Quot.sound]
'Collatz.Research.DescentAtlas.Batch005.descent_113' depends on axioms: [propext, Classical.choice, Quot.sound]
'Collatz.Research.DescentAtlas.Batch006.data_115' does not depend on any axioms
'Collatz.Research.DescentAtlas.Batch006.affine_115' depends on axioms: [propext, Quot.sound]
'Collatz.Research.DescentAtlas.Batch006.descent_115' depends on axioms: [propext, Classical.choice, Quot.sound]
'Collatz.Research.DescentAtlas.Batch006.data_117' does not depend on any axioms
'Collatz.Research.DescentAtlas.Batch006.affine_117' depends on axioms: [propext, Quot.sound]
'Collatz.Research.DescentAtlas.Batch006.descent_117' depends on axioms: [propext, Classical.choice, Quot.sound]
'Collatz.Research.DescentAtlas.Batch006.data_119' does not depend on any axioms
'Collatz.Research.DescentAtlas.Batch006.affine_119' depends on axioms: [propext, Quot.sound]
'Collatz.Research.DescentAtlas.Batch006.descent_119' depends on axioms: [propext, Classical.choice, Quot.sound]
'Collatz.Research.DescentAtlas.Batch006.data_131' does not depend on any axioms
'Collatz.Research.DescentAtlas.Batch006.affine_131' depends on axioms: [propext, Quot.sound]
'Collatz.Research.DescentAtlas.Batch006.descent_131' depends on axioms: [propext, Classical.choice, Quot.sound]
'Collatz.Research.DescentAtlas.Batch006.data_133' does not depend on any axioms
'Collatz.Research.DescentAtlas.Batch006.affine_133' depends on axioms: [propext, Quot.sound]
'Collatz.Research.DescentAtlas.Batch006.descent_133' depends on axioms: [propext, Classical.choice, Quot.sound]
'Collatz.Research.DescentAtlas.Batch006.data_135' does not depend on any axioms
'Collatz.Research.DescentAtlas.Batch006.affine_135' depends on axioms: [propext, Quot.sound]
'Collatz.Research.DescentAtlas.Batch006.descent_135' depends on axioms: [propext, Classical.choice, Quot.sound]
'Collatz.Research.DescentAtlas.Batch006.data_139' does not depend on any axioms
'Collatz.Research.DescentAtlas.Batch006.affine_139' depends on axioms: [propext, Quot.sound]
'Collatz.Research.DescentAtlas.Batch006.descent_139' depends on axioms: [propext, Classical.choice, Quot.sound]
'Collatz.Research.DescentAtlas.Batch006.data_141' does not depend on any axioms
'Collatz.Research.DescentAtlas.Batch006.affine_141' depends on axioms: [propext, Quot.sound]
'Collatz.Research.DescentAtlas.Batch006.descent_141' depends on axioms: [propext, Classical.choice, Quot.sound]
'Collatz.Research.DescentAtlas.Batch007.data_149' does not depend on any axioms
'Collatz.Research.DescentAtlas.Batch007.affine_149' depends on axioms: [propext, Quot.sound]
'Collatz.Research.DescentAtlas.Batch007.descent_149' depends on axioms: [propext, Classical.choice, Quot.sound]
'Collatz.Research.DescentAtlas.Batch007.data_151' does not depend on any axioms
'Collatz.Research.DescentAtlas.Batch007.affine_151' depends on axioms: [propext, Quot.sound]
'Collatz.Research.DescentAtlas.Batch007.descent_151' depends on axioms: [propext, Classical.choice, Quot.sound]
'Collatz.Research.DescentAtlas.Batch007.data_153' does not depend on any axioms
'Collatz.Research.DescentAtlas.Batch007.affine_153' depends on axioms: [propext, Quot.sound]
'Collatz.Research.DescentAtlas.Batch007.descent_153' depends on axioms: [propext, Classical.choice, Quot.sound]
'Collatz.Research.DescentAtlas.Batch007.data_157' does not depend on any axioms
'Collatz.Research.DescentAtlas.Batch007.affine_157' depends on axioms: [propext, Quot.sound]
'Collatz.Research.DescentAtlas.Batch007.descent_157' depends on axioms: [propext, Classical.choice, Quot.sound]
'Collatz.Research.DescentAtlas.Batch007.data_163' does not depend on any axioms
'Collatz.Research.DescentAtlas.Batch007.affine_163' depends on axioms: [propext, Quot.sound]
'Collatz.Research.DescentAtlas.Batch007.descent_163' depends on axioms: [propext, Classical.choice, Quot.sound]
'Collatz.Research.DescentAtlas.Batch007.data_171' does not depend on any axioms
'Collatz.Research.DescentAtlas.Batch007.affine_171' depends on axioms: [propext, Quot.sound]
'Collatz.Research.DescentAtlas.Batch007.descent_171' depends on axioms: [propext, Classical.choice, Quot.sound]
'Collatz.Research.DescentAtlas.Batch007.data_173' does not depend on any axioms
'Collatz.Research.DescentAtlas.Batch007.affine_173' depends on axioms: [propext, Quot.sound]
'Collatz.Research.DescentAtlas.Batch007.descent_173' depends on axioms: [propext, Classical.choice, Quot.sound]
'Collatz.Research.DescentAtlas.Batch007.data_177' does not depend on any axioms
'Collatz.Research.DescentAtlas.Batch007.affine_177' depends on axioms: [propext, Quot.sound]
'Collatz.Research.DescentAtlas.Batch007.descent_177' depends on axioms: [propext, Classical.choice, Quot.sound]
'Collatz.Research.DescentAtlas.Batch008.data_179' does not depend on any axioms
'Collatz.Research.DescentAtlas.Batch008.affine_179' depends on axioms: [propext, Quot.sound]
'Collatz.Research.DescentAtlas.Batch008.descent_179' depends on axioms: [propext, Classical.choice, Quot.sound]
'Collatz.Research.DescentAtlas.Batch008.data_181' does not depend on any axioms
'Collatz.Research.DescentAtlas.Batch008.affine_181' depends on axioms: [propext, Quot.sound]
'Collatz.Research.DescentAtlas.Batch008.descent_181' depends on axioms: [propext, Classical.choice, Quot.sound]
'Collatz.Research.DescentAtlas.Batch008.data_185' does not depend on any axioms
'Collatz.Research.DescentAtlas.Batch008.affine_185' depends on axioms: [propext, Quot.sound]
'Collatz.Research.DescentAtlas.Batch008.descent_185' depends on axioms: [propext, Classical.choice, Quot.sound]
'Collatz.Research.DescentAtlas.Batch008.data_187' does not depend on any axioms
'Collatz.Research.DescentAtlas.Batch008.affine_187' depends on axioms: [propext, Quot.sound]
'Collatz.Research.DescentAtlas.Batch008.descent_187' depends on axioms: [propext, Classical.choice, Quot.sound]
'Collatz.Research.DescentAtlas.Batch008.data_191' does not depend on any axioms
'Collatz.Research.DescentAtlas.Batch008.affine_191' depends on axioms: [propext, Quot.sound]
'Collatz.Research.DescentAtlas.Batch008.descent_191' depends on axioms: [propext, Classical.choice, Quot.sound]
'Collatz.Research.DescentAtlas.Batch008.data_197' does not depend on any axioms
'Collatz.Research.DescentAtlas.Batch008.affine_197' depends on axioms: [propext, Quot.sound]
'Collatz.Research.DescentAtlas.Batch008.descent_197' depends on axioms: [propext, Classical.choice, Quot.sound]
'Collatz.Research.DescentAtlas.Batch008.data_201' does not depend on any axioms
'Collatz.Research.DescentAtlas.Batch008.affine_201' depends on axioms: [propext, Quot.sound]
'Collatz.Research.DescentAtlas.Batch008.descent_201' depends on axioms: [propext, Classical.choice, Quot.sound]
'Collatz.Research.DescentAtlas.Batch008.data_203' does not depend on any axioms
'Collatz.Research.DescentAtlas.Batch008.affine_203' depends on axioms: [propext, Quot.sound]
'Collatz.Research.DescentAtlas.Batch008.descent_203' depends on axioms: [propext, Classical.choice, Quot.sound]
'Collatz.Research.DescentAtlas.Batch009.data_205' does not depend on any axioms
'Collatz.Research.DescentAtlas.Batch009.affine_205' depends on axioms: [propext, Quot.sound]
'Collatz.Research.DescentAtlas.Batch009.descent_205' depends on axioms: [propext, Classical.choice, Quot.sound]
'Collatz.Research.DescentAtlas.Batch009.data_209' does not depend on any axioms
'Collatz.Research.DescentAtlas.Batch009.affine_209' depends on axioms: [propext, Quot.sound]
'Collatz.Research.DescentAtlas.Batch009.descent_209' depends on axioms: [propext, Classical.choice, Quot.sound]
'Collatz.Research.DescentAtlas.Batch009.data_211' does not depend on any axioms
'Collatz.Research.DescentAtlas.Batch009.affine_211' depends on axioms: [propext, Quot.sound]
'Collatz.Research.DescentAtlas.Batch009.descent_211' depends on axioms: [propext, Classical.choice, Quot.sound]
'Collatz.Research.DescentAtlas.Batch009.data_213' does not depend on any axioms
'Collatz.Research.DescentAtlas.Batch009.affine_213' depends on axioms: [propext, Quot.sound]
'Collatz.Research.DescentAtlas.Batch009.descent_213' depends on axioms: [propext, Classical.choice, Quot.sound]
'Collatz.Research.DescentAtlas.Batch009.data_217' does not depend on any axioms
'Collatz.Research.DescentAtlas.Batch009.affine_217' depends on axioms: [propext, Quot.sound]
'Collatz.Research.DescentAtlas.Batch009.descent_217' depends on axioms: [propext, Classical.choice, Quot.sound]
'Collatz.Research.DescentAtlas.Batch009.data_219' does not depend on any axioms
'Collatz.Research.DescentAtlas.Batch009.affine_219' depends on axioms: [propext, Quot.sound]
'Collatz.Research.DescentAtlas.Batch009.descent_219' depends on axioms: [propext, Classical.choice, Quot.sound]
'Collatz.Research.DescentAtlas.Batch009.data_221' does not depend on any axioms
'Collatz.Research.DescentAtlas.Batch009.affine_221' depends on axioms: [propext, Quot.sound]
'Collatz.Research.DescentAtlas.Batch009.descent_221' depends on axioms: [propext, Classical.choice, Quot.sound]
'Collatz.Research.DescentAtlas.Batch009.data_227' does not depend on any axioms
'Collatz.Research.DescentAtlas.Batch009.affine_227' depends on axioms: [propext, Quot.sound]
'Collatz.Research.DescentAtlas.Batch009.descent_227' depends on axioms: [propext, Classical.choice, Quot.sound]
'Collatz.Research.DescentAtlas.Batch010.data_229' does not depend on any axioms
'Collatz.Research.DescentAtlas.Batch010.affine_229' depends on axioms: [propext, Quot.sound]
'Collatz.Research.DescentAtlas.Batch010.descent_229' depends on axioms: [propext, Classical.choice, Quot.sound]
'Collatz.Research.DescentAtlas.Batch010.data_231' does not depend on any axioms
'Collatz.Research.DescentAtlas.Batch010.affine_231' depends on axioms: [propext, Quot.sound]
'Collatz.Research.DescentAtlas.Batch010.descent_231' depends on axioms: [propext, Classical.choice, Quot.sound]
'Collatz.Research.DescentAtlas.Batch010.data_235' does not depend on any axioms
'Collatz.Research.DescentAtlas.Batch010.affine_235' depends on axioms: [propext, Quot.sound]
'Collatz.Research.DescentAtlas.Batch010.descent_235' depends on axioms: [propext, Classical.choice, Quot.sound]
'Collatz.Research.DescentAtlas.Batch010.data_237' does not depend on any axioms
'Collatz.Research.DescentAtlas.Batch010.affine_237' depends on axioms: [propext, Quot.sound]
'Collatz.Research.DescentAtlas.Batch010.descent_237' depends on axioms: [propext, Classical.choice, Quot.sound]
'Collatz.Research.DescentAtlas.Batch010.data_241' does not depend on any axioms
'Collatz.Research.DescentAtlas.Batch010.affine_241' depends on axioms: [propext, Quot.sound]
'Collatz.Research.DescentAtlas.Batch010.descent_241' depends on axioms: [propext, Classical.choice, Quot.sound]
'Collatz.Research.DescentAtlas.Batch010.data_245' does not depend on any axioms
'Collatz.Research.DescentAtlas.Batch010.affine_245' depends on axioms: [propext, Quot.sound]
'Collatz.Research.DescentAtlas.Batch010.descent_245' depends on axioms: [propext, Classical.choice, Quot.sound]
'Collatz.Research.DescentAtlas.Batch010.data_247' does not depend on any axioms
'Collatz.Research.DescentAtlas.Batch010.affine_247' depends on axioms: [propext, Quot.sound]
'Collatz.Research.DescentAtlas.Batch010.descent_247' depends on axioms: [propext, Classical.choice, Quot.sound]
'Collatz.Research.DescentAtlas.Batch010.data_249' does not depend on any axioms
'Collatz.Research.DescentAtlas.Batch010.affine_249' depends on axioms: [propext, Quot.sound]
'Collatz.Research.DescentAtlas.Batch010.descent_249' depends on axioms: [propext, Classical.choice, Quot.sound]
'Collatz.Research.DescentAtlas.Batch011.data_253' does not depend on any axioms
'Collatz.Research.DescentAtlas.Batch011.affine_253' depends on axioms: [propext, Quot.sound]
'Collatz.Research.DescentAtlas.Batch011.descent_253' depends on axioms: [propext, Classical.choice, Quot.sound]
'Collatz.Research.DescentAtlas.Batch011.data_257' does not depend on any axioms
'Collatz.Research.DescentAtlas.Batch011.affine_257' depends on axioms: [propext, Quot.sound]
'Collatz.Research.DescentAtlas.Batch011.descent_257' depends on axioms: [propext, Classical.choice, Quot.sound]
'Collatz.Research.DescentAtlas.Batch011.data_259' does not depend on any axioms
'Collatz.Research.DescentAtlas.Batch011.affine_259' depends on axioms: [propext, Quot.sound]
'Collatz.Research.DescentAtlas.Batch011.descent_259' depends on axioms: [propext, Classical.choice, Quot.sound]
'Collatz.Research.DescentAtlas.Batch011.data_261' does not depend on any axioms
'Collatz.Research.DescentAtlas.Batch011.affine_261' depends on axioms: [propext, Quot.sound]
'Collatz.Research.DescentAtlas.Batch011.descent_261' depends on axioms: [propext, Classical.choice, Quot.sound]
'Collatz.Research.DescentAtlas.Batch011.data_267' does not depend on any axioms
'Collatz.Research.DescentAtlas.Batch011.affine_267' depends on axioms: [propext, Quot.sound]
'Collatz.Research.DescentAtlas.Batch011.descent_267' depends on axioms: [propext, Classical.choice, Quot.sound]
'Collatz.Research.DescentAtlas.Batch011.data_269' does not depend on any axioms
'Collatz.Research.DescentAtlas.Batch011.affine_269' depends on axioms: [propext, Quot.sound]
'Collatz.Research.DescentAtlas.Batch011.descent_269' depends on axioms: [propext, Classical.choice, Quot.sound]
'Collatz.Research.DescentAtlas.Batch011.data_271' does not depend on any axioms
'Collatz.Research.DescentAtlas.Batch011.affine_271' depends on axioms: [propext, Quot.sound]
'Collatz.Research.DescentAtlas.Batch011.descent_271' depends on axioms: [propext, Classical.choice, Quot.sound]
'Collatz.Research.DescentAtlas.Batch011.data_273' does not depend on any axioms
'Collatz.Research.DescentAtlas.Batch011.affine_273' depends on axioms: [propext, Quot.sound]
'Collatz.Research.DescentAtlas.Batch011.descent_273' depends on axioms: [propext, Classical.choice, Quot.sound]
'Collatz.Research.DescentAtlas.Batch012.data_277' does not depend on any axioms
'Collatz.Research.DescentAtlas.Batch012.affine_277' depends on axioms: [propext, Quot.sound]
'Collatz.Research.DescentAtlas.Batch012.descent_277' depends on axioms: [propext, Classical.choice, Quot.sound]
'Collatz.Research.DescentAtlas.Batch012.data_279' does not depend on any axioms
'Collatz.Research.DescentAtlas.Batch012.affine_279' depends on axioms: [propext, Quot.sound]
'Collatz.Research.DescentAtlas.Batch012.descent_279' depends on axioms: [propext, Classical.choice, Quot.sound]
'Collatz.Research.DescentAtlas.Batch012.data_281' does not depend on any axioms
'Collatz.Research.DescentAtlas.Batch012.affine_281' depends on axioms: [propext, Quot.sound]
'Collatz.Research.DescentAtlas.Batch012.descent_281' depends on axioms: [propext, Classical.choice, Quot.sound]
'Collatz.Research.DescentAtlas.Batch012.data_287' does not depend on any axioms
'Collatz.Research.DescentAtlas.Batch012.affine_287' depends on axioms: [propext, Quot.sound]
'Collatz.Research.DescentAtlas.Batch012.descent_287' depends on axioms: [propext, Classical.choice, Quot.sound]
'Collatz.Research.DescentAtlas.Batch012.data_289' does not depend on any axioms
'Collatz.Research.DescentAtlas.Batch012.affine_289' depends on axioms: [propext, Quot.sound]
'Collatz.Research.DescentAtlas.Batch012.descent_289' depends on axioms: [propext, Classical.choice, Quot.sound]
'Collatz.Research.DescentAtlas.Batch012.data_291' does not depend on any axioms
'Collatz.Research.DescentAtlas.Batch012.affine_291' depends on axioms: [propext, Quot.sound]
'Collatz.Research.DescentAtlas.Batch012.descent_291' depends on axioms: [propext, Classical.choice, Quot.sound]
'Collatz.Research.DescentAtlas.Batch012.data_293' does not depend on any axioms
'Collatz.Research.DescentAtlas.Batch012.affine_293' depends on axioms: [propext, Quot.sound]
'Collatz.Research.DescentAtlas.Batch012.descent_293' depends on axioms: [propext, Classical.choice, Quot.sound]
'Collatz.Research.DescentAtlas.Batch012.data_295' does not depend on any axioms
'Collatz.Research.DescentAtlas.Batch012.affine_295' depends on axioms: [propext, Quot.sound]
'Collatz.Research.DescentAtlas.Batch012.descent_295' depends on axioms: [propext, Classical.choice, Quot.sound]
'Collatz.Research.DescentAtlas.Batch013.data_301' does not depend on any axioms
'Collatz.Research.DescentAtlas.Batch013.affine_301' depends on axioms: [propext, Quot.sound]
'Collatz.Research.DescentAtlas.Batch013.descent_301' depends on axioms: [propext, Classical.choice, Quot.sound]
'Collatz.Research.DescentAtlas.Batch013.data_303' does not depend on any axioms
'Collatz.Research.DescentAtlas.Batch013.affine_303' depends on axioms: [propext, Quot.sound]
'Collatz.Research.DescentAtlas.Batch013.descent_303' depends on axioms: [propext, Classical.choice, Quot.sound]
'Collatz.Research.DescentAtlas.Batch013.data_305' does not depend on any axioms
'Collatz.Research.DescentAtlas.Batch013.affine_305' depends on axioms: [propext, Quot.sound]
'Collatz.Research.DescentAtlas.Batch013.descent_305' depends on axioms: [propext, Classical.choice, Quot.sound]
'Collatz.Research.DescentAtlas.Batch013.data_307' does not depend on any axioms
'Collatz.Research.DescentAtlas.Batch013.affine_307' depends on axioms: [propext, Quot.sound]
'Collatz.Research.DescentAtlas.Batch013.descent_307' depends on axioms: [propext, Classical.choice, Quot.sound]
'Collatz.Research.DescentAtlas.Batch013.data_309' does not depend on any axioms
'Collatz.Research.DescentAtlas.Batch013.affine_309' depends on axioms: [propext, Quot.sound]
'Collatz.Research.DescentAtlas.Batch013.descent_309' depends on axioms: [propext, Classical.choice, Quot.sound]
'Collatz.Research.DescentAtlas.Batch013.data_315' does not depend on any axioms
'Collatz.Research.DescentAtlas.Batch013.affine_315' depends on axioms: [propext, Quot.sound]
'Collatz.Research.DescentAtlas.Batch013.descent_315' depends on axioms: [propext, Classical.choice, Quot.sound]
'Collatz.Research.DescentAtlas.Batch013.data_317' does not depend on any axioms
'Collatz.Research.DescentAtlas.Batch013.affine_317' depends on axioms: [propext, Quot.sound]
'Collatz.Research.DescentAtlas.Batch013.descent_317' depends on axioms: [propext, Classical.choice, Quot.sound]
'Collatz.Research.DescentAtlas.Batch013.data_321' does not depend on any axioms
'Collatz.Research.DescentAtlas.Batch013.affine_321' depends on axioms: [propext, Quot.sound]
'Collatz.Research.DescentAtlas.Batch013.descent_321' depends on axioms: [propext, Classical.choice, Quot.sound]
'Collatz.Research.DescentAtlas.Batch014.data_325' does not depend on any axioms
'Collatz.Research.DescentAtlas.Batch014.affine_325' depends on axioms: [propext, Quot.sound]
'Collatz.Research.DescentAtlas.Batch014.descent_325' depends on axioms: [propext, Classical.choice, Quot.sound]
'Collatz.Research.DescentAtlas.Batch014.data_329' does not depend on any axioms
'Collatz.Research.DescentAtlas.Batch014.affine_329' depends on axioms: [propext, Quot.sound]
'Collatz.Research.DescentAtlas.Batch014.descent_329' depends on axioms: [propext, Classical.choice, Quot.sound]
'Collatz.Research.DescentAtlas.Batch014.data_331' does not depend on any axioms
'Collatz.Research.DescentAtlas.Batch014.affine_331' depends on axioms: [propext, Quot.sound]
'Collatz.Research.DescentAtlas.Batch014.descent_331' depends on axioms: [propext, Classical.choice, Quot.sound]
'Collatz.Research.DescentAtlas.Batch014.data_333' does not depend on any axioms
'Collatz.Research.DescentAtlas.Batch014.affine_333' depends on axioms: [propext, Quot.sound]
'Collatz.Research.DescentAtlas.Batch014.descent_333' depends on axioms: [propext, Classical.choice, Quot.sound]
'Collatz.Research.DescentAtlas.Batch014.data_337' does not depend on any axioms
'Collatz.Research.DescentAtlas.Batch014.affine_337' depends on axioms: [propext, Quot.sound]
'Collatz.Research.DescentAtlas.Batch014.descent_337' depends on axioms: [propext, Classical.choice, Quot.sound]
'Collatz.Research.DescentAtlas.Batch014.data_341' does not depend on any axioms
'Collatz.Research.DescentAtlas.Batch014.affine_341' depends on axioms: [propext, Quot.sound]
'Collatz.Research.DescentAtlas.Batch014.descent_341' depends on axioms: [propext, Classical.choice, Quot.sound]
'Collatz.Research.DescentAtlas.Batch014.data_343' does not depend on any axioms
'Collatz.Research.DescentAtlas.Batch014.affine_343' depends on axioms: [propext, Quot.sound]
'Collatz.Research.DescentAtlas.Batch014.descent_343' depends on axioms: [propext, Classical.choice, Quot.sound]
'Collatz.Research.DescentAtlas.Batch014.data_345' does not depend on any axioms
'Collatz.Research.DescentAtlas.Batch014.affine_345' depends on axioms: [propext, Quot.sound]
'Collatz.Research.DescentAtlas.Batch014.descent_345' depends on axioms: [propext, Classical.choice, Quot.sound]
'Collatz.Research.DescentAtlas.Batch015.data_347' does not depend on any axioms
'Collatz.Research.DescentAtlas.Batch015.affine_347' depends on axioms: [propext, Quot.sound]
'Collatz.Research.DescentAtlas.Batch015.descent_347' depends on axioms: [propext, Classical.choice, Quot.sound]
'Collatz.Research.DescentAtlas.Batch015.data_349' does not depend on any axioms
'Collatz.Research.DescentAtlas.Batch015.affine_349' depends on axioms: [propext, Quot.sound]
'Collatz.Research.DescentAtlas.Batch015.descent_349' depends on axioms: [propext, Classical.choice, Quot.sound]
'Collatz.Research.DescentAtlas.Batch015.data_353' does not depend on any axioms
'Collatz.Research.DescentAtlas.Batch015.affine_353' depends on axioms: [propext, Quot.sound]
'Collatz.Research.DescentAtlas.Batch015.descent_353' depends on axioms: [propext, Classical.choice, Quot.sound]
'Collatz.Research.DescentAtlas.Batch015.data_355' does not depend on any axioms
'Collatz.Research.DescentAtlas.Batch015.affine_355' depends on axioms: [propext, Quot.sound]
'Collatz.Research.DescentAtlas.Batch015.descent_355' depends on axioms: [propext, Classical.choice, Quot.sound]
'Collatz.Research.DescentAtlas.Batch015.data_357' does not depend on any axioms
'Collatz.Research.DescentAtlas.Batch015.affine_357' depends on axioms: [propext, Quot.sound]
'Collatz.Research.DescentAtlas.Batch015.descent_357' depends on axioms: [propext, Classical.choice, Quot.sound]
'Collatz.Research.DescentAtlas.Batch015.data_361' does not depend on any axioms
'Collatz.Research.DescentAtlas.Batch015.affine_361' depends on axioms: [propext, Quot.sound]
'Collatz.Research.DescentAtlas.Batch015.descent_361' depends on axioms: [propext, Classical.choice, Quot.sound]
'Collatz.Research.DescentAtlas.Batch015.data_363' does not depend on any axioms
'Collatz.Research.DescentAtlas.Batch015.affine_363' depends on axioms: [propext, Quot.sound]
'Collatz.Research.DescentAtlas.Batch015.descent_363' depends on axioms: [propext, Classical.choice, Quot.sound]
'Collatz.Research.DescentAtlas.Batch015.data_367' does not depend on any axioms
'Collatz.Research.DescentAtlas.Batch015.affine_367' depends on axioms: [propext, Quot.sound]
'Collatz.Research.DescentAtlas.Batch015.descent_367' depends on axioms: [propext, Classical.choice, Quot.sound]
'Collatz.Research.DescentAtlas.Batch016.data_369' does not depend on any axioms
'Collatz.Research.DescentAtlas.Batch016.affine_369' depends on axioms: [propext, Quot.sound]
'Collatz.Research.DescentAtlas.Batch016.descent_369' depends on axioms: [propext, Classical.choice, Quot.sound]
'Collatz.Research.DescentAtlas.Batch016.data_371' does not depend on any axioms
'Collatz.Research.DescentAtlas.Batch016.affine_371' depends on axioms: [propext, Quot.sound]
'Collatz.Research.DescentAtlas.Batch016.descent_371' depends on axioms: [propext, Classical.choice, Quot.sound]
'Collatz.Research.DescentAtlas.Batch016.data_373' does not depend on any axioms
'Collatz.Research.DescentAtlas.Batch016.affine_373' depends on axioms: [propext, Quot.sound]
'Collatz.Research.DescentAtlas.Batch016.descent_373' depends on axioms: [propext, Classical.choice, Quot.sound]
'Collatz.Research.DescentAtlas.Batch016.data_375' does not depend on any axioms
'Collatz.Research.DescentAtlas.Batch016.affine_375' depends on axioms: [propext, Quot.sound]
'Collatz.Research.DescentAtlas.Batch016.descent_375' depends on axioms: [propext, Classical.choice, Quot.sound]
'Collatz.Research.DescentAtlas.Batch016.data_381' does not depend on any axioms
'Collatz.Research.DescentAtlas.Batch016.affine_381' depends on axioms: [propext, Quot.sound]
'Collatz.Research.DescentAtlas.Batch016.descent_381' depends on axioms: [propext, Classical.choice, Quot.sound]
'Collatz.Research.DescentAtlas.Batch016.data_383' does not depend on any axioms
'Collatz.Research.DescentAtlas.Batch016.affine_383' depends on axioms: [propext, Quot.sound]
'Collatz.Research.DescentAtlas.Batch016.descent_383' depends on axioms: [propext, Classical.choice, Quot.sound]
'Collatz.Research.DescentAtlas.Batch016.data_385' does not depend on any axioms
'Collatz.Research.DescentAtlas.Batch016.affine_385' depends on axioms: [propext, Quot.sound]
'Collatz.Research.DescentAtlas.Batch016.descent_385' depends on axioms: [propext, Classical.choice, Quot.sound]
'Collatz.Research.DescentAtlas.Batch016.data_387' does not depend on any axioms
'Collatz.Research.DescentAtlas.Batch016.affine_387' depends on axioms: [propext, Quot.sound]
'Collatz.Research.DescentAtlas.Batch016.descent_387' depends on axioms: [propext, Classical.choice, Quot.sound]
'Collatz.Research.DescentAtlas.Batch017.data_389' does not depend on any axioms
'Collatz.Research.DescentAtlas.Batch017.affine_389' depends on axioms: [propext, Quot.sound]
'Collatz.Research.DescentAtlas.Batch017.descent_389' depends on axioms: [propext, Classical.choice, Quot.sound]
'Collatz.Research.DescentAtlas.Batch017.data_391' does not depend on any axioms
'Collatz.Research.DescentAtlas.Batch017.affine_391' depends on axioms: [propext, Quot.sound]
'Collatz.Research.DescentAtlas.Batch017.descent_391' depends on axioms: [propext, Classical.choice, Quot.sound]
'Collatz.Research.DescentAtlas.Batch017.data_397' does not depend on any axioms
'Collatz.Research.DescentAtlas.Batch017.affine_397' depends on axioms: [propext, Quot.sound]
'Collatz.Research.DescentAtlas.Batch017.descent_397' depends on axioms: [propext, Classical.choice, Quot.sound]
'Collatz.Research.DescentAtlas.Batch017.data_401' does not depend on any axioms
'Collatz.Research.DescentAtlas.Batch017.affine_401' depends on axioms: [propext, Quot.sound]
'Collatz.Research.DescentAtlas.Batch017.descent_401' depends on axioms: [propext, Classical.choice, Quot.sound]
'Collatz.Research.DescentAtlas.Batch017.data_403' does not depend on any axioms
'Collatz.Research.DescentAtlas.Batch017.affine_403' depends on axioms: [propext, Quot.sound]
'Collatz.Research.DescentAtlas.Batch017.descent_403' depends on axioms: [propext, Classical.choice, Quot.sound]
'Collatz.Research.DescentAtlas.Batch017.data_405' does not depend on any axioms
'Collatz.Research.DescentAtlas.Batch017.affine_405' depends on axioms: [propext, Quot.sound]
'Collatz.Research.DescentAtlas.Batch017.descent_405' depends on axioms: [propext, Classical.choice, Quot.sound]
'Collatz.Research.DescentAtlas.Batch017.data_407' does not depend on any axioms
'Collatz.Research.DescentAtlas.Batch017.affine_407' depends on axioms: [propext, Quot.sound]
'Collatz.Research.DescentAtlas.Batch017.descent_407' depends on axioms: [propext, Classical.choice, Quot.sound]
'Collatz.Research.DescentAtlas.Batch017.data_409' does not depend on any axioms
'Collatz.Research.DescentAtlas.Batch017.affine_409' depends on axioms: [propext, Quot.sound]
'Collatz.Research.DescentAtlas.Batch017.descent_409' depends on axioms: [propext, Classical.choice, Quot.sound]
'Collatz.Research.DescentAtlas.Batch018.data_413' does not depend on any axioms
'Collatz.Research.DescentAtlas.Batch018.affine_413' depends on axioms: [propext, Quot.sound]
'Collatz.Research.DescentAtlas.Batch018.descent_413' depends on axioms: [propext, Classical.choice, Quot.sound]
'Collatz.Research.DescentAtlas.Batch018.data_419' does not depend on any axioms
'Collatz.Research.DescentAtlas.Batch018.affine_419' depends on axioms: [propext, Quot.sound]
'Collatz.Research.DescentAtlas.Batch018.descent_419' depends on axioms: [propext, Classical.choice, Quot.sound]
'Collatz.Research.DescentAtlas.Batch018.data_421' does not depend on any axioms
'Collatz.Research.DescentAtlas.Batch018.affine_421' depends on axioms: [propext, Quot.sound]
'Collatz.Research.DescentAtlas.Batch018.descent_421' depends on axioms: [propext, Classical.choice, Quot.sound]
'Collatz.Research.DescentAtlas.Batch018.data_427' does not depend on any axioms
'Collatz.Research.DescentAtlas.Batch018.affine_427' depends on axioms: [propext, Quot.sound]
'Collatz.Research.DescentAtlas.Batch018.descent_427' depends on axioms: [propext, Classical.choice, Quot.sound]
'Collatz.Research.DescentAtlas.Batch018.data_429' does not depend on any axioms
'Collatz.Research.DescentAtlas.Batch018.affine_429' depends on axioms: [propext, Quot.sound]
'Collatz.Research.DescentAtlas.Batch018.descent_429' depends on axioms: [propext, Classical.choice, Quot.sound]
'Collatz.Research.DescentAtlas.Batch018.data_431' does not depend on any axioms
'Collatz.Research.DescentAtlas.Batch018.affine_431' depends on axioms: [propext, Quot.sound]
'Collatz.Research.DescentAtlas.Batch018.descent_431' depends on axioms: [propext, Classical.choice, Quot.sound]
'Collatz.Research.DescentAtlas.Batch018.data_433' does not depend on any axioms
'Collatz.Research.DescentAtlas.Batch018.affine_433' depends on axioms: [propext, Quot.sound]
'Collatz.Research.DescentAtlas.Batch018.descent_433' depends on axioms: [propext, Classical.choice, Quot.sound]
'Collatz.Research.DescentAtlas.Batch018.data_435' does not depend on any axioms
'Collatz.Research.DescentAtlas.Batch018.affine_435' depends on axioms: [propext, Quot.sound]
'Collatz.Research.DescentAtlas.Batch018.descent_435' depends on axioms: [propext, Classical.choice, Quot.sound]
'Collatz.Research.DescentAtlas.Batch019.data_437' does not depend on any axioms
'Collatz.Research.DescentAtlas.Batch019.affine_437' depends on axioms: [propext, Quot.sound]
'Collatz.Research.DescentAtlas.Batch019.descent_437' depends on axioms: [propext, Classical.choice, Quot.sound]
'Collatz.Research.DescentAtlas.Batch019.data_439' does not depend on any axioms
'Collatz.Research.DescentAtlas.Batch019.affine_439' depends on axioms: [propext, Quot.sound]
'Collatz.Research.DescentAtlas.Batch019.descent_439' depends on axioms: [propext, Classical.choice, Quot.sound]
'Collatz.Research.DescentAtlas.Batch019.data_441' does not depend on any axioms
'Collatz.Research.DescentAtlas.Batch019.affine_441' depends on axioms: [propext, Quot.sound]
'Collatz.Research.DescentAtlas.Batch019.descent_441' depends on axioms: [propext, Classical.choice, Quot.sound]
'Collatz.Research.DescentAtlas.Batch019.data_443' does not depend on any axioms
'Collatz.Research.DescentAtlas.Batch019.affine_443' depends on axioms: [propext, Quot.sound]
'Collatz.Research.DescentAtlas.Batch019.descent_443' depends on axioms: [propext, Classical.choice, Quot.sound]
'Collatz.Research.DescentAtlas.Batch019.data_449' does not depend on any axioms
'Collatz.Research.DescentAtlas.Batch019.affine_449' depends on axioms: [propext, Quot.sound]
'Collatz.Research.DescentAtlas.Batch019.descent_449' depends on axioms: [propext, Classical.choice, Quot.sound]
'Collatz.Research.DescentAtlas.Batch019.data_453' does not depend on any axioms
'Collatz.Research.DescentAtlas.Batch019.affine_453' depends on axioms: [propext, Quot.sound]
'Collatz.Research.DescentAtlas.Batch019.descent_453' depends on axioms: [propext, Classical.choice, Quot.sound]
'Collatz.Research.DescentAtlas.Batch019.data_455' does not depend on any axioms
'Collatz.Research.DescentAtlas.Batch019.affine_455' depends on axioms: [propext, Quot.sound]
'Collatz.Research.DescentAtlas.Batch019.descent_455' depends on axioms: [propext, Classical.choice, Quot.sound]
'Collatz.Research.DescentAtlas.Batch019.data_457' does not depend on any axioms
'Collatz.Research.DescentAtlas.Batch019.affine_457' depends on axioms: [propext, Quot.sound]
'Collatz.Research.DescentAtlas.Batch019.descent_457' depends on axioms: [propext, Classical.choice, Quot.sound]
'Collatz.Research.DescentAtlas.Batch020.data_459' does not depend on any axioms
'Collatz.Research.DescentAtlas.Batch020.affine_459' depends on axioms: [propext, Quot.sound]
'Collatz.Research.DescentAtlas.Batch020.descent_459' depends on axioms: [propext, Classical.choice, Quot.sound]
'Collatz.Research.DescentAtlas.Batch020.data_461' does not depend on any axioms
'Collatz.Research.DescentAtlas.Batch020.affine_461' depends on axioms: [propext, Quot.sound]
'Collatz.Research.DescentAtlas.Batch020.descent_461' depends on axioms: [propext, Classical.choice, Quot.sound]
'Collatz.Research.DescentAtlas.Batch020.data_463' does not depend on any axioms
'Collatz.Research.DescentAtlas.Batch020.affine_463' depends on axioms: [propext, Quot.sound]
'Collatz.Research.DescentAtlas.Batch020.descent_463' depends on axioms: [propext, Classical.choice, Quot.sound]
'Collatz.Research.DescentAtlas.Batch020.data_465' does not depend on any axioms
'Collatz.Research.DescentAtlas.Batch020.affine_465' depends on axioms: [propext, Quot.sound]
'Collatz.Research.DescentAtlas.Batch020.descent_465' depends on axioms: [propext, Classical.choice, Quot.sound]
'Collatz.Research.DescentAtlas.Batch020.data_469' does not depend on any axioms
'Collatz.Research.DescentAtlas.Batch020.affine_469' depends on axioms: [propext, Quot.sound]
'Collatz.Research.DescentAtlas.Batch020.descent_469' depends on axioms: [propext, Classical.choice, Quot.sound]
'Collatz.Research.DescentAtlas.Batch020.data_471' does not depend on any axioms
'Collatz.Research.DescentAtlas.Batch020.affine_471' depends on axioms: [propext, Quot.sound]
'Collatz.Research.DescentAtlas.Batch020.descent_471' depends on axioms: [propext, Classical.choice, Quot.sound]
'Collatz.Research.DescentAtlas.Batch020.data_473' does not depend on any axioms
'Collatz.Research.DescentAtlas.Batch020.affine_473' depends on axioms: [propext, Quot.sound]
'Collatz.Research.DescentAtlas.Batch020.descent_473' depends on axioms: [propext, Classical.choice, Quot.sound]
'Collatz.Research.DescentAtlas.Batch020.data_475' does not depend on any axioms
'Collatz.Research.DescentAtlas.Batch020.affine_475' depends on axioms: [propext, Quot.sound]
'Collatz.Research.DescentAtlas.Batch020.descent_475' depends on axioms: [propext, Classical.choice, Quot.sound]
'Collatz.Research.DescentAtlas.Batch021.data_477' does not depend on any axioms
'Collatz.Research.DescentAtlas.Batch021.affine_477' depends on axioms: [propext, Quot.sound]
'Collatz.Research.DescentAtlas.Batch021.descent_477' depends on axioms: [propext, Classical.choice, Quot.sound]
'Collatz.Research.DescentAtlas.Batch021.data_481' does not depend on any axioms
'Collatz.Research.DescentAtlas.Batch021.affine_481' depends on axioms: [propext, Quot.sound]
'Collatz.Research.DescentAtlas.Batch021.descent_481' depends on axioms: [propext, Classical.choice, Quot.sound]
'Collatz.Research.DescentAtlas.Batch021.data_483' does not depend on any axioms
'Collatz.Research.DescentAtlas.Batch021.affine_483' depends on axioms: [propext, Quot.sound]
'Collatz.Research.DescentAtlas.Batch021.descent_483' depends on axioms: [propext, Classical.choice, Quot.sound]
'Collatz.Research.DescentAtlas.Batch021.data_489' does not depend on any axioms
'Collatz.Research.DescentAtlas.Batch021.affine_489' depends on axioms: [propext, Quot.sound]
'Collatz.Research.DescentAtlas.Batch021.descent_489' depends on axioms: [propext, Classical.choice, Quot.sound]
'Collatz.Research.DescentAtlas.Batch021.data_493' does not depend on any axioms
'Collatz.Research.DescentAtlas.Batch021.affine_493' depends on axioms: [propext, Quot.sound]
'Collatz.Research.DescentAtlas.Batch021.descent_493' depends on axioms: [propext, Classical.choice, Quot.sound]
'Collatz.Research.DescentAtlas.Batch021.data_497' does not depend on any axioms
'Collatz.Research.DescentAtlas.Batch021.affine_497' depends on axioms: [propext, Quot.sound]
'Collatz.Research.DescentAtlas.Batch021.descent_497' depends on axioms: [propext, Classical.choice, Quot.sound]
'Collatz.Research.DescentAtlas.Batch021.data_499' does not depend on any axioms
'Collatz.Research.DescentAtlas.Batch021.affine_499' depends on axioms: [propext, Quot.sound]
'Collatz.Research.DescentAtlas.Batch021.descent_499' depends on axioms: [propext, Classical.choice, Quot.sound]
'Collatz.Research.DescentAtlas.Batch021.data_501' does not depend on any axioms
'Collatz.Research.DescentAtlas.Batch021.affine_501' depends on axioms: [propext, Quot.sound]
'Collatz.Research.DescentAtlas.Batch021.descent_501' depends on axioms: [propext, Classical.choice, Quot.sound]
'Collatz.Research.DescentAtlas.Batch022.data_507' does not depend on any axioms
'Collatz.Research.DescentAtlas.Batch022.affine_507' depends on axioms: [propext, Quot.sound]
'Collatz.Research.DescentAtlas.Batch022.descent_507' depends on axioms: [propext, Classical.choice, Quot.sound]
'Collatz.Research.DescentAtlas.Batch022.data_509' does not depend on any axioms
'Collatz.Research.DescentAtlas.Batch022.affine_509' depends on axioms: [propext, Quot.sound]
'Collatz.Research.DescentAtlas.Batch022.descent_509' depends on axioms: [propext, Classical.choice, Quot.sound]
'Collatz.Research.DescentAtlas.Batch022.data_513' does not depend on any axioms
'Collatz.Research.DescentAtlas.Batch022.affine_513' depends on axioms: [propext, Quot.sound]
'Collatz.Research.DescentAtlas.Batch022.descent_513' depends on axioms: [propext, Classical.choice, Quot.sound]
'Collatz.Research.DescentAtlas.Batch022.data_515' does not depend on any axioms
'Collatz.Research.DescentAtlas.Batch022.affine_515' depends on axioms: [propext, Quot.sound]
'Collatz.Research.DescentAtlas.Batch022.descent_515' depends on axioms: [propext, Classical.choice, Quot.sound]
'Collatz.Research.DescentAtlas.Batch022.data_517' does not depend on any axioms
'Collatz.Research.DescentAtlas.Batch022.affine_517' depends on axioms: [propext, Quot.sound]
'Collatz.Research.DescentAtlas.Batch022.descent_517' depends on axioms: [propext, Classical.choice, Quot.sound]
'Collatz.Research.DescentAtlas.Batch022.data_519' does not depend on any axioms
'Collatz.Research.DescentAtlas.Batch022.affine_519' depends on axioms: [propext, Quot.sound]
'Collatz.Research.DescentAtlas.Batch022.descent_519' depends on axioms: [propext, Classical.choice, Quot.sound]
'Collatz.Research.DescentAtlas.Batch022.data_521' does not depend on any axioms
'Collatz.Research.DescentAtlas.Batch022.affine_521' depends on axioms: [propext, Quot.sound]
'Collatz.Research.DescentAtlas.Batch022.descent_521' depends on axioms: [propext, Classical.choice, Quot.sound]
'Collatz.Research.DescentAtlas.Batch022.data_523' does not depend on any axioms
'Collatz.Research.DescentAtlas.Batch022.affine_523' depends on axioms: [propext, Quot.sound]
'Collatz.Research.DescentAtlas.Batch022.descent_523' depends on axioms: [propext, Classical.choice, Quot.sound]
'Collatz.Research.DescentAtlas.Batch023.data_525' does not depend on any axioms
'Collatz.Research.DescentAtlas.Batch023.affine_525' depends on axioms: [propext, Quot.sound]
'Collatz.Research.DescentAtlas.Batch023.descent_525' depends on axioms: [propext, Classical.choice, Quot.sound]
'Collatz.Research.DescentAtlas.Batch023.data_529' does not depend on any axioms
'Collatz.Research.DescentAtlas.Batch023.affine_529' depends on axioms: [propext, Quot.sound]
'Collatz.Research.DescentAtlas.Batch023.descent_529' depends on axioms: [propext, Classical.choice, Quot.sound]
'Collatz.Research.DescentAtlas.Batch023.data_531' does not depend on any axioms
'Collatz.Research.DescentAtlas.Batch023.affine_531' depends on axioms: [propext, Quot.sound]
'Collatz.Research.DescentAtlas.Batch023.descent_531' depends on axioms: [propext, Classical.choice, Quot.sound]
'Collatz.Research.DescentAtlas.Batch023.data_533' does not depend on any axioms
'Collatz.Research.DescentAtlas.Batch023.affine_533' depends on axioms: [propext, Quot.sound]
'Collatz.Research.DescentAtlas.Batch023.descent_533' depends on axioms: [propext, Classical.choice, Quot.sound]
'Collatz.Research.DescentAtlas.Batch023.data_535' does not depend on any axioms
'Collatz.Research.DescentAtlas.Batch023.affine_535' depends on axioms: [propext, Quot.sound]
'Collatz.Research.DescentAtlas.Batch023.descent_535' depends on axioms: [propext, Classical.choice, Quot.sound]
'Collatz.Research.DescentAtlas.Batch023.data_537' does not depend on any axioms
'Collatz.Research.DescentAtlas.Batch023.affine_537' depends on axioms: [propext, Quot.sound]
'Collatz.Research.DescentAtlas.Batch023.descent_537' depends on axioms: [propext, Classical.choice, Quot.sound]
'Collatz.Research.DescentAtlas.Batch023.data_541' does not depend on any axioms
'Collatz.Research.DescentAtlas.Batch023.affine_541' depends on axioms: [propext, Quot.sound]
'Collatz.Research.DescentAtlas.Batch023.descent_541' depends on axioms: [propext, Classical.choice, Quot.sound]
'Collatz.Research.DescentAtlas.Batch023.data_543' does not depend on any axioms
'Collatz.Research.DescentAtlas.Batch023.affine_543' depends on axioms: [propext, Quot.sound]
'Collatz.Research.DescentAtlas.Batch023.descent_543' depends on axioms: [propext, Classical.choice, Quot.sound]
'Collatz.Research.DescentAtlas.Batch024.data_545' does not depend on any axioms
'Collatz.Research.DescentAtlas.Batch024.affine_545' depends on axioms: [propext, Quot.sound]
'Collatz.Research.DescentAtlas.Batch024.descent_545' depends on axioms: [propext, Classical.choice, Quot.sound]
'Collatz.Research.DescentAtlas.Batch024.data_547' does not depend on any axioms
'Collatz.Research.DescentAtlas.Batch024.affine_547' depends on axioms: [propext, Quot.sound]
'Collatz.Research.DescentAtlas.Batch024.descent_547' depends on axioms: [propext, Classical.choice, Quot.sound]
'Collatz.Research.DescentAtlas.Batch024.data_551' does not depend on any axioms
'Collatz.Research.DescentAtlas.Batch024.affine_551' depends on axioms: [propext, Quot.sound]
'Collatz.Research.DescentAtlas.Batch024.descent_551' depends on axioms: [propext, Classical.choice, Quot.sound]
'Collatz.Research.DescentAtlas.Batch024.data_555' does not depend on any axioms
'Collatz.Research.DescentAtlas.Batch024.affine_555' depends on axioms: [propext, Quot.sound]
'Collatz.Research.DescentAtlas.Batch024.descent_555' depends on axioms: [propext, Classical.choice, Quot.sound]
'Collatz.Research.DescentAtlas.Batch024.data_557' does not depend on any axioms
'Collatz.Research.DescentAtlas.Batch024.affine_557' depends on axioms: [propext, Quot.sound]
'Collatz.Research.DescentAtlas.Batch024.descent_557' depends on axioms: [propext, Classical.choice, Quot.sound]
'Collatz.Research.DescentAtlas.Batch024.data_561' does not depend on any axioms
'Collatz.Research.DescentAtlas.Batch024.affine_561' depends on axioms: [propext, Quot.sound]
'Collatz.Research.DescentAtlas.Batch024.descent_561' depends on axioms: [propext, Classical.choice, Quot.sound]
'Collatz.Research.DescentAtlas.Batch024.data_563' does not depend on any axioms
'Collatz.Research.DescentAtlas.Batch024.affine_563' depends on axioms: [propext, Quot.sound]
'Collatz.Research.DescentAtlas.Batch024.descent_563' depends on axioms: [propext, Classical.choice, Quot.sound]
'Collatz.Research.DescentAtlas.Batch024.data_565' does not depend on any axioms
'Collatz.Research.DescentAtlas.Batch024.affine_565' depends on axioms: [propext, Quot.sound]
'Collatz.Research.DescentAtlas.Batch024.descent_565' depends on axioms: [propext, Classical.choice, Quot.sound]
'Collatz.Research.DescentAtlas.Batch025.data_571' does not depend on any axioms
'Collatz.Research.DescentAtlas.Batch025.affine_571' depends on axioms: [propext, Quot.sound]
'Collatz.Research.DescentAtlas.Batch025.descent_571' depends on axioms: [propext, Classical.choice, Quot.sound]
'Collatz.Research.DescentAtlas.Batch025.data_573' does not depend on any axioms
'Collatz.Research.DescentAtlas.Batch025.affine_573' depends on axioms: [propext, Quot.sound]
'Collatz.Research.DescentAtlas.Batch025.descent_573' depends on axioms: [propext, Classical.choice, Quot.sound]
'Collatz.Research.DescentAtlas.Batch025.data_575' does not depend on any axioms
'Collatz.Research.DescentAtlas.Batch025.affine_575' depends on axioms: [propext, Quot.sound]
'Collatz.Research.DescentAtlas.Batch025.descent_575' depends on axioms: [propext, Classical.choice, Quot.sound]
'Collatz.Research.DescentAtlas.Batch025.data_577' does not depend on any axioms
'Collatz.Research.DescentAtlas.Batch025.affine_577' depends on axioms: [propext, Quot.sound]
'Collatz.Research.DescentAtlas.Batch025.descent_577' depends on axioms: [propext, Classical.choice, Quot.sound]
'Collatz.Research.DescentAtlas.Batch025.data_579' does not depend on any axioms
'Collatz.Research.DescentAtlas.Batch025.affine_579' depends on axioms: [propext, Quot.sound]
'Collatz.Research.DescentAtlas.Batch025.descent_579' depends on axioms: [propext, Classical.choice, Quot.sound]
'Collatz.Research.DescentAtlas.Batch025.data_581' does not depend on any axioms
'Collatz.Research.DescentAtlas.Batch025.affine_581' depends on axioms: [propext, Quot.sound]
'Collatz.Research.DescentAtlas.Batch025.descent_581' depends on axioms: [propext, Classical.choice, Quot.sound]
'Collatz.Research.DescentAtlas.Batch025.data_583' does not depend on any axioms
'Collatz.Research.DescentAtlas.Batch025.affine_583' depends on axioms: [propext, Quot.sound]
'Collatz.Research.DescentAtlas.Batch025.descent_583' depends on axioms: [propext, Classical.choice, Quot.sound]
'Collatz.Research.DescentAtlas.Batch025.data_585' does not depend on any axioms
'Collatz.Research.DescentAtlas.Batch025.affine_585' depends on axioms: [propext, Quot.sound]
'Collatz.Research.DescentAtlas.Batch025.descent_585' depends on axioms: [propext, Classical.choice, Quot.sound]
'Collatz.Research.DescentAtlas.Batch026.data_587' does not depend on any axioms
'Collatz.Research.DescentAtlas.Batch026.affine_587' depends on axioms: [propext, Quot.sound]
'Collatz.Research.DescentAtlas.Batch026.descent_587' depends on axioms: [propext, Classical.choice, Quot.sound]
'Collatz.Research.DescentAtlas.Batch026.data_589' does not depend on any axioms
'Collatz.Research.DescentAtlas.Batch026.affine_589' depends on axioms: [propext, Quot.sound]
'Collatz.Research.DescentAtlas.Batch026.descent_589' depends on axioms: [propext, Classical.choice, Quot.sound]
'Collatz.Research.DescentAtlas.Batch026.data_591' does not depend on any axioms
'Collatz.Research.DescentAtlas.Batch026.affine_591' depends on axioms: [propext, Quot.sound]
'Collatz.Research.DescentAtlas.Batch026.descent_591' depends on axioms: [propext, Classical.choice, Quot.sound]
'Collatz.Research.DescentAtlas.Batch026.data_597' does not depend on any axioms
'Collatz.Research.DescentAtlas.Batch026.affine_597' depends on axioms: [propext, Quot.sound]
'Collatz.Research.DescentAtlas.Batch026.descent_597' depends on axioms: [propext, Classical.choice, Quot.sound]
'Collatz.Research.DescentAtlas.Batch026.data_605' does not depend on any axioms
'Collatz.Research.DescentAtlas.Batch026.affine_605' depends on axioms: [propext, Quot.sound]
'Collatz.Research.DescentAtlas.Batch026.descent_605' depends on axioms: [propext, Classical.choice, Quot.sound]
'Collatz.Research.DescentAtlas.Batch026.data_607' does not depend on any axioms
'Collatz.Research.DescentAtlas.Batch026.affine_607' depends on axioms: [propext, Quot.sound]
'Collatz.Research.DescentAtlas.Batch026.descent_607' depends on axioms: [propext, Classical.choice, Quot.sound]
'Collatz.Research.DescentAtlas.Batch026.data_609' does not depend on any axioms
'Collatz.Research.DescentAtlas.Batch026.affine_609' depends on axioms: [propext, Quot.sound]
'Collatz.Research.DescentAtlas.Batch026.descent_609' depends on axioms: [propext, Classical.choice, Quot.sound]
'Collatz.Research.DescentAtlas.Batch026.data_611' does not depend on any axioms
'Collatz.Research.DescentAtlas.Batch026.affine_611' depends on axioms: [propext, Quot.sound]
'Collatz.Research.DescentAtlas.Batch026.descent_611' depends on axioms: [propext, Classical.choice, Quot.sound]
'Collatz.Research.DescentAtlas.Batch027.data_613' does not depend on any axioms
'Collatz.Research.DescentAtlas.Batch027.affine_613' depends on axioms: [propext, Quot.sound]
'Collatz.Research.DescentAtlas.Batch027.descent_613' depends on axioms: [propext, Classical.choice, Quot.sound]
'Collatz.Research.DescentAtlas.Batch027.data_615' does not depend on any axioms
'Collatz.Research.DescentAtlas.Batch027.affine_615' depends on axioms: [propext, Quot.sound]
'Collatz.Research.DescentAtlas.Batch027.descent_615' depends on axioms: [propext, Classical.choice, Quot.sound]
'Collatz.Research.DescentAtlas.Batch027.data_617' does not depend on any axioms
'Collatz.Research.DescentAtlas.Batch027.affine_617' depends on axioms: [propext, Quot.sound]
'Collatz.Research.DescentAtlas.Batch027.descent_617' depends on axioms: [propext, Classical.choice, Quot.sound]
'Collatz.Research.DescentAtlas.Batch027.data_619' does not depend on any axioms
'Collatz.Research.DescentAtlas.Batch027.affine_619' depends on axioms: [propext, Quot.sound]
'Collatz.Research.DescentAtlas.Batch027.descent_619' depends on axioms: [propext, Classical.choice, Quot.sound]
'Collatz.Research.DescentAtlas.Batch027.data_621' does not depend on any axioms
'Collatz.Research.DescentAtlas.Batch027.affine_621' depends on axioms: [propext, Quot.sound]
'Collatz.Research.DescentAtlas.Batch027.descent_621' depends on axioms: [propext, Classical.choice, Quot.sound]
'Collatz.Research.DescentAtlas.Batch027.data_623' does not depend on any axioms
'Collatz.Research.DescentAtlas.Batch027.affine_623' depends on axioms: [propext, Quot.sound]
'Collatz.Research.DescentAtlas.Batch027.descent_623' depends on axioms: [propext, Classical.choice, Quot.sound]
'Collatz.Research.DescentAtlas.Batch027.data_625' does not depend on any axioms
'Collatz.Research.DescentAtlas.Batch027.affine_625' depends on axioms: [propext, Quot.sound]
'Collatz.Research.DescentAtlas.Batch027.descent_625' depends on axioms: [propext, Classical.choice, Quot.sound]
'Collatz.Research.DescentAtlas.Batch027.data_627' does not depend on any axioms
'Collatz.Research.DescentAtlas.Batch027.affine_627' depends on axioms: [propext, Quot.sound]
'Collatz.Research.DescentAtlas.Batch027.descent_627' depends on axioms: [propext, Classical.choice, Quot.sound]
'Collatz.Research.DescentAtlas.Batch028.data_629' does not depend on any axioms
'Collatz.Research.DescentAtlas.Batch028.affine_629' depends on axioms: [propext, Quot.sound]
'Collatz.Research.DescentAtlas.Batch028.descent_629' depends on axioms: [propext, Classical.choice, Quot.sound]
'Collatz.Research.DescentAtlas.Batch028.data_631' does not depend on any axioms
'Collatz.Research.DescentAtlas.Batch028.affine_631' depends on axioms: [propext, Quot.sound]
'Collatz.Research.DescentAtlas.Batch028.descent_631' depends on axioms: [propext, Classical.choice, Quot.sound]
'Collatz.Research.DescentAtlas.Batch028.data_633' does not depend on any axioms
'Collatz.Research.DescentAtlas.Batch028.affine_633' depends on axioms: [propext, Quot.sound]
'Collatz.Research.DescentAtlas.Batch028.descent_633' depends on axioms: [propext, Classical.choice, Quot.sound]
'Collatz.Research.DescentAtlas.Batch028.data_635' does not depend on any axioms
'Collatz.Research.DescentAtlas.Batch028.affine_635' depends on axioms: [propext, Quot.sound]
'Collatz.Research.DescentAtlas.Batch028.descent_635' depends on axioms: [propext, Classical.choice, Quot.sound]
'Collatz.Research.DescentAtlas.Batch028.data_641' does not depend on any axioms
'Collatz.Research.DescentAtlas.Batch028.affine_641' depends on axioms: [propext, Quot.sound]
'Collatz.Research.DescentAtlas.Batch028.descent_641' depends on axioms: [propext, Classical.choice, Quot.sound]
'Collatz.Research.DescentAtlas.Batch028.data_643' does not depend on any axioms
'Collatz.Research.DescentAtlas.Batch028.affine_643' depends on axioms: [propext, Quot.sound]
'Collatz.Research.DescentAtlas.Batch028.descent_643' depends on axioms: [propext, Classical.choice, Quot.sound]
'Collatz.Research.DescentAtlas.Batch028.data_645' does not depend on any axioms
'Collatz.Research.DescentAtlas.Batch028.affine_645' depends on axioms: [propext, Quot.sound]
'Collatz.Research.DescentAtlas.Batch028.descent_645' depends on axioms: [propext, Classical.choice, Quot.sound]
'Collatz.Research.DescentAtlas.Batch028.data_647' does not depend on any axioms
'Collatz.Research.DescentAtlas.Batch028.affine_647' depends on axioms: [propext, Quot.sound]
'Collatz.Research.DescentAtlas.Batch028.descent_647' depends on axioms: [propext, Classical.choice, Quot.sound]
'Collatz.Research.DescentAtlas.Batch029.data_651' does not depend on any axioms
'Collatz.Research.DescentAtlas.Batch029.affine_651' depends on axioms: [propext, Quot.sound]
'Collatz.Research.DescentAtlas.Batch029.descent_651' depends on axioms: [propext, Classical.choice, Quot.sound]
'Collatz.Research.DescentAtlas.Batch029.data_653' does not depend on any axioms
'Collatz.Research.DescentAtlas.Batch029.affine_653' depends on axioms: [propext, Quot.sound]
'Collatz.Research.DescentAtlas.Batch029.descent_653' depends on axioms: [propext, Classical.choice, Quot.sound]
'Collatz.Research.DescentAtlas.Batch029.data_657' does not depend on any axioms
'Collatz.Research.DescentAtlas.Batch029.affine_657' depends on axioms: [propext, Quot.sound]
'Collatz.Research.DescentAtlas.Batch029.descent_657' depends on axioms: [propext, Classical.choice, Quot.sound]
'Collatz.Research.DescentAtlas.Batch029.data_659' does not depend on any axioms
'Collatz.Research.DescentAtlas.Batch029.affine_659' depends on axioms: [propext, Quot.sound]
'Collatz.Research.DescentAtlas.Batch029.descent_659' depends on axioms: [propext, Classical.choice, Quot.sound]
'Collatz.Research.DescentAtlas.Batch029.data_661' does not depend on any axioms
'Collatz.Research.DescentAtlas.Batch029.affine_661' depends on axioms: [propext, Quot.sound]
'Collatz.Research.DescentAtlas.Batch029.descent_661' depends on axioms: [propext, Classical.choice, Quot.sound]
'Collatz.Research.DescentAtlas.Batch029.data_663' does not depend on any axioms
'Collatz.Research.DescentAtlas.Batch029.affine_663' depends on axioms: [propext, Quot.sound]
'Collatz.Research.DescentAtlas.Batch029.descent_663' depends on axioms: [propext, Classical.choice, Quot.sound]
'Collatz.Research.DescentAtlas.Batch029.data_665' does not depend on any axioms
'Collatz.Research.DescentAtlas.Batch029.affine_665' depends on axioms: [propext, Quot.sound]
'Collatz.Research.DescentAtlas.Batch029.descent_665' depends on axioms: [propext, Classical.choice, Quot.sound]
'Collatz.Research.DescentAtlas.Batch029.data_673' does not depend on any axioms
'Collatz.Research.DescentAtlas.Batch029.affine_673' depends on axioms: [propext, Quot.sound]
'Collatz.Research.DescentAtlas.Batch029.descent_673' depends on axioms: [propext, Classical.choice, Quot.sound]
'Collatz.Research.DescentAtlas.Batch030.data_675' does not depend on any axioms
'Collatz.Research.DescentAtlas.Batch030.affine_675' depends on axioms: [propext, Quot.sound]
'Collatz.Research.DescentAtlas.Batch030.descent_675' depends on axioms: [propext, Classical.choice, Quot.sound]
'Collatz.Research.DescentAtlas.Batch030.data_683' does not depend on any axioms
'Collatz.Research.DescentAtlas.Batch030.affine_683' depends on axioms: [propext, Quot.sound]
'Collatz.Research.DescentAtlas.Batch030.descent_683' depends on axioms: [propext, Classical.choice, Quot.sound]
'Collatz.Research.DescentAtlas.Batch030.data_685' does not depend on any axioms
'Collatz.Research.DescentAtlas.Batch030.affine_685' depends on axioms: [propext, Quot.sound]
'Collatz.Research.DescentAtlas.Batch030.descent_685' depends on axioms: [propext, Classical.choice, Quot.sound]
'Collatz.Research.DescentAtlas.Batch030.data_687' does not depend on any axioms
'Collatz.Research.DescentAtlas.Batch030.affine_687' depends on axioms: [propext, Quot.sound]
'Collatz.Research.DescentAtlas.Batch030.descent_687' depends on axioms: [propext, Classical.choice, Quot.sound]
'Collatz.Research.DescentAtlas.Batch030.data_689' does not depend on any axioms
'Collatz.Research.DescentAtlas.Batch030.affine_689' depends on axioms: [propext, Quot.sound]
'Collatz.Research.DescentAtlas.Batch030.descent_689' depends on axioms: [propext, Classical.choice, Quot.sound]
'Collatz.Research.DescentAtlas.Batch030.data_691' does not depend on any axioms
'Collatz.Research.DescentAtlas.Batch030.affine_691' depends on axioms: [propext, Quot.sound]
'Collatz.Research.DescentAtlas.Batch030.descent_691' depends on axioms: [propext, Classical.choice, Quot.sound]
'Collatz.Research.DescentAtlas.Batch030.data_693' does not depend on any axioms
'Collatz.Research.DescentAtlas.Batch030.affine_693' depends on axioms: [propext, Quot.sound]
'Collatz.Research.DescentAtlas.Batch030.descent_693' depends on axioms: [propext, Classical.choice, Quot.sound]
'Collatz.Research.DescentAtlas.Batch030.data_695' does not depend on any axioms
'Collatz.Research.DescentAtlas.Batch030.affine_695' depends on axioms: [propext, Quot.sound]
'Collatz.Research.DescentAtlas.Batch030.descent_695' depends on axioms: [propext, Classical.choice, Quot.sound]
'Collatz.Research.DescentAtlas.Batch031.data_697' does not depend on any axioms
'Collatz.Research.DescentAtlas.Batch031.affine_697' depends on axioms: [propext, Quot.sound]
'Collatz.Research.DescentAtlas.Batch031.descent_697' depends on axioms: [propext, Classical.choice, Quot.sound]
'Collatz.Research.DescentAtlas.Batch031.data_699' does not depend on any axioms
'Collatz.Research.DescentAtlas.Batch031.affine_699' depends on axioms: [propext, Quot.sound]
'Collatz.Research.DescentAtlas.Batch031.descent_699' depends on axioms: [propext, Classical.choice, Quot.sound]
'Collatz.Research.DescentAtlas.Batch031.data_701' does not depend on any axioms
'Collatz.Research.DescentAtlas.Batch031.affine_701' depends on axioms: [propext, Quot.sound]
'Collatz.Research.DescentAtlas.Batch031.descent_701' depends on axioms: [propext, Classical.choice, Quot.sound]
'Collatz.Research.DescentAtlas.Batch031.data_705' does not depend on any axioms
'Collatz.Research.DescentAtlas.Batch031.affine_705' depends on axioms: [propext, Quot.sound]
'Collatz.Research.DescentAtlas.Batch031.descent_705' depends on axioms: [propext, Classical.choice, Quot.sound]
'Collatz.Research.DescentAtlas.Batch031.data_707' does not depend on any axioms
'Collatz.Research.DescentAtlas.Batch031.affine_707' depends on axioms: [propext, Quot.sound]
'Collatz.Research.DescentAtlas.Batch031.descent_707' depends on axioms: [propext, Classical.choice, Quot.sound]
'Collatz.Research.DescentAtlas.Batch031.data_709' does not depend on any axioms
'Collatz.Research.DescentAtlas.Batch031.affine_709' depends on axioms: [propext, Quot.sound]
'Collatz.Research.DescentAtlas.Batch031.descent_709' depends on axioms: [propext, Classical.choice, Quot.sound]
'Collatz.Research.DescentAtlas.Batch031.data_711' does not depend on any axioms
'Collatz.Research.DescentAtlas.Batch031.affine_711' depends on axioms: [propext, Quot.sound]
'Collatz.Research.DescentAtlas.Batch031.descent_711' depends on axioms: [propext, Classical.choice, Quot.sound]
'Collatz.Research.DescentAtlas.Batch031.data_713' does not depend on any axioms
'Collatz.Research.DescentAtlas.Batch031.affine_713' depends on axioms: [propext, Quot.sound]
'Collatz.Research.DescentAtlas.Batch031.descent_713' depends on axioms: [propext, Classical.choice, Quot.sound]
'Collatz.Research.DescentAtlas.Batch032.data_715' does not depend on any axioms
'Collatz.Research.DescentAtlas.Batch032.affine_715' depends on axioms: [propext, Quot.sound]
'Collatz.Research.DescentAtlas.Batch032.descent_715' depends on axioms: [propext, Classical.choice, Quot.sound]
'Collatz.Research.DescentAtlas.Batch032.data_717' does not depend on any axioms
'Collatz.Research.DescentAtlas.Batch032.affine_717' depends on axioms: [propext, Quot.sound]
'Collatz.Research.DescentAtlas.Batch032.descent_717' depends on axioms: [propext, Classical.choice, Quot.sound]
'Collatz.Research.DescentAtlas.Batch032.data_721' does not depend on any axioms
'Collatz.Research.DescentAtlas.Batch032.affine_721' depends on axioms: [propext, Quot.sound]
'Collatz.Research.DescentAtlas.Batch032.descent_721' depends on axioms: [propext, Classical.choice, Quot.sound]
'Collatz.Research.DescentAtlas.Batch032.data_723' does not depend on any axioms
'Collatz.Research.DescentAtlas.Batch032.affine_723' depends on axioms: [propext, Quot.sound]
'Collatz.Research.DescentAtlas.Batch032.descent_723' depends on axioms: [propext, Classical.choice, Quot.sound]
'Collatz.Research.DescentAtlas.Batch032.data_725' does not depend on any axioms
'Collatz.Research.DescentAtlas.Batch032.affine_725' depends on axioms: [propext, Quot.sound]
'Collatz.Research.DescentAtlas.Batch032.descent_725' depends on axioms: [propext, Classical.choice, Quot.sound]
'Collatz.Research.DescentAtlas.Batch032.data_727' does not depend on any axioms
'Collatz.Research.DescentAtlas.Batch032.affine_727' depends on axioms: [propext, Quot.sound]
'Collatz.Research.DescentAtlas.Batch032.descent_727' depends on axioms: [propext, Classical.choice, Quot.sound]
'Collatz.Research.DescentAtlas.Batch032.data_729' does not depend on any axioms
'Collatz.Research.DescentAtlas.Batch032.affine_729' depends on axioms: [propext, Quot.sound]
'Collatz.Research.DescentAtlas.Batch032.descent_729' depends on axioms: [propext, Classical.choice, Quot.sound]
'Collatz.Research.DescentAtlas.Batch032.data_735' does not depend on any axioms
'Collatz.Research.DescentAtlas.Batch032.affine_735' depends on axioms: [propext, Quot.sound]
'Collatz.Research.DescentAtlas.Batch032.descent_735' depends on axioms: [propext, Classical.choice, Quot.sound]
'Collatz.Research.DescentAtlas.Batch033.data_739' does not depend on any axioms
'Collatz.Research.DescentAtlas.Batch033.affine_739' depends on axioms: [propext, Quot.sound]
'Collatz.Research.DescentAtlas.Batch033.descent_739' depends on axioms: [propext, Classical.choice, Quot.sound]
'Collatz.Research.DescentAtlas.Batch033.data_741' does not depend on any axioms
'Collatz.Research.DescentAtlas.Batch033.affine_741' depends on axioms: [propext, Quot.sound]
'Collatz.Research.DescentAtlas.Batch033.descent_741' depends on axioms: [propext, Classical.choice, Quot.sound]
'Collatz.Research.DescentAtlas.Batch033.data_747' does not depend on any axioms
'Collatz.Research.DescentAtlas.Batch033.affine_747' depends on axioms: [propext, Quot.sound]
'Collatz.Research.DescentAtlas.Batch033.descent_747' depends on axioms: [propext, Classical.choice, Quot.sound]
'Collatz.Research.DescentAtlas.Batch033.data_749' does not depend on any axioms
'Collatz.Research.DescentAtlas.Batch033.affine_749' depends on axioms: [propext, Quot.sound]
'Collatz.Research.DescentAtlas.Batch033.descent_749' depends on axioms: [propext, Classical.choice, Quot.sound]
'Collatz.Research.DescentAtlas.Batch033.data_753' does not depend on any axioms
'Collatz.Research.DescentAtlas.Batch033.affine_753' depends on axioms: [propext, Quot.sound]
'Collatz.Research.DescentAtlas.Batch033.descent_753' depends on axioms: [propext, Classical.choice, Quot.sound]
'Collatz.Research.DescentAtlas.Batch033.data_757' does not depend on any axioms
'Collatz.Research.DescentAtlas.Batch033.affine_757' depends on axioms: [propext, Quot.sound]
'Collatz.Research.DescentAtlas.Batch033.descent_757' depends on axioms: [propext, Classical.choice, Quot.sound]
'Collatz.Research.DescentAtlas.Batch033.data_761' does not depend on any axioms
'Collatz.Research.DescentAtlas.Batch033.affine_761' depends on axioms: [propext, Quot.sound]
'Collatz.Research.DescentAtlas.Batch033.descent_761' depends on axioms: [propext, Classical.choice, Quot.sound]
'Collatz.Research.DescentAtlas.Batch033.data_765' does not depend on any axioms
'Collatz.Research.DescentAtlas.Batch033.affine_765' depends on axioms: [propext, Quot.sound]
'Collatz.Research.DescentAtlas.Batch033.descent_765' depends on axioms: [propext, Classical.choice, Quot.sound]
'Collatz.Research.DescentAtlas.Batch034.data_769' does not depend on any axioms
'Collatz.Research.DescentAtlas.Batch034.affine_769' depends on axioms: [propext, Quot.sound]
'Collatz.Research.DescentAtlas.Batch034.descent_769' depends on axioms: [propext, Classical.choice, Quot.sound]
'Collatz.Research.DescentAtlas.Batch034.data_771' does not depend on any axioms
'Collatz.Research.DescentAtlas.Batch034.affine_771' depends on axioms: [propext, Quot.sound]
'Collatz.Research.DescentAtlas.Batch034.descent_771' depends on axioms: [propext, Classical.choice, Quot.sound]
'Collatz.Research.DescentAtlas.Batch034.data_773' does not depend on any axioms
'Collatz.Research.DescentAtlas.Batch034.affine_773' depends on axioms: [propext, Quot.sound]
'Collatz.Research.DescentAtlas.Batch034.descent_773' depends on axioms: [propext, Classical.choice, Quot.sound]
'Collatz.Research.DescentAtlas.Batch034.data_777' does not depend on any axioms
'Collatz.Research.DescentAtlas.Batch034.affine_777' depends on axioms: [propext, Quot.sound]
'Collatz.Research.DescentAtlas.Batch034.descent_777' depends on axioms: [propext, Classical.choice, Quot.sound]
'Collatz.Research.DescentAtlas.Batch034.data_779' does not depend on any axioms
'Collatz.Research.DescentAtlas.Batch034.affine_779' depends on axioms: [propext, Quot.sound]
'Collatz.Research.DescentAtlas.Batch034.descent_779' depends on axioms: [propext, Classical.choice, Quot.sound]
'Collatz.Research.DescentAtlas.Batch034.data_781' does not depend on any axioms
'Collatz.Research.DescentAtlas.Batch034.affine_781' depends on axioms: [propext, Quot.sound]
'Collatz.Research.DescentAtlas.Batch034.descent_781' depends on axioms: [propext, Classical.choice, Quot.sound]
'Collatz.Research.DescentAtlas.Batch034.data_783' does not depend on any axioms
'Collatz.Research.DescentAtlas.Batch034.affine_783' depends on axioms: [propext, Quot.sound]
'Collatz.Research.DescentAtlas.Batch034.descent_783' depends on axioms: [propext, Classical.choice, Quot.sound]
'Collatz.Research.DescentAtlas.Batch034.data_785' does not depend on any axioms
'Collatz.Research.DescentAtlas.Batch034.affine_785' depends on axioms: [propext, Quot.sound]
'Collatz.Research.DescentAtlas.Batch034.descent_785' depends on axioms: [propext, Classical.choice, Quot.sound]
'Collatz.Research.DescentAtlas.Batch035.data_787' does not depend on any axioms
'Collatz.Research.DescentAtlas.Batch035.affine_787' depends on axioms: [propext, Quot.sound]
'Collatz.Research.DescentAtlas.Batch035.descent_787' depends on axioms: [propext, Classical.choice, Quot.sound]
'Collatz.Research.DescentAtlas.Batch035.data_789' does not depend on any axioms
'Collatz.Research.DescentAtlas.Batch035.affine_789' depends on axioms: [propext, Quot.sound]
'Collatz.Research.DescentAtlas.Batch035.descent_789' depends on axioms: [propext, Classical.choice, Quot.sound]
'Collatz.Research.DescentAtlas.Batch035.data_791' does not depend on any axioms
'Collatz.Research.DescentAtlas.Batch035.affine_791' depends on axioms: [propext, Quot.sound]
'Collatz.Research.DescentAtlas.Batch035.descent_791' depends on axioms: [propext, Classical.choice, Quot.sound]
'Collatz.Research.DescentAtlas.Batch035.data_793' does not depend on any axioms
'Collatz.Research.DescentAtlas.Batch035.affine_793' depends on axioms: [propext, Quot.sound]
'Collatz.Research.DescentAtlas.Batch035.descent_793' depends on axioms: [propext, Classical.choice, Quot.sound]
'Collatz.Research.DescentAtlas.Batch035.data_797' does not depend on any axioms
'Collatz.Research.DescentAtlas.Batch035.affine_797' depends on axioms: [propext, Quot.sound]
'Collatz.Research.DescentAtlas.Batch035.descent_797' depends on axioms: [propext, Classical.choice, Quot.sound]
'Collatz.Research.DescentAtlas.Batch035.data_803' does not depend on any axioms
'Collatz.Research.DescentAtlas.Batch035.affine_803' depends on axioms: [propext, Quot.sound]
'Collatz.Research.DescentAtlas.Batch035.descent_803' depends on axioms: [propext, Classical.choice, Quot.sound]
'Collatz.Research.DescentAtlas.Batch035.data_805' does not depend on any axioms
'Collatz.Research.DescentAtlas.Batch035.affine_805' depends on axioms: [propext, Quot.sound]
'Collatz.Research.DescentAtlas.Batch035.descent_805' depends on axioms: [propext, Classical.choice, Quot.sound]
'Collatz.Research.DescentAtlas.Batch035.data_809' does not depend on any axioms
'Collatz.Research.DescentAtlas.Batch035.affine_809' depends on axioms: [propext, Quot.sound]
'Collatz.Research.DescentAtlas.Batch035.descent_809' depends on axioms: [propext, Classical.choice, Quot.sound]
'Collatz.Research.DescentAtlas.Batch036.data_811' does not depend on any axioms
'Collatz.Research.DescentAtlas.Batch036.affine_811' depends on axioms: [propext, Quot.sound]
'Collatz.Research.DescentAtlas.Batch036.descent_811' depends on axioms: [propext, Classical.choice, Quot.sound]
'Collatz.Research.DescentAtlas.Batch036.data_813' does not depend on any axioms
'Collatz.Research.DescentAtlas.Batch036.affine_813' depends on axioms: [propext, Quot.sound]
'Collatz.Research.DescentAtlas.Batch036.descent_813' depends on axioms: [propext, Classical.choice, Quot.sound]
'Collatz.Research.DescentAtlas.Batch036.data_815' does not depend on any axioms
'Collatz.Research.DescentAtlas.Batch036.affine_815' depends on axioms: [propext, Quot.sound]
'Collatz.Research.DescentAtlas.Batch036.descent_815' depends on axioms: [propext, Classical.choice, Quot.sound]
'Collatz.Research.DescentAtlas.Batch036.data_817' does not depend on any axioms
'Collatz.Research.DescentAtlas.Batch036.affine_817' depends on axioms: [propext, Quot.sound]
'Collatz.Research.DescentAtlas.Batch036.descent_817' depends on axioms: [propext, Classical.choice, Quot.sound]
'Collatz.Research.DescentAtlas.Batch036.data_819' does not depend on any axioms
'Collatz.Research.DescentAtlas.Batch036.affine_819' depends on axioms: [propext, Quot.sound]
'Collatz.Research.DescentAtlas.Batch036.descent_819' depends on axioms: [propext, Classical.choice, Quot.sound]
'Collatz.Research.DescentAtlas.Batch036.data_821' does not depend on any axioms
'Collatz.Research.DescentAtlas.Batch036.affine_821' depends on axioms: [propext, Quot.sound]
'Collatz.Research.DescentAtlas.Batch036.descent_821' depends on axioms: [propext, Classical.choice, Quot.sound]
'Collatz.Research.DescentAtlas.Batch036.data_825' does not depend on any axioms
'Collatz.Research.DescentAtlas.Batch036.affine_825' depends on axioms: [propext, Quot.sound]
'Collatz.Research.DescentAtlas.Batch036.descent_825' depends on axioms: [propext, Classical.choice, Quot.sound]
'Collatz.Research.DescentAtlas.Batch036.data_827' does not depend on any axioms
'Collatz.Research.DescentAtlas.Batch036.affine_827' depends on axioms: [propext, Quot.sound]
'Collatz.Research.DescentAtlas.Batch036.descent_827' depends on axioms: [propext, Classical.choice, Quot.sound]
'Collatz.Research.DescentAtlas.Batch037.data_829' does not depend on any axioms
'Collatz.Research.DescentAtlas.Batch037.affine_829' depends on axioms: [propext, Quot.sound]
'Collatz.Research.DescentAtlas.Batch037.descent_829' depends on axioms: [propext, Classical.choice, Quot.sound]
'Collatz.Research.DescentAtlas.Batch037.data_833' does not depend on any axioms
'Collatz.Research.DescentAtlas.Batch037.affine_833' depends on axioms: [propext, Quot.sound]
'Collatz.Research.DescentAtlas.Batch037.descent_833' depends on axioms: [propext, Classical.choice, Quot.sound]
'Collatz.Research.DescentAtlas.Batch037.data_835' does not depend on any axioms
'Collatz.Research.DescentAtlas.Batch037.affine_835' depends on axioms: [propext, Quot.sound]
'Collatz.Research.DescentAtlas.Batch037.descent_835' depends on axioms: [propext, Classical.choice, Quot.sound]
'Collatz.Research.DescentAtlas.Batch037.data_837' does not depend on any axioms
'Collatz.Research.DescentAtlas.Batch037.affine_837' depends on axioms: [propext, Quot.sound]
'Collatz.Research.DescentAtlas.Batch037.descent_837' depends on axioms: [propext, Classical.choice, Quot.sound]
'Collatz.Research.DescentAtlas.Batch037.data_841' does not depend on any axioms
'Collatz.Research.DescentAtlas.Batch037.affine_841' depends on axioms: [propext, Quot.sound]
'Collatz.Research.DescentAtlas.Batch037.descent_841' depends on axioms: [propext, Classical.choice, Quot.sound]
'Collatz.Research.DescentAtlas.Batch037.data_843' does not depend on any axioms
'Collatz.Research.DescentAtlas.Batch037.affine_843' depends on axioms: [propext, Quot.sound]
'Collatz.Research.DescentAtlas.Batch037.descent_843' depends on axioms: [propext, Classical.choice, Quot.sound]
'Collatz.Research.DescentAtlas.Batch037.data_845' does not depend on any axioms
'Collatz.Research.DescentAtlas.Batch037.affine_845' depends on axioms: [propext, Quot.sound]
'Collatz.Research.DescentAtlas.Batch037.descent_845' depends on axioms: [propext, Classical.choice, Quot.sound]
'Collatz.Research.DescentAtlas.Batch037.data_847' does not depend on any axioms
'Collatz.Research.DescentAtlas.Batch037.affine_847' depends on axioms: [propext, Quot.sound]
'Collatz.Research.DescentAtlas.Batch037.descent_847' depends on axioms: [propext, Classical.choice, Quot.sound]
'Collatz.Research.DescentAtlas.Batch038.data_853' does not depend on any axioms
'Collatz.Research.DescentAtlas.Batch038.affine_853' depends on axioms: [propext, Quot.sound]
'Collatz.Research.DescentAtlas.Batch038.descent_853' depends on axioms: [propext, Classical.choice, Quot.sound]
'Collatz.Research.DescentAtlas.Batch038.data_855' does not depend on any axioms
'Collatz.Research.DescentAtlas.Batch038.affine_855' depends on axioms: [propext, Quot.sound]
'Collatz.Research.DescentAtlas.Batch038.descent_855' depends on axioms: [propext, Classical.choice, Quot.sound]
'Collatz.Research.DescentAtlas.Batch038.data_857' does not depend on any axioms
'Collatz.Research.DescentAtlas.Batch038.affine_857' depends on axioms: [propext, Quot.sound]
'Collatz.Research.DescentAtlas.Batch038.descent_857' depends on axioms: [propext, Classical.choice, Quot.sound]
'Collatz.Research.DescentAtlas.Batch038.data_861' does not depend on any axioms
'Collatz.Research.DescentAtlas.Batch038.affine_861' depends on axioms: [propext, Quot.sound]
'Collatz.Research.DescentAtlas.Batch038.descent_861' depends on axioms: [propext, Classical.choice, Quot.sound]
'Collatz.Research.DescentAtlas.Batch038.data_863' does not depend on any axioms
'Collatz.Research.DescentAtlas.Batch038.affine_863' depends on axioms: [propext, Quot.sound]
'Collatz.Research.DescentAtlas.Batch038.descent_863' depends on axioms: [propext, Classical.choice, Quot.sound]
'Collatz.Research.DescentAtlas.Batch038.data_867' does not depend on any axioms
'Collatz.Research.DescentAtlas.Batch038.affine_867' depends on axioms: [propext, Quot.sound]
'Collatz.Research.DescentAtlas.Batch038.descent_867' depends on axioms: [propext, Classical.choice, Quot.sound]
'Collatz.Research.DescentAtlas.Batch038.data_869' does not depend on any axioms
'Collatz.Research.DescentAtlas.Batch038.affine_869' depends on axioms: [propext, Quot.sound]
'Collatz.Research.DescentAtlas.Batch038.descent_869' depends on axioms: [propext, Classical.choice, Quot.sound]
'Collatz.Research.DescentAtlas.Batch038.data_875' does not depend on any axioms
'Collatz.Research.DescentAtlas.Batch038.affine_875' depends on axioms: [propext, Quot.sound]
'Collatz.Research.DescentAtlas.Batch038.descent_875' depends on axioms: [propext, Classical.choice, Quot.sound]
'Collatz.Research.DescentAtlas.Batch039.data_877' does not depend on any axioms
'Collatz.Research.DescentAtlas.Batch039.affine_877' depends on axioms: [propext, Quot.sound]
'Collatz.Research.DescentAtlas.Batch039.descent_877' depends on axioms: [propext, Classical.choice, Quot.sound]
'Collatz.Research.DescentAtlas.Batch039.data_879' does not depend on any axioms
'Collatz.Research.DescentAtlas.Batch039.affine_879' depends on axioms: [propext, Quot.sound]
'Collatz.Research.DescentAtlas.Batch039.descent_879' depends on axioms: [propext, Classical.choice, Quot.sound]
'Collatz.Research.DescentAtlas.Batch039.data_881' does not depend on any axioms
'Collatz.Research.DescentAtlas.Batch039.affine_881' depends on axioms: [propext, Quot.sound]
'Collatz.Research.DescentAtlas.Batch039.descent_881' depends on axioms: [propext, Classical.choice, Quot.sound]
'Collatz.Research.DescentAtlas.Batch039.data_883' does not depend on any axioms
'Collatz.Research.DescentAtlas.Batch039.affine_883' depends on axioms: [propext, Quot.sound]
'Collatz.Research.DescentAtlas.Batch039.descent_883' depends on axioms: [propext, Classical.choice, Quot.sound]
'Collatz.Research.DescentAtlas.Batch039.data_885' does not depend on any axioms
'Collatz.Research.DescentAtlas.Batch039.affine_885' depends on axioms: [propext, Quot.sound]
'Collatz.Research.DescentAtlas.Batch039.descent_885' depends on axioms: [propext, Classical.choice, Quot.sound]
'Collatz.Research.DescentAtlas.Batch039.data_887' does not depend on any axioms
'Collatz.Research.DescentAtlas.Batch039.affine_887' depends on axioms: [propext, Quot.sound]
'Collatz.Research.DescentAtlas.Batch039.descent_887' depends on axioms: [propext, Classical.choice, Quot.sound]
'Collatz.Research.DescentAtlas.Batch039.data_897' does not depend on any axioms
'Collatz.Research.DescentAtlas.Batch039.affine_897' depends on axioms: [propext, Quot.sound]
'Collatz.Research.DescentAtlas.Batch039.descent_897' depends on axioms: [propext, Classical.choice, Quot.sound]
'Collatz.Research.DescentAtlas.Batch039.data_899' does not depend on any axioms
'Collatz.Research.DescentAtlas.Batch039.affine_899' depends on axioms: [propext, Quot.sound]
'Collatz.Research.DescentAtlas.Batch039.descent_899' depends on axioms: [propext, Classical.choice, Quot.sound]
'Collatz.Research.DescentAtlas.Batch040.data_903' does not depend on any axioms
'Collatz.Research.DescentAtlas.Batch040.affine_903' depends on axioms: [propext, Quot.sound]
'Collatz.Research.DescentAtlas.Batch040.descent_903' depends on axioms: [propext, Classical.choice, Quot.sound]
'Collatz.Research.DescentAtlas.Batch040.data_909' does not depend on any axioms
'Collatz.Research.DescentAtlas.Batch040.affine_909' depends on axioms: [propext, Quot.sound]
'Collatz.Research.DescentAtlas.Batch040.descent_909' depends on axioms: [propext, Classical.choice, Quot.sound]
'Collatz.Research.DescentAtlas.Batch040.data_911' does not depend on any axioms
'Collatz.Research.DescentAtlas.Batch040.affine_911' depends on axioms: [propext, Quot.sound]
'Collatz.Research.DescentAtlas.Batch040.descent_911' depends on axioms: [propext, Classical.choice, Quot.sound]
'Collatz.Research.DescentAtlas.Batch040.data_913' does not depend on any axioms
'Collatz.Research.DescentAtlas.Batch040.affine_913' depends on axioms: [propext, Quot.sound]
'Collatz.Research.DescentAtlas.Batch040.descent_913' depends on axioms: [propext, Classical.choice, Quot.sound]
'Collatz.Research.DescentAtlas.Batch040.data_915' does not depend on any axioms
'Collatz.Research.DescentAtlas.Batch040.affine_915' depends on axioms: [propext, Quot.sound]
'Collatz.Research.DescentAtlas.Batch040.descent_915' depends on axioms: [propext, Classical.choice, Quot.sound]
'Collatz.Research.DescentAtlas.Batch040.data_917' does not depend on any axioms
'Collatz.Research.DescentAtlas.Batch040.affine_917' depends on axioms: [propext, Quot.sound]
'Collatz.Research.DescentAtlas.Batch040.descent_917' depends on axioms: [propext, Classical.choice, Quot.sound]
'Collatz.Research.DescentAtlas.Batch040.data_919' does not depend on any axioms
'Collatz.Research.DescentAtlas.Batch040.affine_919' depends on axioms: [propext, Quot.sound]
'Collatz.Research.DescentAtlas.Batch040.descent_919' depends on axioms: [propext, Classical.choice, Quot.sound]
'Collatz.Research.DescentAtlas.Batch040.data_921' does not depend on any axioms
'Collatz.Research.DescentAtlas.Batch040.affine_921' depends on axioms: [propext, Quot.sound]
'Collatz.Research.DescentAtlas.Batch040.descent_921' depends on axioms: [propext, Classical.choice, Quot.sound]
'Collatz.Research.DescentAtlas.Batch041.data_923' does not depend on any axioms
'Collatz.Research.DescentAtlas.Batch041.affine_923' depends on axioms: [propext, Quot.sound]
'Collatz.Research.DescentAtlas.Batch041.descent_923' depends on axioms: [propext, Classical.choice, Quot.sound]
'Collatz.Research.DescentAtlas.Batch041.data_925' does not depend on any axioms
'Collatz.Research.DescentAtlas.Batch041.affine_925' depends on axioms: [propext, Quot.sound]
'Collatz.Research.DescentAtlas.Batch041.descent_925' depends on axioms: [propext, Classical.choice, Quot.sound]
'Collatz.Research.DescentAtlas.Batch041.data_929' does not depend on any axioms
'Collatz.Research.DescentAtlas.Batch041.affine_929' depends on axioms: [propext, Quot.sound]
'Collatz.Research.DescentAtlas.Batch041.descent_929' depends on axioms: [propext, Classical.choice, Quot.sound]
'Collatz.Research.DescentAtlas.Batch041.data_931' does not depend on any axioms
'Collatz.Research.DescentAtlas.Batch041.affine_931' depends on axioms: [propext, Quot.sound]
'Collatz.Research.DescentAtlas.Batch041.descent_931' depends on axioms: [propext, Classical.choice, Quot.sound]
'Collatz.Research.DescentAtlas.Batch041.data_933' does not depend on any axioms
'Collatz.Research.DescentAtlas.Batch041.affine_933' depends on axioms: [propext, Quot.sound]
'Collatz.Research.DescentAtlas.Batch041.descent_933' depends on axioms: [propext, Classical.choice, Quot.sound]
'Collatz.Research.DescentAtlas.Batch041.data_935' does not depend on any axioms
'Collatz.Research.DescentAtlas.Batch041.affine_935' depends on axioms: [propext, Quot.sound]
'Collatz.Research.DescentAtlas.Batch041.descent_935' depends on axioms: [propext, Classical.choice, Quot.sound]
'Collatz.Research.DescentAtlas.Batch041.data_941' does not depend on any axioms
'Collatz.Research.DescentAtlas.Batch041.affine_941' depends on axioms: [propext, Quot.sound]
'Collatz.Research.DescentAtlas.Batch041.descent_941' depends on axioms: [propext, Classical.choice, Quot.sound]
'Collatz.Research.DescentAtlas.Batch041.data_943' does not depend on any axioms
'Collatz.Research.DescentAtlas.Batch041.affine_943' depends on axioms: [propext, Quot.sound]
'Collatz.Research.DescentAtlas.Batch041.descent_943' depends on axioms: [propext, Classical.choice, Quot.sound]
'Collatz.Research.DescentAtlas.Batch042.data_945' does not depend on any axioms
'Collatz.Research.DescentAtlas.Batch042.affine_945' depends on axioms: [propext, Quot.sound]
'Collatz.Research.DescentAtlas.Batch042.descent_945' depends on axioms: [propext, Classical.choice, Quot.sound]
'Collatz.Research.DescentAtlas.Batch042.data_947' does not depend on any axioms
'Collatz.Research.DescentAtlas.Batch042.affine_947' depends on axioms: [propext, Quot.sound]
'Collatz.Research.DescentAtlas.Batch042.descent_947' depends on axioms: [propext, Classical.choice, Quot.sound]
'Collatz.Research.DescentAtlas.Batch042.data_949' does not depend on any axioms
'Collatz.Research.DescentAtlas.Batch042.affine_949' depends on axioms: [propext, Quot.sound]
'Collatz.Research.DescentAtlas.Batch042.descent_949' depends on axioms: [propext, Classical.choice, Quot.sound]
'Collatz.Research.DescentAtlas.Batch042.data_951' does not depend on any axioms
'Collatz.Research.DescentAtlas.Batch042.affine_951' depends on axioms: [propext, Quot.sound]
'Collatz.Research.DescentAtlas.Batch042.descent_951' depends on axioms: [propext, Classical.choice, Quot.sound]
'Collatz.Research.DescentAtlas.Batch042.data_953' does not depend on any axioms
'Collatz.Research.DescentAtlas.Batch042.affine_953' depends on axioms: [propext, Quot.sound]
'Collatz.Research.DescentAtlas.Batch042.descent_953' depends on axioms: [propext, Classical.choice, Quot.sound]
'Collatz.Research.DescentAtlas.Batch042.data_955' does not depend on any axioms
'Collatz.Research.DescentAtlas.Batch042.affine_955' depends on axioms: [propext, Quot.sound]
'Collatz.Research.DescentAtlas.Batch042.descent_955' depends on axioms: [propext, Classical.choice, Quot.sound]
'Collatz.Research.DescentAtlas.Batch042.data_961' does not depend on any axioms
'Collatz.Research.DescentAtlas.Batch042.affine_961' depends on axioms: [propext, Quot.sound]
'Collatz.Research.DescentAtlas.Batch042.descent_961' depends on axioms: [propext, Classical.choice, Quot.sound]
'Collatz.Research.DescentAtlas.Batch042.data_963' does not depend on any axioms
'Collatz.Research.DescentAtlas.Batch042.affine_963' depends on axioms: [propext, Quot.sound]
'Collatz.Research.DescentAtlas.Batch042.descent_963' depends on axioms: [propext, Classical.choice, Quot.sound]
'Collatz.Research.DescentAtlas.Batch043.data_965' does not depend on any axioms
'Collatz.Research.DescentAtlas.Batch043.affine_965' depends on axioms: [propext, Quot.sound]
'Collatz.Research.DescentAtlas.Batch043.descent_965' depends on axioms: [propext, Classical.choice, Quot.sound]
'Collatz.Research.DescentAtlas.Batch043.data_967' does not depend on any axioms
'Collatz.Research.DescentAtlas.Batch043.affine_967' depends on axioms: [propext, Quot.sound]
'Collatz.Research.DescentAtlas.Batch043.descent_967' depends on axioms: [propext, Classical.choice, Quot.sound]
'Collatz.Research.DescentAtlas.Batch043.data_969' does not depend on any axioms
'Collatz.Research.DescentAtlas.Batch043.affine_969' depends on axioms: [propext, Quot.sound]
'Collatz.Research.DescentAtlas.Batch043.descent_969' depends on axioms: [propext, Classical.choice, Quot.sound]
'Collatz.Research.DescentAtlas.Batch043.data_971' does not depend on any axioms
'Collatz.Research.DescentAtlas.Batch043.affine_971' depends on axioms: [propext, Quot.sound]
'Collatz.Research.DescentAtlas.Batch043.descent_971' depends on axioms: [propext, Classical.choice, Quot.sound]
'Collatz.Research.DescentAtlas.Batch043.data_973' does not depend on any axioms
'Collatz.Research.DescentAtlas.Batch043.affine_973' depends on axioms: [propext, Quot.sound]
'Collatz.Research.DescentAtlas.Batch043.descent_973' depends on axioms: [propext, Classical.choice, Quot.sound]
'Collatz.Research.DescentAtlas.Batch043.data_977' does not depend on any axioms
'Collatz.Research.DescentAtlas.Batch043.affine_977' depends on axioms: [propext, Quot.sound]
'Collatz.Research.DescentAtlas.Batch043.descent_977' depends on axioms: [propext, Classical.choice, Quot.sound]
'Collatz.Research.DescentAtlas.Batch043.data_979' does not depend on any axioms
'Collatz.Research.DescentAtlas.Batch043.affine_979' depends on axioms: [propext, Quot.sound]
'Collatz.Research.DescentAtlas.Batch043.descent_979' depends on axioms: [propext, Classical.choice, Quot.sound]
'Collatz.Research.DescentAtlas.Batch043.data_981' does not depend on any axioms
'Collatz.Research.DescentAtlas.Batch043.affine_981' depends on axioms: [propext, Quot.sound]
'Collatz.Research.DescentAtlas.Batch043.descent_981' depends on axioms: [propext, Classical.choice, Quot.sound]
'Collatz.Research.DescentAtlas.Batch044.data_985' does not depend on any axioms
'Collatz.Research.DescentAtlas.Batch044.affine_985' depends on axioms: [propext, Quot.sound]
'Collatz.Research.DescentAtlas.Batch044.descent_985' depends on axioms: [propext, Classical.choice, Quot.sound]
'Collatz.Research.DescentAtlas.Batch044.data_987' does not depend on any axioms
'Collatz.Research.DescentAtlas.Batch044.affine_987' depends on axioms: [propext, Quot.sound]
'Collatz.Research.DescentAtlas.Batch044.descent_987' depends on axioms: [propext, Classical.choice, Quot.sound]
'Collatz.Research.DescentAtlas.Batch044.data_989' does not depend on any axioms
'Collatz.Research.DescentAtlas.Batch044.affine_989' depends on axioms: [propext, Quot.sound]
'Collatz.Research.DescentAtlas.Batch044.descent_989' depends on axioms: [propext, Classical.choice, Quot.sound]
'Collatz.Research.DescentAtlas.Batch044.data_995' does not depend on any axioms
'Collatz.Research.DescentAtlas.Batch044.affine_995' depends on axioms: [propext, Quot.sound]
'Collatz.Research.DescentAtlas.Batch044.descent_995' depends on axioms: [propext, Classical.choice, Quot.sound]
'Collatz.Research.DescentAtlas.Batch044.data_997' does not depend on any axioms
'Collatz.Research.DescentAtlas.Batch044.affine_997' depends on axioms: [propext, Quot.sound]
'Collatz.Research.DescentAtlas.Batch044.descent_997' depends on axioms: [propext, Classical.choice, Quot.sound]
'Collatz.Research.DescentAtlas.Batch044.data_999' does not depend on any axioms
'Collatz.Research.DescentAtlas.Batch044.affine_999' depends on axioms: [propext, Quot.sound]
'Collatz.Research.DescentAtlas.Batch044.descent_999' depends on axioms: [propext, Classical.choice, Quot.sound]
'Collatz.Research.DescentAtlas.Batch044.data_1009' does not depend on any axioms
'Collatz.Research.DescentAtlas.Batch044.affine_1009' depends on axioms: [propext, Quot.sound]
'Collatz.Research.DescentAtlas.Batch044.descent_1009' depends on axioms: [propext, Classical.choice, Quot.sound]
'Collatz.Research.DescentAtlas.Batch044.data_1011' does not depend on any axioms
'Collatz.Research.DescentAtlas.Batch044.affine_1011' depends on axioms: [propext, Quot.sound]
'Collatz.Research.DescentAtlas.Batch044.descent_1011' depends on axioms: [propext, Classical.choice, Quot.sound]
'Collatz.Research.DescentAtlas.Batch045.data_1013' does not depend on any axioms
'Collatz.Research.DescentAtlas.Batch045.affine_1013' depends on axioms: [propext, Quot.sound]
'Collatz.Research.DescentAtlas.Batch045.descent_1013' depends on axioms: [propext, Classical.choice, Quot.sound]
'Collatz.Research.DescentAtlas.Batch045.data_1015' does not depend on any axioms
'Collatz.Research.DescentAtlas.Batch045.affine_1015' depends on axioms: [propext, Quot.sound]
'Collatz.Research.DescentAtlas.Batch045.descent_1015' depends on axioms: [propext, Classical.choice, Quot.sound]
'Collatz.Research.DescentAtlas.Batch045.data_1019' does not depend on any axioms
'Collatz.Research.DescentAtlas.Batch045.affine_1019' depends on axioms: [propext, Quot.sound]
'Collatz.Research.DescentAtlas.Batch045.descent_1019' depends on axioms: [propext, Classical.choice, Quot.sound]
'Collatz.Research.DescentAtlas.Batch045.data_1021' does not depend on any axioms
'Collatz.Research.DescentAtlas.Batch045.affine_1021' depends on axioms: [propext, Quot.sound]
'Collatz.Research.DescentAtlas.Batch045.descent_1021' depends on axioms: [propext, Classical.choice, Quot.sound]
'Collatz.Research.DescentAtlas.Batch045.data_1025' does not depend on any axioms
'Collatz.Research.DescentAtlas.Batch045.affine_1025' depends on axioms: [propext, Quot.sound]
'Collatz.Research.DescentAtlas.Batch045.descent_1025' depends on axioms: [propext, Classical.choice, Quot.sound]
'Collatz.Research.DescentAtlas.Batch045.data_1027' does not depend on any axioms
'Collatz.Research.DescentAtlas.Batch045.affine_1027' depends on axioms: [propext, Quot.sound]
'Collatz.Research.DescentAtlas.Batch045.descent_1027' depends on axioms: [propext, Classical.choice, Quot.sound]
'Collatz.Research.DescentAtlas.Batch045.data_1029' does not depend on any axioms
'Collatz.Research.DescentAtlas.Batch045.affine_1029' depends on axioms: [propext, Quot.sound]
'Collatz.Research.DescentAtlas.Batch045.descent_1029' depends on axioms: [propext, Classical.choice, Quot.sound]
'Collatz.Research.DescentAtlas.Batch045.data_1031' does not depend on any axioms
'Collatz.Research.DescentAtlas.Batch045.affine_1031' depends on axioms: [propext, Quot.sound]
'Collatz.Research.DescentAtlas.Batch045.descent_1031' depends on axioms: [propext, Classical.choice, Quot.sound]
'Collatz.Research.DescentAtlas.Batch046.data_1033' does not depend on any axioms
'Collatz.Research.DescentAtlas.Batch046.affine_1033' depends on axioms: [propext, Quot.sound]
'Collatz.Research.DescentAtlas.Batch046.descent_1033' depends on axioms: [propext, Classical.choice, Quot.sound]
'Collatz.Research.DescentAtlas.Batch046.data_1035' does not depend on any axioms
'Collatz.Research.DescentAtlas.Batch046.affine_1035' depends on axioms: [propext, Quot.sound]
'Collatz.Research.DescentAtlas.Batch046.descent_1035' depends on axioms: [propext, Classical.choice, Quot.sound]
'Collatz.Research.DescentAtlas.Batch046.data_1037' does not depend on any axioms
'Collatz.Research.DescentAtlas.Batch046.affine_1037' depends on axioms: [propext, Quot.sound]
'Collatz.Research.DescentAtlas.Batch046.descent_1037' depends on axioms: [propext, Classical.choice, Quot.sound]
'Collatz.Research.DescentAtlas.Batch046.data_1039' does not depend on any axioms
'Collatz.Research.DescentAtlas.Batch046.affine_1039' depends on axioms: [propext, Quot.sound]
'Collatz.Research.DescentAtlas.Batch046.descent_1039' depends on axioms: [propext, Classical.choice, Quot.sound]
'Collatz.Research.DescentAtlas.Batch046.data_1041' does not depend on any axioms
'Collatz.Research.DescentAtlas.Batch046.affine_1041' depends on axioms: [propext, Quot.sound]
'Collatz.Research.DescentAtlas.Batch046.descent_1041' depends on axioms: [propext, Classical.choice, Quot.sound]
'Collatz.Research.DescentAtlas.Batch046.data_1043' does not depend on any axioms
'Collatz.Research.DescentAtlas.Batch046.affine_1043' depends on axioms: [propext, Quot.sound]
'Collatz.Research.DescentAtlas.Batch046.descent_1043' depends on axioms: [propext, Classical.choice, Quot.sound]
'Collatz.Research.DescentAtlas.Batch046.data_1045' does not depend on any axioms
'Collatz.Research.DescentAtlas.Batch046.affine_1045' depends on axioms: [propext, Quot.sound]
'Collatz.Research.DescentAtlas.Batch046.descent_1045' depends on axioms: [propext, Classical.choice, Quot.sound]
'Collatz.Research.DescentAtlas.Batch046.data_1047' does not depend on any axioms
'Collatz.Research.DescentAtlas.Batch046.affine_1047' depends on axioms: [propext, Quot.sound]
'Collatz.Research.DescentAtlas.Batch046.descent_1047' depends on axioms: [propext, Classical.choice, Quot.sound]
'Collatz.Research.DescentAtlas.Batch047.data_1049' does not depend on any axioms
'Collatz.Research.DescentAtlas.Batch047.affine_1049' depends on axioms: [propext, Quot.sound]
'Collatz.Research.DescentAtlas.Batch047.descent_1049' depends on axioms: [propext, Classical.choice, Quot.sound]
'Collatz.Research.DescentAtlas.Batch047.data_1053' does not depend on any axioms
'Collatz.Research.DescentAtlas.Batch047.affine_1053' depends on axioms: [propext, Quot.sound]
'Collatz.Research.DescentAtlas.Batch047.descent_1053' depends on axioms: [propext, Classical.choice, Quot.sound]
'Collatz.Research.DescentAtlas.Batch047.data_1057' does not depend on any axioms
'Collatz.Research.DescentAtlas.Batch047.affine_1057' depends on axioms: [propext, Quot.sound]
'Collatz.Research.DescentAtlas.Batch047.descent_1057' depends on axioms: [propext, Classical.choice, Quot.sound]
'Collatz.Research.DescentAtlas.Batch047.data_1059' does not depend on any axioms
'Collatz.Research.DescentAtlas.Batch047.affine_1059' depends on axioms: [propext, Quot.sound]
'Collatz.Research.DescentAtlas.Batch047.descent_1059' depends on axioms: [propext, Classical.choice, Quot.sound]
'Collatz.Research.DescentAtlas.Batch047.data_1061' does not depend on any axioms
'Collatz.Research.DescentAtlas.Batch047.affine_1061' depends on axioms: [propext, Quot.sound]
'Collatz.Research.DescentAtlas.Batch047.descent_1061' depends on axioms: [propext, Classical.choice, Quot.sound]
'Collatz.Research.DescentAtlas.Batch047.data_1063' does not depend on any axioms
'Collatz.Research.DescentAtlas.Batch047.affine_1063' depends on axioms: [propext, Quot.sound]
'Collatz.Research.DescentAtlas.Batch047.descent_1063' depends on axioms: [propext, Classical.choice, Quot.sound]
'Collatz.Research.DescentAtlas.Batch047.data_1067' does not depend on any axioms
'Collatz.Research.DescentAtlas.Batch047.affine_1067' depends on axioms: [propext, Quot.sound]
'Collatz.Research.DescentAtlas.Batch047.descent_1067' depends on axioms: [propext, Classical.choice, Quot.sound]
'Collatz.Research.DescentAtlas.Batch047.data_1069' does not depend on any axioms
'Collatz.Research.DescentAtlas.Batch047.affine_1069' depends on axioms: [propext, Quot.sound]
'Collatz.Research.DescentAtlas.Batch047.descent_1069' depends on axioms: [propext, Classical.choice, Quot.sound]
'Collatz.Research.DescentAtlas.Batch048.data_1073' does not depend on any axioms
'Collatz.Research.DescentAtlas.Batch048.affine_1073' depends on axioms: [propext, Quot.sound]
'Collatz.Research.DescentAtlas.Batch048.descent_1073' depends on axioms: [propext, Classical.choice, Quot.sound]
'Collatz.Research.DescentAtlas.Batch048.data_1075' does not depend on any axioms
'Collatz.Research.DescentAtlas.Batch048.affine_1075' depends on axioms: [propext, Quot.sound]
'Collatz.Research.DescentAtlas.Batch048.descent_1075' depends on axioms: [propext, Classical.choice, Quot.sound]
'Collatz.Research.DescentAtlas.Batch048.data_1077' does not depend on any axioms
'Collatz.Research.DescentAtlas.Batch048.affine_1077' depends on axioms: [propext, Quot.sound]
'Collatz.Research.DescentAtlas.Batch048.descent_1077' depends on axioms: [propext, Classical.choice, Quot.sound]
'Collatz.Research.DescentAtlas.Batch048.data_1079' does not depend on any axioms
'Collatz.Research.DescentAtlas.Batch048.affine_1079' depends on axioms: [propext, Quot.sound]
'Collatz.Research.DescentAtlas.Batch048.descent_1079' depends on axioms: [propext, Classical.choice, Quot.sound]
'Collatz.Research.DescentAtlas.Batch048.data_1081' does not depend on any axioms
'Collatz.Research.DescentAtlas.Batch048.affine_1081' depends on axioms: [propext, Quot.sound]
'Collatz.Research.DescentAtlas.Batch048.descent_1081' depends on axioms: [propext, Classical.choice, Quot.sound]
'Collatz.Research.DescentAtlas.Batch048.data_1083' does not depend on any axioms
'Collatz.Research.DescentAtlas.Batch048.affine_1083' depends on axioms: [propext, Quot.sound]
'Collatz.Research.DescentAtlas.Batch048.descent_1083' depends on axioms: [propext, Classical.choice, Quot.sound]
'Collatz.Research.DescentAtlas.Batch048.data_1085' does not depend on any axioms
'Collatz.Research.DescentAtlas.Batch048.affine_1085' depends on axioms: [propext, Quot.sound]
'Collatz.Research.DescentAtlas.Batch048.descent_1085' depends on axioms: [propext, Classical.choice, Quot.sound]
'Collatz.Research.DescentAtlas.Batch048.data_1087' does not depend on any axioms
'Collatz.Research.DescentAtlas.Batch048.affine_1087' depends on axioms: [propext, Quot.sound]
'Collatz.Research.DescentAtlas.Batch048.descent_1087' depends on axioms: [propext, Classical.choice, Quot.sound]
'Collatz.Research.DescentAtlas.Batch049.data_1089' does not depend on any axioms
'Collatz.Research.DescentAtlas.Batch049.affine_1089' depends on axioms: [propext, Quot.sound]
'Collatz.Research.DescentAtlas.Batch049.descent_1089' depends on axioms: [propext, Classical.choice, Quot.sound]
'Collatz.Research.DescentAtlas.Batch049.data_1091' does not depend on any axioms
'Collatz.Research.DescentAtlas.Batch049.affine_1091' depends on axioms: [propext, Quot.sound]
'Collatz.Research.DescentAtlas.Batch049.descent_1091' depends on axioms: [propext, Classical.choice, Quot.sound]
'Collatz.Research.DescentAtlas.Batch049.data_1093' does not depend on any axioms
'Collatz.Research.DescentAtlas.Batch049.affine_1093' depends on axioms: [propext, Quot.sound]
'Collatz.Research.DescentAtlas.Batch049.descent_1093' depends on axioms: [propext, Classical.choice, Quot.sound]
'Collatz.Research.DescentAtlas.Batch049.data_1099' does not depend on any axioms
'Collatz.Research.DescentAtlas.Batch049.affine_1099' depends on axioms: [propext, Quot.sound]
'Collatz.Research.DescentAtlas.Batch049.descent_1099' depends on axioms: [propext, Classical.choice, Quot.sound]
'Collatz.Research.DescentAtlas.Batch049.data_1101' does not depend on any axioms
'Collatz.Research.DescentAtlas.Batch049.affine_1101' depends on axioms: [propext, Quot.sound]
'Collatz.Research.DescentAtlas.Batch049.descent_1101' depends on axioms: [propext, Classical.choice, Quot.sound]
'Collatz.Research.DescentAtlas.Batch049.data_1103' does not depend on any axioms
'Collatz.Research.DescentAtlas.Batch049.affine_1103' depends on axioms: [propext, Quot.sound]
'Collatz.Research.DescentAtlas.Batch049.descent_1103' depends on axioms: [propext, Classical.choice, Quot.sound]
'Collatz.Research.DescentAtlas.Batch049.data_1105' does not depend on any axioms
'Collatz.Research.DescentAtlas.Batch049.affine_1105' depends on axioms: [propext, Quot.sound]
'Collatz.Research.DescentAtlas.Batch049.descent_1105' depends on axioms: [propext, Classical.choice, Quot.sound]
'Collatz.Research.DescentAtlas.Batch049.data_1109' does not depend on any axioms
'Collatz.Research.DescentAtlas.Batch049.affine_1109' depends on axioms: [propext, Quot.sound]
'Collatz.Research.DescentAtlas.Batch049.descent_1109' depends on axioms: [propext, Classical.choice, Quot.sound]
'Collatz.Research.DescentAtlas.Batch050.data_1111' does not depend on any axioms
'Collatz.Research.DescentAtlas.Batch050.affine_1111' depends on axioms: [propext, Quot.sound]
'Collatz.Research.DescentAtlas.Batch050.descent_1111' depends on axioms: [propext, Classical.choice, Quot.sound]
'Collatz.Research.DescentAtlas.Batch050.data_1113' does not depend on any axioms
'Collatz.Research.DescentAtlas.Batch050.affine_1113' depends on axioms: [propext, Quot.sound]
'Collatz.Research.DescentAtlas.Batch050.descent_1113' depends on axioms: [propext, Classical.choice, Quot.sound]
'Collatz.Research.DescentAtlas.Batch050.data_1117' does not depend on any axioms
'Collatz.Research.DescentAtlas.Batch050.affine_1117' depends on axioms: [propext, Quot.sound]
'Collatz.Research.DescentAtlas.Batch050.descent_1117' depends on axioms: [propext, Classical.choice, Quot.sound]
'Collatz.Research.DescentAtlas.Batch050.data_1121' does not depend on any axioms
'Collatz.Research.DescentAtlas.Batch050.affine_1121' depends on axioms: [propext, Quot.sound]
'Collatz.Research.DescentAtlas.Batch050.descent_1121' depends on axioms: [propext, Classical.choice, Quot.sound]
'Collatz.Research.DescentAtlas.Batch050.data_1123' does not depend on any axioms
'Collatz.Research.DescentAtlas.Batch050.affine_1123' depends on axioms: [propext, Quot.sound]
'Collatz.Research.DescentAtlas.Batch050.descent_1123' depends on axioms: [propext, Classical.choice, Quot.sound]
'Collatz.Research.DescentAtlas.Batch050.data_1125' does not depend on any axioms
'Collatz.Research.DescentAtlas.Batch050.affine_1125' depends on axioms: [propext, Quot.sound]
'Collatz.Research.DescentAtlas.Batch050.descent_1125' depends on axioms: [propext, Classical.choice, Quot.sound]
'Collatz.Research.DescentAtlas.Batch050.data_1129' does not depend on any axioms
'Collatz.Research.DescentAtlas.Batch050.affine_1129' depends on axioms: [propext, Quot.sound]
'Collatz.Research.DescentAtlas.Batch050.descent_1129' depends on axioms: [propext, Classical.choice, Quot.sound]
'Collatz.Research.DescentAtlas.Batch050.data_1131' does not depend on any axioms
'Collatz.Research.DescentAtlas.Batch050.affine_1131' depends on axioms: [propext, Quot.sound]
'Collatz.Research.DescentAtlas.Batch050.descent_1131' depends on axioms: [propext, Classical.choice, Quot.sound]
'Collatz.Research.DescentAtlas.Batch051.data_1135' does not depend on any axioms
'Collatz.Research.DescentAtlas.Batch051.affine_1135' depends on axioms: [propext, Quot.sound]
'Collatz.Research.DescentAtlas.Batch051.descent_1135' depends on axioms: [propext, Classical.choice, Quot.sound]
'Collatz.Research.DescentAtlas.Batch051.data_1137' does not depend on any axioms
'Collatz.Research.DescentAtlas.Batch051.affine_1137' depends on axioms: [propext, Quot.sound]
'Collatz.Research.DescentAtlas.Batch051.descent_1137' depends on axioms: [propext, Classical.choice, Quot.sound]
'Collatz.Research.DescentAtlas.Batch051.data_1141' does not depend on any axioms
'Collatz.Research.DescentAtlas.Batch051.affine_1141' depends on axioms: [propext, Quot.sound]
'Collatz.Research.DescentAtlas.Batch051.descent_1141' depends on axioms: [propext, Classical.choice, Quot.sound]
'Collatz.Research.DescentAtlas.Batch051.data_1143' does not depend on any axioms
'Collatz.Research.DescentAtlas.Batch051.affine_1143' depends on axioms: [propext, Quot.sound]
'Collatz.Research.DescentAtlas.Batch051.descent_1143' depends on axioms: [propext, Classical.choice, Quot.sound]
'Collatz.Research.DescentAtlas.Batch051.data_1147' does not depend on any axioms
'Collatz.Research.DescentAtlas.Batch051.affine_1147' depends on axioms: [propext, Quot.sound]
'Collatz.Research.DescentAtlas.Batch051.descent_1147' depends on axioms: [propext, Classical.choice, Quot.sound]
'Collatz.Research.DescentAtlas.Batch051.data_1149' does not depend on any axioms
'Collatz.Research.DescentAtlas.Batch051.affine_1149' depends on axioms: [propext, Quot.sound]
'Collatz.Research.DescentAtlas.Batch051.descent_1149' depends on axioms: [propext, Classical.choice, Quot.sound]
'Collatz.Research.DescentAtlas.Batch051.data_1155' does not depend on any axioms
'Collatz.Research.DescentAtlas.Batch051.affine_1155' depends on axioms: [propext, Quot.sound]
'Collatz.Research.DescentAtlas.Batch051.descent_1155' depends on axioms: [propext, Classical.choice, Quot.sound]
'Collatz.Research.DescentAtlas.Batch051.data_1157' does not depend on any axioms
'Collatz.Research.DescentAtlas.Batch051.affine_1157' depends on axioms: [propext, Quot.sound]
'Collatz.Research.DescentAtlas.Batch051.descent_1157' depends on axioms: [propext, Classical.choice, Quot.sound]
'Collatz.Research.DescentAtlas.Batch052.data_1165' does not depend on any axioms
'Collatz.Research.DescentAtlas.Batch052.affine_1165' depends on axioms: [propext, Quot.sound]
'Collatz.Research.DescentAtlas.Batch052.descent_1165' depends on axioms: [propext, Classical.choice, Quot.sound]
'Collatz.Research.DescentAtlas.Batch052.data_1167' does not depend on any axioms
'Collatz.Research.DescentAtlas.Batch052.affine_1167' depends on axioms: [propext, Quot.sound]
'Collatz.Research.DescentAtlas.Batch052.descent_1167' depends on axioms: [propext, Classical.choice, Quot.sound]
'Collatz.Research.DescentAtlas.Batch052.data_1169' does not depend on any axioms
'Collatz.Research.DescentAtlas.Batch052.affine_1169' depends on axioms: [propext, Quot.sound]
'Collatz.Research.DescentAtlas.Batch052.descent_1169' depends on axioms: [propext, Classical.choice, Quot.sound]
'Collatz.Research.DescentAtlas.Batch052.data_1171' does not depend on any axioms
'Collatz.Research.DescentAtlas.Batch052.affine_1171' depends on axioms: [propext, Quot.sound]
'Collatz.Research.DescentAtlas.Batch052.descent_1171' depends on axioms: [propext, Classical.choice, Quot.sound]
'Collatz.Research.DescentAtlas.Batch052.data_1173' does not depend on any axioms
'Collatz.Research.DescentAtlas.Batch052.affine_1173' depends on axioms: [propext, Quot.sound]
'Collatz.Research.DescentAtlas.Batch052.descent_1173' depends on axioms: [propext, Classical.choice, Quot.sound]
'Collatz.Research.DescentAtlas.Batch052.data_1175' does not depend on any axioms
'Collatz.Research.DescentAtlas.Batch052.affine_1175' depends on axioms: [propext, Quot.sound]
'Collatz.Research.DescentAtlas.Batch052.descent_1175' depends on axioms: [propext, Classical.choice, Quot.sound]
'Collatz.Research.DescentAtlas.Batch052.data_1177' does not depend on any axioms
'Collatz.Research.DescentAtlas.Batch052.affine_1177' depends on axioms: [propext, Quot.sound]
'Collatz.Research.DescentAtlas.Batch052.descent_1177' depends on axioms: [propext, Classical.choice, Quot.sound]
'Collatz.Research.DescentAtlas.Batch052.data_1181' does not depend on any axioms
'Collatz.Research.DescentAtlas.Batch052.affine_1181' depends on axioms: [propext, Quot.sound]
'Collatz.Research.DescentAtlas.Batch052.descent_1181' depends on axioms: [propext, Classical.choice, Quot.sound]
'Collatz.Research.DescentAtlas.Batch053.data_1187' does not depend on any axioms
'Collatz.Research.DescentAtlas.Batch053.affine_1187' depends on axioms: [propext, Quot.sound]
'Collatz.Research.DescentAtlas.Batch053.descent_1187' depends on axioms: [propext, Classical.choice, Quot.sound]
'Collatz.Research.DescentAtlas.Batch053.data_1189' does not depend on any axioms
'Collatz.Research.DescentAtlas.Batch053.affine_1189' depends on axioms: [propext, Quot.sound]
'Collatz.Research.DescentAtlas.Batch053.descent_1189' depends on axioms: [propext, Classical.choice, Quot.sound]
'Collatz.Research.DescentAtlas.Batch053.data_1195' does not depend on any axioms
'Collatz.Research.DescentAtlas.Batch053.affine_1195' depends on axioms: [propext, Quot.sound]
'Collatz.Research.DescentAtlas.Batch053.descent_1195' depends on axioms: [propext, Classical.choice, Quot.sound]
'Collatz.Research.DescentAtlas.Batch053.data_1197' does not depend on any axioms
'Collatz.Research.DescentAtlas.Batch053.affine_1197' depends on axioms: [propext, Quot.sound]
'Collatz.Research.DescentAtlas.Batch053.descent_1197' depends on axioms: [propext, Classical.choice, Quot.sound]
'Collatz.Research.DescentAtlas.Batch053.data_1199' does not depend on any axioms
'Collatz.Research.DescentAtlas.Batch053.affine_1199' depends on axioms: [propext, Quot.sound]
'Collatz.Research.DescentAtlas.Batch053.descent_1199' depends on axioms: [propext, Classical.choice, Quot.sound]
'Collatz.Research.DescentAtlas.Batch053.data_1205' does not depend on any axioms
'Collatz.Research.DescentAtlas.Batch053.affine_1205' depends on axioms: [propext, Quot.sound]
'Collatz.Research.DescentAtlas.Batch053.descent_1205' depends on axioms: [propext, Classical.choice, Quot.sound]
'Collatz.Research.DescentAtlas.Batch053.data_1213' does not depend on any axioms
'Collatz.Research.DescentAtlas.Batch053.affine_1213' depends on axioms: [propext, Quot.sound]
'Collatz.Research.DescentAtlas.Batch053.descent_1213' depends on axioms: [propext, Classical.choice, Quot.sound]
'Collatz.Research.DescentAtlas.Batch053.data_1215' does not depend on any axioms
'Collatz.Research.DescentAtlas.Batch053.affine_1215' depends on axioms: [propext, Quot.sound]
'Collatz.Research.DescentAtlas.Batch053.descent_1215' depends on axioms: [propext, Classical.choice, Quot.sound]
'Collatz.Research.DescentAtlas.Batch054.data_1217' does not depend on any axioms
'Collatz.Research.DescentAtlas.Batch054.affine_1217' depends on axioms: [propext, Quot.sound]
'Collatz.Research.DescentAtlas.Batch054.descent_1217' depends on axioms: [propext, Classical.choice, Quot.sound]
'Collatz.Research.DescentAtlas.Batch054.data_1219' does not depend on any axioms
'Collatz.Research.DescentAtlas.Batch054.affine_1219' depends on axioms: [propext, Quot.sound]
'Collatz.Research.DescentAtlas.Batch054.descent_1219' depends on axioms: [propext, Classical.choice, Quot.sound]
'Collatz.Research.DescentAtlas.Batch054.data_1221' does not depend on any axioms
'Collatz.Research.DescentAtlas.Batch054.affine_1221' depends on axioms: [propext, Quot.sound]
'Collatz.Research.DescentAtlas.Batch054.descent_1221' depends on axioms: [propext, Classical.choice, Quot.sound]
'Collatz.Research.DescentAtlas.Batch054.data_1223' does not depend on any axioms
'Collatz.Research.DescentAtlas.Batch054.affine_1223' depends on axioms: [propext, Quot.sound]
'Collatz.Research.DescentAtlas.Batch054.descent_1223' depends on axioms: [propext, Classical.choice, Quot.sound]
'Collatz.Research.DescentAtlas.Batch054.data_1225' does not depend on any axioms
'Collatz.Research.DescentAtlas.Batch054.affine_1225' depends on axioms: [propext, Quot.sound]
'Collatz.Research.DescentAtlas.Batch054.descent_1225' depends on axioms: [propext, Classical.choice, Quot.sound]
'Collatz.Research.DescentAtlas.Batch054.data_1227' does not depend on any axioms
'Collatz.Research.DescentAtlas.Batch054.affine_1227' depends on axioms: [propext, Quot.sound]
'Collatz.Research.DescentAtlas.Batch054.descent_1227' depends on axioms: [propext, Classical.choice, Quot.sound]
'Collatz.Research.DescentAtlas.Batch054.data_1229' does not depend on any axioms
'Collatz.Research.DescentAtlas.Batch054.affine_1229' depends on axioms: [propext, Quot.sound]
'Collatz.Research.DescentAtlas.Batch054.descent_1229' depends on axioms: [propext, Classical.choice, Quot.sound]
'Collatz.Research.DescentAtlas.Batch054.data_1231' does not depend on any axioms
'Collatz.Research.DescentAtlas.Batch054.affine_1231' depends on axioms: [propext, Quot.sound]
'Collatz.Research.DescentAtlas.Batch054.descent_1231' depends on axioms: [propext, Classical.choice, Quot.sound]
'Collatz.Research.DescentAtlas.Batch055.data_1233' does not depend on any axioms
'Collatz.Research.DescentAtlas.Batch055.affine_1233' depends on axioms: [propext, Quot.sound]
'Collatz.Research.DescentAtlas.Batch055.descent_1233' depends on axioms: [propext, Classical.choice, Quot.sound]
'Collatz.Research.DescentAtlas.Batch055.data_1235' does not depend on any axioms
'Collatz.Research.DescentAtlas.Batch055.affine_1235' depends on axioms: [propext, Quot.sound]
'Collatz.Research.DescentAtlas.Batch055.descent_1235' depends on axioms: [propext, Classical.choice, Quot.sound]
'Collatz.Research.DescentAtlas.Batch055.data_1237' does not depend on any axioms
'Collatz.Research.DescentAtlas.Batch055.affine_1237' depends on axioms: [propext, Quot.sound]
'Collatz.Research.DescentAtlas.Batch055.descent_1237' depends on axioms: [propext, Classical.choice, Quot.sound]
'Collatz.Research.DescentAtlas.Batch055.data_1239' does not depend on any axioms
'Collatz.Research.DescentAtlas.Batch055.affine_1239' depends on axioms: [propext, Quot.sound]
'Collatz.Research.DescentAtlas.Batch055.descent_1239' depends on axioms: [propext, Classical.choice, Quot.sound]
'Collatz.Research.DescentAtlas.Batch055.data_1241' does not depend on any axioms
'Collatz.Research.DescentAtlas.Batch055.affine_1241' depends on axioms: [propext, Quot.sound]
'Collatz.Research.DescentAtlas.Batch055.descent_1241' depends on axioms: [propext, Classical.choice, Quot.sound]
'Collatz.Research.DescentAtlas.Batch055.data_1243' does not depend on any axioms
'Collatz.Research.DescentAtlas.Batch055.affine_1243' depends on axioms: [propext, Quot.sound]
'Collatz.Research.DescentAtlas.Batch055.descent_1243' depends on axioms: [propext, Classical.choice, Quot.sound]
'Collatz.Research.DescentAtlas.Batch055.data_1245' does not depend on any axioms
'Collatz.Research.DescentAtlas.Batch055.affine_1245' depends on axioms: [propext, Quot.sound]
'Collatz.Research.DescentAtlas.Batch055.descent_1245' depends on axioms: [propext, Classical.choice, Quot.sound]
'Collatz.Research.DescentAtlas.Batch055.data_1247' does not depend on any axioms
'Collatz.Research.DescentAtlas.Batch055.affine_1247' depends on axioms: [propext, Quot.sound]
'Collatz.Research.DescentAtlas.Batch055.descent_1247' depends on axioms: [propext, Classical.choice, Quot.sound]
'Collatz.Research.DescentAtlas.Batch056.data_1251' does not depend on any axioms
'Collatz.Research.DescentAtlas.Batch056.affine_1251' depends on axioms: [propext, Quot.sound]
'Collatz.Research.DescentAtlas.Batch056.descent_1251' depends on axioms: [propext, Classical.choice, Quot.sound]
'Collatz.Research.DescentAtlas.Batch056.data_1253' does not depend on any axioms
'Collatz.Research.DescentAtlas.Batch056.affine_1253' depends on axioms: [propext, Quot.sound]
'Collatz.Research.DescentAtlas.Batch056.descent_1253' depends on axioms: [propext, Classical.choice, Quot.sound]
'Collatz.Research.DescentAtlas.Batch056.data_1257' does not depend on any axioms
'Collatz.Research.DescentAtlas.Batch056.affine_1257' depends on axioms: [propext, Quot.sound]
'Collatz.Research.DescentAtlas.Batch056.descent_1257' depends on axioms: [propext, Classical.choice, Quot.sound]
'Collatz.Research.DescentAtlas.Batch056.data_1259' does not depend on any axioms
'Collatz.Research.DescentAtlas.Batch056.affine_1259' depends on axioms: [propext, Quot.sound]
'Collatz.Research.DescentAtlas.Batch056.descent_1259' depends on axioms: [propext, Classical.choice, Quot.sound]
'Collatz.Research.DescentAtlas.Batch056.data_1261' does not depend on any axioms
'Collatz.Research.DescentAtlas.Batch056.affine_1261' depends on axioms: [propext, Quot.sound]
'Collatz.Research.DescentAtlas.Batch056.descent_1261' depends on axioms: [propext, Classical.choice, Quot.sound]
'Collatz.Research.DescentAtlas.Batch056.data_1265' does not depend on any axioms
'Collatz.Research.DescentAtlas.Batch056.affine_1265' depends on axioms: [propext, Quot.sound]
'Collatz.Research.DescentAtlas.Batch056.descent_1265' depends on axioms: [propext, Classical.choice, Quot.sound]
'Collatz.Research.DescentAtlas.Batch056.data_1267' does not depend on any axioms
'Collatz.Research.DescentAtlas.Batch056.affine_1267' depends on axioms: [propext, Quot.sound]
'Collatz.Research.DescentAtlas.Batch056.descent_1267' depends on axioms: [propext, Classical.choice, Quot.sound]
'Collatz.Research.DescentAtlas.Batch056.data_1269' does not depend on any axioms
'Collatz.Research.DescentAtlas.Batch056.affine_1269' depends on axioms: [propext, Quot.sound]
'Collatz.Research.DescentAtlas.Batch056.descent_1269' depends on axioms: [propext, Classical.choice, Quot.sound]
'Collatz.Research.DescentAtlas.Batch057.data_1271' does not depend on any axioms
'Collatz.Research.DescentAtlas.Batch057.affine_1271' depends on axioms: [propext, Quot.sound]
'Collatz.Research.DescentAtlas.Batch057.descent_1271' depends on axioms: [propext, Classical.choice, Quot.sound]
'Collatz.Research.DescentAtlas.Batch057.data_1273' does not depend on any axioms
'Collatz.Research.DescentAtlas.Batch057.affine_1273' depends on axioms: [propext, Quot.sound]
'Collatz.Research.DescentAtlas.Batch057.descent_1273' depends on axioms: [propext, Classical.choice, Quot.sound]
'Collatz.Research.DescentAtlas.Batch057.data_1281' does not depend on any axioms
'Collatz.Research.DescentAtlas.Batch057.affine_1281' depends on axioms: [propext, Quot.sound]
'Collatz.Research.DescentAtlas.Batch057.descent_1281' depends on axioms: [propext, Classical.choice, Quot.sound]
'Collatz.Research.DescentAtlas.Batch057.data_1283' does not depend on any axioms
'Collatz.Research.DescentAtlas.Batch057.affine_1283' depends on axioms: [propext, Quot.sound]
'Collatz.Research.DescentAtlas.Batch057.descent_1283' depends on axioms: [propext, Classical.choice, Quot.sound]
'Collatz.Research.DescentAtlas.Batch057.data_1285' does not depend on any axioms
'Collatz.Research.DescentAtlas.Batch057.affine_1285' depends on axioms: [propext, Quot.sound]
'Collatz.Research.DescentAtlas.Batch057.descent_1285' depends on axioms: [propext, Classical.choice, Quot.sound]
'Collatz.Research.DescentAtlas.Batch057.data_1291' does not depend on any axioms
'Collatz.Research.DescentAtlas.Batch057.affine_1291' depends on axioms: [propext, Quot.sound]
'Collatz.Research.DescentAtlas.Batch057.descent_1291' depends on axioms: [propext, Classical.choice, Quot.sound]
'Collatz.Research.DescentAtlas.Batch057.data_1293' does not depend on any axioms
'Collatz.Research.DescentAtlas.Batch057.affine_1293' depends on axioms: [propext, Quot.sound]
'Collatz.Research.DescentAtlas.Batch057.descent_1293' depends on axioms: [propext, Classical.choice, Quot.sound]
'Collatz.Research.DescentAtlas.Batch057.data_1295' does not depend on any axioms
'Collatz.Research.DescentAtlas.Batch057.affine_1295' depends on axioms: [propext, Quot.sound]
'Collatz.Research.DescentAtlas.Batch057.descent_1295' depends on axioms: [propext, Classical.choice, Quot.sound]
'Collatz.Research.DescentAtlas.Batch058.data_1297' does not depend on any axioms
'Collatz.Research.DescentAtlas.Batch058.affine_1297' depends on axioms: [propext, Quot.sound]
'Collatz.Research.DescentAtlas.Batch058.descent_1297' depends on axioms: [propext, Classical.choice, Quot.sound]
'Collatz.Research.DescentAtlas.Batch058.data_1301' does not depend on any axioms
'Collatz.Research.DescentAtlas.Batch058.affine_1301' depends on axioms: [propext, Quot.sound]
'Collatz.Research.DescentAtlas.Batch058.descent_1301' depends on axioms: [propext, Classical.choice, Quot.sound]
'Collatz.Research.DescentAtlas.Batch058.data_1303' does not depend on any axioms
'Collatz.Research.DescentAtlas.Batch058.affine_1303' depends on axioms: [propext, Quot.sound]
'Collatz.Research.DescentAtlas.Batch058.descent_1303' depends on axioms: [propext, Classical.choice, Quot.sound]
'Collatz.Research.DescentAtlas.Batch058.data_1305' does not depend on any axioms
'Collatz.Research.DescentAtlas.Batch058.affine_1305' depends on axioms: [propext, Quot.sound]
'Collatz.Research.DescentAtlas.Batch058.descent_1305' depends on axioms: [propext, Classical.choice, Quot.sound]
'Collatz.Research.DescentAtlas.Batch058.data_1311' does not depend on any axioms
'Collatz.Research.DescentAtlas.Batch058.affine_1311' depends on axioms: [propext, Quot.sound]
'Collatz.Research.DescentAtlas.Batch058.descent_1311' depends on axioms: [propext, Classical.choice, Quot.sound]
'Collatz.Research.DescentAtlas.Batch058.data_1313' does not depend on any axioms
'Collatz.Research.DescentAtlas.Batch058.affine_1313' depends on axioms: [propext, Quot.sound]
'Collatz.Research.DescentAtlas.Batch058.descent_1313' depends on axioms: [propext, Classical.choice, Quot.sound]
'Collatz.Research.DescentAtlas.Batch058.data_1315' does not depend on any axioms
'Collatz.Research.DescentAtlas.Batch058.affine_1315' depends on axioms: [propext, Quot.sound]
'Collatz.Research.DescentAtlas.Batch058.descent_1315' depends on axioms: [propext, Classical.choice, Quot.sound]
'Collatz.Research.DescentAtlas.Batch058.data_1317' does not depend on any axioms
'Collatz.Research.DescentAtlas.Batch058.affine_1317' depends on axioms: [propext, Quot.sound]
'Collatz.Research.DescentAtlas.Batch058.descent_1317' depends on axioms: [propext, Classical.choice, Quot.sound]
'Collatz.Research.DescentAtlas.Batch059.data_1319' does not depend on any axioms
'Collatz.Research.DescentAtlas.Batch059.affine_1319' depends on axioms: [propext, Quot.sound]
'Collatz.Research.DescentAtlas.Batch059.descent_1319' depends on axioms: [propext, Classical.choice, Quot.sound]
'Collatz.Research.DescentAtlas.Batch059.data_1323' does not depend on any axioms
'Collatz.Research.DescentAtlas.Batch059.affine_1323' depends on axioms: [propext, Quot.sound]
'Collatz.Research.DescentAtlas.Batch059.descent_1323' depends on axioms: [propext, Classical.choice, Quot.sound]
'Collatz.Research.DescentAtlas.Batch059.data_1325' does not depend on any axioms
'Collatz.Research.DescentAtlas.Batch059.affine_1325' depends on axioms: [propext, Quot.sound]
'Collatz.Research.DescentAtlas.Batch059.descent_1325' depends on axioms: [propext, Classical.choice, Quot.sound]
'Collatz.Research.DescentAtlas.Batch059.data_1327' does not depend on any axioms
'Collatz.Research.DescentAtlas.Batch059.affine_1327' depends on axioms: [propext, Quot.sound]
'Collatz.Research.DescentAtlas.Batch059.descent_1327' depends on axioms: [propext, Classical.choice, Quot.sound]
'Collatz.Research.DescentAtlas.Batch059.data_1329' does not depend on any axioms
'Collatz.Research.DescentAtlas.Batch059.affine_1329' depends on axioms: [propext, Quot.sound]
'Collatz.Research.DescentAtlas.Batch059.descent_1329' depends on axioms: [propext, Classical.choice, Quot.sound]
'Collatz.Research.DescentAtlas.Batch059.data_1331' does not depend on any axioms
'Collatz.Research.DescentAtlas.Batch059.affine_1331' depends on axioms: [propext, Quot.sound]
'Collatz.Research.DescentAtlas.Batch059.descent_1331' depends on axioms: [propext, Classical.choice, Quot.sound]
'Collatz.Research.DescentAtlas.Batch059.data_1333' does not depend on any axioms
'Collatz.Research.DescentAtlas.Batch059.affine_1333' depends on axioms: [propext, Quot.sound]
'Collatz.Research.DescentAtlas.Batch059.descent_1333' depends on axioms: [propext, Classical.choice, Quot.sound]
'Collatz.Research.DescentAtlas.Batch059.data_1339' does not depend on any axioms
'Collatz.Research.DescentAtlas.Batch059.affine_1339' depends on axioms: [propext, Quot.sound]
'Collatz.Research.DescentAtlas.Batch059.descent_1339' depends on axioms: [propext, Classical.choice, Quot.sound]
'Collatz.Research.DescentAtlas.Batch060.data_1345' does not depend on any axioms
'Collatz.Research.DescentAtlas.Batch060.affine_1345' depends on axioms: [propext, Quot.sound]
'Collatz.Research.DescentAtlas.Batch060.descent_1345' depends on axioms: [propext, Classical.choice, Quot.sound]
'Collatz.Research.DescentAtlas.Batch060.data_1347' does not depend on any axioms
'Collatz.Research.DescentAtlas.Batch060.affine_1347' depends on axioms: [propext, Quot.sound]
'Collatz.Research.DescentAtlas.Batch060.descent_1347' depends on axioms: [propext, Classical.choice, Quot.sound]
'Collatz.Research.DescentAtlas.Batch060.data_1349' does not depend on any axioms
'Collatz.Research.DescentAtlas.Batch060.affine_1349' depends on axioms: [propext, Quot.sound]
'Collatz.Research.DescentAtlas.Batch060.descent_1349' depends on axioms: [propext, Classical.choice, Quot.sound]
'Collatz.Research.DescentAtlas.Batch060.data_1353' does not depend on any axioms
'Collatz.Research.DescentAtlas.Batch060.affine_1353' depends on axioms: [propext, Quot.sound]
'Collatz.Research.DescentAtlas.Batch060.descent_1353' depends on axioms: [propext, Classical.choice, Quot.sound]
'Collatz.Research.DescentAtlas.Batch060.data_1355' does not depend on any axioms
'Collatz.Research.DescentAtlas.Batch060.affine_1355' depends on axioms: [propext, Quot.sound]
'Collatz.Research.DescentAtlas.Batch060.descent_1355' depends on axioms: [propext, Classical.choice, Quot.sound]
'Collatz.Research.DescentAtlas.Batch060.data_1359' does not depend on any axioms
'Collatz.Research.DescentAtlas.Batch060.affine_1359' depends on axioms: [propext, Quot.sound]
'Collatz.Research.DescentAtlas.Batch060.descent_1359' depends on axioms: [propext, Classical.choice, Quot.sound]
'Collatz.Research.DescentAtlas.Batch060.data_1365' does not depend on any axioms
'Collatz.Research.DescentAtlas.Batch060.affine_1365' depends on axioms: [propext, Quot.sound]
'Collatz.Research.DescentAtlas.Batch060.descent_1365' depends on axioms: [propext, Classical.choice, Quot.sound]
'Collatz.Research.DescentAtlas.Batch060.data_1367' does not depend on any axioms
'Collatz.Research.DescentAtlas.Batch060.affine_1367' depends on axioms: [propext, Quot.sound]
'Collatz.Research.DescentAtlas.Batch060.descent_1367' depends on axioms: [propext, Classical.choice, Quot.sound]
'Collatz.Research.DescentAtlas.Batch061.data_1369' does not depend on any axioms
'Collatz.Research.DescentAtlas.Batch061.affine_1369' depends on axioms: [propext, Quot.sound]
'Collatz.Research.DescentAtlas.Batch061.descent_1369' depends on axioms: [propext, Classical.choice, Quot.sound]
'Collatz.Research.DescentAtlas.Batch061.data_1371' does not depend on any axioms
'Collatz.Research.DescentAtlas.Batch061.affine_1371' depends on axioms: [propext, Quot.sound]
'Collatz.Research.DescentAtlas.Batch061.descent_1371' depends on axioms: [propext, Classical.choice, Quot.sound]
'Collatz.Research.DescentAtlas.Batch061.data_1373' does not depend on any axioms
'Collatz.Research.DescentAtlas.Batch061.affine_1373' depends on axioms: [propext, Quot.sound]
'Collatz.Research.DescentAtlas.Batch061.descent_1373' depends on axioms: [propext, Classical.choice, Quot.sound]
'Collatz.Research.DescentAtlas.Batch061.data_1375' does not depend on any axioms
'Collatz.Research.DescentAtlas.Batch061.affine_1375' depends on axioms: [propext, Quot.sound]
'Collatz.Research.DescentAtlas.Batch061.descent_1375' depends on axioms: [propext, Classical.choice, Quot.sound]
'Collatz.Research.DescentAtlas.Batch061.data_1377' does not depend on any axioms
'Collatz.Research.DescentAtlas.Batch061.affine_1377' depends on axioms: [propext, Quot.sound]
'Collatz.Research.DescentAtlas.Batch061.descent_1377' depends on axioms: [propext, Classical.choice, Quot.sound]
'Collatz.Research.DescentAtlas.Batch061.data_1379' does not depend on any axioms
'Collatz.Research.DescentAtlas.Batch061.affine_1379' depends on axioms: [propext, Quot.sound]
'Collatz.Research.DescentAtlas.Batch061.descent_1379' depends on axioms: [propext, Classical.choice, Quot.sound]
'Collatz.Research.DescentAtlas.Batch061.data_1381' does not depend on any axioms
'Collatz.Research.DescentAtlas.Batch061.affine_1381' depends on axioms: [propext, Quot.sound]
'Collatz.Research.DescentAtlas.Batch061.descent_1381' depends on axioms: [propext, Classical.choice, Quot.sound]
'Collatz.Research.DescentAtlas.Batch061.data_1385' does not depend on any axioms
'Collatz.Research.DescentAtlas.Batch061.affine_1385' depends on axioms: [propext, Quot.sound]
'Collatz.Research.DescentAtlas.Batch061.descent_1385' depends on axioms: [propext, Classical.choice, Quot.sound]
'Collatz.Research.DescentAtlas.Batch062.data_1387' does not depend on any axioms
'Collatz.Research.DescentAtlas.Batch062.affine_1387' depends on axioms: [propext, Quot.sound]
'Collatz.Research.DescentAtlas.Batch062.descent_1387' depends on axioms: [propext, Classical.choice, Quot.sound]
'Collatz.Research.DescentAtlas.Batch062.data_1389' does not depend on any axioms
'Collatz.Research.DescentAtlas.Batch062.affine_1389' depends on axioms: [propext, Quot.sound]
'Collatz.Research.DescentAtlas.Batch062.descent_1389' depends on axioms: [propext, Classical.choice, Quot.sound]
'Collatz.Research.DescentAtlas.Batch062.data_1393' does not depend on any axioms
'Collatz.Research.DescentAtlas.Batch062.affine_1393' depends on axioms: [propext, Quot.sound]
'Collatz.Research.DescentAtlas.Batch062.descent_1393' depends on axioms: [propext, Classical.choice, Quot.sound]
'Collatz.Research.DescentAtlas.Batch062.data_1395' does not depend on any axioms
'Collatz.Research.DescentAtlas.Batch062.affine_1395' depends on axioms: [propext, Quot.sound]
'Collatz.Research.DescentAtlas.Batch062.descent_1395' depends on axioms: [propext, Classical.choice, Quot.sound]
'Collatz.Research.DescentAtlas.Batch062.data_1397' does not depend on any axioms
'Collatz.Research.DescentAtlas.Batch062.affine_1397' depends on axioms: [propext, Quot.sound]
'Collatz.Research.DescentAtlas.Batch062.descent_1397' depends on axioms: [propext, Classical.choice, Quot.sound]
'Collatz.Research.DescentAtlas.Batch062.data_1399' does not depend on any axioms
'Collatz.Research.DescentAtlas.Batch062.affine_1399' depends on axioms: [propext, Quot.sound]
'Collatz.Research.DescentAtlas.Batch062.descent_1399' depends on axioms: [propext, Classical.choice, Quot.sound]
'Collatz.Research.DescentAtlas.Batch062.data_1403' does not depend on any axioms
'Collatz.Research.DescentAtlas.Batch062.affine_1403' depends on axioms: [propext, Quot.sound]
'Collatz.Research.DescentAtlas.Batch062.descent_1403' depends on axioms: [propext, Classical.choice, Quot.sound]
'Collatz.Research.DescentAtlas.Batch062.data_1405' does not depend on any axioms
'Collatz.Research.DescentAtlas.Batch062.affine_1405' depends on axioms: [propext, Quot.sound]
'Collatz.Research.DescentAtlas.Batch062.descent_1405' depends on axioms: [propext, Classical.choice, Quot.sound]
'Collatz.Research.DescentAtlas.Batch063.data_1411' does not depend on any axioms
'Collatz.Research.DescentAtlas.Batch063.affine_1411' depends on axioms: [propext, Quot.sound]
'Collatz.Research.DescentAtlas.Batch063.descent_1411' depends on axioms: [propext, Classical.choice, Quot.sound]
'Collatz.Research.DescentAtlas.Batch063.data_1413' does not depend on any axioms
'Collatz.Research.DescentAtlas.Batch063.affine_1413' depends on axioms: [propext, Quot.sound]
'Collatz.Research.DescentAtlas.Batch063.descent_1413' depends on axioms: [propext, Classical.choice, Quot.sound]
'Collatz.Research.DescentAtlas.Batch063.data_1415' does not depend on any axioms
'Collatz.Research.DescentAtlas.Batch063.affine_1415' depends on axioms: [propext, Quot.sound]
'Collatz.Research.DescentAtlas.Batch063.descent_1415' depends on axioms: [propext, Classical.choice, Quot.sound]
'Collatz.Research.DescentAtlas.Batch063.data_1417' does not depend on any axioms
'Collatz.Research.DescentAtlas.Batch063.affine_1417' depends on axioms: [propext, Quot.sound]
'Collatz.Research.DescentAtlas.Batch063.descent_1417' depends on axioms: [propext, Classical.choice, Quot.sound]
'Collatz.Research.DescentAtlas.Batch063.data_1419' does not depend on any axioms
'Collatz.Research.DescentAtlas.Batch063.affine_1419' depends on axioms: [propext, Quot.sound]
'Collatz.Research.DescentAtlas.Batch063.descent_1419' depends on axioms: [propext, Classical.choice, Quot.sound]
'Collatz.Research.DescentAtlas.Batch063.data_1421' does not depend on any axioms
'Collatz.Research.DescentAtlas.Batch063.affine_1421' depends on axioms: [propext, Quot.sound]
'Collatz.Research.DescentAtlas.Batch063.descent_1421' depends on axioms: [propext, Classical.choice, Quot.sound]
'Collatz.Research.DescentAtlas.Batch063.data_1423' does not depend on any axioms
'Collatz.Research.DescentAtlas.Batch063.affine_1423' depends on axioms: [propext, Quot.sound]
'Collatz.Research.DescentAtlas.Batch063.descent_1423' depends on axioms: [propext, Classical.choice, Quot.sound]
'Collatz.Research.DescentAtlas.Batch063.data_1425' does not depend on any axioms
'Collatz.Research.DescentAtlas.Batch063.affine_1425' depends on axioms: [propext, Quot.sound]
'Collatz.Research.DescentAtlas.Batch063.descent_1425' depends on axioms: [propext, Classical.choice, Quot.sound]
'Collatz.Research.DescentAtlas.Batch064.data_1427' does not depend on any axioms
'Collatz.Research.DescentAtlas.Batch064.affine_1427' depends on axioms: [propext, Quot.sound]
'Collatz.Research.DescentAtlas.Batch064.descent_1427' depends on axioms: [propext, Classical.choice, Quot.sound]
'Collatz.Research.DescentAtlas.Batch064.data_1429' does not depend on any axioms
'Collatz.Research.DescentAtlas.Batch064.affine_1429' depends on axioms: [propext, Quot.sound]
'Collatz.Research.DescentAtlas.Batch064.descent_1429' depends on axioms: [propext, Classical.choice, Quot.sound]
'Collatz.Research.DescentAtlas.Batch064.data_1431' does not depend on any axioms
'Collatz.Research.DescentAtlas.Batch064.affine_1431' depends on axioms: [propext, Quot.sound]
'Collatz.Research.DescentAtlas.Batch064.descent_1431' depends on axioms: [propext, Classical.choice, Quot.sound]
'Collatz.Research.DescentAtlas.Batch064.data_1433' does not depend on any axioms
'Collatz.Research.DescentAtlas.Batch064.affine_1433' depends on axioms: [propext, Quot.sound]
'Collatz.Research.DescentAtlas.Batch064.descent_1433' depends on axioms: [propext, Classical.choice, Quot.sound]
'Collatz.Research.DescentAtlas.Batch064.data_1437' does not depend on any axioms
'Collatz.Research.DescentAtlas.Batch064.affine_1437' depends on axioms: [propext, Quot.sound]
'Collatz.Research.DescentAtlas.Batch064.descent_1437' depends on axioms: [propext, Classical.choice, Quot.sound]
'Collatz.Research.DescentAtlas.Batch064.data_1441' does not depend on any axioms
'Collatz.Research.DescentAtlas.Batch064.affine_1441' depends on axioms: [propext, Quot.sound]
'Collatz.Research.DescentAtlas.Batch064.descent_1441' depends on axioms: [propext, Classical.choice, Quot.sound]
'Collatz.Research.DescentAtlas.Batch064.data_1443' does not depend on any axioms
'Collatz.Research.DescentAtlas.Batch064.affine_1443' depends on axioms: [propext, Quot.sound]
'Collatz.Research.DescentAtlas.Batch064.descent_1443' depends on axioms: [propext, Classical.choice, Quot.sound]
'Collatz.Research.DescentAtlas.Batch064.data_1445' does not depend on any axioms
'Collatz.Research.DescentAtlas.Batch064.affine_1445' depends on axioms: [propext, Quot.sound]
'Collatz.Research.DescentAtlas.Batch064.descent_1445' depends on axioms: [propext, Classical.choice, Quot.sound]
'Collatz.Research.DescentAtlas.Batch065.data_1449' does not depend on any axioms
'Collatz.Research.DescentAtlas.Batch065.affine_1449' depends on axioms: [propext, Quot.sound]
'Collatz.Research.DescentAtlas.Batch065.descent_1449' depends on axioms: [propext, Classical.choice, Quot.sound]
'Collatz.Research.DescentAtlas.Batch065.data_1451' does not depend on any axioms
'Collatz.Research.DescentAtlas.Batch065.affine_1451' depends on axioms: [propext, Quot.sound]
'Collatz.Research.DescentAtlas.Batch065.descent_1451' depends on axioms: [propext, Classical.choice, Quot.sound]
'Collatz.Research.DescentAtlas.Batch065.data_1453' does not depend on any axioms
'Collatz.Research.DescentAtlas.Batch065.affine_1453' depends on axioms: [propext, Quot.sound]
'Collatz.Research.DescentAtlas.Batch065.descent_1453' depends on axioms: [propext, Classical.choice, Quot.sound]
'Collatz.Research.DescentAtlas.Batch065.data_1455' does not depend on any axioms
'Collatz.Research.DescentAtlas.Batch065.affine_1455' depends on axioms: [propext, Quot.sound]
'Collatz.Research.DescentAtlas.Batch065.descent_1455' depends on axioms: [propext, Classical.choice, Quot.sound]
'Collatz.Research.DescentAtlas.Batch065.data_1457' does not depend on any axioms
'Collatz.Research.DescentAtlas.Batch065.affine_1457' depends on axioms: [propext, Quot.sound]
'Collatz.Research.DescentAtlas.Batch065.descent_1457' depends on axioms: [propext, Classical.choice, Quot.sound]
'Collatz.Research.DescentAtlas.Batch065.data_1459' does not depend on any axioms
'Collatz.Research.DescentAtlas.Batch065.affine_1459' depends on axioms: [propext, Quot.sound]
'Collatz.Research.DescentAtlas.Batch065.descent_1459' depends on axioms: [propext, Classical.choice, Quot.sound]
'Collatz.Research.DescentAtlas.Batch065.data_1461' does not depend on any axioms
'Collatz.Research.DescentAtlas.Batch065.affine_1461' depends on axioms: [propext, Quot.sound]
'Collatz.Research.DescentAtlas.Batch065.descent_1461' depends on axioms: [propext, Classical.choice, Quot.sound]
'Collatz.Research.DescentAtlas.Batch065.data_1463' does not depend on any axioms
'Collatz.Research.DescentAtlas.Batch065.affine_1463' depends on axioms: [propext, Quot.sound]
'Collatz.Research.DescentAtlas.Batch065.descent_1463' depends on axioms: [propext, Classical.choice, Quot.sound]
'Collatz.Research.DescentAtlas.Batch066.data_1465' does not depend on any axioms
'Collatz.Research.DescentAtlas.Batch066.affine_1465' depends on axioms: [propext, Quot.sound]
'Collatz.Research.DescentAtlas.Batch066.descent_1465' depends on axioms: [propext, Classical.choice, Quot.sound]
'Collatz.Research.DescentAtlas.Batch066.data_1467' does not depend on any axioms
'Collatz.Research.DescentAtlas.Batch066.affine_1467' depends on axioms: [propext, Quot.sound]
'Collatz.Research.DescentAtlas.Batch066.descent_1467' depends on axioms: [propext, Classical.choice, Quot.sound]
'Collatz.Research.DescentAtlas.Batch066.data_1469' does not depend on any axioms
'Collatz.Research.DescentAtlas.Batch066.affine_1469' depends on axioms: [propext, Quot.sound]
'Collatz.Research.DescentAtlas.Batch066.descent_1469' depends on axioms: [propext, Classical.choice, Quot.sound]
'Collatz.Research.DescentAtlas.Batch066.data_1473' does not depend on any axioms
'Collatz.Research.DescentAtlas.Batch066.affine_1473' depends on axioms: [propext, Quot.sound]
'Collatz.Research.DescentAtlas.Batch066.descent_1473' depends on axioms: [propext, Classical.choice, Quot.sound]
'Collatz.Research.DescentAtlas.Batch066.data_1477' does not depend on any axioms
'Collatz.Research.DescentAtlas.Batch066.affine_1477' depends on axioms: [propext, Quot.sound]
'Collatz.Research.DescentAtlas.Batch066.descent_1477' depends on axioms: [propext, Classical.choice, Quot.sound]
'Collatz.Research.DescentAtlas.Batch066.data_1481' does not depend on any axioms
'Collatz.Research.DescentAtlas.Batch066.affine_1481' depends on axioms: [propext, Quot.sound]
'Collatz.Research.DescentAtlas.Batch066.descent_1481' depends on axioms: [propext, Classical.choice, Quot.sound]
'Collatz.Research.DescentAtlas.Batch066.data_1483' does not depend on any axioms
'Collatz.Research.DescentAtlas.Batch066.affine_1483' depends on axioms: [propext, Quot.sound]
'Collatz.Research.DescentAtlas.Batch066.descent_1483' depends on axioms: [propext, Classical.choice, Quot.sound]
'Collatz.Research.DescentAtlas.Batch066.data_1485' does not depend on any axioms
'Collatz.Research.DescentAtlas.Batch066.affine_1485' depends on axioms: [propext, Quot.sound]
'Collatz.Research.DescentAtlas.Batch066.descent_1485' depends on axioms: [propext, Classical.choice, Quot.sound]
'Collatz.Research.DescentAtlas.Batch067.data_1489' does not depend on any axioms
'Collatz.Research.DescentAtlas.Batch067.affine_1489' depends on axioms: [propext, Quot.sound]
'Collatz.Research.DescentAtlas.Batch067.descent_1489' depends on axioms: [propext, Classical.choice, Quot.sound]
'Collatz.Research.DescentAtlas.Batch067.data_1493' does not depend on any axioms
'Collatz.Research.DescentAtlas.Batch067.affine_1493' depends on axioms: [propext, Quot.sound]
'Collatz.Research.DescentAtlas.Batch067.descent_1493' depends on axioms: [propext, Classical.choice, Quot.sound]
'Collatz.Research.DescentAtlas.Batch067.data_1495' does not depend on any axioms
'Collatz.Research.DescentAtlas.Batch067.affine_1495' depends on axioms: [propext, Quot.sound]
'Collatz.Research.DescentAtlas.Batch067.descent_1495' depends on axioms: [propext, Classical.choice, Quot.sound]
'Collatz.Research.DescentAtlas.Batch067.data_1497' does not depend on any axioms
'Collatz.Research.DescentAtlas.Batch067.affine_1497' depends on axioms: [propext, Quot.sound]
'Collatz.Research.DescentAtlas.Batch067.descent_1497' depends on axioms: [propext, Classical.choice, Quot.sound]
'Collatz.Research.DescentAtlas.Batch067.data_1499' does not depend on any axioms
'Collatz.Research.DescentAtlas.Batch067.affine_1499' depends on axioms: [propext, Quot.sound]
'Collatz.Research.DescentAtlas.Batch067.descent_1499' depends on axioms: [propext, Classical.choice, Quot.sound]
'Collatz.Research.DescentAtlas.Batch067.data_1501' does not depend on any axioms
'Collatz.Research.DescentAtlas.Batch067.affine_1501' depends on axioms: [propext, Quot.sound]
'Collatz.Research.DescentAtlas.Batch067.descent_1501' depends on axioms: [propext, Classical.choice, Quot.sound]
'Collatz.Research.DescentAtlas.Batch067.data_1505' does not depend on any axioms
'Collatz.Research.DescentAtlas.Batch067.affine_1505' depends on axioms: [propext, Quot.sound]
'Collatz.Research.DescentAtlas.Batch067.descent_1505' depends on axioms: [propext, Classical.choice, Quot.sound]
'Collatz.Research.DescentAtlas.Batch067.data_1507' does not depend on any axioms
'Collatz.Research.DescentAtlas.Batch067.affine_1507' depends on axioms: [propext, Quot.sound]
'Collatz.Research.DescentAtlas.Batch067.descent_1507' depends on axioms: [propext, Classical.choice, Quot.sound]
'Collatz.Research.DescentAtlas.Batch068.data_1517' does not depend on any axioms
'Collatz.Research.DescentAtlas.Batch068.affine_1517' depends on axioms: [propext, Quot.sound]
'Collatz.Research.DescentAtlas.Batch068.descent_1517' depends on axioms: [propext, Classical.choice, Quot.sound]
'Collatz.Research.DescentAtlas.Batch068.data_1521' does not depend on any axioms
'Collatz.Research.DescentAtlas.Batch068.affine_1521' depends on axioms: [propext, Quot.sound]
'Collatz.Research.DescentAtlas.Batch068.descent_1521' depends on axioms: [propext, Classical.choice, Quot.sound]
'Collatz.Research.DescentAtlas.Batch068.data_1523' does not depend on any axioms
'Collatz.Research.DescentAtlas.Batch068.affine_1523' depends on axioms: [propext, Quot.sound]
'Collatz.Research.DescentAtlas.Batch068.descent_1523' depends on axioms: [propext, Classical.choice, Quot.sound]
'Collatz.Research.DescentAtlas.Batch068.data_1525' does not depend on any axioms
'Collatz.Research.DescentAtlas.Batch068.affine_1525' depends on axioms: [propext, Quot.sound]
'Collatz.Research.DescentAtlas.Batch068.descent_1525' depends on axioms: [propext, Classical.choice, Quot.sound]
'Collatz.Research.DescentAtlas.Batch068.data_1529' does not depend on any axioms
'Collatz.Research.DescentAtlas.Batch068.affine_1529' depends on axioms: [propext, Quot.sound]
'Collatz.Research.DescentAtlas.Batch068.descent_1529' depends on axioms: [propext, Classical.choice, Quot.sound]
'Collatz.Research.DescentAtlas.Batch068.data_1531' does not depend on any axioms
'Collatz.Research.DescentAtlas.Batch068.affine_1531' depends on axioms: [propext, Quot.sound]
'Collatz.Research.DescentAtlas.Batch068.descent_1531' depends on axioms: [propext, Classical.choice, Quot.sound]
'Collatz.Research.DescentAtlas.Batch068.data_1533' does not depend on any axioms
'Collatz.Research.DescentAtlas.Batch068.affine_1533' depends on axioms: [propext, Quot.sound]
'Collatz.Research.DescentAtlas.Batch068.descent_1533' depends on axioms: [propext, Classical.choice, Quot.sound]
'Collatz.Research.DescentAtlas.Batch068.data_1539' does not depend on any axioms
'Collatz.Research.DescentAtlas.Batch068.affine_1539' depends on axioms: [propext, Quot.sound]
'Collatz.Research.DescentAtlas.Batch068.descent_1539' depends on axioms: [propext, Classical.choice, Quot.sound]
'Collatz.Research.DescentAtlas.Batch069.data_1541' does not depend on any axioms
'Collatz.Research.DescentAtlas.Batch069.affine_1541' depends on axioms: [propext, Quot.sound]
'Collatz.Research.DescentAtlas.Batch069.descent_1541' depends on axioms: [propext, Classical.choice, Quot.sound]
'Collatz.Research.DescentAtlas.Batch069.data_1543' does not depend on any axioms
'Collatz.Research.DescentAtlas.Batch069.affine_1543' depends on axioms: [propext, Quot.sound]
'Collatz.Research.DescentAtlas.Batch069.descent_1543' depends on axioms: [propext, Classical.choice, Quot.sound]
'Collatz.Research.DescentAtlas.Batch069.data_1547' does not depend on any axioms
'Collatz.Research.DescentAtlas.Batch069.affine_1547' depends on axioms: [propext, Quot.sound]
'Collatz.Research.DescentAtlas.Batch069.descent_1547' depends on axioms: [propext, Classical.choice, Quot.sound]
'Collatz.Research.DescentAtlas.Batch069.data_1549' does not depend on any axioms
'Collatz.Research.DescentAtlas.Batch069.affine_1549' depends on axioms: [propext, Quot.sound]
'Collatz.Research.DescentAtlas.Batch069.descent_1549' depends on axioms: [propext, Classical.choice, Quot.sound]
'Collatz.Research.DescentAtlas.Batch069.data_1551' does not depend on any axioms
'Collatz.Research.DescentAtlas.Batch069.affine_1551' depends on axioms: [propext, Quot.sound]
'Collatz.Research.DescentAtlas.Batch069.descent_1551' depends on axioms: [propext, Classical.choice, Quot.sound]
'Collatz.Research.DescentAtlas.Batch069.data_1553' does not depend on any axioms
'Collatz.Research.DescentAtlas.Batch069.affine_1553' depends on axioms: [propext, Quot.sound]
'Collatz.Research.DescentAtlas.Batch069.descent_1553' depends on axioms: [propext, Classical.choice, Quot.sound]
'Collatz.Research.DescentAtlas.Batch069.data_1555' does not depend on any axioms
'Collatz.Research.DescentAtlas.Batch069.affine_1555' depends on axioms: [propext, Quot.sound]
'Collatz.Research.DescentAtlas.Batch069.descent_1555' depends on axioms: [propext, Classical.choice, Quot.sound]
'Collatz.Research.DescentAtlas.Batch069.data_1557' does not depend on any axioms
'Collatz.Research.DescentAtlas.Batch069.affine_1557' depends on axioms: [propext, Quot.sound]
'Collatz.Research.DescentAtlas.Batch069.descent_1557' depends on axioms: [propext, Classical.choice, Quot.sound]
'Collatz.Research.DescentAtlas.Batch070.data_1559' does not depend on any axioms
'Collatz.Research.DescentAtlas.Batch070.affine_1559' depends on axioms: [propext, Quot.sound]
'Collatz.Research.DescentAtlas.Batch070.descent_1559' depends on axioms: [propext, Classical.choice, Quot.sound]
'Collatz.Research.DescentAtlas.Batch070.data_1561' does not depend on any axioms
'Collatz.Research.DescentAtlas.Batch070.affine_1561' depends on axioms: [propext, Quot.sound]
'Collatz.Research.DescentAtlas.Batch070.descent_1561' depends on axioms: [propext, Classical.choice, Quot.sound]
'Collatz.Research.DescentAtlas.Batch070.data_1565' does not depend on any axioms
'Collatz.Research.DescentAtlas.Batch070.affine_1565' depends on axioms: [propext, Quot.sound]
'Collatz.Research.DescentAtlas.Batch070.descent_1565' depends on axioms: [propext, Classical.choice, Quot.sound]
'Collatz.Research.DescentAtlas.Batch070.data_1567' does not depend on any axioms
'Collatz.Research.DescentAtlas.Batch070.affine_1567' depends on axioms: [propext, Quot.sound]
'Collatz.Research.DescentAtlas.Batch070.descent_1567' depends on axioms: [propext, Classical.choice, Quot.sound]
'Collatz.Research.DescentAtlas.Batch070.data_1569' does not depend on any axioms
'Collatz.Research.DescentAtlas.Batch070.affine_1569' depends on axioms: [propext, Quot.sound]
'Collatz.Research.DescentAtlas.Batch070.descent_1569' depends on axioms: [propext, Classical.choice, Quot.sound]
'Collatz.Research.DescentAtlas.Batch070.data_1571' does not depend on any axioms
'Collatz.Research.DescentAtlas.Batch070.affine_1571' depends on axioms: [propext, Quot.sound]
'Collatz.Research.DescentAtlas.Batch070.descent_1571' depends on axioms: [propext, Classical.choice, Quot.sound]
'Collatz.Research.DescentAtlas.Batch070.data_1573' does not depend on any axioms
'Collatz.Research.DescentAtlas.Batch070.affine_1573' depends on axioms: [propext, Quot.sound]
'Collatz.Research.DescentAtlas.Batch070.descent_1573' depends on axioms: [propext, Classical.choice, Quot.sound]
'Collatz.Research.DescentAtlas.Batch070.data_1575' does not depend on any axioms
'Collatz.Research.DescentAtlas.Batch070.affine_1575' depends on axioms: [propext, Quot.sound]
'Collatz.Research.DescentAtlas.Batch070.descent_1575' depends on axioms: [propext, Classical.choice, Quot.sound]
'Collatz.Research.DescentAtlas.Batch071.data_1579' does not depend on any axioms
'Collatz.Research.DescentAtlas.Batch071.affine_1579' depends on axioms: [propext, Quot.sound]
'Collatz.Research.DescentAtlas.Batch071.descent_1579' depends on axioms: [propext, Classical.choice, Quot.sound]
'Collatz.Research.DescentAtlas.Batch071.data_1581' does not depend on any axioms
'Collatz.Research.DescentAtlas.Batch071.affine_1581' depends on axioms: [propext, Quot.sound]
'Collatz.Research.DescentAtlas.Batch071.descent_1581' depends on axioms: [propext, Classical.choice, Quot.sound]
'Collatz.Research.DescentAtlas.Batch071.data_1585' does not depend on any axioms
'Collatz.Research.DescentAtlas.Batch071.affine_1585' depends on axioms: [propext, Quot.sound]
'Collatz.Research.DescentAtlas.Batch071.descent_1585' depends on axioms: [propext, Classical.choice, Quot.sound]
'Collatz.Research.DescentAtlas.Batch071.data_1587' does not depend on any axioms
'Collatz.Research.DescentAtlas.Batch071.affine_1587' depends on axioms: [propext, Quot.sound]
'Collatz.Research.DescentAtlas.Batch071.descent_1587' depends on axioms: [propext, Classical.choice, Quot.sound]
'Collatz.Research.DescentAtlas.Batch071.data_1589' does not depend on any axioms
'Collatz.Research.DescentAtlas.Batch071.affine_1589' depends on axioms: [propext, Quot.sound]
'Collatz.Research.DescentAtlas.Batch071.descent_1589' depends on axioms: [propext, Classical.choice, Quot.sound]
'Collatz.Research.DescentAtlas.Batch071.data_1593' does not depend on any axioms
'Collatz.Research.DescentAtlas.Batch071.affine_1593' depends on axioms: [propext, Quot.sound]
'Collatz.Research.DescentAtlas.Batch071.descent_1593' depends on axioms: [propext, Classical.choice, Quot.sound]
'Collatz.Research.DescentAtlas.Batch071.data_1595' does not depend on any axioms
'Collatz.Research.DescentAtlas.Batch071.affine_1595' depends on axioms: [propext, Quot.sound]
'Collatz.Research.DescentAtlas.Batch071.descent_1595' depends on axioms: [propext, Classical.choice, Quot.sound]
'Collatz.Research.DescentAtlas.Batch071.data_1597' does not depend on any axioms
'Collatz.Research.DescentAtlas.Batch071.affine_1597' depends on axioms: [propext, Quot.sound]
'Collatz.Research.DescentAtlas.Batch071.descent_1597' depends on axioms: [propext, Classical.choice, Quot.sound]
'Collatz.Research.DescentAtlas.Batch072.data_1599' does not depend on any axioms
'Collatz.Research.DescentAtlas.Batch072.affine_1599' depends on axioms: [propext, Quot.sound]
'Collatz.Research.DescentAtlas.Batch072.descent_1599' depends on axioms: [propext, Classical.choice, Quot.sound]
'Collatz.Research.DescentAtlas.Batch072.data_1601' does not depend on any axioms
'Collatz.Research.DescentAtlas.Batch072.affine_1601' depends on axioms: [propext, Quot.sound]
'Collatz.Research.DescentAtlas.Batch072.descent_1601' depends on axioms: [propext, Classical.choice, Quot.sound]
'Collatz.Research.DescentAtlas.Batch072.data_1603' does not depend on any axioms
'Collatz.Research.DescentAtlas.Batch072.affine_1603' depends on axioms: [propext, Quot.sound]
'Collatz.Research.DescentAtlas.Batch072.descent_1603' depends on axioms: [propext, Classical.choice, Quot.sound]
'Collatz.Research.DescentAtlas.Batch072.data_1605' does not depend on any axioms
'Collatz.Research.DescentAtlas.Batch072.affine_1605' depends on axioms: [propext, Quot.sound]
'Collatz.Research.DescentAtlas.Batch072.descent_1605' depends on axioms: [propext, Classical.choice, Quot.sound]
'Collatz.Research.DescentAtlas.Batch072.data_1611' does not depend on any axioms
'Collatz.Research.DescentAtlas.Batch072.affine_1611' depends on axioms: [propext, Quot.sound]
'Collatz.Research.DescentAtlas.Batch072.descent_1611' depends on axioms: [propext, Classical.choice, Quot.sound]
'Collatz.Research.DescentAtlas.Batch072.data_1613' does not depend on any axioms
'Collatz.Research.DescentAtlas.Batch072.affine_1613' depends on axioms: [propext, Quot.sound]
'Collatz.Research.DescentAtlas.Batch072.descent_1613' depends on axioms: [propext, Classical.choice, Quot.sound]
'Collatz.Research.DescentAtlas.Batch072.data_1617' does not depend on any axioms
'Collatz.Research.DescentAtlas.Batch072.affine_1617' depends on axioms: [propext, Quot.sound]
'Collatz.Research.DescentAtlas.Batch072.descent_1617' depends on axioms: [propext, Classical.choice, Quot.sound]
'Collatz.Research.DescentAtlas.Batch072.data_1619' does not depend on any axioms
'Collatz.Research.DescentAtlas.Batch072.affine_1619' depends on axioms: [propext, Quot.sound]
'Collatz.Research.DescentAtlas.Batch072.descent_1619' depends on axioms: [propext, Classical.choice, Quot.sound]
'Collatz.Research.DescentAtlas.Batch073.data_1621' does not depend on any axioms
'Collatz.Research.DescentAtlas.Batch073.affine_1621' depends on axioms: [propext, Quot.sound]
'Collatz.Research.DescentAtlas.Batch073.descent_1621' depends on axioms: [propext, Classical.choice, Quot.sound]
'Collatz.Research.DescentAtlas.Batch073.data_1623' does not depend on any axioms
'Collatz.Research.DescentAtlas.Batch073.affine_1623' depends on axioms: [propext, Quot.sound]
'Collatz.Research.DescentAtlas.Batch073.descent_1623' depends on axioms: [propext, Classical.choice, Quot.sound]
'Collatz.Research.DescentAtlas.Batch073.data_1625' does not depend on any axioms
'Collatz.Research.DescentAtlas.Batch073.affine_1625' depends on axioms: [propext, Quot.sound]
'Collatz.Research.DescentAtlas.Batch073.descent_1625' depends on axioms: [propext, Classical.choice, Quot.sound]
'Collatz.Research.DescentAtlas.Batch073.data_1629' does not depend on any axioms
'Collatz.Research.DescentAtlas.Batch073.affine_1629' depends on axioms: [propext, Quot.sound]
'Collatz.Research.DescentAtlas.Batch073.descent_1629' depends on axioms: [propext, Classical.choice, Quot.sound]
'Collatz.Research.DescentAtlas.Batch073.data_1631' does not depend on any axioms
'Collatz.Research.DescentAtlas.Batch073.affine_1631' depends on axioms: [propext, Quot.sound]
'Collatz.Research.DescentAtlas.Batch073.descent_1631' depends on axioms: [propext, Classical.choice, Quot.sound]
'Collatz.Research.DescentAtlas.Batch073.data_1633' does not depend on any axioms
'Collatz.Research.DescentAtlas.Batch073.affine_1633' depends on axioms: [propext, Quot.sound]
'Collatz.Research.DescentAtlas.Batch073.descent_1633' depends on axioms: [propext, Classical.choice, Quot.sound]
'Collatz.Research.DescentAtlas.Batch073.data_1635' does not depend on any axioms
'Collatz.Research.DescentAtlas.Batch073.affine_1635' depends on axioms: [propext, Quot.sound]
'Collatz.Research.DescentAtlas.Batch073.descent_1635' depends on axioms: [propext, Classical.choice, Quot.sound]
'Collatz.Research.DescentAtlas.Batch073.data_1637' does not depend on any axioms
'Collatz.Research.DescentAtlas.Batch073.affine_1637' depends on axioms: [propext, Quot.sound]
'Collatz.Research.DescentAtlas.Batch073.descent_1637' depends on axioms: [propext, Classical.choice, Quot.sound]
'Collatz.Research.DescentAtlas.Batch074.data_1641' does not depend on any axioms
'Collatz.Research.DescentAtlas.Batch074.affine_1641' depends on axioms: [propext, Quot.sound]
'Collatz.Research.DescentAtlas.Batch074.descent_1641' depends on axioms: [propext, Classical.choice, Quot.sound]
'Collatz.Research.DescentAtlas.Batch074.data_1643' does not depend on any axioms
'Collatz.Research.DescentAtlas.Batch074.affine_1643' depends on axioms: [propext, Quot.sound]
'Collatz.Research.DescentAtlas.Batch074.descent_1643' depends on axioms: [propext, Classical.choice, Quot.sound]
'Collatz.Research.DescentAtlas.Batch074.data_1645' does not depend on any axioms
'Collatz.Research.DescentAtlas.Batch074.affine_1645' depends on axioms: [propext, Quot.sound]
'Collatz.Research.DescentAtlas.Batch074.descent_1645' depends on axioms: [propext, Classical.choice, Quot.sound]
'Collatz.Research.DescentAtlas.Batch074.data_1647' does not depend on any axioms
'Collatz.Research.DescentAtlas.Batch074.affine_1647' depends on axioms: [propext, Quot.sound]
'Collatz.Research.DescentAtlas.Batch074.descent_1647' depends on axioms: [propext, Classical.choice, Quot.sound]
'Collatz.Research.DescentAtlas.Batch074.data_1649' does not depend on any axioms
'Collatz.Research.DescentAtlas.Batch074.affine_1649' depends on axioms: [propext, Quot.sound]
'Collatz.Research.DescentAtlas.Batch074.descent_1649' depends on axioms: [propext, Classical.choice, Quot.sound]
'Collatz.Research.DescentAtlas.Batch074.data_1651' does not depend on any axioms
'Collatz.Research.DescentAtlas.Batch074.affine_1651' depends on axioms: [propext, Quot.sound]
'Collatz.Research.DescentAtlas.Batch074.descent_1651' depends on axioms: [propext, Classical.choice, Quot.sound]
'Collatz.Research.DescentAtlas.Batch074.data_1653' does not depend on any axioms
'Collatz.Research.DescentAtlas.Batch074.affine_1653' depends on axioms: [propext, Quot.sound]
'Collatz.Research.DescentAtlas.Batch074.descent_1653' depends on axioms: [propext, Classical.choice, Quot.sound]
'Collatz.Research.DescentAtlas.Batch074.data_1655' does not depend on any axioms
'Collatz.Research.DescentAtlas.Batch074.affine_1655' depends on axioms: [propext, Quot.sound]
'Collatz.Research.DescentAtlas.Batch074.descent_1655' depends on axioms: [propext, Classical.choice, Quot.sound]
'Collatz.Research.DescentAtlas.Batch075.data_1657' does not depend on any axioms
'Collatz.Research.DescentAtlas.Batch075.affine_1657' depends on axioms: [propext, Quot.sound]
'Collatz.Research.DescentAtlas.Batch075.descent_1657' depends on axioms: [propext, Classical.choice, Quot.sound]
'Collatz.Research.DescentAtlas.Batch075.data_1659' does not depend on any axioms
'Collatz.Research.DescentAtlas.Batch075.affine_1659' depends on axioms: [propext, Quot.sound]
'Collatz.Research.DescentAtlas.Batch075.descent_1659' depends on axioms: [propext, Classical.choice, Quot.sound]
'Collatz.Research.DescentAtlas.Batch075.data_1667' does not depend on any axioms
'Collatz.Research.DescentAtlas.Batch075.affine_1667' depends on axioms: [propext, Quot.sound]
'Collatz.Research.DescentAtlas.Batch075.descent_1667' depends on axioms: [propext, Classical.choice, Quot.sound]
'Collatz.Research.DescentAtlas.Batch075.data_1669' does not depend on any axioms
'Collatz.Research.DescentAtlas.Batch075.affine_1669' depends on axioms: [propext, Quot.sound]
'Collatz.Research.DescentAtlas.Batch075.descent_1669' depends on axioms: [propext, Classical.choice, Quot.sound]
'Collatz.Research.DescentAtlas.Batch075.data_1671' does not depend on any axioms
'Collatz.Research.DescentAtlas.Batch075.affine_1671' depends on axioms: [propext, Quot.sound]
'Collatz.Research.DescentAtlas.Batch075.descent_1671' depends on axioms: [propext, Classical.choice, Quot.sound]
'Collatz.Research.DescentAtlas.Batch075.data_1675' does not depend on any axioms
'Collatz.Research.DescentAtlas.Batch075.affine_1675' depends on axioms: [propext, Quot.sound]
'Collatz.Research.DescentAtlas.Batch075.descent_1675' depends on axioms: [propext, Classical.choice, Quot.sound]
'Collatz.Research.DescentAtlas.Batch075.data_1677' does not depend on any axioms
'Collatz.Research.DescentAtlas.Batch075.affine_1677' depends on axioms: [propext, Quot.sound]
'Collatz.Research.DescentAtlas.Batch075.descent_1677' depends on axioms: [propext, Classical.choice, Quot.sound]
'Collatz.Research.DescentAtlas.Batch075.data_1681' does not depend on any axioms
'Collatz.Research.DescentAtlas.Batch075.affine_1681' depends on axioms: [propext, Quot.sound]
'Collatz.Research.DescentAtlas.Batch075.descent_1681' depends on axioms: [propext, Classical.choice, Quot.sound]
'Collatz.Research.DescentAtlas.Batch076.data_1683' does not depend on any axioms
'Collatz.Research.DescentAtlas.Batch076.affine_1683' depends on axioms: [propext, Quot.sound]
'Collatz.Research.DescentAtlas.Batch076.descent_1683' depends on axioms: [propext, Classical.choice, Quot.sound]
'Collatz.Research.DescentAtlas.Batch076.data_1685' does not depend on any axioms
'Collatz.Research.DescentAtlas.Batch076.affine_1685' depends on axioms: [propext, Quot.sound]
'Collatz.Research.DescentAtlas.Batch076.descent_1685' depends on axioms: [propext, Classical.choice, Quot.sound]
'Collatz.Research.DescentAtlas.Batch076.data_1687' does not depend on any axioms
'Collatz.Research.DescentAtlas.Batch076.affine_1687' depends on axioms: [propext, Quot.sound]
'Collatz.Research.DescentAtlas.Batch076.descent_1687' depends on axioms: [propext, Classical.choice, Quot.sound]
'Collatz.Research.DescentAtlas.Batch076.data_1689' does not depend on any axioms
'Collatz.Research.DescentAtlas.Batch076.affine_1689' depends on axioms: [propext, Quot.sound]
'Collatz.Research.DescentAtlas.Batch076.descent_1689' depends on axioms: [propext, Classical.choice, Quot.sound]
'Collatz.Research.DescentAtlas.Batch076.data_1693' does not depend on any axioms
'Collatz.Research.DescentAtlas.Batch076.affine_1693' depends on axioms: [propext, Quot.sound]
'Collatz.Research.DescentAtlas.Batch076.descent_1693' depends on axioms: [propext, Classical.choice, Quot.sound]
'Collatz.Research.DescentAtlas.Batch076.data_1697' does not depend on any axioms
'Collatz.Research.DescentAtlas.Batch076.affine_1697' depends on axioms: [propext, Quot.sound]
'Collatz.Research.DescentAtlas.Batch076.descent_1697' depends on axioms: [propext, Classical.choice, Quot.sound]
'Collatz.Research.DescentAtlas.Batch076.data_1703' does not depend on any axioms
'Collatz.Research.DescentAtlas.Batch076.affine_1703' depends on axioms: [propext, Quot.sound]
'Collatz.Research.DescentAtlas.Batch076.descent_1703' depends on axioms: [propext, Classical.choice, Quot.sound]
'Collatz.Research.DescentAtlas.Batch076.data_1707' does not depend on any axioms
'Collatz.Research.DescentAtlas.Batch076.affine_1707' depends on axioms: [propext, Quot.sound]
'Collatz.Research.DescentAtlas.Batch076.descent_1707' depends on axioms: [propext, Classical.choice, Quot.sound]
'Collatz.Research.DescentAtlas.Batch077.data_1709' does not depend on any axioms
'Collatz.Research.DescentAtlas.Batch077.affine_1709' depends on axioms: [propext, Quot.sound]
'Collatz.Research.DescentAtlas.Batch077.descent_1709' depends on axioms: [propext, Classical.choice, Quot.sound]
'Collatz.Research.DescentAtlas.Batch077.data_1711' does not depend on any axioms
'Collatz.Research.DescentAtlas.Batch077.affine_1711' depends on axioms: [propext, Quot.sound]
'Collatz.Research.DescentAtlas.Batch077.descent_1711' depends on axioms: [propext, Classical.choice, Quot.sound]
'Collatz.Research.DescentAtlas.Batch077.data_1713' does not depend on any axioms
'Collatz.Research.DescentAtlas.Batch077.affine_1713' depends on axioms: [propext, Quot.sound]
'Collatz.Research.DescentAtlas.Batch077.descent_1713' depends on axioms: [propext, Classical.choice, Quot.sound]
'Collatz.Research.DescentAtlas.Batch077.data_1715' does not depend on any axioms
'Collatz.Research.DescentAtlas.Batch077.affine_1715' depends on axioms: [propext, Quot.sound]
'Collatz.Research.DescentAtlas.Batch077.descent_1715' depends on axioms: [propext, Classical.choice, Quot.sound]
'Collatz.Research.DescentAtlas.Batch077.data_1717' does not depend on any axioms
'Collatz.Research.DescentAtlas.Batch077.affine_1717' depends on axioms: [propext, Quot.sound]
'Collatz.Research.DescentAtlas.Batch077.descent_1717' depends on axioms: [propext, Classical.choice, Quot.sound]
'Collatz.Research.DescentAtlas.Batch077.data_1721' does not depend on any axioms
'Collatz.Research.DescentAtlas.Batch077.affine_1721' depends on axioms: [propext, Quot.sound]
'Collatz.Research.DescentAtlas.Batch077.descent_1721' depends on axioms: [propext, Classical.choice, Quot.sound]
'Collatz.Research.DescentAtlas.Batch077.data_1723' does not depend on any axioms
'Collatz.Research.DescentAtlas.Batch077.affine_1723' depends on axioms: [propext, Quot.sound]
'Collatz.Research.DescentAtlas.Batch077.descent_1723' depends on axioms: [propext, Classical.choice, Quot.sound]
'Collatz.Research.DescentAtlas.Batch077.data_1725' does not depend on any axioms
'Collatz.Research.DescentAtlas.Batch077.affine_1725' depends on axioms: [propext, Quot.sound]
'Collatz.Research.DescentAtlas.Batch077.descent_1725' depends on axioms: [propext, Classical.choice, Quot.sound]
'Collatz.Research.DescentAtlas.Batch078.data_1727' does not depend on any axioms
'Collatz.Research.DescentAtlas.Batch078.affine_1727' depends on axioms: [propext, Quot.sound]
'Collatz.Research.DescentAtlas.Batch078.descent_1727' depends on axioms: [propext, Classical.choice, Quot.sound]
'Collatz.Research.DescentAtlas.Batch078.data_1729' does not depend on any axioms
'Collatz.Research.DescentAtlas.Batch078.affine_1729' depends on axioms: [propext, Quot.sound]
'Collatz.Research.DescentAtlas.Batch078.descent_1729' depends on axioms: [propext, Classical.choice, Quot.sound]
'Collatz.Research.DescentAtlas.Batch078.data_1731' does not depend on any axioms
'Collatz.Research.DescentAtlas.Batch078.affine_1731' depends on axioms: [propext, Quot.sound]
'Collatz.Research.DescentAtlas.Batch078.descent_1731' depends on axioms: [propext, Classical.choice, Quot.sound]
'Collatz.Research.DescentAtlas.Batch078.data_1733' does not depend on any axioms
'Collatz.Research.DescentAtlas.Batch078.affine_1733' depends on axioms: [propext, Quot.sound]
'Collatz.Research.DescentAtlas.Batch078.descent_1733' depends on axioms: [propext, Classical.choice, Quot.sound]
'Collatz.Research.DescentAtlas.Batch078.data_1735' does not depend on any axioms
'Collatz.Research.DescentAtlas.Batch078.affine_1735' depends on axioms: [propext, Quot.sound]
'Collatz.Research.DescentAtlas.Batch078.descent_1735' depends on axioms: [propext, Classical.choice, Quot.sound]
'Collatz.Research.DescentAtlas.Batch078.data_1737' does not depend on any axioms
'Collatz.Research.DescentAtlas.Batch078.affine_1737' depends on axioms: [propext, Quot.sound]
'Collatz.Research.DescentAtlas.Batch078.descent_1737' depends on axioms: [propext, Classical.choice, Quot.sound]
'Collatz.Research.DescentAtlas.Batch078.data_1741' does not depend on any axioms
'Collatz.Research.DescentAtlas.Batch078.affine_1741' depends on axioms: [propext, Quot.sound]
'Collatz.Research.DescentAtlas.Batch078.descent_1741' depends on axioms: [propext, Classical.choice, Quot.sound]
'Collatz.Research.DescentAtlas.Batch078.data_1749' does not depend on any axioms
'Collatz.Research.DescentAtlas.Batch078.affine_1749' depends on axioms: [propext, Quot.sound]
'Collatz.Research.DescentAtlas.Batch078.descent_1749' depends on axioms: [propext, Classical.choice, Quot.sound]
'Collatz.Research.DescentAtlas.Batch079.data_1751' does not depend on any axioms
'Collatz.Research.DescentAtlas.Batch079.affine_1751' depends on axioms: [propext, Quot.sound]
'Collatz.Research.DescentAtlas.Batch079.descent_1751' depends on axioms: [propext, Classical.choice, Quot.sound]
'Collatz.Research.DescentAtlas.Batch079.data_1753' does not depend on any axioms
'Collatz.Research.DescentAtlas.Batch079.affine_1753' depends on axioms: [propext, Quot.sound]
'Collatz.Research.DescentAtlas.Batch079.descent_1753' depends on axioms: [propext, Classical.choice, Quot.sound]
'Collatz.Research.DescentAtlas.Batch079.data_1755' does not depend on any axioms
'Collatz.Research.DescentAtlas.Batch079.affine_1755' depends on axioms: [propext, Quot.sound]
'Collatz.Research.DescentAtlas.Batch079.descent_1755' depends on axioms: [propext, Classical.choice, Quot.sound]
'Collatz.Research.DescentAtlas.Batch079.data_1757' does not depend on any axioms
'Collatz.Research.DescentAtlas.Batch079.affine_1757' depends on axioms: [propext, Quot.sound]
'Collatz.Research.DescentAtlas.Batch079.descent_1757' depends on axioms: [propext, Classical.choice, Quot.sound]
'Collatz.Research.DescentAtlas.Batch079.data_1759' does not depend on any axioms
'Collatz.Research.DescentAtlas.Batch079.affine_1759' depends on axioms: [propext, Quot.sound]
'Collatz.Research.DescentAtlas.Batch079.descent_1759' depends on axioms: [propext, Classical.choice, Quot.sound]
'Collatz.Research.DescentAtlas.Batch079.data_1763' does not depend on any axioms
'Collatz.Research.DescentAtlas.Batch079.affine_1763' depends on axioms: [propext, Quot.sound]
'Collatz.Research.DescentAtlas.Batch079.descent_1763' depends on axioms: [propext, Classical.choice, Quot.sound]
'Collatz.Research.DescentAtlas.Batch079.data_1765' does not depend on any axioms
'Collatz.Research.DescentAtlas.Batch079.affine_1765' depends on axioms: [propext, Quot.sound]
'Collatz.Research.DescentAtlas.Batch079.descent_1765' depends on axioms: [propext, Classical.choice, Quot.sound]
'Collatz.Research.DescentAtlas.Batch079.data_1773' does not depend on any axioms
'Collatz.Research.DescentAtlas.Batch079.affine_1773' depends on axioms: [propext, Quot.sound]
'Collatz.Research.DescentAtlas.Batch079.descent_1773' depends on axioms: [propext, Classical.choice, Quot.sound]
'Collatz.Research.DescentAtlas.Batch080.data_1777' does not depend on any axioms
'Collatz.Research.DescentAtlas.Batch080.affine_1777' depends on axioms: [propext, Quot.sound]
'Collatz.Research.DescentAtlas.Batch080.descent_1777' depends on axioms: [propext, Classical.choice, Quot.sound]
'Collatz.Research.DescentAtlas.Batch080.data_1781' does not depend on any axioms
'Collatz.Research.DescentAtlas.Batch080.affine_1781' depends on axioms: [propext, Quot.sound]
'Collatz.Research.DescentAtlas.Batch080.descent_1781' depends on axioms: [propext, Classical.choice, Quot.sound]
'Collatz.Research.DescentAtlas.Batch080.data_1785' does not depend on any axioms
'Collatz.Research.DescentAtlas.Batch080.affine_1785' depends on axioms: [propext, Quot.sound]
'Collatz.Research.DescentAtlas.Batch080.descent_1785' depends on axioms: [propext, Classical.choice, Quot.sound]
'Collatz.Research.DescentAtlas.Batch080.data_1793' does not depend on any axioms
'Collatz.Research.DescentAtlas.Batch080.affine_1793' depends on axioms: [propext, Quot.sound]
'Collatz.Research.DescentAtlas.Batch080.descent_1793' depends on axioms: [propext, Classical.choice, Quot.sound]
'Collatz.Research.DescentAtlas.Batch080.data_1795' does not depend on any axioms
'Collatz.Research.DescentAtlas.Batch080.affine_1795' depends on axioms: [propext, Quot.sound]
'Collatz.Research.DescentAtlas.Batch080.descent_1795' depends on axioms: [propext, Classical.choice, Quot.sound]
'Collatz.Research.DescentAtlas.Batch080.data_1797' does not depend on any axioms
'Collatz.Research.DescentAtlas.Batch080.affine_1797' depends on axioms: [propext, Quot.sound]
'Collatz.Research.DescentAtlas.Batch080.descent_1797' depends on axioms: [propext, Classical.choice, Quot.sound]
'Collatz.Research.DescentAtlas.Batch080.data_1799' does not depend on any axioms
'Collatz.Research.DescentAtlas.Batch080.affine_1799' depends on axioms: [propext, Quot.sound]
'Collatz.Research.DescentAtlas.Batch080.descent_1799' depends on axioms: [propext, Classical.choice, Quot.sound]
'Collatz.Research.DescentAtlas.Batch080.data_1803' does not depend on any axioms
'Collatz.Research.DescentAtlas.Batch080.affine_1803' depends on axioms: [propext, Quot.sound]
'Collatz.Research.DescentAtlas.Batch080.descent_1803' depends on axioms: [propext, Classical.choice, Quot.sound]
'Collatz.Research.DescentAtlas.Batch081.data_1807' does not depend on any axioms
'Collatz.Research.DescentAtlas.Batch081.affine_1807' depends on axioms: [propext, Quot.sound]
'Collatz.Research.DescentAtlas.Batch081.descent_1807' depends on axioms: [propext, Classical.choice, Quot.sound]
'Collatz.Research.DescentAtlas.Batch081.data_1813' does not depend on any axioms
'Collatz.Research.DescentAtlas.Batch081.affine_1813' depends on axioms: [propext, Quot.sound]
'Collatz.Research.DescentAtlas.Batch081.descent_1813' depends on axioms: [propext, Classical.choice, Quot.sound]
'Collatz.Research.DescentAtlas.Batch081.data_1821' does not depend on any axioms
'Collatz.Research.DescentAtlas.Batch081.affine_1821' depends on axioms: [propext, Quot.sound]
'Collatz.Research.DescentAtlas.Batch081.descent_1821' depends on axioms: [propext, Classical.choice, Quot.sound]
'Collatz.Research.DescentAtlas.Batch081.data_1823' does not depend on any axioms
'Collatz.Research.DescentAtlas.Batch081.affine_1823' depends on axioms: [propext, Quot.sound]
'Collatz.Research.DescentAtlas.Batch081.descent_1823' depends on axioms: [propext, Classical.choice, Quot.sound]
'Collatz.Research.DescentAtlas.Batch081.data_1825' does not depend on any axioms
'Collatz.Research.DescentAtlas.Batch081.affine_1825' depends on axioms: [propext, Quot.sound]
'Collatz.Research.DescentAtlas.Batch081.descent_1825' depends on axioms: [propext, Classical.choice, Quot.sound]
'Collatz.Research.DescentAtlas.Batch081.data_1827' does not depend on any axioms
'Collatz.Research.DescentAtlas.Batch081.affine_1827' depends on axioms: [propext, Quot.sound]
'Collatz.Research.DescentAtlas.Batch081.descent_1827' depends on axioms: [propext, Classical.choice, Quot.sound]
'Collatz.Research.DescentAtlas.Batch081.data_1829' does not depend on any axioms
'Collatz.Research.DescentAtlas.Batch081.affine_1829' depends on axioms: [propext, Quot.sound]
'Collatz.Research.DescentAtlas.Batch081.descent_1829' depends on axioms: [propext, Classical.choice, Quot.sound]
'Collatz.Research.DescentAtlas.Batch081.data_1831' does not depend on any axioms
'Collatz.Research.DescentAtlas.Batch081.affine_1831' depends on axioms: [propext, Quot.sound]
'Collatz.Research.DescentAtlas.Batch081.descent_1831' depends on axioms: [propext, Classical.choice, Quot.sound]
'Collatz.Research.DescentAtlas.Batch082.data_1833' does not depend on any axioms
'Collatz.Research.DescentAtlas.Batch082.affine_1833' depends on axioms: [propext, Quot.sound]
'Collatz.Research.DescentAtlas.Batch082.descent_1833' depends on axioms: [propext, Classical.choice, Quot.sound]
'Collatz.Research.DescentAtlas.Batch082.data_1835' does not depend on any axioms
'Collatz.Research.DescentAtlas.Batch082.affine_1835' depends on axioms: [propext, Quot.sound]
'Collatz.Research.DescentAtlas.Batch082.descent_1835' depends on axioms: [propext, Classical.choice, Quot.sound]
'Collatz.Research.DescentAtlas.Batch082.data_1837' does not depend on any axioms
'Collatz.Research.DescentAtlas.Batch082.affine_1837' depends on axioms: [propext, Quot.sound]
'Collatz.Research.DescentAtlas.Batch082.descent_1837' depends on axioms: [propext, Classical.choice, Quot.sound]
'Collatz.Research.DescentAtlas.Batch082.data_1841' does not depend on any axioms
'Collatz.Research.DescentAtlas.Batch082.affine_1841' depends on axioms: [propext, Quot.sound]
'Collatz.Research.DescentAtlas.Batch082.descent_1841' depends on axioms: [propext, Classical.choice, Quot.sound]
'Collatz.Research.DescentAtlas.Batch082.data_1843' does not depend on any axioms
'Collatz.Research.DescentAtlas.Batch082.affine_1843' depends on axioms: [propext, Quot.sound]
'Collatz.Research.DescentAtlas.Batch082.descent_1843' depends on axioms: [propext, Classical.choice, Quot.sound]
'Collatz.Research.DescentAtlas.Batch082.data_1845' does not depend on any axioms
'Collatz.Research.DescentAtlas.Batch082.affine_1845' depends on axioms: [propext, Quot.sound]
'Collatz.Research.DescentAtlas.Batch082.descent_1845' depends on axioms: [propext, Classical.choice, Quot.sound]
'Collatz.Research.DescentAtlas.Batch082.data_1847' does not depend on any axioms
'Collatz.Research.DescentAtlas.Batch082.affine_1847' depends on axioms: [propext, Quot.sound]
'Collatz.Research.DescentAtlas.Batch082.descent_1847' depends on axioms: [propext, Classical.choice, Quot.sound]
'Collatz.Research.DescentAtlas.Batch082.data_1849' does not depend on any axioms
'Collatz.Research.DescentAtlas.Batch082.affine_1849' depends on axioms: [propext, Quot.sound]
'Collatz.Research.DescentAtlas.Batch082.descent_1849' depends on axioms: [propext, Classical.choice, Quot.sound]
'Collatz.Research.DescentAtlas.Batch083.data_1851' does not depend on any axioms
'Collatz.Research.DescentAtlas.Batch083.affine_1851' depends on axioms: [propext, Quot.sound]
'Collatz.Research.DescentAtlas.Batch083.descent_1851' depends on axioms: [propext, Classical.choice, Quot.sound]
'Collatz.Research.DescentAtlas.Batch083.data_1853' does not depend on any axioms
'Collatz.Research.DescentAtlas.Batch083.affine_1853' depends on axioms: [propext, Quot.sound]
'Collatz.Research.DescentAtlas.Batch083.descent_1853' depends on axioms: [propext, Classical.choice, Quot.sound]
'Collatz.Research.DescentAtlas.Batch083.data_1857' does not depend on any axioms
'Collatz.Research.DescentAtlas.Batch083.affine_1857' depends on axioms: [propext, Quot.sound]
'Collatz.Research.DescentAtlas.Batch083.descent_1857' depends on axioms: [propext, Classical.choice, Quot.sound]
'Collatz.Research.DescentAtlas.Batch083.data_1859' does not depend on any axioms
'Collatz.Research.DescentAtlas.Batch083.affine_1859' depends on axioms: [propext, Quot.sound]
'Collatz.Research.DescentAtlas.Batch083.descent_1859' depends on axioms: [propext, Classical.choice, Quot.sound]
'Collatz.Research.DescentAtlas.Batch083.data_1861' does not depend on any axioms
'Collatz.Research.DescentAtlas.Batch083.affine_1861' depends on axioms: [propext, Quot.sound]
'Collatz.Research.DescentAtlas.Batch083.descent_1861' depends on axioms: [propext, Classical.choice, Quot.sound]
'Collatz.Research.DescentAtlas.Batch083.data_1865' does not depend on any axioms
'Collatz.Research.DescentAtlas.Batch083.affine_1865' depends on axioms: [propext, Quot.sound]
'Collatz.Research.DescentAtlas.Batch083.descent_1865' depends on axioms: [propext, Classical.choice, Quot.sound]
'Collatz.Research.DescentAtlas.Batch083.data_1867' does not depend on any axioms
'Collatz.Research.DescentAtlas.Batch083.affine_1867' depends on axioms: [propext, Quot.sound]
'Collatz.Research.DescentAtlas.Batch083.descent_1867' depends on axioms: [propext, Classical.choice, Quot.sound]
'Collatz.Research.DescentAtlas.Batch083.data_1869' does not depend on any axioms
'Collatz.Research.DescentAtlas.Batch083.affine_1869' depends on axioms: [propext, Quot.sound]
'Collatz.Research.DescentAtlas.Batch083.descent_1869' depends on axioms: [propext, Classical.choice, Quot.sound]
'Collatz.Research.DescentAtlas.Batch084.data_1871' does not depend on any axioms
'Collatz.Research.DescentAtlas.Batch084.affine_1871' depends on axioms: [propext, Quot.sound]
'Collatz.Research.DescentAtlas.Batch084.descent_1871' depends on axioms: [propext, Classical.choice, Quot.sound]
'Collatz.Research.DescentAtlas.Batch084.data_1873' does not depend on any axioms
'Collatz.Research.DescentAtlas.Batch084.affine_1873' depends on axioms: [propext, Quot.sound]
'Collatz.Research.DescentAtlas.Batch084.descent_1873' depends on axioms: [propext, Classical.choice, Quot.sound]
'Collatz.Research.DescentAtlas.Batch084.data_1877' does not depend on any axioms
'Collatz.Research.DescentAtlas.Batch084.affine_1877' depends on axioms: [propext, Quot.sound]
'Collatz.Research.DescentAtlas.Batch084.descent_1877' depends on axioms: [propext, Classical.choice, Quot.sound]
'Collatz.Research.DescentAtlas.Batch084.data_1879' does not depend on any axioms
'Collatz.Research.DescentAtlas.Batch084.affine_1879' depends on axioms: [propext, Quot.sound]
'Collatz.Research.DescentAtlas.Batch084.descent_1879' depends on axioms: [propext, Classical.choice, Quot.sound]
'Collatz.Research.DescentAtlas.Batch084.data_1881' does not depend on any axioms
'Collatz.Research.DescentAtlas.Batch084.affine_1881' depends on axioms: [propext, Quot.sound]
'Collatz.Research.DescentAtlas.Batch084.descent_1881' depends on axioms: [propext, Classical.choice, Quot.sound]
'Collatz.Research.DescentAtlas.Batch084.data_1885' does not depend on any axioms
'Collatz.Research.DescentAtlas.Batch084.affine_1885' depends on axioms: [propext, Quot.sound]
'Collatz.Research.DescentAtlas.Batch084.descent_1885' depends on axioms: [propext, Classical.choice, Quot.sound]
'Collatz.Research.DescentAtlas.Batch084.data_1887' does not depend on any axioms
'Collatz.Research.DescentAtlas.Batch084.affine_1887' depends on axioms: [propext, Quot.sound]
'Collatz.Research.DescentAtlas.Batch084.descent_1887' depends on axioms: [propext, Classical.choice, Quot.sound]
'Collatz.Research.DescentAtlas.Batch084.data_1889' does not depend on any axioms
'Collatz.Research.DescentAtlas.Batch084.affine_1889' depends on axioms: [propext, Quot.sound]
'Collatz.Research.DescentAtlas.Batch084.descent_1889' depends on axioms: [propext, Classical.choice, Quot.sound]
'Collatz.Research.DescentAtlas.Batch085.data_1891' does not depend on any axioms
'Collatz.Research.DescentAtlas.Batch085.affine_1891' depends on axioms: [propext, Quot.sound]
'Collatz.Research.DescentAtlas.Batch085.descent_1891' depends on axioms: [propext, Classical.choice, Quot.sound]
'Collatz.Research.DescentAtlas.Batch085.data_1893' does not depend on any axioms
'Collatz.Research.DescentAtlas.Batch085.affine_1893' depends on axioms: [propext, Quot.sound]
'Collatz.Research.DescentAtlas.Batch085.descent_1893' depends on axioms: [propext, Classical.choice, Quot.sound]
'Collatz.Research.DescentAtlas.Batch085.data_1897' does not depend on any axioms
'Collatz.Research.DescentAtlas.Batch085.affine_1897' depends on axioms: [propext, Quot.sound]
'Collatz.Research.DescentAtlas.Batch085.descent_1897' depends on axioms: [propext, Classical.choice, Quot.sound]
'Collatz.Research.DescentAtlas.Batch085.data_1899' does not depend on any axioms
'Collatz.Research.DescentAtlas.Batch085.affine_1899' depends on axioms: [propext, Quot.sound]
'Collatz.Research.DescentAtlas.Batch085.descent_1899' depends on axioms: [propext, Classical.choice, Quot.sound]
'Collatz.Research.DescentAtlas.Batch085.data_1901' does not depend on any axioms
'Collatz.Research.DescentAtlas.Batch085.affine_1901' depends on axioms: [propext, Quot.sound]
'Collatz.Research.DescentAtlas.Batch085.descent_1901' depends on axioms: [propext, Classical.choice, Quot.sound]
'Collatz.Research.DescentAtlas.Batch085.data_1905' does not depend on any axioms
'Collatz.Research.DescentAtlas.Batch085.affine_1905' depends on axioms: [propext, Quot.sound]
'Collatz.Research.DescentAtlas.Batch085.descent_1905' depends on axioms: [propext, Classical.choice, Quot.sound]
'Collatz.Research.DescentAtlas.Batch085.data_1907' does not depend on any axioms
'Collatz.Research.DescentAtlas.Batch085.affine_1907' depends on axioms: [propext, Quot.sound]
'Collatz.Research.DescentAtlas.Batch085.descent_1907' depends on axioms: [propext, Classical.choice, Quot.sound]
'Collatz.Research.DescentAtlas.Batch085.data_1909' does not depend on any axioms
'Collatz.Research.DescentAtlas.Batch085.affine_1909' depends on axioms: [propext, Quot.sound]
'Collatz.Research.DescentAtlas.Batch085.descent_1909' depends on axioms: [propext, Classical.choice, Quot.sound]
'Collatz.Research.DescentAtlas.Batch086.data_1911' does not depend on any axioms
'Collatz.Research.DescentAtlas.Batch086.affine_1911' depends on axioms: [propext, Quot.sound]
'Collatz.Research.DescentAtlas.Batch086.descent_1911' depends on axioms: [propext, Classical.choice, Quot.sound]
'Collatz.Research.DescentAtlas.Batch086.data_1913' does not depend on any axioms
'Collatz.Research.DescentAtlas.Batch086.affine_1913' depends on axioms: [propext, Quot.sound]
'Collatz.Research.DescentAtlas.Batch086.descent_1913' depends on axioms: [propext, Classical.choice, Quot.sound]
'Collatz.Research.DescentAtlas.Batch086.data_1921' does not depend on any axioms
'Collatz.Research.DescentAtlas.Batch086.affine_1921' depends on axioms: [propext, Quot.sound]
'Collatz.Research.DescentAtlas.Batch086.descent_1921' depends on axioms: [propext, Classical.choice, Quot.sound]
'Collatz.Research.DescentAtlas.Batch086.data_1923' does not depend on any axioms
'Collatz.Research.DescentAtlas.Batch086.affine_1923' depends on axioms: [propext, Quot.sound]
'Collatz.Research.DescentAtlas.Batch086.descent_1923' depends on axioms: [propext, Classical.choice, Quot.sound]
'Collatz.Research.DescentAtlas.Batch086.data_1925' does not depend on any axioms
'Collatz.Research.DescentAtlas.Batch086.affine_1925' depends on axioms: [propext, Quot.sound]
'Collatz.Research.DescentAtlas.Batch086.descent_1925' depends on axioms: [propext, Classical.choice, Quot.sound]
'Collatz.Research.DescentAtlas.Batch086.data_1927' does not depend on any axioms
'Collatz.Research.DescentAtlas.Batch086.affine_1927' depends on axioms: [propext, Quot.sound]
'Collatz.Research.DescentAtlas.Batch086.descent_1927' depends on axioms: [propext, Classical.choice, Quot.sound]
'Collatz.Research.DescentAtlas.Batch086.data_1933' does not depend on any axioms
'Collatz.Research.DescentAtlas.Batch086.affine_1933' depends on axioms: [propext, Quot.sound]
'Collatz.Research.DescentAtlas.Batch086.descent_1933' depends on axioms: [propext, Classical.choice, Quot.sound]
'Collatz.Research.DescentAtlas.Batch086.data_1935' does not depend on any axioms
'Collatz.Research.DescentAtlas.Batch086.affine_1935' depends on axioms: [propext, Quot.sound]
'Collatz.Research.DescentAtlas.Batch086.descent_1935' depends on axioms: [propext, Classical.choice, Quot.sound]
'Collatz.Research.DescentAtlas.Batch087.data_1937' does not depend on any axioms
'Collatz.Research.DescentAtlas.Batch087.affine_1937' depends on axioms: [propext, Quot.sound]
'Collatz.Research.DescentAtlas.Batch087.descent_1937' depends on axioms: [propext, Classical.choice, Quot.sound]
'Collatz.Research.DescentAtlas.Batch087.data_1939' does not depend on any axioms
'Collatz.Research.DescentAtlas.Batch087.affine_1939' depends on axioms: [propext, Quot.sound]
'Collatz.Research.DescentAtlas.Batch087.descent_1939' depends on axioms: [propext, Classical.choice, Quot.sound]
'Collatz.Research.DescentAtlas.Batch087.data_1941' does not depend on any axioms
'Collatz.Research.DescentAtlas.Batch087.affine_1941' depends on axioms: [propext, Quot.sound]
'Collatz.Research.DescentAtlas.Batch087.descent_1941' depends on axioms: [propext, Classical.choice, Quot.sound]
'Collatz.Research.DescentAtlas.Batch087.data_1943' does not depend on any axioms
'Collatz.Research.DescentAtlas.Batch087.affine_1943' depends on axioms: [propext, Quot.sound]
'Collatz.Research.DescentAtlas.Batch087.descent_1943' depends on axioms: [propext, Classical.choice, Quot.sound]
'Collatz.Research.DescentAtlas.Batch087.data_1945' does not depend on any axioms
'Collatz.Research.DescentAtlas.Batch087.affine_1945' depends on axioms: [propext, Quot.sound]
'Collatz.Research.DescentAtlas.Batch087.descent_1945' depends on axioms: [propext, Classical.choice, Quot.sound]
'Collatz.Research.DescentAtlas.Batch087.data_1953' does not depend on any axioms
'Collatz.Research.DescentAtlas.Batch087.affine_1953' depends on axioms: [propext, Quot.sound]
'Collatz.Research.DescentAtlas.Batch087.descent_1953' depends on axioms: [propext, Classical.choice, Quot.sound]
'Collatz.Research.DescentAtlas.Batch087.data_1955' does not depend on any axioms
'Collatz.Research.DescentAtlas.Batch087.affine_1955' depends on axioms: [propext, Quot.sound]
'Collatz.Research.DescentAtlas.Batch087.descent_1955' depends on axioms: [propext, Classical.choice, Quot.sound]
'Collatz.Research.DescentAtlas.Batch087.data_1957' does not depend on any axioms
'Collatz.Research.DescentAtlas.Batch087.affine_1957' depends on axioms: [propext, Quot.sound]
'Collatz.Research.DescentAtlas.Batch087.descent_1957' depends on axioms: [propext, Classical.choice, Quot.sound]
'Collatz.Research.DescentAtlas.Batch088.data_1967' does not depend on any axioms
'Collatz.Research.DescentAtlas.Batch088.affine_1967' depends on axioms: [propext, Quot.sound]
'Collatz.Research.DescentAtlas.Batch088.descent_1967' depends on axioms: [propext, Classical.choice, Quot.sound]
'Collatz.Research.DescentAtlas.Batch088.data_1969' does not depend on any axioms
'Collatz.Research.DescentAtlas.Batch088.affine_1969' depends on axioms: [propext, Quot.sound]
'Collatz.Research.DescentAtlas.Batch088.descent_1969' depends on axioms: [propext, Classical.choice, Quot.sound]
'Collatz.Research.DescentAtlas.Batch088.data_1971' does not depend on any axioms
'Collatz.Research.DescentAtlas.Batch088.affine_1971' depends on axioms: [propext, Quot.sound]
'Collatz.Research.DescentAtlas.Batch088.descent_1971' depends on axioms: [propext, Classical.choice, Quot.sound]
'Collatz.Research.DescentAtlas.Batch088.data_1973' does not depend on any axioms
'Collatz.Research.DescentAtlas.Batch088.affine_1973' depends on axioms: [propext, Quot.sound]
'Collatz.Research.DescentAtlas.Batch088.descent_1973' depends on axioms: [propext, Classical.choice, Quot.sound]
'Collatz.Research.DescentAtlas.Batch088.data_1975' does not depend on any axioms
'Collatz.Research.DescentAtlas.Batch088.affine_1975' depends on axioms: [propext, Quot.sound]
'Collatz.Research.DescentAtlas.Batch088.descent_1975' depends on axioms: [propext, Classical.choice, Quot.sound]
'Collatz.Research.DescentAtlas.Batch088.data_1977' does not depend on any axioms
'Collatz.Research.DescentAtlas.Batch088.affine_1977' depends on axioms: [propext, Quot.sound]
'Collatz.Research.DescentAtlas.Batch088.descent_1977' depends on axioms: [propext, Classical.choice, Quot.sound]
'Collatz.Research.DescentAtlas.Batch088.data_1979' does not depend on any axioms
'Collatz.Research.DescentAtlas.Batch088.affine_1979' depends on axioms: [propext, Quot.sound]
'Collatz.Research.DescentAtlas.Batch088.descent_1979' depends on axioms: [propext, Classical.choice, Quot.sound]
'Collatz.Research.DescentAtlas.Batch088.data_1985' does not depend on any axioms
'Collatz.Research.DescentAtlas.Batch088.affine_1985' depends on axioms: [propext, Quot.sound]
'Collatz.Research.DescentAtlas.Batch088.descent_1985' depends on axioms: [propext, Classical.choice, Quot.sound]
'Collatz.Research.DescentAtlas.Batch089.data_1989' does not depend on any axioms
'Collatz.Research.DescentAtlas.Batch089.affine_1989' depends on axioms: [propext, Quot.sound]
'Collatz.Research.DescentAtlas.Batch089.descent_1989' depends on axioms: [propext, Classical.choice, Quot.sound]
'Collatz.Research.DescentAtlas.Batch089.data_1991' does not depend on any axioms
'Collatz.Research.DescentAtlas.Batch089.affine_1991' depends on axioms: [propext, Quot.sound]
'Collatz.Research.DescentAtlas.Batch089.descent_1991' depends on axioms: [propext, Classical.choice, Quot.sound]
'Collatz.Research.DescentAtlas.Batch089.data_1993' does not depend on any axioms
'Collatz.Research.DescentAtlas.Batch089.affine_1993' depends on axioms: [propext, Quot.sound]
'Collatz.Research.DescentAtlas.Batch089.descent_1993' depends on axioms: [propext, Classical.choice, Quot.sound]
'Collatz.Research.DescentAtlas.Batch089.data_1995' does not depend on any axioms
'Collatz.Research.DescentAtlas.Batch089.affine_1995' depends on axioms: [propext, Quot.sound]
'Collatz.Research.DescentAtlas.Batch089.descent_1995' depends on axioms: [propext, Classical.choice, Quot.sound]
'Collatz.Research.DescentAtlas.Batch089.data_1997' does not depend on any axioms
'Collatz.Research.DescentAtlas.Batch089.affine_1997' depends on axioms: [propext, Quot.sound]
'Collatz.Research.DescentAtlas.Batch089.descent_1997' depends on axioms: [propext, Classical.choice, Quot.sound]
'Collatz.Research.DescentAtlas.Batch089.data_1999' does not depend on any axioms
'Collatz.Research.DescentAtlas.Batch089.affine_1999' depends on axioms: [propext, Quot.sound]
'Collatz.Research.DescentAtlas.Batch089.descent_1999' depends on axioms: [propext, Classical.choice, Quot.sound]
'Collatz.Research.DescentAtlas.Batch089.data_2001' does not depend on any axioms
'Collatz.Research.DescentAtlas.Batch089.affine_2001' depends on axioms: [propext, Quot.sound]
'Collatz.Research.DescentAtlas.Batch089.descent_2001' depends on axioms: [propext, Classical.choice, Quot.sound]
'Collatz.Research.DescentAtlas.Batch089.data_2005' does not depend on any axioms
'Collatz.Research.DescentAtlas.Batch089.affine_2005' depends on axioms: [propext, Quot.sound]
'Collatz.Research.DescentAtlas.Batch089.descent_2005' depends on axioms: [propext, Classical.choice, Quot.sound]
'Collatz.Research.DescentAtlas.Batch090.data_2007' does not depend on any axioms
'Collatz.Research.DescentAtlas.Batch090.affine_2007' depends on axioms: [propext, Quot.sound]
'Collatz.Research.DescentAtlas.Batch090.descent_2007' depends on axioms: [propext, Classical.choice, Quot.sound]
'Collatz.Research.DescentAtlas.Batch090.data_2009' does not depend on any axioms
'Collatz.Research.DescentAtlas.Batch090.affine_2009' depends on axioms: [propext, Quot.sound]
'Collatz.Research.DescentAtlas.Batch090.descent_2009' depends on axioms: [propext, Classical.choice, Quot.sound]
'Collatz.Research.DescentAtlas.Batch090.data_2019' does not depend on any axioms
'Collatz.Research.DescentAtlas.Batch090.affine_2019' depends on axioms: [propext, Quot.sound]
'Collatz.Research.DescentAtlas.Batch090.descent_2019' depends on axioms: [propext, Classical.choice, Quot.sound]
'Collatz.Research.DescentAtlas.Batch090.data_2021' does not depend on any axioms
'Collatz.Research.DescentAtlas.Batch090.affine_2021' depends on axioms: [propext, Quot.sound]
'Collatz.Research.DescentAtlas.Batch090.descent_2021' depends on axioms: [propext, Classical.choice, Quot.sound]
'Collatz.Research.DescentAtlas.Batch090.data_2023' does not depend on any axioms
'Collatz.Research.DescentAtlas.Batch090.affine_2023' depends on axioms: [propext, Quot.sound]
'Collatz.Research.DescentAtlas.Batch090.descent_2023' depends on axioms: [propext, Classical.choice, Quot.sound]
'Collatz.Research.DescentAtlas.Batch090.data_2029' does not depend on any axioms
'Collatz.Research.DescentAtlas.Batch090.affine_2029' depends on axioms: [propext, Quot.sound]
'Collatz.Research.DescentAtlas.Batch090.descent_2029' depends on axioms: [propext, Classical.choice, Quot.sound]
'Collatz.Research.DescentAtlas.Batch090.data_2031' does not depend on any axioms
'Collatz.Research.DescentAtlas.Batch090.affine_2031' depends on axioms: [propext, Quot.sound]
'Collatz.Research.DescentAtlas.Batch090.descent_2031' depends on axioms: [propext, Classical.choice, Quot.sound]
'Collatz.Research.DescentAtlas.Batch090.data_2033' does not depend on any axioms
'Collatz.Research.DescentAtlas.Batch090.affine_2033' depends on axioms: [propext, Quot.sound]
'Collatz.Research.DescentAtlas.Batch090.descent_2033' depends on axioms: [propext, Classical.choice, Quot.sound]
'Collatz.Research.DescentAtlas.Batch091.data_2037' does not depend on any axioms
'Collatz.Research.DescentAtlas.Batch091.affine_2037' depends on axioms: [propext, Quot.sound]
'Collatz.Research.DescentAtlas.Batch091.descent_2037' depends on axioms: [propext, Classical.choice, Quot.sound]
'Collatz.Research.DescentAtlas.Batch091.data_2039' does not depend on any axioms
'Collatz.Research.DescentAtlas.Batch091.affine_2039' depends on axioms: [propext, Quot.sound]
'Collatz.Research.DescentAtlas.Batch091.descent_2039' depends on axioms: [propext, Classical.choice, Quot.sound]
'Collatz.Research.DescentAtlas.Batch091.data_2049' does not depend on any axioms
'Collatz.Research.DescentAtlas.Batch091.affine_2049' depends on axioms: [propext, Quot.sound]
'Collatz.Research.DescentAtlas.Batch091.descent_2049' depends on axioms: [propext, Classical.choice, Quot.sound]
'Collatz.Research.DescentAtlas.Batch091.data_2051' does not depend on any axioms
'Collatz.Research.DescentAtlas.Batch091.affine_2051' depends on axioms: [propext, Quot.sound]
'Collatz.Research.DescentAtlas.Batch091.descent_2051' depends on axioms: [propext, Classical.choice, Quot.sound]
'Collatz.Research.DescentAtlas.Batch091.data_2053' does not depend on any axioms
'Collatz.Research.DescentAtlas.Batch091.affine_2053' depends on axioms: [propext, Quot.sound]
'Collatz.Research.DescentAtlas.Batch091.descent_2053' depends on axioms: [propext, Classical.choice, Quot.sound]
'Collatz.Research.DescentAtlas.Batch091.data_2055' does not depend on any axioms
'Collatz.Research.DescentAtlas.Batch091.affine_2055' depends on axioms: [propext, Quot.sound]
'Collatz.Research.DescentAtlas.Batch091.descent_2055' depends on axioms: [propext, Classical.choice, Quot.sound]
'Collatz.Research.DescentAtlas.Batch091.data_2057' does not depend on any axioms
'Collatz.Research.DescentAtlas.Batch091.affine_2057' depends on axioms: [propext, Quot.sound]
'Collatz.Research.DescentAtlas.Batch091.descent_2057' depends on axioms: [propext, Classical.choice, Quot.sound]
'Collatz.Research.DescentAtlas.Batch091.data_2059' does not depend on any axioms
'Collatz.Research.DescentAtlas.Batch091.affine_2059' depends on axioms: [propext, Quot.sound]
'Collatz.Research.DescentAtlas.Batch091.descent_2059' depends on axioms: [propext, Classical.choice, Quot.sound]
'Collatz.Research.DescentAtlas.Batch092.data_2061' does not depend on any axioms
'Collatz.Research.DescentAtlas.Batch092.affine_2061' depends on axioms: [propext, Quot.sound]
'Collatz.Research.DescentAtlas.Batch092.descent_2061' depends on axioms: [propext, Classical.choice, Quot.sound]
'Collatz.Research.DescentAtlas.Batch092.data_2063' does not depend on any axioms
'Collatz.Research.DescentAtlas.Batch092.affine_2063' depends on axioms: [propext, Quot.sound]
'Collatz.Research.DescentAtlas.Batch092.descent_2063' depends on axioms: [propext, Classical.choice, Quot.sound]
'Collatz.Research.DescentAtlas.Batch092.data_2065' does not depend on any axioms
'Collatz.Research.DescentAtlas.Batch092.affine_2065' depends on axioms: [propext, Quot.sound]
'Collatz.Research.DescentAtlas.Batch092.descent_2065' depends on axioms: [propext, Classical.choice, Quot.sound]
'Collatz.Research.DescentAtlas.Batch092.data_2067' does not depend on any axioms
'Collatz.Research.DescentAtlas.Batch092.affine_2067' depends on axioms: [propext, Quot.sound]
'Collatz.Research.DescentAtlas.Batch092.descent_2067' depends on axioms: [propext, Classical.choice, Quot.sound]
'Collatz.Research.DescentAtlas.Batch092.data_2069' does not depend on any axioms
'Collatz.Research.DescentAtlas.Batch092.affine_2069' depends on axioms: [propext, Quot.sound]
'Collatz.Research.DescentAtlas.Batch092.descent_2069' depends on axioms: [propext, Classical.choice, Quot.sound]
'Collatz.Research.DescentAtlas.Batch092.data_2071' does not depend on any axioms
'Collatz.Research.DescentAtlas.Batch092.affine_2071' depends on axioms: [propext, Quot.sound]
'Collatz.Research.DescentAtlas.Batch092.descent_2071' depends on axioms: [propext, Classical.choice, Quot.sound]
'Collatz.Research.DescentAtlas.Batch092.data_2073' does not depend on any axioms
'Collatz.Research.DescentAtlas.Batch092.affine_2073' depends on axioms: [propext, Quot.sound]
'Collatz.Research.DescentAtlas.Batch092.descent_2073' depends on axioms: [propext, Classical.choice, Quot.sound]
'Collatz.Research.DescentAtlas.Batch092.data_2077' does not depend on any axioms
'Collatz.Research.DescentAtlas.Batch092.affine_2077' depends on axioms: [propext, Quot.sound]
'Collatz.Research.DescentAtlas.Batch092.descent_2077' depends on axioms: [propext, Classical.choice, Quot.sound]
'Collatz.Research.DescentAtlas.Batch093.data_2079' does not depend on any axioms
'Collatz.Research.DescentAtlas.Batch093.affine_2079' depends on axioms: [propext, Quot.sound]
'Collatz.Research.DescentAtlas.Batch093.descent_2079' depends on axioms: [propext, Classical.choice, Quot.sound]
'Collatz.Research.DescentAtlas.Batch093.data_2081' does not depend on any axioms
'Collatz.Research.DescentAtlas.Batch093.affine_2081' depends on axioms: [propext, Quot.sound]
'Collatz.Research.DescentAtlas.Batch093.descent_2081' depends on axioms: [propext, Classical.choice, Quot.sound]
'Collatz.Research.DescentAtlas.Batch093.data_2083' does not depend on any axioms
'Collatz.Research.DescentAtlas.Batch093.affine_2083' depends on axioms: [propext, Quot.sound]
'Collatz.Research.DescentAtlas.Batch093.descent_2083' depends on axioms: [propext, Classical.choice, Quot.sound]
'Collatz.Research.DescentAtlas.Batch093.data_2085' does not depend on any axioms
'Collatz.Research.DescentAtlas.Batch093.affine_2085' depends on axioms: [propext, Quot.sound]
'Collatz.Research.DescentAtlas.Batch093.descent_2085' depends on axioms: [propext, Classical.choice, Quot.sound]
'Collatz.Research.DescentAtlas.Batch093.data_2091' does not depend on any axioms
'Collatz.Research.DescentAtlas.Batch093.affine_2091' depends on axioms: [propext, Quot.sound]
'Collatz.Research.DescentAtlas.Batch093.descent_2091' depends on axioms: [propext, Classical.choice, Quot.sound]
'Collatz.Research.DescentAtlas.Batch093.data_2093' does not depend on any axioms
'Collatz.Research.DescentAtlas.Batch093.affine_2093' depends on axioms: [propext, Quot.sound]
'Collatz.Research.DescentAtlas.Batch093.descent_2093' depends on axioms: [propext, Classical.choice, Quot.sound]
'Collatz.Research.DescentAtlas.Batch093.data_2097' does not depend on any axioms
'Collatz.Research.DescentAtlas.Batch093.affine_2097' depends on axioms: [propext, Quot.sound]
'Collatz.Research.DescentAtlas.Batch093.descent_2097' depends on axioms: [propext, Classical.choice, Quot.sound]
'Collatz.Research.DescentAtlas.Batch093.data_2099' does not depend on any axioms
'Collatz.Research.DescentAtlas.Batch093.affine_2099' depends on axioms: [propext, Quot.sound]
'Collatz.Research.DescentAtlas.Batch093.descent_2099' depends on axioms: [propext, Classical.choice, Quot.sound]
'Collatz.Research.DescentAtlas.Batch094.data_2101' does not depend on any axioms
'Collatz.Research.DescentAtlas.Batch094.affine_2101' depends on axioms: [propext, Quot.sound]
'Collatz.Research.DescentAtlas.Batch094.descent_2101' depends on axioms: [propext, Classical.choice, Quot.sound]
'Collatz.Research.DescentAtlas.Batch094.data_2105' does not depend on any axioms
'Collatz.Research.DescentAtlas.Batch094.affine_2105' depends on axioms: [propext, Quot.sound]
'Collatz.Research.DescentAtlas.Batch094.descent_2105' depends on axioms: [propext, Classical.choice, Quot.sound]
'Collatz.Research.DescentAtlas.Batch094.data_2109' does not depend on any axioms
'Collatz.Research.DescentAtlas.Batch094.affine_2109' depends on axioms: [propext, Quot.sound]
'Collatz.Research.DescentAtlas.Batch094.descent_2109' depends on axioms: [propext, Classical.choice, Quot.sound]
'Collatz.Research.DescentAtlas.Batch094.data_2113' does not depend on any axioms
'Collatz.Research.DescentAtlas.Batch094.affine_2113' depends on axioms: [propext, Quot.sound]
'Collatz.Research.DescentAtlas.Batch094.descent_2113' depends on axioms: [propext, Classical.choice, Quot.sound]
'Collatz.Research.DescentAtlas.Batch094.data_2115' does not depend on any axioms
'Collatz.Research.DescentAtlas.Batch094.affine_2115' depends on axioms: [propext, Quot.sound]
'Collatz.Research.DescentAtlas.Batch094.descent_2115' depends on axioms: [propext, Classical.choice, Quot.sound]
'Collatz.Research.DescentAtlas.Batch094.data_2117' does not depend on any axioms
'Collatz.Research.DescentAtlas.Batch094.affine_2117' depends on axioms: [propext, Quot.sound]
'Collatz.Research.DescentAtlas.Batch094.descent_2117' depends on axioms: [propext, Classical.choice, Quot.sound]
'Collatz.Research.DescentAtlas.Batch094.data_2123' does not depend on any axioms
'Collatz.Research.DescentAtlas.Batch094.affine_2123' depends on axioms: [propext, Quot.sound]
'Collatz.Research.DescentAtlas.Batch094.descent_2123' depends on axioms: [propext, Classical.choice, Quot.sound]
'Collatz.Research.DescentAtlas.Batch094.data_2125' does not depend on any axioms
'Collatz.Research.DescentAtlas.Batch094.affine_2125' depends on axioms: [propext, Quot.sound]
'Collatz.Research.DescentAtlas.Batch094.descent_2125' depends on axioms: [propext, Classical.choice, Quot.sound]
'Collatz.Research.DescentAtlas.Batch095.data_2127' does not depend on any axioms
'Collatz.Research.DescentAtlas.Batch095.affine_2127' depends on axioms: [propext, Quot.sound]
'Collatz.Research.DescentAtlas.Batch095.descent_2127' depends on axioms: [propext, Classical.choice, Quot.sound]
'Collatz.Research.DescentAtlas.Batch095.data_2129' does not depend on any axioms
'Collatz.Research.DescentAtlas.Batch095.affine_2129' depends on axioms: [propext, Quot.sound]
'Collatz.Research.DescentAtlas.Batch095.descent_2129' depends on axioms: [propext, Classical.choice, Quot.sound]
'Collatz.Research.DescentAtlas.Batch095.data_2133' does not depend on any axioms
'Collatz.Research.DescentAtlas.Batch095.affine_2133' depends on axioms: [propext, Quot.sound]
'Collatz.Research.DescentAtlas.Batch095.descent_2133' depends on axioms: [propext, Classical.choice, Quot.sound]
'Collatz.Research.DescentAtlas.Batch095.data_2135' does not depend on any axioms
'Collatz.Research.DescentAtlas.Batch095.affine_2135' depends on axioms: [propext, Quot.sound]
'Collatz.Research.DescentAtlas.Batch095.descent_2135' depends on axioms: [propext, Classical.choice, Quot.sound]
'Collatz.Research.DescentAtlas.Batch095.data_2137' does not depend on any axioms
'Collatz.Research.DescentAtlas.Batch095.affine_2137' depends on axioms: [propext, Quot.sound]
'Collatz.Research.DescentAtlas.Batch095.descent_2137' depends on axioms: [propext, Classical.choice, Quot.sound]
'Collatz.Research.DescentAtlas.Batch095.data_2141' does not depend on any axioms
'Collatz.Research.DescentAtlas.Batch095.affine_2141' depends on axioms: [propext, Quot.sound]
'Collatz.Research.DescentAtlas.Batch095.descent_2141' depends on axioms: [propext, Classical.choice, Quot.sound]
'Collatz.Research.DescentAtlas.Batch095.data_2143' does not depend on any axioms
'Collatz.Research.DescentAtlas.Batch095.affine_2143' depends on axioms: [propext, Quot.sound]
'Collatz.Research.DescentAtlas.Batch095.descent_2143' depends on axioms: [propext, Classical.choice, Quot.sound]
'Collatz.Research.DescentAtlas.Batch095.data_2147' does not depend on any axioms
'Collatz.Research.DescentAtlas.Batch095.affine_2147' depends on axioms: [propext, Quot.sound]
'Collatz.Research.DescentAtlas.Batch095.descent_2147' depends on axioms: [propext, Classical.choice, Quot.sound]
'Collatz.Research.DescentAtlas.Batch096.data_2149' does not depend on any axioms
'Collatz.Research.DescentAtlas.Batch096.affine_2149' depends on axioms: [propext, Quot.sound]
'Collatz.Research.DescentAtlas.Batch096.descent_2149' depends on axioms: [propext, Classical.choice, Quot.sound]
'Collatz.Research.DescentAtlas.Batch096.data_2157' does not depend on any axioms
'Collatz.Research.DescentAtlas.Batch096.affine_2157' depends on axioms: [propext, Quot.sound]
'Collatz.Research.DescentAtlas.Batch096.descent_2157' depends on axioms: [propext, Classical.choice, Quot.sound]
'Collatz.Research.DescentAtlas.Batch096.data_2161' does not depend on any axioms
'Collatz.Research.DescentAtlas.Batch096.affine_2161' depends on axioms: [propext, Quot.sound]
'Collatz.Research.DescentAtlas.Batch096.descent_2161' depends on axioms: [propext, Classical.choice, Quot.sound]
'Collatz.Research.DescentAtlas.Batch096.data_2163' does not depend on any axioms
'Collatz.Research.DescentAtlas.Batch096.affine_2163' depends on axioms: [propext, Quot.sound]
'Collatz.Research.DescentAtlas.Batch096.descent_2163' depends on axioms: [propext, Classical.choice, Quot.sound]
'Collatz.Research.DescentAtlas.Batch096.data_2165' does not depend on any axioms
'Collatz.Research.DescentAtlas.Batch096.affine_2165' depends on axioms: [propext, Quot.sound]
'Collatz.Research.DescentAtlas.Batch096.descent_2165' depends on axioms: [propext, Classical.choice, Quot.sound]
'Collatz.Research.DescentAtlas.Batch096.data_2167' does not depend on any axioms
'Collatz.Research.DescentAtlas.Batch096.affine_2167' depends on axioms: [propext, Quot.sound]
'Collatz.Research.DescentAtlas.Batch096.descent_2167' depends on axioms: [propext, Classical.choice, Quot.sound]
'Collatz.Research.DescentAtlas.Batch096.data_2173' does not depend on any axioms
'Collatz.Research.DescentAtlas.Batch096.affine_2173' depends on axioms: [propext, Quot.sound]
'Collatz.Research.DescentAtlas.Batch096.descent_2173' depends on axioms: [propext, Classical.choice, Quot.sound]
'Collatz.Research.DescentAtlas.Batch096.data_2177' does not depend on any axioms
'Collatz.Research.DescentAtlas.Batch096.affine_2177' depends on axioms: [propext, Quot.sound]
'Collatz.Research.DescentAtlas.Batch096.descent_2177' depends on axioms: [propext, Classical.choice, Quot.sound]
'Collatz.Research.DescentAtlas.Batch097.data_2179' does not depend on any axioms
'Collatz.Research.DescentAtlas.Batch097.affine_2179' depends on axioms: [propext, Quot.sound]
'Collatz.Research.DescentAtlas.Batch097.descent_2179' depends on axioms: [propext, Classical.choice, Quot.sound]
'Collatz.Research.DescentAtlas.Batch097.data_2181' does not depend on any axioms
'Collatz.Research.DescentAtlas.Batch097.affine_2181' depends on axioms: [propext, Quot.sound]
'Collatz.Research.DescentAtlas.Batch097.descent_2181' depends on axioms: [propext, Classical.choice, Quot.sound]
'Collatz.Research.DescentAtlas.Batch097.data_2183' does not depend on any axioms
'Collatz.Research.DescentAtlas.Batch097.affine_2183' depends on axioms: [propext, Quot.sound]
'Collatz.Research.DescentAtlas.Batch097.descent_2183' depends on axioms: [propext, Classical.choice, Quot.sound]
'Collatz.Research.DescentAtlas.Batch097.data_2189' does not depend on any axioms
'Collatz.Research.DescentAtlas.Batch097.affine_2189' depends on axioms: [propext, Quot.sound]
'Collatz.Research.DescentAtlas.Batch097.descent_2189' depends on axioms: [propext, Classical.choice, Quot.sound]
'Collatz.Research.DescentAtlas.Batch097.data_2193' does not depend on any axioms
'Collatz.Research.DescentAtlas.Batch097.affine_2193' depends on axioms: [propext, Quot.sound]
'Collatz.Research.DescentAtlas.Batch097.descent_2193' depends on axioms: [propext, Classical.choice, Quot.sound]
'Collatz.Research.DescentAtlas.Batch097.data_2195' does not depend on any axioms
'Collatz.Research.DescentAtlas.Batch097.affine_2195' depends on axioms: [propext, Quot.sound]
'Collatz.Research.DescentAtlas.Batch097.descent_2195' depends on axioms: [propext, Classical.choice, Quot.sound]
'Collatz.Research.DescentAtlas.Batch097.data_2197' does not depend on any axioms
'Collatz.Research.DescentAtlas.Batch097.affine_2197' depends on axioms: [propext, Quot.sound]
'Collatz.Research.DescentAtlas.Batch097.descent_2197' depends on axioms: [propext, Classical.choice, Quot.sound]
'Collatz.Research.DescentAtlas.Batch097.data_2199' does not depend on any axioms
'Collatz.Research.DescentAtlas.Batch097.affine_2199' depends on axioms: [propext, Quot.sound]
'Collatz.Research.DescentAtlas.Batch097.descent_2199' depends on axioms: [propext, Classical.choice, Quot.sound]
'Collatz.Research.DescentAtlas.Batch098.data_2201' does not depend on any axioms
'Collatz.Research.DescentAtlas.Batch098.affine_2201' depends on axioms: [propext, Quot.sound]
'Collatz.Research.DescentAtlas.Batch098.descent_2201' depends on axioms: [propext, Classical.choice, Quot.sound]
'Collatz.Research.DescentAtlas.Batch098.data_2203' does not depend on any axioms
'Collatz.Research.DescentAtlas.Batch098.affine_2203' depends on axioms: [propext, Quot.sound]
'Collatz.Research.DescentAtlas.Batch098.descent_2203' depends on axioms: [propext, Classical.choice, Quot.sound]
'Collatz.Research.DescentAtlas.Batch098.data_2205' does not depend on any axioms
'Collatz.Research.DescentAtlas.Batch098.affine_2205' depends on axioms: [propext, Quot.sound]
'Collatz.Research.DescentAtlas.Batch098.descent_2205' depends on axioms: [propext, Classical.choice, Quot.sound]
'Collatz.Research.DescentAtlas.Batch098.data_2209' does not depend on any axioms
'Collatz.Research.DescentAtlas.Batch098.affine_2209' depends on axioms: [propext, Quot.sound]
'Collatz.Research.DescentAtlas.Batch098.descent_2209' depends on axioms: [propext, Classical.choice, Quot.sound]
'Collatz.Research.DescentAtlas.Batch098.data_2211' does not depend on any axioms
'Collatz.Research.DescentAtlas.Batch098.affine_2211' depends on axioms: [propext, Quot.sound]
'Collatz.Research.DescentAtlas.Batch098.descent_2211' depends on axioms: [propext, Classical.choice, Quot.sound]
'Collatz.Research.DescentAtlas.Batch098.data_2221' does not depend on any axioms
'Collatz.Research.DescentAtlas.Batch098.affine_2221' depends on axioms: [propext, Quot.sound]
'Collatz.Research.DescentAtlas.Batch098.descent_2221' depends on axioms: [propext, Classical.choice, Quot.sound]
'Collatz.Research.DescentAtlas.Batch098.data_2225' does not depend on any axioms
'Collatz.Research.DescentAtlas.Batch098.affine_2225' depends on axioms: [propext, Quot.sound]
'Collatz.Research.DescentAtlas.Batch098.descent_2225' depends on axioms: [propext, Classical.choice, Quot.sound]
'Collatz.Research.DescentAtlas.Batch098.data_2227' does not depend on any axioms
'Collatz.Research.DescentAtlas.Batch098.affine_2227' depends on axioms: [propext, Quot.sound]
'Collatz.Research.DescentAtlas.Batch098.descent_2227' depends on axioms: [propext, Classical.choice, Quot.sound]
'Collatz.Research.DescentAtlas.Batch099.data_2229' does not depend on any axioms
'Collatz.Research.DescentAtlas.Batch099.affine_2229' depends on axioms: [propext, Quot.sound]
'Collatz.Research.DescentAtlas.Batch099.descent_2229' depends on axioms: [propext, Classical.choice, Quot.sound]
'Collatz.Research.DescentAtlas.Batch099.data_2233' does not depend on any axioms
'Collatz.Research.DescentAtlas.Batch099.affine_2233' depends on axioms: [propext, Quot.sound]
'Collatz.Research.DescentAtlas.Batch099.descent_2233' depends on axioms: [propext, Classical.choice, Quot.sound]
'Collatz.Research.DescentAtlas.Batch099.data_2235' does not depend on any axioms
'Collatz.Research.DescentAtlas.Batch099.affine_2235' depends on axioms: [propext, Quot.sound]
'Collatz.Research.DescentAtlas.Batch099.descent_2235' depends on axioms: [propext, Classical.choice, Quot.sound]
'Collatz.Research.DescentAtlas.Batch099.data_2239' does not depend on any axioms
'Collatz.Research.DescentAtlas.Batch099.affine_2239' depends on axioms: [propext, Quot.sound]
'Collatz.Research.DescentAtlas.Batch099.descent_2239' depends on axioms: [propext, Classical.choice, Quot.sound]
'Collatz.Research.DescentAtlas.Batch099.data_2241' does not depend on any axioms
'Collatz.Research.DescentAtlas.Batch099.affine_2241' depends on axioms: [propext, Quot.sound]
'Collatz.Research.DescentAtlas.Batch099.descent_2241' depends on axioms: [propext, Classical.choice, Quot.sound]
'Collatz.Research.DescentAtlas.Batch099.data_2243' does not depend on any axioms
'Collatz.Research.DescentAtlas.Batch099.affine_2243' depends on axioms: [propext, Quot.sound]
'Collatz.Research.DescentAtlas.Batch099.descent_2243' depends on axioms: [propext, Classical.choice, Quot.sound]
'Collatz.Research.DescentAtlas.Batch099.data_2245' does not depend on any axioms
'Collatz.Research.DescentAtlas.Batch099.affine_2245' depends on axioms: [propext, Quot.sound]
'Collatz.Research.DescentAtlas.Batch099.descent_2245' depends on axioms: [propext, Classical.choice, Quot.sound]
'Collatz.Research.DescentAtlas.Batch099.data_2247' does not depend on any axioms
'Collatz.Research.DescentAtlas.Batch099.affine_2247' depends on axioms: [propext, Quot.sound]
'Collatz.Research.DescentAtlas.Batch099.descent_2247' depends on axioms: [propext, Classical.choice, Quot.sound]
'Collatz.Research.DescentAtlas.Batch100.data_2249' does not depend on any axioms
'Collatz.Research.DescentAtlas.Batch100.affine_2249' depends on axioms: [propext, Quot.sound]
'Collatz.Research.DescentAtlas.Batch100.descent_2249' depends on axioms: [propext, Classical.choice, Quot.sound]
'Collatz.Research.DescentAtlas.Batch100.data_2251' does not depend on any axioms
'Collatz.Research.DescentAtlas.Batch100.affine_2251' depends on axioms: [propext, Quot.sound]
'Collatz.Research.DescentAtlas.Batch100.descent_2251' depends on axioms: [propext, Classical.choice, Quot.sound]
'Collatz.Research.DescentAtlas.Batch100.data_2253' does not depend on any axioms
'Collatz.Research.DescentAtlas.Batch100.affine_2253' depends on axioms: [propext, Quot.sound]
'Collatz.Research.DescentAtlas.Batch100.descent_2253' depends on axioms: [propext, Classical.choice, Quot.sound]
'Collatz.Research.DescentAtlas.Batch100.data_2257' does not depend on any axioms
'Collatz.Research.DescentAtlas.Batch100.affine_2257' depends on axioms: [propext, Quot.sound]
'Collatz.Research.DescentAtlas.Batch100.descent_2257' depends on axioms: [propext, Classical.choice, Quot.sound]
'Collatz.Research.DescentAtlas.Batch100.data_2259' does not depend on any axioms
'Collatz.Research.DescentAtlas.Batch100.affine_2259' depends on axioms: [propext, Quot.sound]
'Collatz.Research.DescentAtlas.Batch100.descent_2259' depends on axioms: [propext, Classical.choice, Quot.sound]
'Collatz.Research.DescentAtlas.Batch100.data_2261' does not depend on any axioms
'Collatz.Research.DescentAtlas.Batch100.affine_2261' depends on axioms: [propext, Quot.sound]
'Collatz.Research.DescentAtlas.Batch100.descent_2261' depends on axioms: [propext, Classical.choice, Quot.sound]
'Collatz.Research.DescentAtlas.Batch100.data_2263' does not depend on any axioms
'Collatz.Research.DescentAtlas.Batch100.affine_2263' depends on axioms: [propext, Quot.sound]
'Collatz.Research.DescentAtlas.Batch100.descent_2263' depends on axioms: [propext, Classical.choice, Quot.sound]
'Collatz.Research.DescentAtlas.Batch100.data_2265' does not depend on any axioms
'Collatz.Research.DescentAtlas.Batch100.affine_2265' depends on axioms: [propext, Quot.sound]
'Collatz.Research.DescentAtlas.Batch100.descent_2265' depends on axioms: [propext, Classical.choice, Quot.sound]
'Collatz.Research.DescentAtlas.Batch101.data_2269' does not depend on any axioms
'Collatz.Research.DescentAtlas.Batch101.affine_2269' depends on axioms: [propext, Quot.sound]
'Collatz.Research.DescentAtlas.Batch101.descent_2269' depends on axioms: [propext, Classical.choice, Quot.sound]
'Collatz.Research.DescentAtlas.Batch101.data_2271' does not depend on any axioms
'Collatz.Research.DescentAtlas.Batch101.affine_2271' depends on axioms: [propext, Quot.sound]
'Collatz.Research.DescentAtlas.Batch101.descent_2271' depends on axioms: [propext, Classical.choice, Quot.sound]
'Collatz.Research.DescentAtlas.Batch101.data_2275' does not depend on any axioms
'Collatz.Research.DescentAtlas.Batch101.affine_2275' depends on axioms: [propext, Quot.sound]
'Collatz.Research.DescentAtlas.Batch101.descent_2275' depends on axioms: [propext, Classical.choice, Quot.sound]
'Collatz.Research.DescentAtlas.Batch101.data_2277' does not depend on any axioms
'Collatz.Research.DescentAtlas.Batch101.affine_2277' depends on axioms: [propext, Quot.sound]
'Collatz.Research.DescentAtlas.Batch101.descent_2277' depends on axioms: [propext, Classical.choice, Quot.sound]
'Collatz.Research.DescentAtlas.Batch101.data_2283' does not depend on any axioms
'Collatz.Research.DescentAtlas.Batch101.affine_2283' depends on axioms: [propext, Quot.sound]
'Collatz.Research.DescentAtlas.Batch101.descent_2283' depends on axioms: [propext, Classical.choice, Quot.sound]
'Collatz.Research.DescentAtlas.Batch101.data_2285' does not depend on any axioms
'Collatz.Research.DescentAtlas.Batch101.affine_2285' depends on axioms: [propext, Quot.sound]
'Collatz.Research.DescentAtlas.Batch101.descent_2285' depends on axioms: [propext, Classical.choice, Quot.sound]
'Collatz.Research.DescentAtlas.Batch101.data_2289' does not depend on any axioms
'Collatz.Research.DescentAtlas.Batch101.affine_2289' depends on axioms: [propext, Quot.sound]
'Collatz.Research.DescentAtlas.Batch101.descent_2289' depends on axioms: [propext, Classical.choice, Quot.sound]
'Collatz.Research.DescentAtlas.Batch101.data_2291' does not depend on any axioms
'Collatz.Research.DescentAtlas.Batch101.affine_2291' depends on axioms: [propext, Quot.sound]
'Collatz.Research.DescentAtlas.Batch101.descent_2291' depends on axioms: [propext, Classical.choice, Quot.sound]
'Collatz.Research.DescentAtlas.Batch102.data_2293' does not depend on any axioms
'Collatz.Research.DescentAtlas.Batch102.affine_2293' depends on axioms: [propext, Quot.sound]
'Collatz.Research.DescentAtlas.Batch102.descent_2293' depends on axioms: [propext, Classical.choice, Quot.sound]
'Collatz.Research.DescentAtlas.Batch102.data_2295' does not depend on any axioms
'Collatz.Research.DescentAtlas.Batch102.affine_2295' depends on axioms: [propext, Quot.sound]
'Collatz.Research.DescentAtlas.Batch102.descent_2295' depends on axioms: [propext, Classical.choice, Quot.sound]
'Collatz.Research.DescentAtlas.Batch102.data_2297' does not depend on any axioms
'Collatz.Research.DescentAtlas.Batch102.affine_2297' depends on axioms: [propext, Quot.sound]
'Collatz.Research.DescentAtlas.Batch102.descent_2297' depends on axioms: [propext, Classical.choice, Quot.sound]
'Collatz.Research.DescentAtlas.Batch102.data_2301' does not depend on any axioms
'Collatz.Research.DescentAtlas.Batch102.affine_2301' depends on axioms: [propext, Quot.sound]
'Collatz.Research.DescentAtlas.Batch102.descent_2301' depends on axioms: [propext, Classical.choice, Quot.sound]
'Collatz.Research.DescentAtlas.Batch102.data_2305' does not depend on any axioms
'Collatz.Research.DescentAtlas.Batch102.affine_2305' depends on axioms: [propext, Quot.sound]
'Collatz.Research.DescentAtlas.Batch102.descent_2305' depends on axioms: [propext, Classical.choice, Quot.sound]
'Collatz.Research.DescentAtlas.Batch102.data_2309' does not depend on any axioms
'Collatz.Research.DescentAtlas.Batch102.affine_2309' depends on axioms: [propext, Quot.sound]
'Collatz.Research.DescentAtlas.Batch102.descent_2309' depends on axioms: [propext, Classical.choice, Quot.sound]
'Collatz.Research.DescentAtlas.Batch102.data_2313' does not depend on any axioms
'Collatz.Research.DescentAtlas.Batch102.affine_2313' depends on axioms: [propext, Quot.sound]
'Collatz.Research.DescentAtlas.Batch102.descent_2313' depends on axioms: [propext, Classical.choice, Quot.sound]
'Collatz.Research.DescentAtlas.Batch102.data_2315' does not depend on any axioms
'Collatz.Research.DescentAtlas.Batch102.affine_2315' depends on axioms: [propext, Quot.sound]
'Collatz.Research.DescentAtlas.Batch102.descent_2315' depends on axioms: [propext, Classical.choice, Quot.sound]
'Collatz.Research.DescentAtlas.Batch103.data_2317' does not depend on any axioms
'Collatz.Research.DescentAtlas.Batch103.affine_2317' depends on axioms: [propext, Quot.sound]
'Collatz.Research.DescentAtlas.Batch103.descent_2317' depends on axioms: [propext, Classical.choice, Quot.sound]
'Collatz.Research.DescentAtlas.Batch103.data_2319' does not depend on any axioms
'Collatz.Research.DescentAtlas.Batch103.affine_2319' depends on axioms: [propext, Quot.sound]
'Collatz.Research.DescentAtlas.Batch103.descent_2319' depends on axioms: [propext, Classical.choice, Quot.sound]
'Collatz.Research.DescentAtlas.Batch103.data_2321' does not depend on any axioms
'Collatz.Research.DescentAtlas.Batch103.affine_2321' depends on axioms: [propext, Quot.sound]
'Collatz.Research.DescentAtlas.Batch103.descent_2321' depends on axioms: [propext, Classical.choice, Quot.sound]
'Collatz.Research.DescentAtlas.Batch103.data_2325' does not depend on any axioms
'Collatz.Research.DescentAtlas.Batch103.affine_2325' depends on axioms: [propext, Quot.sound]
'Collatz.Research.DescentAtlas.Batch103.descent_2325' depends on axioms: [propext, Classical.choice, Quot.sound]
'Collatz.Research.DescentAtlas.Batch103.data_2327' does not depend on any axioms
'Collatz.Research.DescentAtlas.Batch103.affine_2327' depends on axioms: [propext, Quot.sound]
'Collatz.Research.DescentAtlas.Batch103.descent_2327' depends on axioms: [propext, Classical.choice, Quot.sound]
'Collatz.Research.DescentAtlas.Batch103.data_2329' does not depend on any axioms
'Collatz.Research.DescentAtlas.Batch103.affine_2329' depends on axioms: [propext, Quot.sound]
'Collatz.Research.DescentAtlas.Batch103.descent_2329' depends on axioms: [propext, Classical.choice, Quot.sound]
'Collatz.Research.DescentAtlas.Batch103.data_2331' does not depend on any axioms
'Collatz.Research.DescentAtlas.Batch103.affine_2331' depends on axioms: [propext, Quot.sound]
'Collatz.Research.DescentAtlas.Batch103.descent_2331' depends on axioms: [propext, Classical.choice, Quot.sound]
'Collatz.Research.DescentAtlas.Batch103.data_2333' does not depend on any axioms
'Collatz.Research.DescentAtlas.Batch103.affine_2333' depends on axioms: [propext, Quot.sound]
'Collatz.Research.DescentAtlas.Batch103.descent_2333' depends on axioms: [propext, Classical.choice, Quot.sound]
'Collatz.Research.DescentAtlas.Batch104.data_2337' does not depend on any axioms
'Collatz.Research.DescentAtlas.Batch104.affine_2337' depends on axioms: [propext, Quot.sound]
'Collatz.Research.DescentAtlas.Batch104.descent_2337' depends on axioms: [propext, Classical.choice, Quot.sound]
'Collatz.Research.DescentAtlas.Batch104.data_2339' does not depend on any axioms
'Collatz.Research.DescentAtlas.Batch104.affine_2339' depends on axioms: [propext, Quot.sound]
'Collatz.Research.DescentAtlas.Batch104.descent_2339' depends on axioms: [propext, Classical.choice, Quot.sound]
'Collatz.Research.DescentAtlas.Batch104.data_2341' does not depend on any axioms
'Collatz.Research.DescentAtlas.Batch104.affine_2341' depends on axioms: [propext, Quot.sound]
'Collatz.Research.DescentAtlas.Batch104.descent_2341' depends on axioms: [propext, Classical.choice, Quot.sound]
'Collatz.Research.DescentAtlas.Batch104.data_2343' does not depend on any axioms
'Collatz.Research.DescentAtlas.Batch104.affine_2343' depends on axioms: [propext, Quot.sound]
'Collatz.Research.DescentAtlas.Batch104.descent_2343' depends on axioms: [propext, Classical.choice, Quot.sound]
'Collatz.Research.DescentAtlas.Batch104.data_2345' does not depend on any axioms
'Collatz.Research.DescentAtlas.Batch104.affine_2345' depends on axioms: [propext, Quot.sound]
'Collatz.Research.DescentAtlas.Batch104.descent_2345' depends on axioms: [propext, Classical.choice, Quot.sound]
'Collatz.Research.DescentAtlas.Batch104.data_2349' does not depend on any axioms
'Collatz.Research.DescentAtlas.Batch104.affine_2349' depends on axioms: [propext, Quot.sound]
'Collatz.Research.DescentAtlas.Batch104.descent_2349' depends on axioms: [propext, Classical.choice, Quot.sound]
'Collatz.Research.DescentAtlas.Batch104.data_2351' does not depend on any axioms
'Collatz.Research.DescentAtlas.Batch104.affine_2351' depends on axioms: [propext, Quot.sound]
'Collatz.Research.DescentAtlas.Batch104.descent_2351' depends on axioms: [propext, Classical.choice, Quot.sound]
'Collatz.Research.DescentAtlas.Batch104.data_2353' does not depend on any axioms
'Collatz.Research.DescentAtlas.Batch104.affine_2353' depends on axioms: [propext, Quot.sound]
'Collatz.Research.DescentAtlas.Batch104.descent_2353' depends on axioms: [propext, Classical.choice, Quot.sound]
'Collatz.Research.DescentAtlas.Batch105.data_2355' does not depend on any axioms
'Collatz.Research.DescentAtlas.Batch105.affine_2355' depends on axioms: [propext, Quot.sound]
'Collatz.Research.DescentAtlas.Batch105.descent_2355' depends on axioms: [propext, Classical.choice, Quot.sound]
'Collatz.Research.DescentAtlas.Batch105.data_2357' does not depend on any axioms
'Collatz.Research.DescentAtlas.Batch105.affine_2357' depends on axioms: [propext, Quot.sound]
'Collatz.Research.DescentAtlas.Batch105.descent_2357' depends on axioms: [propext, Classical.choice, Quot.sound]
'Collatz.Research.DescentAtlas.Batch105.data_2361' does not depend on any axioms
'Collatz.Research.DescentAtlas.Batch105.affine_2361' depends on axioms: [propext, Quot.sound]
'Collatz.Research.DescentAtlas.Batch105.descent_2361' depends on axioms: [propext, Classical.choice, Quot.sound]
'Collatz.Research.DescentAtlas.Batch105.data_2363' does not depend on any axioms
'Collatz.Research.DescentAtlas.Batch105.affine_2363' depends on axioms: [propext, Quot.sound]
'Collatz.Research.DescentAtlas.Batch105.descent_2363' depends on axioms: [propext, Classical.choice, Quot.sound]
'Collatz.Research.DescentAtlas.Batch105.data_2365' does not depend on any axioms
'Collatz.Research.DescentAtlas.Batch105.affine_2365' depends on axioms: [propext, Quot.sound]
'Collatz.Research.DescentAtlas.Batch105.descent_2365' depends on axioms: [propext, Classical.choice, Quot.sound]
'Collatz.Research.DescentAtlas.Batch105.data_2369' does not depend on any axioms
'Collatz.Research.DescentAtlas.Batch105.affine_2369' depends on axioms: [propext, Quot.sound]
'Collatz.Research.DescentAtlas.Batch105.descent_2369' depends on axioms: [propext, Classical.choice, Quot.sound]
'Collatz.Research.DescentAtlas.Batch105.data_2373' does not depend on any axioms
'Collatz.Research.DescentAtlas.Batch105.affine_2373' depends on axioms: [propext, Quot.sound]
'Collatz.Research.DescentAtlas.Batch105.descent_2373' depends on axioms: [propext, Classical.choice, Quot.sound]
'Collatz.Research.DescentAtlas.Batch105.data_2379' does not depend on any axioms
'Collatz.Research.DescentAtlas.Batch105.affine_2379' depends on axioms: [propext, Quot.sound]
'Collatz.Research.DescentAtlas.Batch105.descent_2379' depends on axioms: [propext, Classical.choice, Quot.sound]
'Collatz.Research.DescentAtlas.Batch106.data_2381' does not depend on any axioms
'Collatz.Research.DescentAtlas.Batch106.affine_2381' depends on axioms: [propext, Quot.sound]
'Collatz.Research.DescentAtlas.Batch106.descent_2381' depends on axioms: [propext, Classical.choice, Quot.sound]
'Collatz.Research.DescentAtlas.Batch106.data_2383' does not depend on any axioms
'Collatz.Research.DescentAtlas.Batch106.affine_2383' depends on axioms: [propext, Quot.sound]
'Collatz.Research.DescentAtlas.Batch106.descent_2383' depends on axioms: [propext, Classical.choice, Quot.sound]
'Collatz.Research.DescentAtlas.Batch106.data_2389' does not depend on any axioms
'Collatz.Research.DescentAtlas.Batch106.affine_2389' depends on axioms: [propext, Quot.sound]
'Collatz.Research.DescentAtlas.Batch106.descent_2389' depends on axioms: [propext, Classical.choice, Quot.sound]
'Collatz.Research.DescentAtlas.Batch106.data_2391' does not depend on any axioms
'Collatz.Research.DescentAtlas.Batch106.affine_2391' depends on axioms: [propext, Quot.sound]
'Collatz.Research.DescentAtlas.Batch106.descent_2391' depends on axioms: [propext, Classical.choice, Quot.sound]
'Collatz.Research.DescentAtlas.Batch106.data_2393' does not depend on any axioms
'Collatz.Research.DescentAtlas.Batch106.affine_2393' depends on axioms: [propext, Quot.sound]
'Collatz.Research.DescentAtlas.Batch106.descent_2393' depends on axioms: [propext, Classical.choice, Quot.sound]
'Collatz.Research.DescentAtlas.Batch106.data_2395' does not depend on any axioms
'Collatz.Research.DescentAtlas.Batch106.affine_2395' depends on axioms: [propext, Quot.sound]
'Collatz.Research.DescentAtlas.Batch106.descent_2395' depends on axioms: [propext, Classical.choice, Quot.sound]
'Collatz.Research.DescentAtlas.Batch106.data_2397' does not depend on any axioms
'Collatz.Research.DescentAtlas.Batch106.affine_2397' depends on axioms: [propext, Quot.sound]
'Collatz.Research.DescentAtlas.Batch106.descent_2397' depends on axioms: [propext, Classical.choice, Quot.sound]
'Collatz.Research.DescentAtlas.Batch106.data_2399' does not depend on any axioms
'Collatz.Research.DescentAtlas.Batch106.affine_2399' depends on axioms: [propext, Quot.sound]
'Collatz.Research.DescentAtlas.Batch106.descent_2399' depends on axioms: [propext, Classical.choice, Quot.sound]
'Collatz.Research.DescentAtlas.Batch107.data_2403' does not depend on any axioms
'Collatz.Research.DescentAtlas.Batch107.affine_2403' depends on axioms: [propext, Quot.sound]
'Collatz.Research.DescentAtlas.Batch107.descent_2403' depends on axioms: [propext, Classical.choice, Quot.sound]
'Collatz.Research.DescentAtlas.Batch107.data_2405' does not depend on any axioms
'Collatz.Research.DescentAtlas.Batch107.affine_2405' depends on axioms: [propext, Quot.sound]
'Collatz.Research.DescentAtlas.Batch107.descent_2405' depends on axioms: [propext, Classical.choice, Quot.sound]
'Collatz.Research.DescentAtlas.Batch107.data_2409' does not depend on any axioms
'Collatz.Research.DescentAtlas.Batch107.affine_2409' depends on axioms: [propext, Quot.sound]
'Collatz.Research.DescentAtlas.Batch107.descent_2409' depends on axioms: [propext, Classical.choice, Quot.sound]
'Collatz.Research.DescentAtlas.Batch107.data_2411' does not depend on any axioms
'Collatz.Research.DescentAtlas.Batch107.affine_2411' depends on axioms: [propext, Quot.sound]
'Collatz.Research.DescentAtlas.Batch107.descent_2411' depends on axioms: [propext, Classical.choice, Quot.sound]
'Collatz.Research.DescentAtlas.Batch107.data_2415' does not depend on any axioms
'Collatz.Research.DescentAtlas.Batch107.affine_2415' depends on axioms: [propext, Quot.sound]
'Collatz.Research.DescentAtlas.Batch107.descent_2415' depends on axioms: [propext, Classical.choice, Quot.sound]
'Collatz.Research.DescentAtlas.Batch107.data_2417' does not depend on any axioms
'Collatz.Research.DescentAtlas.Batch107.affine_2417' depends on axioms: [propext, Quot.sound]
'Collatz.Research.DescentAtlas.Batch107.descent_2417' depends on axioms: [propext, Classical.choice, Quot.sound]
'Collatz.Research.DescentAtlas.Batch107.data_2421' does not depend on any axioms
'Collatz.Research.DescentAtlas.Batch107.affine_2421' depends on axioms: [propext, Quot.sound]
'Collatz.Research.DescentAtlas.Batch107.descent_2421' depends on axioms: [propext, Classical.choice, Quot.sound]
'Collatz.Research.DescentAtlas.Batch107.data_2427' does not depend on any axioms
'Collatz.Research.DescentAtlas.Batch107.affine_2427' depends on axioms: [propext, Quot.sound]
'Collatz.Research.DescentAtlas.Batch107.descent_2427' depends on axioms: [propext, Classical.choice, Quot.sound]
'Collatz.Research.DescentAtlas.Batch108.data_2429' does not depend on any axioms
'Collatz.Research.DescentAtlas.Batch108.affine_2429' depends on axioms: [propext, Quot.sound]
'Collatz.Research.DescentAtlas.Batch108.descent_2429' depends on axioms: [propext, Classical.choice, Quot.sound]
'Collatz.Research.DescentAtlas.Batch108.data_2431' does not depend on any axioms
'Collatz.Research.DescentAtlas.Batch108.affine_2431' depends on axioms: [propext, Quot.sound]
'Collatz.Research.DescentAtlas.Batch108.descent_2431' depends on axioms: [propext, Classical.choice, Quot.sound]
'Collatz.Research.DescentAtlas.Batch108.data_2433' does not depend on any axioms
'Collatz.Research.DescentAtlas.Batch108.affine_2433' depends on axioms: [propext, Quot.sound]
'Collatz.Research.DescentAtlas.Batch108.descent_2433' depends on axioms: [propext, Classical.choice, Quot.sound]
'Collatz.Research.DescentAtlas.Batch108.data_2435' does not depend on any axioms
'Collatz.Research.DescentAtlas.Batch108.affine_2435' depends on axioms: [propext, Quot.sound]
'Collatz.Research.DescentAtlas.Batch108.descent_2435' depends on axioms: [propext, Classical.choice, Quot.sound]
'Collatz.Research.DescentAtlas.Batch108.data_2437' does not depend on any axioms
'Collatz.Research.DescentAtlas.Batch108.affine_2437' depends on axioms: [propext, Quot.sound]
'Collatz.Research.DescentAtlas.Batch108.descent_2437' depends on axioms: [propext, Classical.choice, Quot.sound]
'Collatz.Research.DescentAtlas.Batch108.data_2439' does not depend on any axioms
'Collatz.Research.DescentAtlas.Batch108.affine_2439' depends on axioms: [propext, Quot.sound]
'Collatz.Research.DescentAtlas.Batch108.descent_2439' depends on axioms: [propext, Classical.choice, Quot.sound]
'Collatz.Research.DescentAtlas.Batch108.data_2443' does not depend on any axioms
'Collatz.Research.DescentAtlas.Batch108.affine_2443' depends on axioms: [propext, Quot.sound]
'Collatz.Research.DescentAtlas.Batch108.descent_2443' depends on axioms: [propext, Classical.choice, Quot.sound]
'Collatz.Research.DescentAtlas.Batch108.data_2445' does not depend on any axioms
'Collatz.Research.DescentAtlas.Batch108.affine_2445' depends on axioms: [propext, Quot.sound]
'Collatz.Research.DescentAtlas.Batch108.descent_2445' depends on axioms: [propext, Classical.choice, Quot.sound]
'Collatz.Research.DescentAtlas.Batch109.data_2447' does not depend on any axioms
'Collatz.Research.DescentAtlas.Batch109.affine_2447' depends on axioms: [propext, Quot.sound]
'Collatz.Research.DescentAtlas.Batch109.descent_2447' depends on axioms: [propext, Classical.choice, Quot.sound]
'Collatz.Research.DescentAtlas.Batch109.data_2449' does not depend on any axioms
'Collatz.Research.DescentAtlas.Batch109.affine_2449' depends on axioms: [propext, Quot.sound]
'Collatz.Research.DescentAtlas.Batch109.descent_2449' depends on axioms: [propext, Classical.choice, Quot.sound]
'Collatz.Research.DescentAtlas.Batch109.data_2451' does not depend on any axioms
'Collatz.Research.DescentAtlas.Batch109.affine_2451' depends on axioms: [propext, Quot.sound]
'Collatz.Research.DescentAtlas.Batch109.descent_2451' depends on axioms: [propext, Classical.choice, Quot.sound]
'Collatz.Research.DescentAtlas.Batch109.data_2453' does not depend on any axioms
'Collatz.Research.DescentAtlas.Batch109.affine_2453' depends on axioms: [propext, Quot.sound]
'Collatz.Research.DescentAtlas.Batch109.descent_2453' depends on axioms: [propext, Classical.choice, Quot.sound]
'Collatz.Research.DescentAtlas.Batch109.data_2455' does not depend on any axioms
'Collatz.Research.DescentAtlas.Batch109.affine_2455' depends on axioms: [propext, Quot.sound]
'Collatz.Research.DescentAtlas.Batch109.descent_2455' depends on axioms: [propext, Classical.choice, Quot.sound]
'Collatz.Research.DescentAtlas.Batch109.data_2457' does not depend on any axioms
'Collatz.Research.DescentAtlas.Batch109.affine_2457' depends on axioms: [propext, Quot.sound]
'Collatz.Research.DescentAtlas.Batch109.descent_2457' depends on axioms: [propext, Classical.choice, Quot.sound]
'Collatz.Research.DescentAtlas.Batch109.data_2461' does not depend on any axioms
'Collatz.Research.DescentAtlas.Batch109.affine_2461' depends on axioms: [propext, Quot.sound]
'Collatz.Research.DescentAtlas.Batch109.descent_2461' depends on axioms: [propext, Classical.choice, Quot.sound]
'Collatz.Research.DescentAtlas.Batch109.data_2465' does not depend on any axioms
'Collatz.Research.DescentAtlas.Batch109.affine_2465' depends on axioms: [propext, Quot.sound]
'Collatz.Research.DescentAtlas.Batch109.descent_2465' depends on axioms: [propext, Classical.choice, Quot.sound]
'Collatz.Research.DescentAtlas.Batch110.data_2467' does not depend on any axioms
'Collatz.Research.DescentAtlas.Batch110.affine_2467' depends on axioms: [propext, Quot.sound]
'Collatz.Research.DescentAtlas.Batch110.descent_2467' depends on axioms: [propext, Classical.choice, Quot.sound]
'Collatz.Research.DescentAtlas.Batch110.data_2469' does not depend on any axioms
'Collatz.Research.DescentAtlas.Batch110.affine_2469' depends on axioms: [propext, Quot.sound]
'Collatz.Research.DescentAtlas.Batch110.descent_2469' depends on axioms: [propext, Classical.choice, Quot.sound]
'Collatz.Research.DescentAtlas.Batch110.data_2471' does not depend on any axioms
'Collatz.Research.DescentAtlas.Batch110.affine_2471' depends on axioms: [propext, Quot.sound]
'Collatz.Research.DescentAtlas.Batch110.descent_2471' depends on axioms: [propext, Classical.choice, Quot.sound]
'Collatz.Research.DescentAtlas.Batch110.data_2473' does not depend on any axioms
'Collatz.Research.DescentAtlas.Batch110.affine_2473' depends on axioms: [propext, Quot.sound]
'Collatz.Research.DescentAtlas.Batch110.descent_2473' depends on axioms: [propext, Classical.choice, Quot.sound]
'Collatz.Research.DescentAtlas.Batch110.data_2477' does not depend on any axioms
'Collatz.Research.DescentAtlas.Batch110.affine_2477' depends on axioms: [propext, Quot.sound]
'Collatz.Research.DescentAtlas.Batch110.descent_2477' depends on axioms: [propext, Classical.choice, Quot.sound]
'Collatz.Research.DescentAtlas.Batch110.data_2479' does not depend on any axioms
'Collatz.Research.DescentAtlas.Batch110.affine_2479' depends on axioms: [propext, Quot.sound]
'Collatz.Research.DescentAtlas.Batch110.descent_2479' depends on axioms: [propext, Classical.choice, Quot.sound]
'Collatz.Research.DescentAtlas.Batch110.data_2481' does not depend on any axioms
'Collatz.Research.DescentAtlas.Batch110.affine_2481' depends on axioms: [propext, Quot.sound]
'Collatz.Research.DescentAtlas.Batch110.descent_2481' depends on axioms: [propext, Classical.choice, Quot.sound]
'Collatz.Research.DescentAtlas.Batch110.data_2483' does not depend on any axioms
'Collatz.Research.DescentAtlas.Batch110.affine_2483' depends on axioms: [propext, Quot.sound]
'Collatz.Research.DescentAtlas.Batch110.descent_2483' depends on axioms: [propext, Classical.choice, Quot.sound]
'Collatz.Research.DescentAtlas.Batch111.data_2485' does not depend on any axioms
'Collatz.Research.DescentAtlas.Batch111.affine_2485' depends on axioms: [propext, Quot.sound]
'Collatz.Research.DescentAtlas.Batch111.descent_2485' depends on axioms: [propext, Classical.choice, Quot.sound]
'Collatz.Research.DescentAtlas.Batch111.data_2487' does not depend on any axioms
'Collatz.Research.DescentAtlas.Batch111.affine_2487' depends on axioms: [propext, Quot.sound]
'Collatz.Research.DescentAtlas.Batch111.descent_2487' depends on axioms: [propext, Classical.choice, Quot.sound]
'Collatz.Research.DescentAtlas.Batch111.data_2489' does not depend on any axioms
'Collatz.Research.DescentAtlas.Batch111.affine_2489' depends on axioms: [propext, Quot.sound]
'Collatz.Research.DescentAtlas.Batch111.descent_2489' depends on axioms: [propext, Classical.choice, Quot.sound]
'Collatz.Research.DescentAtlas.Batch111.data_2493' does not depend on any axioms
'Collatz.Research.DescentAtlas.Batch111.affine_2493' depends on axioms: [propext, Quot.sound]
'Collatz.Research.DescentAtlas.Batch111.descent_2493' depends on axioms: [propext, Classical.choice, Quot.sound]
'Collatz.Research.DescentAtlas.Batch111.data_2497' does not depend on any axioms
'Collatz.Research.DescentAtlas.Batch111.affine_2497' depends on axioms: [propext, Quot.sound]
'Collatz.Research.DescentAtlas.Batch111.descent_2497' depends on axioms: [propext, Classical.choice, Quot.sound]
'Collatz.Research.DescentAtlas.Batch111.data_2501' does not depend on any axioms
'Collatz.Research.DescentAtlas.Batch111.affine_2501' depends on axioms: [propext, Quot.sound]
'Collatz.Research.DescentAtlas.Batch111.descent_2501' depends on axioms: [propext, Classical.choice, Quot.sound]
'Collatz.Research.DescentAtlas.Batch111.data_2505' does not depend on any axioms
'Collatz.Research.DescentAtlas.Batch111.affine_2505' depends on axioms: [propext, Quot.sound]
'Collatz.Research.DescentAtlas.Batch111.descent_2505' depends on axioms: [propext, Classical.choice, Quot.sound]
'Collatz.Research.DescentAtlas.Batch111.data_2507' does not depend on any axioms
'Collatz.Research.DescentAtlas.Batch111.affine_2507' depends on axioms: [propext, Quot.sound]
'Collatz.Research.DescentAtlas.Batch111.descent_2507' depends on axioms: [propext, Classical.choice, Quot.sound]
'Collatz.Research.DescentAtlas.Batch112.data_2509' does not depend on any axioms
'Collatz.Research.DescentAtlas.Batch112.affine_2509' depends on axioms: [propext, Quot.sound]
'Collatz.Research.DescentAtlas.Batch112.descent_2509' depends on axioms: [propext, Classical.choice, Quot.sound]
'Collatz.Research.DescentAtlas.Batch112.data_2513' does not depend on any axioms
'Collatz.Research.DescentAtlas.Batch112.affine_2513' depends on axioms: [propext, Quot.sound]
'Collatz.Research.DescentAtlas.Batch112.descent_2513' depends on axioms: [propext, Classical.choice, Quot.sound]
'Collatz.Research.DescentAtlas.Batch112.data_2515' does not depend on any axioms
'Collatz.Research.DescentAtlas.Batch112.affine_2515' depends on axioms: [propext, Quot.sound]
'Collatz.Research.DescentAtlas.Batch112.descent_2515' depends on axioms: [propext, Classical.choice, Quot.sound]
'Collatz.Research.DescentAtlas.Batch112.data_2517' does not depend on any axioms
'Collatz.Research.DescentAtlas.Batch112.affine_2517' depends on axioms: [propext, Quot.sound]
'Collatz.Research.DescentAtlas.Batch112.descent_2517' depends on axioms: [propext, Classical.choice, Quot.sound]
'Collatz.Research.DescentAtlas.Batch112.data_2519' does not depend on any axioms
'Collatz.Research.DescentAtlas.Batch112.affine_2519' depends on axioms: [propext, Quot.sound]
'Collatz.Research.DescentAtlas.Batch112.descent_2519' depends on axioms: [propext, Classical.choice, Quot.sound]
'Collatz.Research.DescentAtlas.Batch112.data_2521' does not depend on any axioms
'Collatz.Research.DescentAtlas.Batch112.affine_2521' depends on axioms: [propext, Quot.sound]
'Collatz.Research.DescentAtlas.Batch112.descent_2521' depends on axioms: [propext, Classical.choice, Quot.sound]
'Collatz.Research.DescentAtlas.Batch112.data_2523' does not depend on any axioms
'Collatz.Research.DescentAtlas.Batch112.affine_2523' depends on axioms: [propext, Quot.sound]
'Collatz.Research.DescentAtlas.Batch112.descent_2523' depends on axioms: [propext, Classical.choice, Quot.sound]
'Collatz.Research.DescentAtlas.Batch112.data_2525' does not depend on any axioms
'Collatz.Research.DescentAtlas.Batch112.affine_2525' depends on axioms: [propext, Quot.sound]
'Collatz.Research.DescentAtlas.Batch112.descent_2525' depends on axioms: [propext, Classical.choice, Quot.sound]
'Collatz.Research.DescentAtlas.Batch113.data_2529' does not depend on any axioms
'Collatz.Research.DescentAtlas.Batch113.affine_2529' depends on axioms: [propext, Quot.sound]
'Collatz.Research.DescentAtlas.Batch113.descent_2529' depends on axioms: [propext, Classical.choice, Quot.sound]
'Collatz.Research.DescentAtlas.Batch113.data_2531' does not depend on any axioms
'Collatz.Research.DescentAtlas.Batch113.affine_2531' depends on axioms: [propext, Quot.sound]
'Collatz.Research.DescentAtlas.Batch113.descent_2531' depends on axioms: [propext, Classical.choice, Quot.sound]
'Collatz.Research.DescentAtlas.Batch113.data_2533' does not depend on any axioms
'Collatz.Research.DescentAtlas.Batch113.affine_2533' depends on axioms: [propext, Quot.sound]
'Collatz.Research.DescentAtlas.Batch113.descent_2533' depends on axioms: [propext, Classical.choice, Quot.sound]
'Collatz.Research.DescentAtlas.Batch113.data_2541' does not depend on any axioms
'Collatz.Research.DescentAtlas.Batch113.affine_2541' depends on axioms: [propext, Quot.sound]
'Collatz.Research.DescentAtlas.Batch113.descent_2541' depends on axioms: [propext, Classical.choice, Quot.sound]
'Collatz.Research.DescentAtlas.Batch113.data_2545' does not depend on any axioms
'Collatz.Research.DescentAtlas.Batch113.affine_2545' depends on axioms: [propext, Quot.sound]
'Collatz.Research.DescentAtlas.Batch113.descent_2545' depends on axioms: [propext, Classical.choice, Quot.sound]
'Collatz.Research.DescentAtlas.Batch113.data_2547' does not depend on any axioms
'Collatz.Research.DescentAtlas.Batch113.affine_2547' depends on axioms: [propext, Quot.sound]
'Collatz.Research.DescentAtlas.Batch113.descent_2547' depends on axioms: [propext, Classical.choice, Quot.sound]
'Collatz.Research.DescentAtlas.Batch113.data_2555' does not depend on any axioms
'Collatz.Research.DescentAtlas.Batch113.affine_2555' depends on axioms: [propext, Quot.sound]
'Collatz.Research.DescentAtlas.Batch113.descent_2555' depends on axioms: [propext, Classical.choice, Quot.sound]
'Collatz.Research.DescentAtlas.Batch113.data_2561' does not depend on any axioms
'Collatz.Research.DescentAtlas.Batch113.affine_2561' depends on axioms: [propext, Quot.sound]
'Collatz.Research.DescentAtlas.Batch113.descent_2561' depends on axioms: [propext, Classical.choice, Quot.sound]
'Collatz.Research.DescentAtlas.Batch114.data_2563' does not depend on any axioms
'Collatz.Research.DescentAtlas.Batch114.affine_2563' depends on axioms: [propext, Quot.sound]
'Collatz.Research.DescentAtlas.Batch114.descent_2563' depends on axioms: [propext, Classical.choice, Quot.sound]
'Collatz.Research.DescentAtlas.Batch114.data_2565' does not depend on any axioms
'Collatz.Research.DescentAtlas.Batch114.affine_2565' depends on axioms: [propext, Quot.sound]
'Collatz.Research.DescentAtlas.Batch114.descent_2565' depends on axioms: [propext, Classical.choice, Quot.sound]
'Collatz.Research.DescentAtlas.Batch114.data_2567' does not depend on any axioms
'Collatz.Research.DescentAtlas.Batch114.affine_2567' depends on axioms: [propext, Quot.sound]
'Collatz.Research.DescentAtlas.Batch114.descent_2567' depends on axioms: [propext, Classical.choice, Quot.sound]
'Collatz.Research.DescentAtlas.Batch114.data_2569' does not depend on any axioms
'Collatz.Research.DescentAtlas.Batch114.affine_2569' depends on axioms: [propext, Quot.sound]
'Collatz.Research.DescentAtlas.Batch114.descent_2569' depends on axioms: [propext, Classical.choice, Quot.sound]
'Collatz.Research.DescentAtlas.Batch114.data_2571' does not depend on any axioms
'Collatz.Research.DescentAtlas.Batch114.affine_2571' depends on axioms: [propext, Quot.sound]
'Collatz.Research.DescentAtlas.Batch114.descent_2571' depends on axioms: [propext, Classical.choice, Quot.sound]
'Collatz.Research.DescentAtlas.Batch114.data_2573' does not depend on any axioms
'Collatz.Research.DescentAtlas.Batch114.affine_2573' depends on axioms: [propext, Quot.sound]
'Collatz.Research.DescentAtlas.Batch114.descent_2573' depends on axioms: [propext, Classical.choice, Quot.sound]
'Collatz.Research.DescentAtlas.Batch114.data_2577' does not depend on any axioms
'Collatz.Research.DescentAtlas.Batch114.affine_2577' depends on axioms: [propext, Quot.sound]
'Collatz.Research.DescentAtlas.Batch114.descent_2577' depends on axioms: [propext, Classical.choice, Quot.sound]
'Collatz.Research.DescentAtlas.Batch114.data_2581' does not depend on any axioms
'Collatz.Research.DescentAtlas.Batch114.affine_2581' depends on axioms: [propext, Quot.sound]
'Collatz.Research.DescentAtlas.Batch114.descent_2581' depends on axioms: [propext, Classical.choice, Quot.sound]
'Collatz.Research.DescentAtlas.Batch115.data_2583' does not depend on any axioms
'Collatz.Research.DescentAtlas.Batch115.affine_2583' depends on axioms: [propext, Quot.sound]
'Collatz.Research.DescentAtlas.Batch115.descent_2583' depends on axioms: [propext, Classical.choice, Quot.sound]
'Collatz.Research.DescentAtlas.Batch115.data_2585' does not depend on any axioms
'Collatz.Research.DescentAtlas.Batch115.affine_2585' depends on axioms: [propext, Quot.sound]
'Collatz.Research.DescentAtlas.Batch115.descent_2585' depends on axioms: [propext, Classical.choice, Quot.sound]
'Collatz.Research.DescentAtlas.Batch115.data_2587' does not depend on any axioms
'Collatz.Research.DescentAtlas.Batch115.affine_2587' depends on axioms: [propext, Quot.sound]
'Collatz.Research.DescentAtlas.Batch115.descent_2587' depends on axioms: [propext, Classical.choice, Quot.sound]
'Collatz.Research.DescentAtlas.Batch115.data_2589' does not depend on any axioms
'Collatz.Research.DescentAtlas.Batch115.affine_2589' depends on axioms: [propext, Quot.sound]
'Collatz.Research.DescentAtlas.Batch115.descent_2589' depends on axioms: [propext, Classical.choice, Quot.sound]
'Collatz.Research.DescentAtlas.Batch115.data_2591' does not depend on any axioms
'Collatz.Research.DescentAtlas.Batch115.affine_2591' depends on axioms: [propext, Quot.sound]
'Collatz.Research.DescentAtlas.Batch115.descent_2591' depends on axioms: [propext, Classical.choice, Quot.sound]
'Collatz.Research.DescentAtlas.Batch115.data_2593' does not depend on any axioms
'Collatz.Research.DescentAtlas.Batch115.affine_2593' depends on axioms: [propext, Quot.sound]
'Collatz.Research.DescentAtlas.Batch115.descent_2593' depends on axioms: [propext, Classical.choice, Quot.sound]
'Collatz.Research.DescentAtlas.Batch115.data_2595' does not depend on any axioms
'Collatz.Research.DescentAtlas.Batch115.affine_2595' depends on axioms: [propext, Quot.sound]
'Collatz.Research.DescentAtlas.Batch115.descent_2595' depends on axioms: [propext, Classical.choice, Quot.sound]
'Collatz.Research.DescentAtlas.Batch115.data_2597' does not depend on any axioms
'Collatz.Research.DescentAtlas.Batch115.affine_2597' depends on axioms: [propext, Quot.sound]
'Collatz.Research.DescentAtlas.Batch115.descent_2597' depends on axioms: [propext, Classical.choice, Quot.sound]
'Collatz.Research.DescentAtlas.Batch116.data_2599' does not depend on any axioms
'Collatz.Research.DescentAtlas.Batch116.affine_2599' depends on axioms: [propext, Quot.sound]
'Collatz.Research.DescentAtlas.Batch116.descent_2599' depends on axioms: [propext, Classical.choice, Quot.sound]
'Collatz.Research.DescentAtlas.Batch116.data_2603' does not depend on any axioms
'Collatz.Research.DescentAtlas.Batch116.affine_2603' depends on axioms: [propext, Quot.sound]
'Collatz.Research.DescentAtlas.Batch116.descent_2603' depends on axioms: [propext, Classical.choice, Quot.sound]
'Collatz.Research.DescentAtlas.Batch116.data_2605' does not depend on any axioms
'Collatz.Research.DescentAtlas.Batch116.affine_2605' depends on axioms: [propext, Quot.sound]
'Collatz.Research.DescentAtlas.Batch116.descent_2605' depends on axioms: [propext, Classical.choice, Quot.sound]
'Collatz.Research.DescentAtlas.Batch116.data_2609' does not depend on any axioms
'Collatz.Research.DescentAtlas.Batch116.affine_2609' depends on axioms: [propext, Quot.sound]
'Collatz.Research.DescentAtlas.Batch116.descent_2609' depends on axioms: [propext, Classical.choice, Quot.sound]
'Collatz.Research.DescentAtlas.Batch116.data_2611' does not depend on any axioms
'Collatz.Research.DescentAtlas.Batch116.affine_2611' depends on axioms: [propext, Quot.sound]
'Collatz.Research.DescentAtlas.Batch116.descent_2611' depends on axioms: [propext, Classical.choice, Quot.sound]
'Collatz.Research.DescentAtlas.Batch116.data_2613' does not depend on any axioms
'Collatz.Research.DescentAtlas.Batch116.affine_2613' depends on axioms: [propext, Quot.sound]
'Collatz.Research.DescentAtlas.Batch116.descent_2613' depends on axioms: [propext, Classical.choice, Quot.sound]
'Collatz.Research.DescentAtlas.Batch116.data_2619' does not depend on any axioms
'Collatz.Research.DescentAtlas.Batch116.affine_2619' depends on axioms: [propext, Quot.sound]
'Collatz.Research.DescentAtlas.Batch116.descent_2619' depends on axioms: [propext, Classical.choice, Quot.sound]
'Collatz.Research.DescentAtlas.Batch116.data_2623' does not depend on any axioms
'Collatz.Research.DescentAtlas.Batch116.affine_2623' depends on axioms: [propext, Quot.sound]
'Collatz.Research.DescentAtlas.Batch116.descent_2623' depends on axioms: [propext, Classical.choice, Quot.sound]
'Collatz.Research.DescentAtlas.Batch117.data_2625' does not depend on any axioms
'Collatz.Research.DescentAtlas.Batch117.affine_2625' depends on axioms: [propext, Quot.sound]
'Collatz.Research.DescentAtlas.Batch117.descent_2625' depends on axioms: [propext, Classical.choice, Quot.sound]
'Collatz.Research.DescentAtlas.Batch117.data_2627' does not depend on any axioms
'Collatz.Research.DescentAtlas.Batch117.affine_2627' depends on axioms: [propext, Quot.sound]
'Collatz.Research.DescentAtlas.Batch117.descent_2627' depends on axioms: [propext, Classical.choice, Quot.sound]
'Collatz.Research.DescentAtlas.Batch117.data_2629' does not depend on any axioms
'Collatz.Research.DescentAtlas.Batch117.affine_2629' depends on axioms: [propext, Quot.sound]
'Collatz.Research.DescentAtlas.Batch117.descent_2629' depends on axioms: [propext, Classical.choice, Quot.sound]
'Collatz.Research.DescentAtlas.Batch117.data_2631' does not depend on any axioms
'Collatz.Research.DescentAtlas.Batch117.affine_2631' depends on axioms: [propext, Quot.sound]
'Collatz.Research.DescentAtlas.Batch117.descent_2631' depends on axioms: [propext, Classical.choice, Quot.sound]
'Collatz.Research.DescentAtlas.Batch117.data_2633' does not depend on any axioms
'Collatz.Research.DescentAtlas.Batch117.affine_2633' depends on axioms: [propext, Quot.sound]
'Collatz.Research.DescentAtlas.Batch117.descent_2633' depends on axioms: [propext, Classical.choice, Quot.sound]
'Collatz.Research.DescentAtlas.Batch117.data_2635' does not depend on any axioms
'Collatz.Research.DescentAtlas.Batch117.affine_2635' depends on axioms: [propext, Quot.sound]
'Collatz.Research.DescentAtlas.Batch117.descent_2635' depends on axioms: [propext, Classical.choice, Quot.sound]
'Collatz.Research.DescentAtlas.Batch117.data_2637' does not depend on any axioms
'Collatz.Research.DescentAtlas.Batch117.affine_2637' depends on axioms: [propext, Quot.sound]
'Collatz.Research.DescentAtlas.Batch117.descent_2637' depends on axioms: [propext, Classical.choice, Quot.sound]
'Collatz.Research.DescentAtlas.Batch117.data_2639' does not depend on any axioms
'Collatz.Research.DescentAtlas.Batch117.affine_2639' depends on axioms: [propext, Quot.sound]
'Collatz.Research.DescentAtlas.Batch117.descent_2639' depends on axioms: [propext, Classical.choice, Quot.sound]
'Collatz.Research.DescentAtlas.Batch118.data_2645' does not depend on any axioms
'Collatz.Research.DescentAtlas.Batch118.affine_2645' depends on axioms: [propext, Quot.sound]
'Collatz.Research.DescentAtlas.Batch118.descent_2645' depends on axioms: [propext, Classical.choice, Quot.sound]
'Collatz.Research.DescentAtlas.Batch118.data_2647' does not depend on any axioms
'Collatz.Research.DescentAtlas.Batch118.affine_2647' depends on axioms: [propext, Quot.sound]
'Collatz.Research.DescentAtlas.Batch118.descent_2647' depends on axioms: [propext, Classical.choice, Quot.sound]
'Collatz.Research.DescentAtlas.Batch118.data_2649' does not depend on any axioms
'Collatz.Research.DescentAtlas.Batch118.affine_2649' depends on axioms: [propext, Quot.sound]
'Collatz.Research.DescentAtlas.Batch118.descent_2649' depends on axioms: [propext, Classical.choice, Quot.sound]
'Collatz.Research.DescentAtlas.Batch118.data_2653' does not depend on any axioms
'Collatz.Research.DescentAtlas.Batch118.affine_2653' depends on axioms: [propext, Quot.sound]
'Collatz.Research.DescentAtlas.Batch118.descent_2653' depends on axioms: [propext, Classical.choice, Quot.sound]
'Collatz.Research.DescentAtlas.Batch118.data_2655' does not depend on any axioms
'Collatz.Research.DescentAtlas.Batch118.affine_2655' depends on axioms: [propext, Quot.sound]
'Collatz.Research.DescentAtlas.Batch118.descent_2655' depends on axioms: [propext, Classical.choice, Quot.sound]
'Collatz.Research.DescentAtlas.Batch118.data_2657' does not depend on any axioms
'Collatz.Research.DescentAtlas.Batch118.affine_2657' depends on axioms: [propext, Quot.sound]
'Collatz.Research.DescentAtlas.Batch118.descent_2657' depends on axioms: [propext, Classical.choice, Quot.sound]
'Collatz.Research.DescentAtlas.Batch118.data_2659' does not depend on any axioms
'Collatz.Research.DescentAtlas.Batch118.affine_2659' depends on axioms: [propext, Quot.sound]
'Collatz.Research.DescentAtlas.Batch118.descent_2659' depends on axioms: [propext, Classical.choice, Quot.sound]
'Collatz.Research.DescentAtlas.Batch118.data_2661' does not depend on any axioms
'Collatz.Research.DescentAtlas.Batch118.affine_2661' depends on axioms: [propext, Quot.sound]
'Collatz.Research.DescentAtlas.Batch118.descent_2661' depends on axioms: [propext, Classical.choice, Quot.sound]
'Collatz.Research.DescentAtlas.Batch119.data_2663' does not depend on any axioms
'Collatz.Research.DescentAtlas.Batch119.affine_2663' depends on axioms: [propext, Quot.sound]
'Collatz.Research.DescentAtlas.Batch119.descent_2663' depends on axioms: [propext, Classical.choice, Quot.sound]
'Collatz.Research.DescentAtlas.Batch119.data_2665' does not depend on any axioms
'Collatz.Research.DescentAtlas.Batch119.affine_2665' depends on axioms: [propext, Quot.sound]
'Collatz.Research.DescentAtlas.Batch119.descent_2665' depends on axioms: [propext, Classical.choice, Quot.sound]
'Collatz.Research.DescentAtlas.Batch119.data_2667' does not depend on any axioms
'Collatz.Research.DescentAtlas.Batch119.affine_2667' depends on axioms: [propext, Quot.sound]
'Collatz.Research.DescentAtlas.Batch119.descent_2667' depends on axioms: [propext, Classical.choice, Quot.sound]
'Collatz.Research.DescentAtlas.Batch119.data_2673' does not depend on any axioms
'Collatz.Research.DescentAtlas.Batch119.affine_2673' depends on axioms: [propext, Quot.sound]
'Collatz.Research.DescentAtlas.Batch119.descent_2673' depends on axioms: [propext, Classical.choice, Quot.sound]
'Collatz.Research.DescentAtlas.Batch119.data_2675' does not depend on any axioms
'Collatz.Research.DescentAtlas.Batch119.affine_2675' depends on axioms: [propext, Quot.sound]
'Collatz.Research.DescentAtlas.Batch119.descent_2675' depends on axioms: [propext, Classical.choice, Quot.sound]
'Collatz.Research.DescentAtlas.Batch119.data_2677' does not depend on any axioms
'Collatz.Research.DescentAtlas.Batch119.affine_2677' depends on axioms: [propext, Quot.sound]
'Collatz.Research.DescentAtlas.Batch119.descent_2677' depends on axioms: [propext, Classical.choice, Quot.sound]
'Collatz.Research.DescentAtlas.Batch119.data_2679' does not depend on any axioms
'Collatz.Research.DescentAtlas.Batch119.affine_2679' depends on axioms: [propext, Quot.sound]
'Collatz.Research.DescentAtlas.Batch119.descent_2679' depends on axioms: [propext, Classical.choice, Quot.sound]
'Collatz.Research.DescentAtlas.Batch119.data_2681' does not depend on any axioms
'Collatz.Research.DescentAtlas.Batch119.affine_2681' depends on axioms: [propext, Quot.sound]
'Collatz.Research.DescentAtlas.Batch119.descent_2681' depends on axioms: [propext, Classical.choice, Quot.sound]
'Collatz.Research.DescentAtlas.Batch120.data_2683' does not depend on any axioms
'Collatz.Research.DescentAtlas.Batch120.affine_2683' depends on axioms: [propext, Quot.sound]
'Collatz.Research.DescentAtlas.Batch120.descent_2683' depends on axioms: [propext, Classical.choice, Quot.sound]
'Collatz.Research.DescentAtlas.Batch120.data_2691' does not depend on any axioms
'Collatz.Research.DescentAtlas.Batch120.affine_2691' depends on axioms: [propext, Quot.sound]
'Collatz.Research.DescentAtlas.Batch120.descent_2691' depends on axioms: [propext, Classical.choice, Quot.sound]
'Collatz.Research.DescentAtlas.Batch120.data_2693' does not depend on any axioms
'Collatz.Research.DescentAtlas.Batch120.affine_2693' depends on axioms: [propext, Quot.sound]
'Collatz.Research.DescentAtlas.Batch120.descent_2693' depends on axioms: [propext, Classical.choice, Quot.sound]
'Collatz.Research.DescentAtlas.Batch120.data_2695' does not depend on any axioms
'Collatz.Research.DescentAtlas.Batch120.affine_2695' depends on axioms: [propext, Quot.sound]
'Collatz.Research.DescentAtlas.Batch120.descent_2695' depends on axioms: [propext, Classical.choice, Quot.sound]
'Collatz.Research.DescentAtlas.Batch120.data_2697' does not depend on any axioms
'Collatz.Research.DescentAtlas.Batch120.affine_2697' depends on axioms: [propext, Quot.sound]
'Collatz.Research.DescentAtlas.Batch120.descent_2697' depends on axioms: [propext, Classical.choice, Quot.sound]
'Collatz.Research.DescentAtlas.Batch120.data_2699' does not depend on any axioms
'Collatz.Research.DescentAtlas.Batch120.affine_2699' depends on axioms: [propext, Quot.sound]
'Collatz.Research.DescentAtlas.Batch120.descent_2699' depends on axioms: [propext, Classical.choice, Quot.sound]
'Collatz.Research.DescentAtlas.Batch120.data_2701' does not depend on any axioms
'Collatz.Research.DescentAtlas.Batch120.affine_2701' depends on axioms: [propext, Quot.sound]
'Collatz.Research.DescentAtlas.Batch120.descent_2701' depends on axioms: [propext, Classical.choice, Quot.sound]
'Collatz.Research.DescentAtlas.Batch120.data_2705' does not depend on any axioms
'Collatz.Research.DescentAtlas.Batch120.affine_2705' depends on axioms: [propext, Quot.sound]
'Collatz.Research.DescentAtlas.Batch120.descent_2705' depends on axioms: [propext, Classical.choice, Quot.sound]
'Collatz.Research.DescentAtlas.Batch121.data_2707' does not depend on any axioms
'Collatz.Research.DescentAtlas.Batch121.affine_2707' depends on axioms: [propext, Quot.sound]
'Collatz.Research.DescentAtlas.Batch121.descent_2707' depends on axioms: [propext, Classical.choice, Quot.sound]
'Collatz.Research.DescentAtlas.Batch121.data_2709' does not depend on any axioms
'Collatz.Research.DescentAtlas.Batch121.affine_2709' depends on axioms: [propext, Quot.sound]
'Collatz.Research.DescentAtlas.Batch121.descent_2709' depends on axioms: [propext, Classical.choice, Quot.sound]
'Collatz.Research.DescentAtlas.Batch121.data_2711' does not depend on any axioms
'Collatz.Research.DescentAtlas.Batch121.affine_2711' depends on axioms: [propext, Quot.sound]
'Collatz.Research.DescentAtlas.Batch121.descent_2711' depends on axioms: [propext, Classical.choice, Quot.sound]
'Collatz.Research.DescentAtlas.Batch121.data_2717' does not depend on any axioms
'Collatz.Research.DescentAtlas.Batch121.affine_2717' depends on axioms: [propext, Quot.sound]
'Collatz.Research.DescentAtlas.Batch121.descent_2717' depends on axioms: [propext, Classical.choice, Quot.sound]
'Collatz.Research.DescentAtlas.Batch121.data_2721' does not depend on any axioms
'Collatz.Research.DescentAtlas.Batch121.affine_2721' depends on axioms: [propext, Quot.sound]
'Collatz.Research.DescentAtlas.Batch121.descent_2721' depends on axioms: [propext, Classical.choice, Quot.sound]
'Collatz.Research.DescentAtlas.Batch121.data_2731' does not depend on any axioms
'Collatz.Research.DescentAtlas.Batch121.affine_2731' depends on axioms: [propext, Quot.sound]
'Collatz.Research.DescentAtlas.Batch121.descent_2731' depends on axioms: [propext, Classical.choice, Quot.sound]
'Collatz.Research.DescentAtlas.Batch121.data_2733' does not depend on any axioms
'Collatz.Research.DescentAtlas.Batch121.affine_2733' depends on axioms: [propext, Quot.sound]
'Collatz.Research.DescentAtlas.Batch121.descent_2733' depends on axioms: [propext, Classical.choice, Quot.sound]
'Collatz.Research.DescentAtlas.Batch121.data_2735' does not depend on any axioms
'Collatz.Research.DescentAtlas.Batch121.affine_2735' depends on axioms: [propext, Quot.sound]
'Collatz.Research.DescentAtlas.Batch121.descent_2735' depends on axioms: [propext, Classical.choice, Quot.sound]
'Collatz.Research.DescentAtlas.Batch122.data_2737' does not depend on any axioms
'Collatz.Research.DescentAtlas.Batch122.affine_2737' depends on axioms: [propext, Quot.sound]
'Collatz.Research.DescentAtlas.Batch122.descent_2737' depends on axioms: [propext, Classical.choice, Quot.sound]
'Collatz.Research.DescentAtlas.Batch122.data_2739' does not depend on any axioms
'Collatz.Research.DescentAtlas.Batch122.affine_2739' depends on axioms: [propext, Quot.sound]
'Collatz.Research.DescentAtlas.Batch122.descent_2739' depends on axioms: [propext, Classical.choice, Quot.sound]
'Collatz.Research.DescentAtlas.Batch122.data_2741' does not depend on any axioms
'Collatz.Research.DescentAtlas.Batch122.affine_2741' depends on axioms: [propext, Quot.sound]
'Collatz.Research.DescentAtlas.Batch122.descent_2741' depends on axioms: [propext, Classical.choice, Quot.sound]
'Collatz.Research.DescentAtlas.Batch122.data_2743' does not depend on any axioms
'Collatz.Research.DescentAtlas.Batch122.affine_2743' depends on axioms: [propext, Quot.sound]
'Collatz.Research.DescentAtlas.Batch122.descent_2743' depends on axioms: [propext, Classical.choice, Quot.sound]
'Collatz.Research.DescentAtlas.Batch122.data_2745' does not depend on any axioms
'Collatz.Research.DescentAtlas.Batch122.affine_2745' depends on axioms: [propext, Quot.sound]
'Collatz.Research.DescentAtlas.Batch122.descent_2745' depends on axioms: [propext, Classical.choice, Quot.sound]
'Collatz.Research.DescentAtlas.Batch122.data_2747' does not depend on any axioms
'Collatz.Research.DescentAtlas.Batch122.affine_2747' depends on axioms: [propext, Quot.sound]
'Collatz.Research.DescentAtlas.Batch122.descent_2747' depends on axioms: [propext, Classical.choice, Quot.sound]
'Collatz.Research.DescentAtlas.Batch122.data_2749' does not depend on any axioms
'Collatz.Research.DescentAtlas.Batch122.affine_2749' depends on axioms: [propext, Quot.sound]
'Collatz.Research.DescentAtlas.Batch122.descent_2749' depends on axioms: [propext, Classical.choice, Quot.sound]
'Collatz.Research.DescentAtlas.Batch122.data_2753' does not depend on any axioms
'Collatz.Research.DescentAtlas.Batch122.affine_2753' depends on axioms: [propext, Quot.sound]
'Collatz.Research.DescentAtlas.Batch122.descent_2753' depends on axioms: [propext, Classical.choice, Quot.sound]
'Collatz.Research.DescentAtlas.Batch123.data_2755' does not depend on any axioms
'Collatz.Research.DescentAtlas.Batch123.affine_2755' depends on axioms: [propext, Quot.sound]
'Collatz.Research.DescentAtlas.Batch123.descent_2755' depends on axioms: [propext, Classical.choice, Quot.sound]
'Collatz.Research.DescentAtlas.Batch123.data_2757' does not depend on any axioms
'Collatz.Research.DescentAtlas.Batch123.affine_2757' depends on axioms: [propext, Quot.sound]
'Collatz.Research.DescentAtlas.Batch123.descent_2757' depends on axioms: [propext, Classical.choice, Quot.sound]
'Collatz.Research.DescentAtlas.Batch123.data_2761' does not depend on any axioms
'Collatz.Research.DescentAtlas.Batch123.affine_2761' depends on axioms: [propext, Quot.sound]
'Collatz.Research.DescentAtlas.Batch123.descent_2761' depends on axioms: [propext, Classical.choice, Quot.sound]
'Collatz.Research.DescentAtlas.Batch123.data_2763' does not depend on any axioms
'Collatz.Research.DescentAtlas.Batch123.affine_2763' depends on axioms: [propext, Quot.sound]
'Collatz.Research.DescentAtlas.Batch123.descent_2763' depends on axioms: [propext, Classical.choice, Quot.sound]
'Collatz.Research.DescentAtlas.Batch123.data_2765' does not depend on any axioms
'Collatz.Research.DescentAtlas.Batch123.affine_2765' depends on axioms: [propext, Quot.sound]
'Collatz.Research.DescentAtlas.Batch123.descent_2765' depends on axioms: [propext, Classical.choice, Quot.sound]
'Collatz.Research.DescentAtlas.Batch123.data_2769' does not depend on any axioms
'Collatz.Research.DescentAtlas.Batch123.affine_2769' depends on axioms: [propext, Quot.sound]
'Collatz.Research.DescentAtlas.Batch123.descent_2769' depends on axioms: [propext, Classical.choice, Quot.sound]
'Collatz.Research.DescentAtlas.Batch123.data_2771' does not depend on any axioms
'Collatz.Research.DescentAtlas.Batch123.affine_2771' depends on axioms: [propext, Quot.sound]
'Collatz.Research.DescentAtlas.Batch123.descent_2771' depends on axioms: [propext, Classical.choice, Quot.sound]
'Collatz.Research.DescentAtlas.Batch123.data_2773' does not depend on any axioms
'Collatz.Research.DescentAtlas.Batch123.affine_2773' depends on axioms: [propext, Quot.sound]
'Collatz.Research.DescentAtlas.Batch123.descent_2773' depends on axioms: [propext, Classical.choice, Quot.sound]
'Collatz.Research.DescentAtlas.Batch124.data_2775' does not depend on any axioms
'Collatz.Research.DescentAtlas.Batch124.affine_2775' depends on axioms: [propext, Quot.sound]
'Collatz.Research.DescentAtlas.Batch124.descent_2775' depends on axioms: [propext, Classical.choice, Quot.sound]
'Collatz.Research.DescentAtlas.Batch124.data_2777' does not depend on any axioms
'Collatz.Research.DescentAtlas.Batch124.affine_2777' depends on axioms: [propext, Quot.sound]
'Collatz.Research.DescentAtlas.Batch124.descent_2777' depends on axioms: [propext, Classical.choice, Quot.sound]
'Collatz.Research.DescentAtlas.Batch124.data_2781' does not depend on any axioms
'Collatz.Research.DescentAtlas.Batch124.affine_2781' depends on axioms: [propext, Quot.sound]
'Collatz.Research.DescentAtlas.Batch124.descent_2781' depends on axioms: [propext, Classical.choice, Quot.sound]
'Collatz.Research.DescentAtlas.Batch124.data_2787' does not depend on any axioms
'Collatz.Research.DescentAtlas.Batch124.affine_2787' depends on axioms: [propext, Quot.sound]
'Collatz.Research.DescentAtlas.Batch124.descent_2787' depends on axioms: [propext, Classical.choice, Quot.sound]
'Collatz.Research.DescentAtlas.Batch124.data_2789' does not depend on any axioms
'Collatz.Research.DescentAtlas.Batch124.affine_2789' depends on axioms: [propext, Quot.sound]
'Collatz.Research.DescentAtlas.Batch124.descent_2789' depends on axioms: [propext, Classical.choice, Quot.sound]
'Collatz.Research.DescentAtlas.Batch124.data_2797' does not depend on any axioms
'Collatz.Research.DescentAtlas.Batch124.affine_2797' depends on axioms: [propext, Quot.sound]
'Collatz.Research.DescentAtlas.Batch124.descent_2797' depends on axioms: [propext, Classical.choice, Quot.sound]
'Collatz.Research.DescentAtlas.Batch124.data_2801' does not depend on any axioms
'Collatz.Research.DescentAtlas.Batch124.affine_2801' depends on axioms: [propext, Quot.sound]
'Collatz.Research.DescentAtlas.Batch124.descent_2801' depends on axioms: [propext, Classical.choice, Quot.sound]
'Collatz.Research.DescentAtlas.Batch124.data_2805' does not depend on any axioms
'Collatz.Research.DescentAtlas.Batch124.affine_2805' depends on axioms: [propext, Quot.sound]
'Collatz.Research.DescentAtlas.Batch124.descent_2805' depends on axioms: [propext, Classical.choice, Quot.sound]
'Collatz.Research.DescentAtlas.Batch125.data_2807' does not depend on any axioms
'Collatz.Research.DescentAtlas.Batch125.affine_2807' depends on axioms: [propext, Quot.sound]
'Collatz.Research.DescentAtlas.Batch125.descent_2807' depends on axioms: [propext, Classical.choice, Quot.sound]
'Collatz.Research.DescentAtlas.Batch125.data_2809' does not depend on any axioms
'Collatz.Research.DescentAtlas.Batch125.affine_2809' depends on axioms: [propext, Quot.sound]
'Collatz.Research.DescentAtlas.Batch125.descent_2809' depends on axioms: [propext, Classical.choice, Quot.sound]
'Collatz.Research.DescentAtlas.Batch125.data_2817' does not depend on any axioms
'Collatz.Research.DescentAtlas.Batch125.affine_2817' depends on axioms: [propext, Quot.sound]
'Collatz.Research.DescentAtlas.Batch125.descent_2817' depends on axioms: [propext, Classical.choice, Quot.sound]
'Collatz.Research.DescentAtlas.Batch125.data_2819' does not depend on any axioms
'Collatz.Research.DescentAtlas.Batch125.affine_2819' depends on axioms: [propext, Quot.sound]
'Collatz.Research.DescentAtlas.Batch125.descent_2819' depends on axioms: [propext, Classical.choice, Quot.sound]
'Collatz.Research.DescentAtlas.Batch125.data_2821' does not depend on any axioms
'Collatz.Research.DescentAtlas.Batch125.affine_2821' depends on axioms: [propext, Quot.sound]
'Collatz.Research.DescentAtlas.Batch125.descent_2821' depends on axioms: [propext, Classical.choice, Quot.sound]
'Collatz.Research.DescentAtlas.Batch125.data_2829' does not depend on any axioms
'Collatz.Research.DescentAtlas.Batch125.affine_2829' depends on axioms: [propext, Quot.sound]
'Collatz.Research.DescentAtlas.Batch125.descent_2829' depends on axioms: [propext, Classical.choice, Quot.sound]
'Collatz.Research.DescentAtlas.Batch125.data_2831' does not depend on any axioms
'Collatz.Research.DescentAtlas.Batch125.affine_2831' depends on axioms: [propext, Quot.sound]
'Collatz.Research.DescentAtlas.Batch125.descent_2831' depends on axioms: [propext, Classical.choice, Quot.sound]
'Collatz.Research.DescentAtlas.Batch125.data_2833' does not depend on any axioms
'Collatz.Research.DescentAtlas.Batch125.affine_2833' depends on axioms: [propext, Quot.sound]
'Collatz.Research.DescentAtlas.Batch125.descent_2833' depends on axioms: [propext, Classical.choice, Quot.sound]
'Collatz.Research.DescentAtlas.Batch126.data_2835' does not depend on any axioms
'Collatz.Research.DescentAtlas.Batch126.affine_2835' depends on axioms: [propext, Quot.sound]
'Collatz.Research.DescentAtlas.Batch126.descent_2835' depends on axioms: [propext, Classical.choice, Quot.sound]
'Collatz.Research.DescentAtlas.Batch126.data_2837' does not depend on any axioms
'Collatz.Research.DescentAtlas.Batch126.affine_2837' depends on axioms: [propext, Quot.sound]
'Collatz.Research.DescentAtlas.Batch126.descent_2837' depends on axioms: [propext, Classical.choice, Quot.sound]
'Collatz.Research.DescentAtlas.Batch126.data_2839' does not depend on any axioms
'Collatz.Research.DescentAtlas.Batch126.affine_2839' depends on axioms: [propext, Quot.sound]
'Collatz.Research.DescentAtlas.Batch126.descent_2839' depends on axioms: [propext, Classical.choice, Quot.sound]
'Collatz.Research.DescentAtlas.Batch126.data_2841' does not depend on any axioms
'Collatz.Research.DescentAtlas.Batch126.affine_2841' depends on axioms: [propext, Quot.sound]
'Collatz.Research.DescentAtlas.Batch126.descent_2841' depends on axioms: [propext, Classical.choice, Quot.sound]
'Collatz.Research.DescentAtlas.Batch126.data_2845' does not depend on any axioms
'Collatz.Research.DescentAtlas.Batch126.affine_2845' depends on axioms: [propext, Quot.sound]
'Collatz.Research.DescentAtlas.Batch126.descent_2845' depends on axioms: [propext, Classical.choice, Quot.sound]
'Collatz.Research.DescentAtlas.Batch126.data_2849' does not depend on any axioms
'Collatz.Research.DescentAtlas.Batch126.affine_2849' depends on axioms: [propext, Quot.sound]
'Collatz.Research.DescentAtlas.Batch126.descent_2849' depends on axioms: [propext, Classical.choice, Quot.sound]
'Collatz.Research.DescentAtlas.Batch126.data_2851' does not depend on any axioms
'Collatz.Research.DescentAtlas.Batch126.affine_2851' depends on axioms: [propext, Quot.sound]
'Collatz.Research.DescentAtlas.Batch126.descent_2851' depends on axioms: [propext, Classical.choice, Quot.sound]
'Collatz.Research.DescentAtlas.Batch126.data_2853' does not depend on any axioms
'Collatz.Research.DescentAtlas.Batch126.affine_2853' depends on axioms: [propext, Quot.sound]
'Collatz.Research.DescentAtlas.Batch126.descent_2853' depends on axioms: [propext, Classical.choice, Quot.sound]
'Collatz.Research.DescentAtlas.Batch127.data_2855' does not depend on any axioms
'Collatz.Research.DescentAtlas.Batch127.affine_2855' depends on axioms: [propext, Quot.sound]
'Collatz.Research.DescentAtlas.Batch127.descent_2855' depends on axioms: [propext, Classical.choice, Quot.sound]
'Collatz.Research.DescentAtlas.Batch127.data_2857' does not depend on any axioms
'Collatz.Research.DescentAtlas.Batch127.affine_2857' depends on axioms: [propext, Quot.sound]
'Collatz.Research.DescentAtlas.Batch127.descent_2857' depends on axioms: [propext, Classical.choice, Quot.sound]
'Collatz.Research.DescentAtlas.Batch127.data_2859' does not depend on any axioms
'Collatz.Research.DescentAtlas.Batch127.affine_2859' depends on axioms: [propext, Quot.sound]
'Collatz.Research.DescentAtlas.Batch127.descent_2859' depends on axioms: [propext, Classical.choice, Quot.sound]
'Collatz.Research.DescentAtlas.Batch127.data_2861' does not depend on any axioms
'Collatz.Research.DescentAtlas.Batch127.affine_2861' depends on axioms: [propext, Quot.sound]
'Collatz.Research.DescentAtlas.Batch127.descent_2861' depends on axioms: [propext, Classical.choice, Quot.sound]
'Collatz.Research.DescentAtlas.Batch127.data_2865' does not depend on any axioms
'Collatz.Research.DescentAtlas.Batch127.affine_2865' depends on axioms: [propext, Quot.sound]
'Collatz.Research.DescentAtlas.Batch127.descent_2865' depends on axioms: [propext, Classical.choice, Quot.sound]
'Collatz.Research.DescentAtlas.Batch127.data_2867' does not depend on any axioms
'Collatz.Research.DescentAtlas.Batch127.affine_2867' depends on axioms: [propext, Quot.sound]
'Collatz.Research.DescentAtlas.Batch127.descent_2867' depends on axioms: [propext, Classical.choice, Quot.sound]
'Collatz.Research.DescentAtlas.Batch127.data_2869' does not depend on any axioms
'Collatz.Research.DescentAtlas.Batch127.affine_2869' depends on axioms: [propext, Quot.sound]
'Collatz.Research.DescentAtlas.Batch127.descent_2869' depends on axioms: [propext, Classical.choice, Quot.sound]
'Collatz.Research.DescentAtlas.Batch127.data_2871' does not depend on any axioms
'Collatz.Research.DescentAtlas.Batch127.affine_2871' depends on axioms: [propext, Quot.sound]
'Collatz.Research.DescentAtlas.Batch127.descent_2871' depends on axioms: [propext, Classical.choice, Quot.sound]
'Collatz.Research.DescentAtlas.Batch128.data_2875' does not depend on any axioms
'Collatz.Research.DescentAtlas.Batch128.affine_2875' depends on axioms: [propext, Quot.sound]
'Collatz.Research.DescentAtlas.Batch128.descent_2875' depends on axioms: [propext, Classical.choice, Quot.sound]
'Collatz.Research.DescentAtlas.Batch128.data_2877' does not depend on any axioms
'Collatz.Research.DescentAtlas.Batch128.affine_2877' depends on axioms: [propext, Quot.sound]
'Collatz.Research.DescentAtlas.Batch128.descent_2877' depends on axioms: [propext, Classical.choice, Quot.sound]
'Collatz.Research.DescentAtlas.Batch128.data_2881' does not depend on any axioms
'Collatz.Research.DescentAtlas.Batch128.affine_2881' depends on axioms: [propext, Quot.sound]
'Collatz.Research.DescentAtlas.Batch128.descent_2881' depends on axioms: [propext, Classical.choice, Quot.sound]
'Collatz.Research.DescentAtlas.Batch128.data_2883' does not depend on any axioms
'Collatz.Research.DescentAtlas.Batch128.affine_2883' depends on axioms: [propext, Quot.sound]
'Collatz.Research.DescentAtlas.Batch128.descent_2883' depends on axioms: [propext, Classical.choice, Quot.sound]
'Collatz.Research.DescentAtlas.Batch128.data_2885' does not depend on any axioms
'Collatz.Research.DescentAtlas.Batch128.affine_2885' depends on axioms: [propext, Quot.sound]
'Collatz.Research.DescentAtlas.Batch128.descent_2885' depends on axioms: [propext, Classical.choice, Quot.sound]
'Collatz.Research.DescentAtlas.Batch128.data_2889' does not depend on any axioms
'Collatz.Research.DescentAtlas.Batch128.affine_2889' depends on axioms: [propext, Quot.sound]
'Collatz.Research.DescentAtlas.Batch128.descent_2889' depends on axioms: [propext, Classical.choice, Quot.sound]
'Collatz.Research.DescentAtlas.Batch128.data_2891' does not depend on any axioms
'Collatz.Research.DescentAtlas.Batch128.affine_2891' depends on axioms: [propext, Quot.sound]
'Collatz.Research.DescentAtlas.Batch128.descent_2891' depends on axioms: [propext, Classical.choice, Quot.sound]
'Collatz.Research.DescentAtlas.Batch128.data_2893' does not depend on any axioms
'Collatz.Research.DescentAtlas.Batch128.affine_2893' depends on axioms: [propext, Quot.sound]
'Collatz.Research.DescentAtlas.Batch128.descent_2893' depends on axioms: [propext, Classical.choice, Quot.sound]
'Collatz.Research.DescentAtlas.Batch129.data_2897' does not depend on any axioms
'Collatz.Research.DescentAtlas.Batch129.affine_2897' depends on axioms: [propext, Quot.sound]
'Collatz.Research.DescentAtlas.Batch129.descent_2897' depends on axioms: [propext, Classical.choice, Quot.sound]
'Collatz.Research.DescentAtlas.Batch129.data_2899' does not depend on any axioms
'Collatz.Research.DescentAtlas.Batch129.affine_2899' depends on axioms: [propext, Quot.sound]
'Collatz.Research.DescentAtlas.Batch129.descent_2899' depends on axioms: [propext, Classical.choice, Quot.sound]
'Collatz.Research.DescentAtlas.Batch129.data_2901' does not depend on any axioms
'Collatz.Research.DescentAtlas.Batch129.affine_2901' depends on axioms: [propext, Quot.sound]
'Collatz.Research.DescentAtlas.Batch129.descent_2901' depends on axioms: [propext, Classical.choice, Quot.sound]
'Collatz.Research.DescentAtlas.Batch129.data_2903' does not depend on any axioms
'Collatz.Research.DescentAtlas.Batch129.affine_2903' depends on axioms: [propext, Quot.sound]
'Collatz.Research.DescentAtlas.Batch129.descent_2903' depends on axioms: [propext, Classical.choice, Quot.sound]
'Collatz.Research.DescentAtlas.Batch129.data_2905' does not depend on any axioms
'Collatz.Research.DescentAtlas.Batch129.affine_2905' depends on axioms: [propext, Quot.sound]
'Collatz.Research.DescentAtlas.Batch129.descent_2905' depends on axioms: [propext, Classical.choice, Quot.sound]
'Collatz.Research.DescentAtlas.Batch129.data_2907' does not depend on any axioms
'Collatz.Research.DescentAtlas.Batch129.affine_2907' depends on axioms: [propext, Quot.sound]
'Collatz.Research.DescentAtlas.Batch129.descent_2907' depends on axioms: [propext, Classical.choice, Quot.sound]
'Collatz.Research.DescentAtlas.Batch129.data_2909' does not depend on any axioms
'Collatz.Research.DescentAtlas.Batch129.affine_2909' depends on axioms: [propext, Quot.sound]
'Collatz.Research.DescentAtlas.Batch129.descent_2909' depends on axioms: [propext, Classical.choice, Quot.sound]
'Collatz.Research.DescentAtlas.Batch129.data_2911' does not depend on any axioms
'Collatz.Research.DescentAtlas.Batch129.affine_2911' depends on axioms: [propext, Quot.sound]
'Collatz.Research.DescentAtlas.Batch129.descent_2911' depends on axioms: [propext, Classical.choice, Quot.sound]
'Collatz.Research.DescentAtlas.Batch130.data_2915' does not depend on any axioms
'Collatz.Research.DescentAtlas.Batch130.affine_2915' depends on axioms: [propext, Quot.sound]
'Collatz.Research.DescentAtlas.Batch130.descent_2915' depends on axioms: [propext, Classical.choice, Quot.sound]
'Collatz.Research.DescentAtlas.Batch130.data_2917' does not depend on any axioms
'Collatz.Research.DescentAtlas.Batch130.affine_2917' depends on axioms: [propext, Quot.sound]
'Collatz.Research.DescentAtlas.Batch130.descent_2917' depends on axioms: [propext, Classical.choice, Quot.sound]
'Collatz.Research.DescentAtlas.Batch130.data_2921' does not depend on any axioms
'Collatz.Research.DescentAtlas.Batch130.affine_2921' depends on axioms: [propext, Quot.sound]
'Collatz.Research.DescentAtlas.Batch130.descent_2921' depends on axioms: [propext, Classical.choice, Quot.sound]
'Collatz.Research.DescentAtlas.Batch130.data_2923' does not depend on any axioms
'Collatz.Research.DescentAtlas.Batch130.affine_2923' depends on axioms: [propext, Quot.sound]
'Collatz.Research.DescentAtlas.Batch130.descent_2923' depends on axioms: [propext, Classical.choice, Quot.sound]
'Collatz.Research.DescentAtlas.Batch130.data_2925' does not depend on any axioms
'Collatz.Research.DescentAtlas.Batch130.affine_2925' depends on axioms: [propext, Quot.sound]
'Collatz.Research.DescentAtlas.Batch130.descent_2925' depends on axioms: [propext, Classical.choice, Quot.sound]
'Collatz.Research.DescentAtlas.Batch130.data_2929' does not depend on any axioms
'Collatz.Research.DescentAtlas.Batch130.affine_2929' depends on axioms: [propext, Quot.sound]
'Collatz.Research.DescentAtlas.Batch130.descent_2929' depends on axioms: [propext, Classical.choice, Quot.sound]
'Collatz.Research.DescentAtlas.Batch130.data_2931' does not depend on any axioms
'Collatz.Research.DescentAtlas.Batch130.affine_2931' depends on axioms: [propext, Quot.sound]
'Collatz.Research.DescentAtlas.Batch130.descent_2931' depends on axioms: [propext, Classical.choice, Quot.sound]
'Collatz.Research.DescentAtlas.Batch130.data_2933' does not depend on any axioms
'Collatz.Research.DescentAtlas.Batch130.affine_2933' depends on axioms: [propext, Quot.sound]
'Collatz.Research.DescentAtlas.Batch130.descent_2933' depends on axioms: [propext, Classical.choice, Quot.sound]
'Collatz.Research.DescentAtlas.Batch131.data_2935' does not depend on any axioms
'Collatz.Research.DescentAtlas.Batch131.affine_2935' depends on axioms: [propext, Quot.sound]
'Collatz.Research.DescentAtlas.Batch131.descent_2935' depends on axioms: [propext, Classical.choice, Quot.sound]
'Collatz.Research.DescentAtlas.Batch131.data_2937' does not depend on any axioms
'Collatz.Research.DescentAtlas.Batch131.affine_2937' depends on axioms: [propext, Quot.sound]
'Collatz.Research.DescentAtlas.Batch131.descent_2937' depends on axioms: [propext, Classical.choice, Quot.sound]
'Collatz.Research.DescentAtlas.Batch131.data_2941' does not depend on any axioms
'Collatz.Research.DescentAtlas.Batch131.affine_2941' depends on axioms: [propext, Quot.sound]
'Collatz.Research.DescentAtlas.Batch131.descent_2941' depends on axioms: [propext, Classical.choice, Quot.sound]
'Collatz.Research.DescentAtlas.Batch131.data_2945' does not depend on any axioms
'Collatz.Research.DescentAtlas.Batch131.affine_2945' depends on axioms: [propext, Quot.sound]
'Collatz.Research.DescentAtlas.Batch131.descent_2945' depends on axioms: [propext, Classical.choice, Quot.sound]
'Collatz.Research.DescentAtlas.Batch131.data_2947' does not depend on any axioms
'Collatz.Research.DescentAtlas.Batch131.affine_2947' depends on axioms: [propext, Quot.sound]
'Collatz.Research.DescentAtlas.Batch131.descent_2947' depends on axioms: [propext, Classical.choice, Quot.sound]
'Collatz.Research.DescentAtlas.Batch131.data_2951' does not depend on any axioms
'Collatz.Research.DescentAtlas.Batch131.affine_2951' depends on axioms: [propext, Quot.sound]
'Collatz.Research.DescentAtlas.Batch131.descent_2951' depends on axioms: [propext, Classical.choice, Quot.sound]
'Collatz.Research.DescentAtlas.Batch131.data_2957' does not depend on any axioms
'Collatz.Research.DescentAtlas.Batch131.affine_2957' depends on axioms: [propext, Quot.sound]
'Collatz.Research.DescentAtlas.Batch131.descent_2957' depends on axioms: [propext, Classical.choice, Quot.sound]
'Collatz.Research.DescentAtlas.Batch131.data_2959' does not depend on any axioms
'Collatz.Research.DescentAtlas.Batch131.affine_2959' depends on axioms: [propext, Quot.sound]
'Collatz.Research.DescentAtlas.Batch131.descent_2959' depends on axioms: [propext, Classical.choice, Quot.sound]
'Collatz.Research.DescentAtlas.Batch132.data_2961' does not depend on any axioms
'Collatz.Research.DescentAtlas.Batch132.affine_2961' depends on axioms: [propext, Quot.sound]
'Collatz.Research.DescentAtlas.Batch132.descent_2961' depends on axioms: [propext, Classical.choice, Quot.sound]
'Collatz.Research.DescentAtlas.Batch132.data_2963' does not depend on any axioms
'Collatz.Research.DescentAtlas.Batch132.affine_2963' depends on axioms: [propext, Quot.sound]
'Collatz.Research.DescentAtlas.Batch132.descent_2963' depends on axioms: [propext, Classical.choice, Quot.sound]
'Collatz.Research.DescentAtlas.Batch132.data_2965' does not depend on any axioms
'Collatz.Research.DescentAtlas.Batch132.affine_2965' depends on axioms: [propext, Quot.sound]
'Collatz.Research.DescentAtlas.Batch132.descent_2965' depends on axioms: [propext, Classical.choice, Quot.sound]
'Collatz.Research.DescentAtlas.Batch132.data_2967' does not depend on any axioms
'Collatz.Research.DescentAtlas.Batch132.affine_2967' depends on axioms: [propext, Quot.sound]
'Collatz.Research.DescentAtlas.Batch132.descent_2967' depends on axioms: [propext, Classical.choice, Quot.sound]
'Collatz.Research.DescentAtlas.Batch132.data_2969' does not depend on any axioms
'Collatz.Research.DescentAtlas.Batch132.affine_2969' depends on axioms: [propext, Quot.sound]
'Collatz.Research.DescentAtlas.Batch132.descent_2969' depends on axioms: [propext, Classical.choice, Quot.sound]
'Collatz.Research.DescentAtlas.Batch132.data_2971' does not depend on any axioms
'Collatz.Research.DescentAtlas.Batch132.affine_2971' depends on axioms: [propext, Quot.sound]
'Collatz.Research.DescentAtlas.Batch132.descent_2971' depends on axioms: [propext, Classical.choice, Quot.sound]
'Collatz.Research.DescentAtlas.Batch132.data_2975' does not depend on any axioms
'Collatz.Research.DescentAtlas.Batch132.affine_2975' depends on axioms: [propext, Quot.sound]
'Collatz.Research.DescentAtlas.Batch132.descent_2975' depends on axioms: [propext, Classical.choice, Quot.sound]
'Collatz.Research.DescentAtlas.Batch132.data_2977' does not depend on any axioms
'Collatz.Research.DescentAtlas.Batch132.affine_2977' depends on axioms: [propext, Quot.sound]
'Collatz.Research.DescentAtlas.Batch132.descent_2977' depends on axioms: [propext, Classical.choice, Quot.sound]
'Collatz.Research.DescentAtlas.Batch133.data_2979' does not depend on any axioms
'Collatz.Research.DescentAtlas.Batch133.affine_2979' depends on axioms: [propext, Quot.sound]
'Collatz.Research.DescentAtlas.Batch133.descent_2979' depends on axioms: [propext, Classical.choice, Quot.sound]
'Collatz.Research.DescentAtlas.Batch133.data_2985' does not depend on any axioms
'Collatz.Research.DescentAtlas.Batch133.affine_2985' depends on axioms: [propext, Quot.sound]
'Collatz.Research.DescentAtlas.Batch133.descent_2985' depends on axioms: [propext, Classical.choice, Quot.sound]
'Collatz.Research.DescentAtlas.Batch133.data_2987' does not depend on any axioms
'Collatz.Research.DescentAtlas.Batch133.affine_2987' depends on axioms: [propext, Quot.sound]
'Collatz.Research.DescentAtlas.Batch133.descent_2987' depends on axioms: [propext, Classical.choice, Quot.sound]
'Collatz.Research.DescentAtlas.Batch133.data_2989' does not depend on any axioms
'Collatz.Research.DescentAtlas.Batch133.affine_2989' depends on axioms: [propext, Quot.sound]
'Collatz.Research.DescentAtlas.Batch133.descent_2989' depends on axioms: [propext, Classical.choice, Quot.sound]
'Collatz.Research.DescentAtlas.Batch133.data_2991' does not depend on any axioms
'Collatz.Research.DescentAtlas.Batch133.affine_2991' depends on axioms: [propext, Quot.sound]
'Collatz.Research.DescentAtlas.Batch133.descent_2991' depends on axioms: [propext, Classical.choice, Quot.sound]
'Collatz.Research.DescentAtlas.Batch133.data_2993' does not depend on any axioms
'Collatz.Research.DescentAtlas.Batch133.affine_2993' depends on axioms: [propext, Quot.sound]
'Collatz.Research.DescentAtlas.Batch133.descent_2993' depends on axioms: [propext, Classical.choice, Quot.sound]
'Collatz.Research.DescentAtlas.Batch133.data_2995' does not depend on any axioms
'Collatz.Research.DescentAtlas.Batch133.affine_2995' depends on axioms: [propext, Quot.sound]
'Collatz.Research.DescentAtlas.Batch133.descent_2995' depends on axioms: [propext, Classical.choice, Quot.sound]
'Collatz.Research.DescentAtlas.Batch133.data_2997' does not depend on any axioms
'Collatz.Research.DescentAtlas.Batch133.affine_2997' depends on axioms: [propext, Quot.sound]
'Collatz.Research.DescentAtlas.Batch133.descent_2997' depends on axioms: [propext, Classical.choice, Quot.sound]
'Collatz.Research.DescentAtlas.Batch134.data_2999' does not depend on any axioms
'Collatz.Research.DescentAtlas.Batch134.affine_2999' depends on axioms: [propext, Quot.sound]
'Collatz.Research.DescentAtlas.Batch134.descent_2999' depends on axioms: [propext, Classical.choice, Quot.sound]
'Collatz.Research.DescentAtlas.Batch134.data_3001' does not depend on any axioms
'Collatz.Research.DescentAtlas.Batch134.affine_3001' depends on axioms: [propext, Quot.sound]
'Collatz.Research.DescentAtlas.Batch134.descent_3001' depends on axioms: [propext, Classical.choice, Quot.sound]
'Collatz.Research.DescentAtlas.Batch134.data_3003' does not depend on any axioms
'Collatz.Research.DescentAtlas.Batch134.affine_3003' depends on axioms: [propext, Quot.sound]
'Collatz.Research.DescentAtlas.Batch134.descent_3003' depends on axioms: [propext, Classical.choice, Quot.sound]
'Collatz.Research.DescentAtlas.Batch134.data_3009' does not depend on any axioms
'Collatz.Research.DescentAtlas.Batch134.affine_3009' depends on axioms: [propext, Quot.sound]
'Collatz.Research.DescentAtlas.Batch134.descent_3009' depends on axioms: [propext, Classical.choice, Quot.sound]
'Collatz.Research.DescentAtlas.Batch134.data_3011' does not depend on any axioms
'Collatz.Research.DescentAtlas.Batch134.affine_3011' depends on axioms: [propext, Quot.sound]
'Collatz.Research.DescentAtlas.Batch134.descent_3011' depends on axioms: [propext, Classical.choice, Quot.sound]
'Collatz.Research.DescentAtlas.Batch134.data_3013' does not depend on any axioms
'Collatz.Research.DescentAtlas.Batch134.affine_3013' depends on axioms: [propext, Quot.sound]
'Collatz.Research.DescentAtlas.Batch134.descent_3013' depends on axioms: [propext, Classical.choice, Quot.sound]
'Collatz.Research.DescentAtlas.Batch134.data_3017' does not depend on any axioms
'Collatz.Research.DescentAtlas.Batch134.affine_3017' depends on axioms: [propext, Quot.sound]
'Collatz.Research.DescentAtlas.Batch134.descent_3017' depends on axioms: [propext, Classical.choice, Quot.sound]
'Collatz.Research.DescentAtlas.Batch134.data_3019' does not depend on any axioms
'Collatz.Research.DescentAtlas.Batch134.affine_3019' depends on axioms: [propext, Quot.sound]
'Collatz.Research.DescentAtlas.Batch134.descent_3019' depends on axioms: [propext, Classical.choice, Quot.sound]
'Collatz.Research.DescentAtlas.Batch135.data_3029' does not depend on any axioms
'Collatz.Research.DescentAtlas.Batch135.affine_3029' depends on axioms: [propext, Quot.sound]
'Collatz.Research.DescentAtlas.Batch135.descent_3029' depends on axioms: [propext, Classical.choice, Quot.sound]
'Collatz.Research.DescentAtlas.Batch135.data_3033' does not depend on any axioms
'Collatz.Research.DescentAtlas.Batch135.affine_3033' depends on axioms: [propext, Quot.sound]
'Collatz.Research.DescentAtlas.Batch135.descent_3033' depends on axioms: [propext, Classical.choice, Quot.sound]
'Collatz.Research.DescentAtlas.Batch135.data_3035' does not depend on any axioms
'Collatz.Research.DescentAtlas.Batch135.affine_3035' depends on axioms: [propext, Quot.sound]
'Collatz.Research.DescentAtlas.Batch135.descent_3035' depends on axioms: [propext, Classical.choice, Quot.sound]
'Collatz.Research.DescentAtlas.Batch135.data_3037' does not depend on any axioms
'Collatz.Research.DescentAtlas.Batch135.affine_3037' depends on axioms: [propext, Quot.sound]
'Collatz.Research.DescentAtlas.Batch135.descent_3037' depends on axioms: [propext, Classical.choice, Quot.sound]
'Collatz.Research.DescentAtlas.Batch135.data_3041' does not depend on any axioms
'Collatz.Research.DescentAtlas.Batch135.affine_3041' depends on axioms: [propext, Quot.sound]
'Collatz.Research.DescentAtlas.Batch135.descent_3041' depends on axioms: [propext, Classical.choice, Quot.sound]
'Collatz.Research.DescentAtlas.Batch135.data_3043' does not depend on any axioms
'Collatz.Research.DescentAtlas.Batch135.affine_3043' depends on axioms: [propext, Quot.sound]
'Collatz.Research.DescentAtlas.Batch135.descent_3043' depends on axioms: [propext, Classical.choice, Quot.sound]
'Collatz.Research.DescentAtlas.Batch135.data_3045' does not depend on any axioms
'Collatz.Research.DescentAtlas.Batch135.affine_3045' depends on axioms: [propext, Quot.sound]
'Collatz.Research.DescentAtlas.Batch135.descent_3045' depends on axioms: [propext, Classical.choice, Quot.sound]
'Collatz.Research.DescentAtlas.Batch135.data_3047' does not depend on any axioms
'Collatz.Research.DescentAtlas.Batch135.affine_3047' depends on axioms: [propext, Quot.sound]
'Collatz.Research.DescentAtlas.Batch135.descent_3047' depends on axioms: [propext, Classical.choice, Quot.sound]
'Collatz.Research.DescentAtlas.Batch136.data_3051' does not depend on any axioms
'Collatz.Research.DescentAtlas.Batch136.affine_3051' depends on axioms: [propext, Quot.sound]
'Collatz.Research.DescentAtlas.Batch136.descent_3051' depends on axioms: [propext, Classical.choice, Quot.sound]
'Collatz.Research.DescentAtlas.Batch136.data_3053' does not depend on any axioms
'Collatz.Research.DescentAtlas.Batch136.affine_3053' depends on axioms: [propext, Quot.sound]
'Collatz.Research.DescentAtlas.Batch136.descent_3053' depends on axioms: [propext, Classical.choice, Quot.sound]
'Collatz.Research.DescentAtlas.Batch136.data_3057' does not depend on any axioms
'Collatz.Research.DescentAtlas.Batch136.affine_3057' depends on axioms: [propext, Quot.sound]
'Collatz.Research.DescentAtlas.Batch136.descent_3057' depends on axioms: [propext, Classical.choice, Quot.sound]
'Collatz.Research.DescentAtlas.Batch136.data_3059' does not depend on any axioms
'Collatz.Research.DescentAtlas.Batch136.affine_3059' depends on axioms: [propext, Quot.sound]
'Collatz.Research.DescentAtlas.Batch136.descent_3059' depends on axioms: [propext, Classical.choice, Quot.sound]
'Collatz.Research.DescentAtlas.Batch136.data_3061' does not depend on any axioms
'Collatz.Research.DescentAtlas.Batch136.affine_3061' depends on axioms: [propext, Quot.sound]
'Collatz.Research.DescentAtlas.Batch136.descent_3061' depends on axioms: [propext, Classical.choice, Quot.sound]
'Collatz.Research.DescentAtlas.Batch136.data_3063' does not depend on any axioms
'Collatz.Research.DescentAtlas.Batch136.affine_3063' depends on axioms: [propext, Quot.sound]
'Collatz.Research.DescentAtlas.Batch136.descent_3063' depends on axioms: [propext, Classical.choice, Quot.sound]
'Collatz.Research.DescentAtlas.Batch136.data_3067' does not depend on any axioms
'Collatz.Research.DescentAtlas.Batch136.affine_3067' depends on axioms: [propext, Quot.sound]
'Collatz.Research.DescentAtlas.Batch136.descent_3067' depends on axioms: [propext, Classical.choice, Quot.sound]
'Collatz.Research.DescentAtlas.Batch136.data_3073' does not depend on any axioms
'Collatz.Research.DescentAtlas.Batch136.affine_3073' depends on axioms: [propext, Quot.sound]
'Collatz.Research.DescentAtlas.Batch136.descent_3073' depends on axioms: [propext, Classical.choice, Quot.sound]
'Collatz.Research.DescentAtlas.Batch137.data_3075' does not depend on any axioms
'Collatz.Research.DescentAtlas.Batch137.affine_3075' depends on axioms: [propext, Quot.sound]
'Collatz.Research.DescentAtlas.Batch137.descent_3075' depends on axioms: [propext, Classical.choice, Quot.sound]
'Collatz.Research.DescentAtlas.Batch137.data_3077' does not depend on any axioms
'Collatz.Research.DescentAtlas.Batch137.affine_3077' depends on axioms: [propext, Quot.sound]
'Collatz.Research.DescentAtlas.Batch137.descent_3077' depends on axioms: [propext, Classical.choice, Quot.sound]
'Collatz.Research.DescentAtlas.Batch137.data_3079' does not depend on any axioms
'Collatz.Research.DescentAtlas.Batch137.affine_3079' depends on axioms: [propext, Quot.sound]
'Collatz.Research.DescentAtlas.Batch137.descent_3079' depends on axioms: [propext, Classical.choice, Quot.sound]
'Collatz.Research.DescentAtlas.Batch137.data_3081' does not depend on any axioms
'Collatz.Research.DescentAtlas.Batch137.affine_3081' depends on axioms: [propext, Quot.sound]
'Collatz.Research.DescentAtlas.Batch137.descent_3081' depends on axioms: [propext, Classical.choice, Quot.sound]
'Collatz.Research.DescentAtlas.Batch137.data_3083' does not depend on any axioms
'Collatz.Research.DescentAtlas.Batch137.affine_3083' depends on axioms: [propext, Quot.sound]
'Collatz.Research.DescentAtlas.Batch137.descent_3083' depends on axioms: [propext, Classical.choice, Quot.sound]
'Collatz.Research.DescentAtlas.Batch137.data_3085' does not depend on any axioms
'Collatz.Research.DescentAtlas.Batch137.affine_3085' depends on axioms: [propext, Quot.sound]
'Collatz.Research.DescentAtlas.Batch137.descent_3085' depends on axioms: [propext, Classical.choice, Quot.sound]
'Collatz.Research.DescentAtlas.Batch137.data_3087' does not depend on any axioms
'Collatz.Research.DescentAtlas.Batch137.affine_3087' depends on axioms: [propext, Quot.sound]
'Collatz.Research.DescentAtlas.Batch137.descent_3087' depends on axioms: [propext, Classical.choice, Quot.sound]
'Collatz.Research.DescentAtlas.Batch137.data_3089' does not depend on any axioms
'Collatz.Research.DescentAtlas.Batch137.affine_3089' depends on axioms: [propext, Quot.sound]
'Collatz.Research.DescentAtlas.Batch137.descent_3089' depends on axioms: [propext, Classical.choice, Quot.sound]
'Collatz.Research.DescentAtlas.Batch138.data_3091' does not depend on any axioms
'Collatz.Research.DescentAtlas.Batch138.affine_3091' depends on axioms: [propext, Quot.sound]
'Collatz.Research.DescentAtlas.Batch138.descent_3091' depends on axioms: [propext, Classical.choice, Quot.sound]
'Collatz.Research.DescentAtlas.Batch138.data_3093' does not depend on any axioms
'Collatz.Research.DescentAtlas.Batch138.affine_3093' depends on axioms: [propext, Quot.sound]
'Collatz.Research.DescentAtlas.Batch138.descent_3093' depends on axioms: [propext, Classical.choice, Quot.sound]
'Collatz.Research.DescentAtlas.Batch138.data_3095' does not depend on any axioms
'Collatz.Research.DescentAtlas.Batch138.affine_3095' depends on axioms: [propext, Quot.sound]
'Collatz.Research.DescentAtlas.Batch138.descent_3095' depends on axioms: [propext, Classical.choice, Quot.sound]
'Collatz.Research.DescentAtlas.Batch138.data_3101' does not depend on any axioms
'Collatz.Research.DescentAtlas.Batch138.affine_3101' depends on axioms: [propext, Quot.sound]
'Collatz.Research.DescentAtlas.Batch138.descent_3101' depends on axioms: [propext, Classical.choice, Quot.sound]
'Collatz.Research.DescentAtlas.Batch138.data_3105' does not depend on any axioms
'Collatz.Research.DescentAtlas.Batch138.affine_3105' depends on axioms: [propext, Quot.sound]
'Collatz.Research.DescentAtlas.Batch138.descent_3105' depends on axioms: [propext, Classical.choice, Quot.sound]
'Collatz.Research.DescentAtlas.Batch138.data_3107' does not depend on any axioms
'Collatz.Research.DescentAtlas.Batch138.affine_3107' depends on axioms: [propext, Quot.sound]
'Collatz.Research.DescentAtlas.Batch138.descent_3107' depends on axioms: [propext, Classical.choice, Quot.sound]
'Collatz.Research.DescentAtlas.Batch138.data_3109' does not depend on any axioms
'Collatz.Research.DescentAtlas.Batch138.affine_3109' depends on axioms: [propext, Quot.sound]
'Collatz.Research.DescentAtlas.Batch138.descent_3109' depends on axioms: [propext, Classical.choice, Quot.sound]
'Collatz.Research.DescentAtlas.Batch138.data_3111' does not depend on any axioms
'Collatz.Research.DescentAtlas.Batch138.affine_3111' depends on axioms: [propext, Quot.sound]
'Collatz.Research.DescentAtlas.Batch138.descent_3111' depends on axioms: [propext, Classical.choice, Quot.sound]
'Collatz.Research.DescentAtlas.Batch139.data_3115' does not depend on any axioms
'Collatz.Research.DescentAtlas.Batch139.affine_3115' depends on axioms: [propext, Quot.sound]
'Collatz.Research.DescentAtlas.Batch139.descent_3115' depends on axioms: [propext, Classical.choice, Quot.sound]
'Collatz.Research.DescentAtlas.Batch139.data_3117' does not depend on any axioms
'Collatz.Research.DescentAtlas.Batch139.affine_3117' depends on axioms: [propext, Quot.sound]
'Collatz.Research.DescentAtlas.Batch139.descent_3117' depends on axioms: [propext, Classical.choice, Quot.sound]
'Collatz.Research.DescentAtlas.Batch139.data_3119' does not depend on any axioms
'Collatz.Research.DescentAtlas.Batch139.affine_3119' depends on axioms: [propext, Quot.sound]
'Collatz.Research.DescentAtlas.Batch139.descent_3119' depends on axioms: [propext, Classical.choice, Quot.sound]
'Collatz.Research.DescentAtlas.Batch139.data_3121' does not depend on any axioms
'Collatz.Research.DescentAtlas.Batch139.affine_3121' depends on axioms: [propext, Quot.sound]
'Collatz.Research.DescentAtlas.Batch139.descent_3121' depends on axioms: [propext, Classical.choice, Quot.sound]
'Collatz.Research.DescentAtlas.Batch139.data_3123' does not depend on any axioms
'Collatz.Research.DescentAtlas.Batch139.affine_3123' depends on axioms: [propext, Quot.sound]
'Collatz.Research.DescentAtlas.Batch139.descent_3123' depends on axioms: [propext, Classical.choice, Quot.sound]
'Collatz.Research.DescentAtlas.Batch139.data_3125' does not depend on any axioms
'Collatz.Research.DescentAtlas.Batch139.affine_3125' depends on axioms: [propext, Quot.sound]
'Collatz.Research.DescentAtlas.Batch139.descent_3125' depends on axioms: [propext, Classical.choice, Quot.sound]
'Collatz.Research.DescentAtlas.Batch139.data_3127' does not depend on any axioms
'Collatz.Research.DescentAtlas.Batch139.affine_3127' depends on axioms: [propext, Quot.sound]
'Collatz.Research.DescentAtlas.Batch139.descent_3127' depends on axioms: [propext, Classical.choice, Quot.sound]
'Collatz.Research.DescentAtlas.Batch139.data_3129' does not depend on any axioms
'Collatz.Research.DescentAtlas.Batch139.affine_3129' depends on axioms: [propext, Quot.sound]
'Collatz.Research.DescentAtlas.Batch139.descent_3129' depends on axioms: [propext, Classical.choice, Quot.sound]
'Collatz.Research.DescentAtlas.Batch140.data_3133' does not depend on any axioms
'Collatz.Research.DescentAtlas.Batch140.affine_3133' depends on axioms: [propext, Quot.sound]
'Collatz.Research.DescentAtlas.Batch140.descent_3133' depends on axioms: [propext, Classical.choice, Quot.sound]
'Collatz.Research.DescentAtlas.Batch140.data_3135' does not depend on any axioms
'Collatz.Research.DescentAtlas.Batch140.affine_3135' depends on axioms: [propext, Quot.sound]
'Collatz.Research.DescentAtlas.Batch140.descent_3135' depends on axioms: [propext, Classical.choice, Quot.sound]
'Collatz.Research.DescentAtlas.Batch140.data_3137' does not depend on any axioms
'Collatz.Research.DescentAtlas.Batch140.affine_3137' depends on axioms: [propext, Quot.sound]
'Collatz.Research.DescentAtlas.Batch140.descent_3137' depends on axioms: [propext, Classical.choice, Quot.sound]
'Collatz.Research.DescentAtlas.Batch140.data_3139' does not depend on any axioms
'Collatz.Research.DescentAtlas.Batch140.affine_3139' depends on axioms: [propext, Quot.sound]
'Collatz.Research.DescentAtlas.Batch140.descent_3139' depends on axioms: [propext, Classical.choice, Quot.sound]
'Collatz.Research.DescentAtlas.Batch140.data_3141' does not depend on any axioms
'Collatz.Research.DescentAtlas.Batch140.affine_3141' depends on axioms: [propext, Quot.sound]
'Collatz.Research.DescentAtlas.Batch140.descent_3141' depends on axioms: [propext, Classical.choice, Quot.sound]
'Collatz.Research.DescentAtlas.Batch140.data_3147' does not depend on any axioms
'Collatz.Research.DescentAtlas.Batch140.affine_3147' depends on axioms: [propext, Quot.sound]
'Collatz.Research.DescentAtlas.Batch140.descent_3147' depends on axioms: [propext, Classical.choice, Quot.sound]
'Collatz.Research.DescentAtlas.Batch140.data_3149' does not depend on any axioms
'Collatz.Research.DescentAtlas.Batch140.affine_3149' depends on axioms: [propext, Quot.sound]
'Collatz.Research.DescentAtlas.Batch140.descent_3149' depends on axioms: [propext, Classical.choice, Quot.sound]
'Collatz.Research.DescentAtlas.Batch140.data_3151' does not depend on any axioms
'Collatz.Research.DescentAtlas.Batch140.affine_3151' depends on axioms: [propext, Quot.sound]
'Collatz.Research.DescentAtlas.Batch140.descent_3151' depends on axioms: [propext, Classical.choice, Quot.sound]
'Collatz.Research.DescentAtlas.Batch141.data_3153' does not depend on any axioms
'Collatz.Research.DescentAtlas.Batch141.affine_3153' depends on axioms: [propext, Quot.sound]
'Collatz.Research.DescentAtlas.Batch141.descent_3153' depends on axioms: [propext, Classical.choice, Quot.sound]
'Collatz.Research.DescentAtlas.Batch141.data_3157' does not depend on any axioms
'Collatz.Research.DescentAtlas.Batch141.affine_3157' depends on axioms: [propext, Quot.sound]
'Collatz.Research.DescentAtlas.Batch141.descent_3157' depends on axioms: [propext, Classical.choice, Quot.sound]
'Collatz.Research.DescentAtlas.Batch141.data_3159' does not depend on any axioms
'Collatz.Research.DescentAtlas.Batch141.affine_3159' depends on axioms: [propext, Quot.sound]
'Collatz.Research.DescentAtlas.Batch141.descent_3159' depends on axioms: [propext, Classical.choice, Quot.sound]
'Collatz.Research.DescentAtlas.Batch141.data_3165' does not depend on any axioms
'Collatz.Research.DescentAtlas.Batch141.affine_3165' depends on axioms: [propext, Quot.sound]
'Collatz.Research.DescentAtlas.Batch141.descent_3165' depends on axioms: [propext, Classical.choice, Quot.sound]
'Collatz.Research.DescentAtlas.Batch141.data_3169' does not depend on any axioms
'Collatz.Research.DescentAtlas.Batch141.affine_3169' depends on axioms: [propext, Quot.sound]
'Collatz.Research.DescentAtlas.Batch141.descent_3169' depends on axioms: [propext, Classical.choice, Quot.sound]
'Collatz.Research.DescentAtlas.Batch141.data_3171' does not depend on any axioms
'Collatz.Research.DescentAtlas.Batch141.affine_3171' depends on axioms: [propext, Quot.sound]
'Collatz.Research.DescentAtlas.Batch141.descent_3171' depends on axioms: [propext, Classical.choice, Quot.sound]
'Collatz.Research.DescentAtlas.Batch141.data_3173' does not depend on any axioms
'Collatz.Research.DescentAtlas.Batch141.affine_3173' depends on axioms: [propext, Quot.sound]
'Collatz.Research.DescentAtlas.Batch141.descent_3173' depends on axioms: [propext, Classical.choice, Quot.sound]
'Collatz.Research.DescentAtlas.Batch141.data_3179' does not depend on any axioms
'Collatz.Research.DescentAtlas.Batch141.affine_3179' depends on axioms: [propext, Quot.sound]
'Collatz.Research.DescentAtlas.Batch141.descent_3179' depends on axioms: [propext, Classical.choice, Quot.sound]
'Collatz.Research.DescentAtlas.Batch142.data_3185' does not depend on any axioms
'Collatz.Research.DescentAtlas.Batch142.affine_3185' depends on axioms: [propext, Quot.sound]
'Collatz.Research.DescentAtlas.Batch142.descent_3185' depends on axioms: [propext, Classical.choice, Quot.sound]
'Collatz.Research.DescentAtlas.Batch142.data_3187' does not depend on any axioms
'Collatz.Research.DescentAtlas.Batch142.affine_3187' depends on axioms: [propext, Quot.sound]
'Collatz.Research.DescentAtlas.Batch142.descent_3187' depends on axioms: [propext, Classical.choice, Quot.sound]
'Collatz.Research.DescentAtlas.Batch142.data_3189' does not depend on any axioms
'Collatz.Research.DescentAtlas.Batch142.affine_3189' depends on axioms: [propext, Quot.sound]
'Collatz.Research.DescentAtlas.Batch142.descent_3189' depends on axioms: [propext, Classical.choice, Quot.sound]
'Collatz.Research.DescentAtlas.Batch142.data_3191' does not depend on any axioms
'Collatz.Research.DescentAtlas.Batch142.affine_3191' depends on axioms: [propext, Quot.sound]
'Collatz.Research.DescentAtlas.Batch142.descent_3191' depends on axioms: [propext, Classical.choice, Quot.sound]
'Collatz.Research.DescentAtlas.Batch142.data_3193' does not depend on any axioms
'Collatz.Research.DescentAtlas.Batch142.affine_3193' depends on axioms: [propext, Quot.sound]
'Collatz.Research.DescentAtlas.Batch142.descent_3193' depends on axioms: [propext, Classical.choice, Quot.sound]
'Collatz.Research.DescentAtlas.Batch142.data_3195' does not depend on any axioms
'Collatz.Research.DescentAtlas.Batch142.affine_3195' depends on axioms: [propext, Quot.sound]
'Collatz.Research.DescentAtlas.Batch142.descent_3195' depends on axioms: [propext, Classical.choice, Quot.sound]
'Collatz.Research.DescentAtlas.Batch142.data_3197' does not depend on any axioms
'Collatz.Research.DescentAtlas.Batch142.affine_3197' depends on axioms: [propext, Quot.sound]
'Collatz.Research.DescentAtlas.Batch142.descent_3197' depends on axioms: [propext, Classical.choice, Quot.sound]
'Collatz.Research.DescentAtlas.Batch142.data_3203' does not depend on any axioms
'Collatz.Research.DescentAtlas.Batch142.affine_3203' depends on axioms: [propext, Quot.sound]
'Collatz.Research.DescentAtlas.Batch142.descent_3203' depends on axioms: [propext, Classical.choice, Quot.sound]
'Collatz.Research.DescentAtlas.Batch143.data_3205' does not depend on any axioms
'Collatz.Research.DescentAtlas.Batch143.affine_3205' depends on axioms: [propext, Quot.sound]
'Collatz.Research.DescentAtlas.Batch143.descent_3205' depends on axioms: [propext, Classical.choice, Quot.sound]
'Collatz.Research.DescentAtlas.Batch143.data_3207' does not depend on any axioms
'Collatz.Research.DescentAtlas.Batch143.affine_3207' depends on axioms: [propext, Quot.sound]
'Collatz.Research.DescentAtlas.Batch143.descent_3207' depends on axioms: [propext, Classical.choice, Quot.sound]
'Collatz.Research.DescentAtlas.Batch143.data_3211' does not depend on any axioms
'Collatz.Research.DescentAtlas.Batch143.affine_3211' depends on axioms: [propext, Quot.sound]
'Collatz.Research.DescentAtlas.Batch143.descent_3211' depends on axioms: [propext, Classical.choice, Quot.sound]
'Collatz.Research.DescentAtlas.Batch143.data_3213' does not depend on any axioms
'Collatz.Research.DescentAtlas.Batch143.affine_3213' depends on axioms: [propext, Quot.sound]
'Collatz.Research.DescentAtlas.Batch143.descent_3213' depends on axioms: [propext, Classical.choice, Quot.sound]
'Collatz.Research.DescentAtlas.Batch143.data_3215' does not depend on any axioms
'Collatz.Research.DescentAtlas.Batch143.affine_3215' depends on axioms: [propext, Quot.sound]
'Collatz.Research.DescentAtlas.Batch143.descent_3215' depends on axioms: [propext, Classical.choice, Quot.sound]
'Collatz.Research.DescentAtlas.Batch143.data_3217' does not depend on any axioms
'Collatz.Research.DescentAtlas.Batch143.affine_3217' depends on axioms: [propext, Quot.sound]
'Collatz.Research.DescentAtlas.Batch143.descent_3217' depends on axioms: [propext, Classical.choice, Quot.sound]
'Collatz.Research.DescentAtlas.Batch143.data_3219' does not depend on any axioms
'Collatz.Research.DescentAtlas.Batch143.affine_3219' depends on axioms: [propext, Quot.sound]
'Collatz.Research.DescentAtlas.Batch143.descent_3219' depends on axioms: [propext, Classical.choice, Quot.sound]
'Collatz.Research.DescentAtlas.Batch143.data_3221' does not depend on any axioms
'Collatz.Research.DescentAtlas.Batch143.affine_3221' depends on axioms: [propext, Quot.sound]
'Collatz.Research.DescentAtlas.Batch143.descent_3221' depends on axioms: [propext, Classical.choice, Quot.sound]
'Collatz.Research.DescentAtlas.Batch144.data_3223' does not depend on any axioms
'Collatz.Research.DescentAtlas.Batch144.affine_3223' depends on axioms: [propext, Quot.sound]
'Collatz.Research.DescentAtlas.Batch144.descent_3223' depends on axioms: [propext, Classical.choice, Quot.sound]
'Collatz.Research.DescentAtlas.Batch144.data_3225' does not depend on any axioms
'Collatz.Research.DescentAtlas.Batch144.affine_3225' depends on axioms: [propext, Quot.sound]
'Collatz.Research.DescentAtlas.Batch144.descent_3225' depends on axioms: [propext, Classical.choice, Quot.sound]
'Collatz.Research.DescentAtlas.Batch144.data_3235' does not depend on any axioms
'Collatz.Research.DescentAtlas.Batch144.affine_3235' depends on axioms: [propext, Quot.sound]
'Collatz.Research.DescentAtlas.Batch144.descent_3235' depends on axioms: [propext, Classical.choice, Quot.sound]
'Collatz.Research.DescentAtlas.Batch144.data_3237' does not depend on any axioms
'Collatz.Research.DescentAtlas.Batch144.affine_3237' depends on axioms: [propext, Quot.sound]
'Collatz.Research.DescentAtlas.Batch144.descent_3237' depends on axioms: [propext, Classical.choice, Quot.sound]
'Collatz.Research.DescentAtlas.Batch144.data_3243' does not depend on any axioms
'Collatz.Research.DescentAtlas.Batch144.affine_3243' depends on axioms: [propext, Quot.sound]
'Collatz.Research.DescentAtlas.Batch144.descent_3243' depends on axioms: [propext, Classical.choice, Quot.sound]
'Collatz.Research.DescentAtlas.Batch144.data_3245' does not depend on any axioms
'Collatz.Research.DescentAtlas.Batch144.affine_3245' depends on axioms: [propext, Quot.sound]
'Collatz.Research.DescentAtlas.Batch144.descent_3245' depends on axioms: [propext, Classical.choice, Quot.sound]
'Collatz.Research.DescentAtlas.Batch144.data_3247' does not depend on any axioms
'Collatz.Research.DescentAtlas.Batch144.affine_3247' depends on axioms: [propext, Quot.sound]
'Collatz.Research.DescentAtlas.Batch144.descent_3247' depends on axioms: [propext, Classical.choice, Quot.sound]
'Collatz.Research.DescentAtlas.Batch144.data_3249' does not depend on any axioms
'Collatz.Research.DescentAtlas.Batch144.affine_3249' depends on axioms: [propext, Quot.sound]
'Collatz.Research.DescentAtlas.Batch144.descent_3249' depends on axioms: [propext, Classical.choice, Quot.sound]
'Collatz.Research.DescentAtlas.Batch145.data_3251' does not depend on any axioms
'Collatz.Research.DescentAtlas.Batch145.affine_3251' depends on axioms: [propext, Quot.sound]
'Collatz.Research.DescentAtlas.Batch145.descent_3251' depends on axioms: [propext, Classical.choice, Quot.sound]
'Collatz.Research.DescentAtlas.Batch145.data_3253' does not depend on any axioms
'Collatz.Research.DescentAtlas.Batch145.affine_3253' depends on axioms: [propext, Quot.sound]
'Collatz.Research.DescentAtlas.Batch145.descent_3253' depends on axioms: [propext, Classical.choice, Quot.sound]
'Collatz.Research.DescentAtlas.Batch145.data_3257' does not depend on any axioms
'Collatz.Research.DescentAtlas.Batch145.affine_3257' depends on axioms: [propext, Quot.sound]
'Collatz.Research.DescentAtlas.Batch145.descent_3257' depends on axioms: [propext, Classical.choice, Quot.sound]
'Collatz.Research.DescentAtlas.Batch145.data_3259' does not depend on any axioms
'Collatz.Research.DescentAtlas.Batch145.affine_3259' depends on axioms: [propext, Quot.sound]
'Collatz.Research.DescentAtlas.Batch145.descent_3259' depends on axioms: [propext, Classical.choice, Quot.sound]
'Collatz.Research.DescentAtlas.Batch145.data_3261' does not depend on any axioms
'Collatz.Research.DescentAtlas.Batch145.affine_3261' depends on axioms: [propext, Quot.sound]
'Collatz.Research.DescentAtlas.Batch145.descent_3261' depends on axioms: [propext, Classical.choice, Quot.sound]
'Collatz.Research.DescentAtlas.Batch145.data_3265' does not depend on any axioms
'Collatz.Research.DescentAtlas.Batch145.affine_3265' depends on axioms: [propext, Quot.sound]
'Collatz.Research.DescentAtlas.Batch145.descent_3265' depends on axioms: [propext, Classical.choice, Quot.sound]
'Collatz.Research.DescentAtlas.Batch145.data_3267' does not depend on any axioms
'Collatz.Research.DescentAtlas.Batch145.affine_3267' depends on axioms: [propext, Quot.sound]
'Collatz.Research.DescentAtlas.Batch145.descent_3267' depends on axioms: [propext, Classical.choice, Quot.sound]
'Collatz.Research.DescentAtlas.Batch145.data_3269' does not depend on any axioms
'Collatz.Research.DescentAtlas.Batch145.affine_3269' depends on axioms: [propext, Quot.sound]
'Collatz.Research.DescentAtlas.Batch145.descent_3269' depends on axioms: [propext, Classical.choice, Quot.sound]
'Collatz.Research.DescentAtlas.Batch146.data_3271' does not depend on any axioms
'Collatz.Research.DescentAtlas.Batch146.affine_3271' depends on axioms: [propext, Quot.sound]
'Collatz.Research.DescentAtlas.Batch146.descent_3271' depends on axioms: [propext, Classical.choice, Quot.sound]
'Collatz.Research.DescentAtlas.Batch146.data_3273' does not depend on any axioms
'Collatz.Research.DescentAtlas.Batch146.affine_3273' depends on axioms: [propext, Quot.sound]
'Collatz.Research.DescentAtlas.Batch146.descent_3273' depends on axioms: [propext, Classical.choice, Quot.sound]
'Collatz.Research.DescentAtlas.Batch146.data_3275' does not depend on any axioms
'Collatz.Research.DescentAtlas.Batch146.affine_3275' depends on axioms: [propext, Quot.sound]
'Collatz.Research.DescentAtlas.Batch146.descent_3275' depends on axioms: [propext, Classical.choice, Quot.sound]
'Collatz.Research.DescentAtlas.Batch146.data_3277' does not depend on any axioms
'Collatz.Research.DescentAtlas.Batch146.affine_3277' depends on axioms: [propext, Quot.sound]
'Collatz.Research.DescentAtlas.Batch146.descent_3277' depends on axioms: [propext, Classical.choice, Quot.sound]
'Collatz.Research.DescentAtlas.Batch146.data_3281' does not depend on any axioms
'Collatz.Research.DescentAtlas.Batch146.affine_3281' depends on axioms: [propext, Quot.sound]
'Collatz.Research.DescentAtlas.Batch146.descent_3281' depends on axioms: [propext, Classical.choice, Quot.sound]
'Collatz.Research.DescentAtlas.Batch146.data_3283' does not depend on any axioms
'Collatz.Research.DescentAtlas.Batch146.affine_3283' depends on axioms: [propext, Quot.sound]
'Collatz.Research.DescentAtlas.Batch146.descent_3283' depends on axioms: [propext, Classical.choice, Quot.sound]
'Collatz.Research.DescentAtlas.Batch146.data_3285' does not depend on any axioms
'Collatz.Research.DescentAtlas.Batch146.affine_3285' depends on axioms: [propext, Quot.sound]
'Collatz.Research.DescentAtlas.Batch146.descent_3285' depends on axioms: [propext, Classical.choice, Quot.sound]
'Collatz.Research.DescentAtlas.Batch146.data_3287' does not depend on any axioms
'Collatz.Research.DescentAtlas.Batch146.affine_3287' depends on axioms: [propext, Quot.sound]
'Collatz.Research.DescentAtlas.Batch146.descent_3287' depends on axioms: [propext, Classical.choice, Quot.sound]
'Collatz.Research.DescentAtlas.Batch147.data_3289' does not depend on any axioms
'Collatz.Research.DescentAtlas.Batch147.affine_3289' depends on axioms: [propext, Quot.sound]
'Collatz.Research.DescentAtlas.Batch147.descent_3289' depends on axioms: [propext, Classical.choice, Quot.sound]
'Collatz.Research.DescentAtlas.Batch147.data_3291' does not depend on any axioms
'Collatz.Research.DescentAtlas.Batch147.affine_3291' depends on axioms: [propext, Quot.sound]
'Collatz.Research.DescentAtlas.Batch147.descent_3291' depends on axioms: [propext, Classical.choice, Quot.sound]
'Collatz.Research.DescentAtlas.Batch147.data_3293' does not depend on any axioms
'Collatz.Research.DescentAtlas.Batch147.affine_3293' depends on axioms: [propext, Quot.sound]
'Collatz.Research.DescentAtlas.Batch147.descent_3293' depends on axioms: [propext, Classical.choice, Quot.sound]
'Collatz.Research.DescentAtlas.Batch147.data_3295' does not depend on any axioms
'Collatz.Research.DescentAtlas.Batch147.affine_3295' depends on axioms: [propext, Quot.sound]
'Collatz.Research.DescentAtlas.Batch147.descent_3295' depends on axioms: [propext, Classical.choice, Quot.sound]
'Collatz.Research.DescentAtlas.Batch147.data_3299' does not depend on any axioms
'Collatz.Research.DescentAtlas.Batch147.affine_3299' depends on axioms: [propext, Quot.sound]
'Collatz.Research.DescentAtlas.Batch147.descent_3299' depends on axioms: [propext, Classical.choice, Quot.sound]
'Collatz.Research.DescentAtlas.Batch147.data_3301' does not depend on any axioms
'Collatz.Research.DescentAtlas.Batch147.affine_3301' depends on axioms: [propext, Quot.sound]
'Collatz.Research.DescentAtlas.Batch147.descent_3301' depends on axioms: [propext, Classical.choice, Quot.sound]
'Collatz.Research.DescentAtlas.Batch147.data_3305' does not depend on any axioms
'Collatz.Research.DescentAtlas.Batch147.affine_3305' depends on axioms: [propext, Quot.sound]
'Collatz.Research.DescentAtlas.Batch147.descent_3305' depends on axioms: [propext, Classical.choice, Quot.sound]
'Collatz.Research.DescentAtlas.Batch147.data_3309' does not depend on any axioms
'Collatz.Research.DescentAtlas.Batch147.affine_3309' depends on axioms: [propext, Quot.sound]
'Collatz.Research.DescentAtlas.Batch147.descent_3309' depends on axioms: [propext, Classical.choice, Quot.sound]
'Collatz.Research.DescentAtlas.Batch148.data_3313' does not depend on any axioms
'Collatz.Research.DescentAtlas.Batch148.affine_3313' depends on axioms: [propext, Quot.sound]
'Collatz.Research.DescentAtlas.Batch148.descent_3313' depends on axioms: [propext, Classical.choice, Quot.sound]
'Collatz.Research.DescentAtlas.Batch148.data_3315' does not depend on any axioms
'Collatz.Research.DescentAtlas.Batch148.affine_3315' depends on axioms: [propext, Quot.sound]
'Collatz.Research.DescentAtlas.Batch148.descent_3315' depends on axioms: [propext, Classical.choice, Quot.sound]
'Collatz.Research.DescentAtlas.Batch148.data_3317' does not depend on any axioms
'Collatz.Research.DescentAtlas.Batch148.affine_3317' depends on axioms: [propext, Quot.sound]
'Collatz.Research.DescentAtlas.Batch148.descent_3317' depends on axioms: [propext, Classical.choice, Quot.sound]
'Collatz.Research.DescentAtlas.Batch148.data_3319' does not depend on any axioms
'Collatz.Research.DescentAtlas.Batch148.affine_3319' depends on axioms: [propext, Quot.sound]
'Collatz.Research.DescentAtlas.Batch148.descent_3319' depends on axioms: [propext, Classical.choice, Quot.sound]
'Collatz.Research.DescentAtlas.Batch148.data_3325' does not depend on any axioms
'Collatz.Research.DescentAtlas.Batch148.affine_3325' depends on axioms: [propext, Quot.sound]
'Collatz.Research.DescentAtlas.Batch148.descent_3325' depends on axioms: [propext, Classical.choice, Quot.sound]
'Collatz.Research.DescentAtlas.Batch148.data_3329' does not depend on any axioms
'Collatz.Research.DescentAtlas.Batch148.affine_3329' depends on axioms: [propext, Quot.sound]
'Collatz.Research.DescentAtlas.Batch148.descent_3329' depends on axioms: [propext, Classical.choice, Quot.sound]
'Collatz.Research.DescentAtlas.Batch148.data_3333' does not depend on any axioms
'Collatz.Research.DescentAtlas.Batch148.affine_3333' depends on axioms: [propext, Quot.sound]
'Collatz.Research.DescentAtlas.Batch148.descent_3333' depends on axioms: [propext, Classical.choice, Quot.sound]
'Collatz.Research.DescentAtlas.Batch148.data_3339' does not depend on any axioms
'Collatz.Research.DescentAtlas.Batch148.affine_3339' depends on axioms: [propext, Quot.sound]
'Collatz.Research.DescentAtlas.Batch148.descent_3339' depends on axioms: [propext, Classical.choice, Quot.sound]
'Collatz.Research.DescentAtlas.Batch149.data_3341' does not depend on any axioms
'Collatz.Research.DescentAtlas.Batch149.affine_3341' depends on axioms: [propext, Quot.sound]
'Collatz.Research.DescentAtlas.Batch149.descent_3341' depends on axioms: [propext, Classical.choice, Quot.sound]
'Collatz.Research.DescentAtlas.Batch149.data_3343' does not depend on any axioms
'Collatz.Research.DescentAtlas.Batch149.affine_3343' depends on axioms: [propext, Quot.sound]
'Collatz.Research.DescentAtlas.Batch149.descent_3343' depends on axioms: [propext, Classical.choice, Quot.sound]
'Collatz.Research.DescentAtlas.Batch149.data_3345' does not depend on any axioms
'Collatz.Research.DescentAtlas.Batch149.affine_3345' depends on axioms: [propext, Quot.sound]
'Collatz.Research.DescentAtlas.Batch149.descent_3345' depends on axioms: [propext, Classical.choice, Quot.sound]
'Collatz.Research.DescentAtlas.Batch149.data_3349' does not depend on any axioms
'Collatz.Research.DescentAtlas.Batch149.affine_3349' depends on axioms: [propext, Quot.sound]
'Collatz.Research.DescentAtlas.Batch149.descent_3349' depends on axioms: [propext, Classical.choice, Quot.sound]
'Collatz.Research.DescentAtlas.Batch149.data_3351' does not depend on any axioms
'Collatz.Research.DescentAtlas.Batch149.affine_3351' depends on axioms: [propext, Quot.sound]
'Collatz.Research.DescentAtlas.Batch149.descent_3351' depends on axioms: [propext, Classical.choice, Quot.sound]
'Collatz.Research.DescentAtlas.Batch149.data_3353' does not depend on any axioms
'Collatz.Research.DescentAtlas.Batch149.affine_3353' depends on axioms: [propext, Quot.sound]
'Collatz.Research.DescentAtlas.Batch149.descent_3353' depends on axioms: [propext, Classical.choice, Quot.sound]
'Collatz.Research.DescentAtlas.Batch149.data_3359' does not depend on any axioms
'Collatz.Research.DescentAtlas.Batch149.affine_3359' depends on axioms: [propext, Quot.sound]
'Collatz.Research.DescentAtlas.Batch149.descent_3359' depends on axioms: [propext, Classical.choice, Quot.sound]
'Collatz.Research.DescentAtlas.Batch149.data_3361' does not depend on any axioms
'Collatz.Research.DescentAtlas.Batch149.affine_3361' depends on axioms: [propext, Quot.sound]
'Collatz.Research.DescentAtlas.Batch149.descent_3361' depends on axioms: [propext, Classical.choice, Quot.sound]
'Collatz.Research.DescentAtlas.Batch150.data_3363' does not depend on any axioms
'Collatz.Research.DescentAtlas.Batch150.affine_3363' depends on axioms: [propext, Quot.sound]
'Collatz.Research.DescentAtlas.Batch150.descent_3363' depends on axioms: [propext, Classical.choice, Quot.sound]
'Collatz.Research.DescentAtlas.Batch150.data_3365' does not depend on any axioms
'Collatz.Research.DescentAtlas.Batch150.affine_3365' depends on axioms: [propext, Quot.sound]
'Collatz.Research.DescentAtlas.Batch150.descent_3365' depends on axioms: [propext, Classical.choice, Quot.sound]
'Collatz.Research.DescentAtlas.Batch150.data_3371' does not depend on any axioms
'Collatz.Research.DescentAtlas.Batch150.affine_3371' depends on axioms: [propext, Quot.sound]
'Collatz.Research.DescentAtlas.Batch150.descent_3371' depends on axioms: [propext, Classical.choice, Quot.sound]
'Collatz.Research.DescentAtlas.Batch150.data_3373' does not depend on any axioms
'Collatz.Research.DescentAtlas.Batch150.affine_3373' depends on axioms: [propext, Quot.sound]
'Collatz.Research.DescentAtlas.Batch150.descent_3373' depends on axioms: [propext, Classical.choice, Quot.sound]
'Collatz.Research.DescentAtlas.Batch150.data_3377' does not depend on any axioms
'Collatz.Research.DescentAtlas.Batch150.affine_3377' depends on axioms: [propext, Quot.sound]
'Collatz.Research.DescentAtlas.Batch150.descent_3377' depends on axioms: [propext, Classical.choice, Quot.sound]
'Collatz.Research.DescentAtlas.Batch150.data_3379' does not depend on any axioms
'Collatz.Research.DescentAtlas.Batch150.affine_3379' depends on axioms: [propext, Quot.sound]
'Collatz.Research.DescentAtlas.Batch150.descent_3379' depends on axioms: [propext, Classical.choice, Quot.sound]
'Collatz.Research.DescentAtlas.Batch150.data_3381' does not depend on any axioms
'Collatz.Research.DescentAtlas.Batch150.affine_3381' depends on axioms: [propext, Quot.sound]
'Collatz.Research.DescentAtlas.Batch150.descent_3381' depends on axioms: [propext, Classical.choice, Quot.sound]
'Collatz.Research.DescentAtlas.Batch150.data_3387' does not depend on any axioms
'Collatz.Research.DescentAtlas.Batch150.affine_3387' depends on axioms: [propext, Quot.sound]
'Collatz.Research.DescentAtlas.Batch150.descent_3387' depends on axioms: [propext, Classical.choice, Quot.sound]
'Collatz.Research.DescentAtlas.Batch151.data_3389' does not depend on any axioms
'Collatz.Research.DescentAtlas.Batch151.affine_3389' depends on axioms: [propext, Quot.sound]
'Collatz.Research.DescentAtlas.Batch151.descent_3389' depends on axioms: [propext, Classical.choice, Quot.sound]
'Collatz.Research.DescentAtlas.Batch151.data_3393' does not depend on any axioms
'Collatz.Research.DescentAtlas.Batch151.affine_3393' depends on axioms: [propext, Quot.sound]
'Collatz.Research.DescentAtlas.Batch151.descent_3393' depends on axioms: [propext, Classical.choice, Quot.sound]
'Collatz.Research.DescentAtlas.Batch151.data_3395' does not depend on any axioms
'Collatz.Research.DescentAtlas.Batch151.affine_3395' depends on axioms: [propext, Quot.sound]
'Collatz.Research.DescentAtlas.Batch151.descent_3395' depends on axioms: [propext, Classical.choice, Quot.sound]
'Collatz.Research.DescentAtlas.Batch151.data_3397' does not depend on any axioms
'Collatz.Research.DescentAtlas.Batch151.affine_3397' depends on axioms: [propext, Quot.sound]
'Collatz.Research.DescentAtlas.Batch151.descent_3397' depends on axioms: [propext, Classical.choice, Quot.sound]
'Collatz.Research.DescentAtlas.Batch151.data_3403' does not depend on any axioms
'Collatz.Research.DescentAtlas.Batch151.affine_3403' depends on axioms: [propext, Quot.sound]
'Collatz.Research.DescentAtlas.Batch151.descent_3403' depends on axioms: [propext, Classical.choice, Quot.sound]
'Collatz.Research.DescentAtlas.Batch151.data_3405' does not depend on any axioms
'Collatz.Research.DescentAtlas.Batch151.affine_3405' depends on axioms: [propext, Quot.sound]
'Collatz.Research.DescentAtlas.Batch151.descent_3405' depends on axioms: [propext, Classical.choice, Quot.sound]
'Collatz.Research.DescentAtlas.Batch151.data_3407' does not depend on any axioms
'Collatz.Research.DescentAtlas.Batch151.affine_3407' depends on axioms: [propext, Quot.sound]
'Collatz.Research.DescentAtlas.Batch151.descent_3407' depends on axioms: [propext, Classical.choice, Quot.sound]
'Collatz.Research.DescentAtlas.Batch151.data_3413' does not depend on any axioms
'Collatz.Research.DescentAtlas.Batch151.affine_3413' depends on axioms: [propext, Quot.sound]
'Collatz.Research.DescentAtlas.Batch151.descent_3413' depends on axioms: [propext, Classical.choice, Quot.sound]
'Collatz.Research.DescentAtlas.Batch152.data_3415' does not depend on any axioms
'Collatz.Research.DescentAtlas.Batch152.affine_3415' depends on axioms: [propext, Quot.sound]
'Collatz.Research.DescentAtlas.Batch152.descent_3415' depends on axioms: [propext, Classical.choice, Quot.sound]
'Collatz.Research.DescentAtlas.Batch152.data_3417' does not depend on any axioms
'Collatz.Research.DescentAtlas.Batch152.affine_3417' depends on axioms: [propext, Quot.sound]
'Collatz.Research.DescentAtlas.Batch152.descent_3417' depends on axioms: [propext, Classical.choice, Quot.sound]
'Collatz.Research.DescentAtlas.Batch152.data_3419' does not depend on any axioms
'Collatz.Research.DescentAtlas.Batch152.affine_3419' depends on axioms: [propext, Quot.sound]
'Collatz.Research.DescentAtlas.Batch152.descent_3419' depends on axioms: [propext, Classical.choice, Quot.sound]
'Collatz.Research.DescentAtlas.Batch152.data_3421' does not depend on any axioms
'Collatz.Research.DescentAtlas.Batch152.affine_3421' depends on axioms: [propext, Quot.sound]
'Collatz.Research.DescentAtlas.Batch152.descent_3421' depends on axioms: [propext, Classical.choice, Quot.sound]
'Collatz.Research.DescentAtlas.Batch152.data_3423' does not depend on any axioms
'Collatz.Research.DescentAtlas.Batch152.affine_3423' depends on axioms: [propext, Quot.sound]
'Collatz.Research.DescentAtlas.Batch152.descent_3423' depends on axioms: [propext, Classical.choice, Quot.sound]
'Collatz.Research.DescentAtlas.Batch152.data_3425' does not depend on any axioms
'Collatz.Research.DescentAtlas.Batch152.affine_3425' depends on axioms: [propext, Quot.sound]
'Collatz.Research.DescentAtlas.Batch152.descent_3425' depends on axioms: [propext, Classical.choice, Quot.sound]
'Collatz.Research.DescentAtlas.Batch152.data_3427' does not depend on any axioms
'Collatz.Research.DescentAtlas.Batch152.affine_3427' depends on axioms: [propext, Quot.sound]
'Collatz.Research.DescentAtlas.Batch152.descent_3427' depends on axioms: [propext, Classical.choice, Quot.sound]
'Collatz.Research.DescentAtlas.Batch152.data_3429' does not depend on any axioms
'Collatz.Research.DescentAtlas.Batch152.affine_3429' depends on axioms: [propext, Quot.sound]
'Collatz.Research.DescentAtlas.Batch152.descent_3429' depends on axioms: [propext, Classical.choice, Quot.sound]
'Collatz.Research.DescentAtlas.Batch153.data_3437' does not depend on any axioms
'Collatz.Research.DescentAtlas.Batch153.affine_3437' depends on axioms: [propext, Quot.sound]
'Collatz.Research.DescentAtlas.Batch153.descent_3437' depends on axioms: [propext, Classical.choice, Quot.sound]
'Collatz.Research.DescentAtlas.Batch153.data_3439' does not depend on any axioms
'Collatz.Research.DescentAtlas.Batch153.affine_3439' depends on axioms: [propext, Quot.sound]
'Collatz.Research.DescentAtlas.Batch153.descent_3439' depends on axioms: [propext, Classical.choice, Quot.sound]
'Collatz.Research.DescentAtlas.Batch153.data_3441' does not depend on any axioms
'Collatz.Research.DescentAtlas.Batch153.affine_3441' depends on axioms: [propext, Quot.sound]
'Collatz.Research.DescentAtlas.Batch153.descent_3441' depends on axioms: [propext, Classical.choice, Quot.sound]
'Collatz.Research.DescentAtlas.Batch153.data_3443' does not depend on any axioms
'Collatz.Research.DescentAtlas.Batch153.affine_3443' depends on axioms: [propext, Quot.sound]
'Collatz.Research.DescentAtlas.Batch153.descent_3443' depends on axioms: [propext, Classical.choice, Quot.sound]
'Collatz.Research.DescentAtlas.Batch153.data_3445' does not depend on any axioms
'Collatz.Research.DescentAtlas.Batch153.affine_3445' depends on axioms: [propext, Quot.sound]
'Collatz.Research.DescentAtlas.Batch153.descent_3445' depends on axioms: [propext, Classical.choice, Quot.sound]
'Collatz.Research.DescentAtlas.Batch153.data_3447' does not depend on any axioms
'Collatz.Research.DescentAtlas.Batch153.affine_3447' depends on axioms: [propext, Quot.sound]
'Collatz.Research.DescentAtlas.Batch153.descent_3447' depends on axioms: [propext, Classical.choice, Quot.sound]
'Collatz.Research.DescentAtlas.Batch153.data_3449' does not depend on any axioms
'Collatz.Research.DescentAtlas.Batch153.affine_3449' depends on axioms: [propext, Quot.sound]
'Collatz.Research.DescentAtlas.Batch153.descent_3449' depends on axioms: [propext, Classical.choice, Quot.sound]
'Collatz.Research.DescentAtlas.Batch153.data_3451' does not depend on any axioms
'Collatz.Research.DescentAtlas.Batch153.affine_3451' depends on axioms: [propext, Quot.sound]
'Collatz.Research.DescentAtlas.Batch153.descent_3451' depends on axioms: [propext, Classical.choice, Quot.sound]
'Collatz.Research.DescentAtlas.Batch154.data_3453' does not depend on any axioms
'Collatz.Research.DescentAtlas.Batch154.affine_3453' depends on axioms: [propext, Quot.sound]
'Collatz.Research.DescentAtlas.Batch154.descent_3453' depends on axioms: [propext, Classical.choice, Quot.sound]
'Collatz.Research.DescentAtlas.Batch154.data_3455' does not depend on any axioms
'Collatz.Research.DescentAtlas.Batch154.affine_3455' depends on axioms: [propext, Quot.sound]
'Collatz.Research.DescentAtlas.Batch154.descent_3455' depends on axioms: [propext, Classical.choice, Quot.sound]
'Collatz.Research.DescentAtlas.Batch154.data_3457' does not depend on any axioms
'Collatz.Research.DescentAtlas.Batch154.affine_3457' depends on axioms: [propext, Quot.sound]
'Collatz.Research.DescentAtlas.Batch154.descent_3457' depends on axioms: [propext, Classical.choice, Quot.sound]
'Collatz.Research.DescentAtlas.Batch154.data_3459' does not depend on any axioms
'Collatz.Research.DescentAtlas.Batch154.affine_3459' depends on axioms: [propext, Quot.sound]
'Collatz.Research.DescentAtlas.Batch154.descent_3459' depends on axioms: [propext, Classical.choice, Quot.sound]
'Collatz.Research.DescentAtlas.Batch154.data_3461' does not depend on any axioms
'Collatz.Research.DescentAtlas.Batch154.affine_3461' depends on axioms: [propext, Quot.sound]
'Collatz.Research.DescentAtlas.Batch154.descent_3461' depends on axioms: [propext, Classical.choice, Quot.sound]
'Collatz.Research.DescentAtlas.Batch154.data_3463' does not depend on any axioms
'Collatz.Research.DescentAtlas.Batch154.affine_3463' depends on axioms: [propext, Quot.sound]
'Collatz.Research.DescentAtlas.Batch154.descent_3463' depends on axioms: [propext, Classical.choice, Quot.sound]
'Collatz.Research.DescentAtlas.Batch154.data_3465' does not depend on any axioms
'Collatz.Research.DescentAtlas.Batch154.affine_3465' depends on axioms: [propext, Quot.sound]
'Collatz.Research.DescentAtlas.Batch154.descent_3465' depends on axioms: [propext, Classical.choice, Quot.sound]
'Collatz.Research.DescentAtlas.Batch154.data_3467' does not depend on any axioms
'Collatz.Research.DescentAtlas.Batch154.affine_3467' depends on axioms: [propext, Quot.sound]
'Collatz.Research.DescentAtlas.Batch154.descent_3467' depends on axioms: [propext, Classical.choice, Quot.sound]
'Collatz.Research.DescentAtlas.Batch155.data_3469' does not depend on any axioms
'Collatz.Research.DescentAtlas.Batch155.affine_3469' depends on axioms: [propext, Quot.sound]
'Collatz.Research.DescentAtlas.Batch155.descent_3469' depends on axioms: [propext, Classical.choice, Quot.sound]
'Collatz.Research.DescentAtlas.Batch155.data_3471' does not depend on any axioms
'Collatz.Research.DescentAtlas.Batch155.affine_3471' depends on axioms: [propext, Quot.sound]
'Collatz.Research.DescentAtlas.Batch155.descent_3471' depends on axioms: [propext, Classical.choice, Quot.sound]
'Collatz.Research.DescentAtlas.Batch155.data_3473' does not depend on any axioms
'Collatz.Research.DescentAtlas.Batch155.affine_3473' depends on axioms: [propext, Quot.sound]
'Collatz.Research.DescentAtlas.Batch155.descent_3473' depends on axioms: [propext, Classical.choice, Quot.sound]
'Collatz.Research.DescentAtlas.Batch155.data_3475' does not depend on any axioms
'Collatz.Research.DescentAtlas.Batch155.affine_3475' depends on axioms: [propext, Quot.sound]
'Collatz.Research.DescentAtlas.Batch155.descent_3475' depends on axioms: [propext, Classical.choice, Quot.sound]
'Collatz.Research.DescentAtlas.Batch155.data_3477' does not depend on any axioms
'Collatz.Research.DescentAtlas.Batch155.affine_3477' depends on axioms: [propext, Quot.sound]
'Collatz.Research.DescentAtlas.Batch155.descent_3477' depends on axioms: [propext, Classical.choice, Quot.sound]
'Collatz.Research.DescentAtlas.Batch155.data_3479' does not depend on any axioms
'Collatz.Research.DescentAtlas.Batch155.affine_3479' depends on axioms: [propext, Quot.sound]
'Collatz.Research.DescentAtlas.Batch155.descent_3479' depends on axioms: [propext, Classical.choice, Quot.sound]
'Collatz.Research.DescentAtlas.Batch155.data_3481' does not depend on any axioms
'Collatz.Research.DescentAtlas.Batch155.affine_3481' depends on axioms: [propext, Quot.sound]
'Collatz.Research.DescentAtlas.Batch155.descent_3481' depends on axioms: [propext, Classical.choice, Quot.sound]
'Collatz.Research.DescentAtlas.Batch155.data_3489' does not depend on any axioms
'Collatz.Research.DescentAtlas.Batch155.affine_3489' depends on axioms: [propext, Quot.sound]
'Collatz.Research.DescentAtlas.Batch155.descent_3489' depends on axioms: [propext, Classical.choice, Quot.sound]
'Collatz.Research.DescentAtlas.Batch156.data_3491' does not depend on any axioms
'Collatz.Research.DescentAtlas.Batch156.affine_3491' depends on axioms: [propext, Quot.sound]
'Collatz.Research.DescentAtlas.Batch156.descent_3491' depends on axioms: [propext, Classical.choice, Quot.sound]
'Collatz.Research.DescentAtlas.Batch156.data_3493' does not depend on any axioms
'Collatz.Research.DescentAtlas.Batch156.affine_3493' depends on axioms: [propext, Quot.sound]
'Collatz.Research.DescentAtlas.Batch156.descent_3493' depends on axioms: [propext, Classical.choice, Quot.sound]
'Collatz.Research.DescentAtlas.Batch156.data_3497' does not depend on any axioms
'Collatz.Research.DescentAtlas.Batch156.affine_3497' depends on axioms: [propext, Quot.sound]
'Collatz.Research.DescentAtlas.Batch156.descent_3497' depends on axioms: [propext, Classical.choice, Quot.sound]
'Collatz.Research.DescentAtlas.Batch156.data_3501' does not depend on any axioms
'Collatz.Research.DescentAtlas.Batch156.affine_3501' depends on axioms: [propext, Quot.sound]
'Collatz.Research.DescentAtlas.Batch156.descent_3501' depends on axioms: [propext, Classical.choice, Quot.sound]
'Collatz.Research.DescentAtlas.Batch156.data_3505' does not depend on any axioms
'Collatz.Research.DescentAtlas.Batch156.affine_3505' depends on axioms: [propext, Quot.sound]
'Collatz.Research.DescentAtlas.Batch156.descent_3505' depends on axioms: [propext, Classical.choice, Quot.sound]
'Collatz.Research.DescentAtlas.Batch156.data_3507' does not depend on any axioms
'Collatz.Research.DescentAtlas.Batch156.affine_3507' depends on axioms: [propext, Quot.sound]
'Collatz.Research.DescentAtlas.Batch156.descent_3507' depends on axioms: [propext, Classical.choice, Quot.sound]
'Collatz.Research.DescentAtlas.Batch156.data_3509' does not depend on any axioms
'Collatz.Research.DescentAtlas.Batch156.affine_3509' depends on axioms: [propext, Quot.sound]
'Collatz.Research.DescentAtlas.Batch156.descent_3509' depends on axioms: [propext, Classical.choice, Quot.sound]
'Collatz.Research.DescentAtlas.Batch156.data_3511' does not depend on any axioms
'Collatz.Research.DescentAtlas.Batch156.affine_3511' depends on axioms: [propext, Quot.sound]
'Collatz.Research.DescentAtlas.Batch156.descent_3511' depends on axioms: [propext, Classical.choice, Quot.sound]
'Collatz.Research.DescentAtlas.Batch157.data_3513' does not depend on any axioms
'Collatz.Research.DescentAtlas.Batch157.affine_3513' depends on axioms: [propext, Quot.sound]
'Collatz.Research.DescentAtlas.Batch157.descent_3513' depends on axioms: [propext, Classical.choice, Quot.sound]
'Collatz.Research.DescentAtlas.Batch157.data_3515' does not depend on any axioms
'Collatz.Research.DescentAtlas.Batch157.affine_3515' depends on axioms: [propext, Quot.sound]
'Collatz.Research.DescentAtlas.Batch157.descent_3515' depends on axioms: [propext, Classical.choice, Quot.sound]
'Collatz.Research.DescentAtlas.Batch157.data_3517' does not depend on any axioms
'Collatz.Research.DescentAtlas.Batch157.affine_3517' depends on axioms: [propext, Quot.sound]
'Collatz.Research.DescentAtlas.Batch157.descent_3517' depends on axioms: [propext, Classical.choice, Quot.sound]
'Collatz.Research.DescentAtlas.Batch157.data_3525' does not depend on any axioms
'Collatz.Research.DescentAtlas.Batch157.affine_3525' depends on axioms: [propext, Quot.sound]
'Collatz.Research.DescentAtlas.Batch157.descent_3525' depends on axioms: [propext, Classical.choice, Quot.sound]
'Collatz.Research.DescentAtlas.Batch157.data_3527' does not depend on any axioms
'Collatz.Research.DescentAtlas.Batch157.affine_3527' depends on axioms: [propext, Quot.sound]
'Collatz.Research.DescentAtlas.Batch157.descent_3527' depends on axioms: [propext, Classical.choice, Quot.sound]
'Collatz.Research.DescentAtlas.Batch157.data_3529' does not depend on any axioms
'Collatz.Research.DescentAtlas.Batch157.affine_3529' depends on axioms: [propext, Quot.sound]
'Collatz.Research.DescentAtlas.Batch157.descent_3529' depends on axioms: [propext, Classical.choice, Quot.sound]
'Collatz.Research.DescentAtlas.Batch157.data_3531' does not depend on any axioms
'Collatz.Research.DescentAtlas.Batch157.affine_3531' depends on axioms: [propext, Quot.sound]
'Collatz.Research.DescentAtlas.Batch157.descent_3531' depends on axioms: [propext, Classical.choice, Quot.sound]
'Collatz.Research.DescentAtlas.Batch157.data_3533' does not depend on any axioms
'Collatz.Research.DescentAtlas.Batch157.affine_3533' depends on axioms: [propext, Quot.sound]
'Collatz.Research.DescentAtlas.Batch157.descent_3533' depends on axioms: [propext, Classical.choice, Quot.sound]
'Collatz.Research.DescentAtlas.Batch158.data_3537' does not depend on any axioms
'Collatz.Research.DescentAtlas.Batch158.affine_3537' depends on axioms: [propext, Quot.sound]
'Collatz.Research.DescentAtlas.Batch158.descent_3537' depends on axioms: [propext, Classical.choice, Quot.sound]
'Collatz.Research.DescentAtlas.Batch158.data_3541' does not depend on any axioms
'Collatz.Research.DescentAtlas.Batch158.affine_3541' depends on axioms: [propext, Quot.sound]
'Collatz.Research.DescentAtlas.Batch158.descent_3541' depends on axioms: [propext, Classical.choice, Quot.sound]
'Collatz.Research.DescentAtlas.Batch158.data_3543' does not depend on any axioms
'Collatz.Research.DescentAtlas.Batch158.affine_3543' depends on axioms: [propext, Quot.sound]
'Collatz.Research.DescentAtlas.Batch158.descent_3543' depends on axioms: [propext, Classical.choice, Quot.sound]
'Collatz.Research.DescentAtlas.Batch158.data_3545' does not depend on any axioms
'Collatz.Research.DescentAtlas.Batch158.affine_3545' depends on axioms: [propext, Quot.sound]
'Collatz.Research.DescentAtlas.Batch158.descent_3545' depends on axioms: [propext, Classical.choice, Quot.sound]
'Collatz.Research.DescentAtlas.Batch158.data_3547' does not depend on any axioms
'Collatz.Research.DescentAtlas.Batch158.affine_3547' depends on axioms: [propext, Quot.sound]
'Collatz.Research.DescentAtlas.Batch158.descent_3547' depends on axioms: [propext, Classical.choice, Quot.sound]
'Collatz.Research.DescentAtlas.Batch158.data_3549' does not depend on any axioms
'Collatz.Research.DescentAtlas.Batch158.affine_3549' depends on axioms: [propext, Quot.sound]
'Collatz.Research.DescentAtlas.Batch158.descent_3549' depends on axioms: [propext, Classical.choice, Quot.sound]
'Collatz.Research.DescentAtlas.Batch158.data_3553' does not depend on any axioms
'Collatz.Research.DescentAtlas.Batch158.affine_3553' depends on axioms: [propext, Quot.sound]
'Collatz.Research.DescentAtlas.Batch158.descent_3553' depends on axioms: [propext, Classical.choice, Quot.sound]
'Collatz.Research.DescentAtlas.Batch158.data_3555' does not depend on any axioms
'Collatz.Research.DescentAtlas.Batch158.affine_3555' depends on axioms: [propext, Quot.sound]
'Collatz.Research.DescentAtlas.Batch158.descent_3555' depends on axioms: [propext, Classical.choice, Quot.sound]
'Collatz.Research.DescentAtlas.Batch159.data_3559' does not depend on any axioms
'Collatz.Research.DescentAtlas.Batch159.affine_3559' depends on axioms: [propext, Quot.sound]
'Collatz.Research.DescentAtlas.Batch159.descent_3559' depends on axioms: [propext, Classical.choice, Quot.sound]
'Collatz.Research.DescentAtlas.Batch159.data_3569' does not depend on any axioms
'Collatz.Research.DescentAtlas.Batch159.affine_3569' depends on axioms: [propext, Quot.sound]
'Collatz.Research.DescentAtlas.Batch159.descent_3569' depends on axioms: [propext, Classical.choice, Quot.sound]
'Collatz.Research.DescentAtlas.Batch159.data_3571' does not depend on any axioms
'Collatz.Research.DescentAtlas.Batch159.affine_3571' depends on axioms: [propext, Quot.sound]
'Collatz.Research.DescentAtlas.Batch159.descent_3571' depends on axioms: [propext, Classical.choice, Quot.sound]
'Collatz.Research.DescentAtlas.Batch159.data_3573' does not depend on any axioms
'Collatz.Research.DescentAtlas.Batch159.affine_3573' depends on axioms: [propext, Quot.sound]
'Collatz.Research.DescentAtlas.Batch159.descent_3573' depends on axioms: [propext, Classical.choice, Quot.sound]
'Collatz.Research.DescentAtlas.Batch159.data_3575' does not depend on any axioms
'Collatz.Research.DescentAtlas.Batch159.affine_3575' depends on axioms: [propext, Quot.sound]
'Collatz.Research.DescentAtlas.Batch159.descent_3575' depends on axioms: [propext, Classical.choice, Quot.sound]
'Collatz.Research.DescentAtlas.Batch159.data_3577' does not depend on any axioms
'Collatz.Research.DescentAtlas.Batch159.affine_3577' depends on axioms: [propext, Quot.sound]
'Collatz.Research.DescentAtlas.Batch159.descent_3577' depends on axioms: [propext, Classical.choice, Quot.sound]
'Collatz.Research.DescentAtlas.Batch159.data_3579' does not depend on any axioms
'Collatz.Research.DescentAtlas.Batch159.affine_3579' depends on axioms: [propext, Quot.sound]
'Collatz.Research.DescentAtlas.Batch159.descent_3579' depends on axioms: [propext, Classical.choice, Quot.sound]
'Collatz.Research.DescentAtlas.Batch159.data_3587' does not depend on any axioms
'Collatz.Research.DescentAtlas.Batch159.affine_3587' depends on axioms: [propext, Quot.sound]
'Collatz.Research.DescentAtlas.Batch159.descent_3587' depends on axioms: [propext, Classical.choice, Quot.sound]
'Collatz.Research.DescentAtlas.Batch160.data_3589' does not depend on any axioms
'Collatz.Research.DescentAtlas.Batch160.affine_3589' depends on axioms: [propext, Quot.sound]
'Collatz.Research.DescentAtlas.Batch160.descent_3589' depends on axioms: [propext, Classical.choice, Quot.sound]
'Collatz.Research.DescentAtlas.Batch160.data_3593' does not depend on any axioms
'Collatz.Research.DescentAtlas.Batch160.affine_3593' depends on axioms: [propext, Quot.sound]
'Collatz.Research.DescentAtlas.Batch160.descent_3593' depends on axioms: [propext, Classical.choice, Quot.sound]
'Collatz.Research.DescentAtlas.Batch160.data_3595' does not depend on any axioms
'Collatz.Research.DescentAtlas.Batch160.affine_3595' depends on axioms: [propext, Quot.sound]
'Collatz.Research.DescentAtlas.Batch160.descent_3595' depends on axioms: [propext, Classical.choice, Quot.sound]
'Collatz.Research.DescentAtlas.Batch160.data_3597' does not depend on any axioms
'Collatz.Research.DescentAtlas.Batch160.affine_3597' depends on axioms: [propext, Quot.sound]
'Collatz.Research.DescentAtlas.Batch160.descent_3597' depends on axioms: [propext, Classical.choice, Quot.sound]
'Collatz.Research.DescentAtlas.Batch160.data_3599' does not depend on any axioms
'Collatz.Research.DescentAtlas.Batch160.affine_3599' depends on axioms: [propext, Quot.sound]
'Collatz.Research.DescentAtlas.Batch160.descent_3599' depends on axioms: [propext, Classical.choice, Quot.sound]
'Collatz.Research.DescentAtlas.Batch160.data_3601' does not depend on any axioms
'Collatz.Research.DescentAtlas.Batch160.affine_3601' depends on axioms: [propext, Quot.sound]
'Collatz.Research.DescentAtlas.Batch160.descent_3601' depends on axioms: [propext, Classical.choice, Quot.sound]
'Collatz.Research.DescentAtlas.Batch160.data_3605' does not depend on any axioms
'Collatz.Research.DescentAtlas.Batch160.affine_3605' depends on axioms: [propext, Quot.sound]
'Collatz.Research.DescentAtlas.Batch160.descent_3605' depends on axioms: [propext, Classical.choice, Quot.sound]
'Collatz.Research.DescentAtlas.Batch160.data_3607' does not depend on any axioms
'Collatz.Research.DescentAtlas.Batch160.affine_3607' depends on axioms: [propext, Quot.sound]
'Collatz.Research.DescentAtlas.Batch160.descent_3607' depends on axioms: [propext, Classical.choice, Quot.sound]
'Collatz.Research.DescentAtlas.Batch161.data_3609' does not depend on any axioms
'Collatz.Research.DescentAtlas.Batch161.affine_3609' depends on axioms: [propext, Quot.sound]
'Collatz.Research.DescentAtlas.Batch161.descent_3609' depends on axioms: [propext, Classical.choice, Quot.sound]
'Collatz.Research.DescentAtlas.Batch161.data_3613' does not depend on any axioms
'Collatz.Research.DescentAtlas.Batch161.affine_3613' depends on axioms: [propext, Quot.sound]
'Collatz.Research.DescentAtlas.Batch161.descent_3613' depends on axioms: [propext, Classical.choice, Quot.sound]
'Collatz.Research.DescentAtlas.Batch161.data_3617' does not depend on any axioms
'Collatz.Research.DescentAtlas.Batch161.affine_3617' depends on axioms: [propext, Quot.sound]
'Collatz.Research.DescentAtlas.Batch161.descent_3617' depends on axioms: [propext, Classical.choice, Quot.sound]
'Collatz.Research.DescentAtlas.Batch161.data_3619' does not depend on any axioms
'Collatz.Research.DescentAtlas.Batch161.affine_3619' depends on axioms: [propext, Quot.sound]
'Collatz.Research.DescentAtlas.Batch161.descent_3619' depends on axioms: [propext, Classical.choice, Quot.sound]
'Collatz.Research.DescentAtlas.Batch161.data_3621' does not depend on any axioms
'Collatz.Research.DescentAtlas.Batch161.affine_3621' depends on axioms: [propext, Quot.sound]
'Collatz.Research.DescentAtlas.Batch161.descent_3621' depends on axioms: [propext, Classical.choice, Quot.sound]
'Collatz.Research.DescentAtlas.Batch161.data_3623' does not depend on any axioms
'Collatz.Research.DescentAtlas.Batch161.affine_3623' depends on axioms: [propext, Quot.sound]
'Collatz.Research.DescentAtlas.Batch161.descent_3623' depends on axioms: [propext, Classical.choice, Quot.sound]
'Collatz.Research.DescentAtlas.Batch161.data_3627' does not depend on any axioms
'Collatz.Research.DescentAtlas.Batch161.affine_3627' depends on axioms: [propext, Quot.sound]
'Collatz.Research.DescentAtlas.Batch161.descent_3627' depends on axioms: [propext, Classical.choice, Quot.sound]
'Collatz.Research.DescentAtlas.Batch161.data_3637' does not depend on any axioms
'Collatz.Research.DescentAtlas.Batch161.affine_3637' depends on axioms: [propext, Quot.sound]
'Collatz.Research.DescentAtlas.Batch161.descent_3637' depends on axioms: [propext, Classical.choice, Quot.sound]
'Collatz.Research.DescentAtlas.Batch162.data_3641' does not depend on any axioms
'Collatz.Research.DescentAtlas.Batch162.affine_3641' depends on axioms: [propext, Quot.sound]
'Collatz.Research.DescentAtlas.Batch162.descent_3641' depends on axioms: [propext, Classical.choice, Quot.sound]
'Collatz.Research.DescentAtlas.Batch162.data_3643' does not depend on any axioms
'Collatz.Research.DescentAtlas.Batch162.affine_3643' depends on axioms: [propext, Quot.sound]
'Collatz.Research.DescentAtlas.Batch162.descent_3643' depends on axioms: [propext, Classical.choice, Quot.sound]
'Collatz.Research.DescentAtlas.Batch162.data_3645' does not depend on any axioms
'Collatz.Research.DescentAtlas.Batch162.affine_3645' depends on axioms: [propext, Quot.sound]
'Collatz.Research.DescentAtlas.Batch162.descent_3645' depends on axioms: [propext, Classical.choice, Quot.sound]
'Collatz.Research.DescentAtlas.Batch162.data_3647' does not depend on any axioms
'Collatz.Research.DescentAtlas.Batch162.affine_3647' depends on axioms: [propext, Quot.sound]
'Collatz.Research.DescentAtlas.Batch162.descent_3647' depends on axioms: [propext, Classical.choice, Quot.sound]
'Collatz.Research.DescentAtlas.Batch162.data_3649' does not depend on any axioms
'Collatz.Research.DescentAtlas.Batch162.affine_3649' depends on axioms: [propext, Quot.sound]
'Collatz.Research.DescentAtlas.Batch162.descent_3649' depends on axioms: [propext, Classical.choice, Quot.sound]
'Collatz.Research.DescentAtlas.Batch162.data_3651' does not depend on any axioms
'Collatz.Research.DescentAtlas.Batch162.affine_3651' depends on axioms: [propext, Quot.sound]
'Collatz.Research.DescentAtlas.Batch162.descent_3651' depends on axioms: [propext, Classical.choice, Quot.sound]
'Collatz.Research.DescentAtlas.Batch162.data_3653' does not depend on any axioms
'Collatz.Research.DescentAtlas.Batch162.affine_3653' depends on axioms: [propext, Quot.sound]
'Collatz.Research.DescentAtlas.Batch162.descent_3653' depends on axioms: [propext, Classical.choice, Quot.sound]
'Collatz.Research.DescentAtlas.Batch162.data_3657' does not depend on any axioms
'Collatz.Research.DescentAtlas.Batch162.affine_3657' depends on axioms: [propext, Quot.sound]
'Collatz.Research.DescentAtlas.Batch162.descent_3657' depends on axioms: [propext, Classical.choice, Quot.sound]
'Collatz.Research.DescentAtlas.Batch163.data_3659' does not depend on any axioms
'Collatz.Research.DescentAtlas.Batch163.affine_3659' depends on axioms: [propext, Quot.sound]
'Collatz.Research.DescentAtlas.Batch163.descent_3659' depends on axioms: [propext, Classical.choice, Quot.sound]
'Collatz.Research.DescentAtlas.Batch163.data_3661' does not depend on any axioms
'Collatz.Research.DescentAtlas.Batch163.affine_3661' depends on axioms: [propext, Quot.sound]
'Collatz.Research.DescentAtlas.Batch163.descent_3661' depends on axioms: [propext, Classical.choice, Quot.sound]
'Collatz.Research.DescentAtlas.Batch163.data_3663' does not depend on any axioms
'Collatz.Research.DescentAtlas.Batch163.affine_3663' depends on axioms: [propext, Quot.sound]
'Collatz.Research.DescentAtlas.Batch163.descent_3663' depends on axioms: [propext, Classical.choice, Quot.sound]
'Collatz.Research.DescentAtlas.Batch163.data_3665' does not depend on any axioms
'Collatz.Research.DescentAtlas.Batch163.affine_3665' depends on axioms: [propext, Quot.sound]
'Collatz.Research.DescentAtlas.Batch163.descent_3665' depends on axioms: [propext, Classical.choice, Quot.sound]
'Collatz.Research.DescentAtlas.Batch163.data_3667' does not depend on any axioms
'Collatz.Research.DescentAtlas.Batch163.affine_3667' depends on axioms: [propext, Quot.sound]
'Collatz.Research.DescentAtlas.Batch163.descent_3667' depends on axioms: [propext, Classical.choice, Quot.sound]
'Collatz.Research.DescentAtlas.Batch163.data_3669' does not depend on any axioms
'Collatz.Research.DescentAtlas.Batch163.affine_3669' depends on axioms: [propext, Quot.sound]
'Collatz.Research.DescentAtlas.Batch163.descent_3669' depends on axioms: [propext, Classical.choice, Quot.sound]
'Collatz.Research.DescentAtlas.Batch163.data_3671' does not depend on any axioms
'Collatz.Research.DescentAtlas.Batch163.affine_3671' depends on axioms: [propext, Quot.sound]
'Collatz.Research.DescentAtlas.Batch163.descent_3671' depends on axioms: [propext, Classical.choice, Quot.sound]
'Collatz.Research.DescentAtlas.Batch163.data_3673' does not depend on any axioms
'Collatz.Research.DescentAtlas.Batch163.affine_3673' depends on axioms: [propext, Quot.sound]
'Collatz.Research.DescentAtlas.Batch163.descent_3673' depends on axioms: [propext, Classical.choice, Quot.sound]
'Collatz.Research.DescentAtlas.Batch164.data_3677' does not depend on any axioms
'Collatz.Research.DescentAtlas.Batch164.affine_3677' depends on axioms: [propext, Quot.sound]
'Collatz.Research.DescentAtlas.Batch164.descent_3677' depends on axioms: [propext, Classical.choice, Quot.sound]
'Collatz.Research.DescentAtlas.Batch164.data_3679' does not depend on any axioms
'Collatz.Research.DescentAtlas.Batch164.affine_3679' depends on axioms: [propext, Quot.sound]
'Collatz.Research.DescentAtlas.Batch164.descent_3679' depends on axioms: [propext, Classical.choice, Quot.sound]
'Collatz.Research.DescentAtlas.Batch164.data_3681' does not depend on any axioms
'Collatz.Research.DescentAtlas.Batch164.affine_3681' depends on axioms: [propext, Quot.sound]
'Collatz.Research.DescentAtlas.Batch164.descent_3681' depends on axioms: [propext, Classical.choice, Quot.sound]
'Collatz.Research.DescentAtlas.Batch164.data_3683' does not depend on any axioms
'Collatz.Research.DescentAtlas.Batch164.affine_3683' depends on axioms: [propext, Quot.sound]
'Collatz.Research.DescentAtlas.Batch164.descent_3683' depends on axioms: [propext, Classical.choice, Quot.sound]
'Collatz.Research.DescentAtlas.Batch164.data_3685' does not depend on any axioms
'Collatz.Research.DescentAtlas.Batch164.affine_3685' depends on axioms: [propext, Quot.sound]
'Collatz.Research.DescentAtlas.Batch164.descent_3685' depends on axioms: [propext, Classical.choice, Quot.sound]
'Collatz.Research.DescentAtlas.Batch164.data_3687' does not depend on any axioms
'Collatz.Research.DescentAtlas.Batch164.affine_3687' depends on axioms: [propext, Quot.sound]
'Collatz.Research.DescentAtlas.Batch164.descent_3687' depends on axioms: [propext, Classical.choice, Quot.sound]
'Collatz.Research.DescentAtlas.Batch164.data_3691' does not depend on any axioms
'Collatz.Research.DescentAtlas.Batch164.affine_3691' depends on axioms: [propext, Quot.sound]
'Collatz.Research.DescentAtlas.Batch164.descent_3691' depends on axioms: [propext, Classical.choice, Quot.sound]
'Collatz.Research.DescentAtlas.Batch164.data_3693' does not depend on any axioms
'Collatz.Research.DescentAtlas.Batch164.affine_3693' depends on axioms: [propext, Quot.sound]
'Collatz.Research.DescentAtlas.Batch164.descent_3693' depends on axioms: [propext, Classical.choice, Quot.sound]
'Collatz.Research.DescentAtlas.Batch165.data_3697' does not depend on any axioms
'Collatz.Research.DescentAtlas.Batch165.affine_3697' depends on axioms: [propext, Quot.sound]
'Collatz.Research.DescentAtlas.Batch165.descent_3697' depends on axioms: [propext, Classical.choice, Quot.sound]
'Collatz.Research.DescentAtlas.Batch165.data_3699' does not depend on any axioms
'Collatz.Research.DescentAtlas.Batch165.affine_3699' depends on axioms: [propext, Quot.sound]
'Collatz.Research.DescentAtlas.Batch165.descent_3699' depends on axioms: [propext, Classical.choice, Quot.sound]
'Collatz.Research.DescentAtlas.Batch165.data_3701' does not depend on any axioms
'Collatz.Research.DescentAtlas.Batch165.affine_3701' depends on axioms: [propext, Quot.sound]
'Collatz.Research.DescentAtlas.Batch165.descent_3701' depends on axioms: [propext, Classical.choice, Quot.sound]
'Collatz.Research.DescentAtlas.Batch165.data_3703' does not depend on any axioms
'Collatz.Research.DescentAtlas.Batch165.affine_3703' depends on axioms: [propext, Quot.sound]
'Collatz.Research.DescentAtlas.Batch165.descent_3703' depends on axioms: [propext, Classical.choice, Quot.sound]
'Collatz.Research.DescentAtlas.Batch165.data_3707' does not depend on any axioms
'Collatz.Research.DescentAtlas.Batch165.affine_3707' depends on axioms: [propext, Quot.sound]
'Collatz.Research.DescentAtlas.Batch165.descent_3707' depends on axioms: [propext, Classical.choice, Quot.sound]
'Collatz.Research.DescentAtlas.Batch165.data_3709' does not depend on any axioms
'Collatz.Research.DescentAtlas.Batch165.affine_3709' depends on axioms: [propext, Quot.sound]
'Collatz.Research.DescentAtlas.Batch165.descent_3709' depends on axioms: [propext, Classical.choice, Quot.sound]
'Collatz.Research.DescentAtlas.Batch165.data_3715' does not depend on any axioms
'Collatz.Research.DescentAtlas.Batch165.affine_3715' depends on axioms: [propext, Quot.sound]
'Collatz.Research.DescentAtlas.Batch165.descent_3715' depends on axioms: [propext, Classical.choice, Quot.sound]
'Collatz.Research.DescentAtlas.Batch165.data_3717' does not depend on any axioms
'Collatz.Research.DescentAtlas.Batch165.affine_3717' depends on axioms: [propext, Quot.sound]
'Collatz.Research.DescentAtlas.Batch165.descent_3717' depends on axioms: [propext, Classical.choice, Quot.sound]
'Collatz.Research.DescentAtlas.Batch166.data_3719' does not depend on any axioms
'Collatz.Research.DescentAtlas.Batch166.affine_3719' depends on axioms: [propext, Quot.sound]
'Collatz.Research.DescentAtlas.Batch166.descent_3719' depends on axioms: [propext, Classical.choice, Quot.sound]
'Collatz.Research.DescentAtlas.Batch166.data_3723' does not depend on any axioms
'Collatz.Research.DescentAtlas.Batch166.affine_3723' depends on axioms: [propext, Quot.sound]
'Collatz.Research.DescentAtlas.Batch166.descent_3723' depends on axioms: [propext, Classical.choice, Quot.sound]
'Collatz.Research.DescentAtlas.Batch166.data_3725' does not depend on any axioms
'Collatz.Research.DescentAtlas.Batch166.affine_3725' depends on axioms: [propext, Quot.sound]
'Collatz.Research.DescentAtlas.Batch166.descent_3725' depends on axioms: [propext, Classical.choice, Quot.sound]
'Collatz.Research.DescentAtlas.Batch166.data_3729' does not depend on any axioms
'Collatz.Research.DescentAtlas.Batch166.affine_3729' depends on axioms: [propext, Quot.sound]
'Collatz.Research.DescentAtlas.Batch166.descent_3729' depends on axioms: [propext, Classical.choice, Quot.sound]
'Collatz.Research.DescentAtlas.Batch166.data_3731' does not depend on any axioms
'Collatz.Research.DescentAtlas.Batch166.affine_3731' depends on axioms: [propext, Quot.sound]
'Collatz.Research.DescentAtlas.Batch166.descent_3731' depends on axioms: [propext, Classical.choice, Quot.sound]
'Collatz.Research.DescentAtlas.Batch166.data_3733' does not depend on any axioms
'Collatz.Research.DescentAtlas.Batch166.affine_3733' depends on axioms: [propext, Quot.sound]
'Collatz.Research.DescentAtlas.Batch166.descent_3733' depends on axioms: [propext, Classical.choice, Quot.sound]
'Collatz.Research.DescentAtlas.Batch166.data_3735' does not depend on any axioms
'Collatz.Research.DescentAtlas.Batch166.affine_3735' depends on axioms: [propext, Quot.sound]
'Collatz.Research.DescentAtlas.Batch166.descent_3735' depends on axioms: [propext, Classical.choice, Quot.sound]
'Collatz.Research.DescentAtlas.Batch166.data_3741' does not depend on any axioms
'Collatz.Research.DescentAtlas.Batch166.affine_3741' depends on axioms: [propext, Quot.sound]
'Collatz.Research.DescentAtlas.Batch166.descent_3741' depends on axioms: [propext, Classical.choice, Quot.sound]
'Collatz.Research.DescentAtlas.Batch167.data_3745' does not depend on any axioms
'Collatz.Research.DescentAtlas.Batch167.affine_3745' depends on axioms: [propext, Quot.sound]
'Collatz.Research.DescentAtlas.Batch167.descent_3745' depends on axioms: [propext, Classical.choice, Quot.sound]
'Collatz.Research.DescentAtlas.Batch167.data_3747' does not depend on any axioms
'Collatz.Research.DescentAtlas.Batch167.affine_3747' depends on axioms: [propext, Quot.sound]
'Collatz.Research.DescentAtlas.Batch167.descent_3747' depends on axioms: [propext, Classical.choice, Quot.sound]
'Collatz.Research.DescentAtlas.Batch167.data_3755' does not depend on any axioms
'Collatz.Research.DescentAtlas.Batch167.affine_3755' depends on axioms: [propext, Quot.sound]
'Collatz.Research.DescentAtlas.Batch167.descent_3755' depends on axioms: [propext, Classical.choice, Quot.sound]
'Collatz.Research.DescentAtlas.Batch167.data_3757' does not depend on any axioms
'Collatz.Research.DescentAtlas.Batch167.affine_3757' depends on axioms: [propext, Quot.sound]
'Collatz.Research.DescentAtlas.Batch167.descent_3757' depends on axioms: [propext, Classical.choice, Quot.sound]
'Collatz.Research.DescentAtlas.Batch167.data_3759' does not depend on any axioms
'Collatz.Research.DescentAtlas.Batch167.affine_3759' depends on axioms: [propext, Quot.sound]
'Collatz.Research.DescentAtlas.Batch167.descent_3759' depends on axioms: [propext, Classical.choice, Quot.sound]
'Collatz.Research.DescentAtlas.Batch167.data_3761' does not depend on any axioms
'Collatz.Research.DescentAtlas.Batch167.affine_3761' depends on axioms: [propext, Quot.sound]
'Collatz.Research.DescentAtlas.Batch167.descent_3761' depends on axioms: [propext, Classical.choice, Quot.sound]
'Collatz.Research.DescentAtlas.Batch167.data_3763' does not depend on any axioms
'Collatz.Research.DescentAtlas.Batch167.affine_3763' depends on axioms: [propext, Quot.sound]
'Collatz.Research.DescentAtlas.Batch167.descent_3763' depends on axioms: [propext, Classical.choice, Quot.sound]
'Collatz.Research.DescentAtlas.Batch167.data_3765' does not depend on any axioms
'Collatz.Research.DescentAtlas.Batch167.affine_3765' depends on axioms: [propext, Quot.sound]
'Collatz.Research.DescentAtlas.Batch167.descent_3765' depends on axioms: [propext, Classical.choice, Quot.sound]
'Collatz.Research.DescentAtlas.Batch168.data_3773' does not depend on any axioms
'Collatz.Research.DescentAtlas.Batch168.affine_3773' depends on axioms: [propext, Quot.sound]
'Collatz.Research.DescentAtlas.Batch168.descent_3773' depends on axioms: [propext, Classical.choice, Quot.sound]
'Collatz.Research.DescentAtlas.Batch168.data_3777' does not depend on any axioms
'Collatz.Research.DescentAtlas.Batch168.affine_3777' depends on axioms: [propext, Quot.sound]
'Collatz.Research.DescentAtlas.Batch168.descent_3777' depends on axioms: [propext, Classical.choice, Quot.sound]
'Collatz.Research.DescentAtlas.Batch168.data_3779' does not depend on any axioms
'Collatz.Research.DescentAtlas.Batch168.affine_3779' depends on axioms: [propext, Quot.sound]
'Collatz.Research.DescentAtlas.Batch168.descent_3779' depends on axioms: [propext, Classical.choice, Quot.sound]
'Collatz.Research.DescentAtlas.Batch168.data_3781' does not depend on any axioms
'Collatz.Research.DescentAtlas.Batch168.affine_3781' depends on axioms: [propext, Quot.sound]
'Collatz.Research.DescentAtlas.Batch168.descent_3781' depends on axioms: [propext, Classical.choice, Quot.sound]
'Collatz.Research.DescentAtlas.Batch168.data_3783' does not depend on any axioms
'Collatz.Research.DescentAtlas.Batch168.affine_3783' depends on axioms: [propext, Quot.sound]
'Collatz.Research.DescentAtlas.Batch168.descent_3783' depends on axioms: [propext, Classical.choice, Quot.sound]
'Collatz.Research.DescentAtlas.Batch168.data_3785' does not depend on any axioms
'Collatz.Research.DescentAtlas.Batch168.affine_3785' depends on axioms: [propext, Quot.sound]
'Collatz.Research.DescentAtlas.Batch168.descent_3785' depends on axioms: [propext, Classical.choice, Quot.sound]
'Collatz.Research.DescentAtlas.Batch168.data_3789' does not depend on any axioms
'Collatz.Research.DescentAtlas.Batch168.affine_3789' depends on axioms: [propext, Quot.sound]
'Collatz.Research.DescentAtlas.Batch168.descent_3789' depends on axioms: [propext, Classical.choice, Quot.sound]
'Collatz.Research.DescentAtlas.Batch168.data_3793' does not depend on any axioms
'Collatz.Research.DescentAtlas.Batch168.affine_3793' depends on axioms: [propext, Quot.sound]
'Collatz.Research.DescentAtlas.Batch168.descent_3793' depends on axioms: [propext, Classical.choice, Quot.sound]
'Collatz.Research.DescentAtlas.Batch169.data_3795' does not depend on any axioms
'Collatz.Research.DescentAtlas.Batch169.affine_3795' depends on axioms: [propext, Quot.sound]
'Collatz.Research.DescentAtlas.Batch169.descent_3795' depends on axioms: [propext, Classical.choice, Quot.sound]
'Collatz.Research.DescentAtlas.Batch169.data_3797' does not depend on any axioms
'Collatz.Research.DescentAtlas.Batch169.affine_3797' depends on axioms: [propext, Quot.sound]
'Collatz.Research.DescentAtlas.Batch169.descent_3797' depends on axioms: [propext, Classical.choice, Quot.sound]
'Collatz.Research.DescentAtlas.Batch169.data_3799' does not depend on any axioms
'Collatz.Research.DescentAtlas.Batch169.affine_3799' depends on axioms: [propext, Quot.sound]
'Collatz.Research.DescentAtlas.Batch169.descent_3799' depends on axioms: [propext, Classical.choice, Quot.sound]
'Collatz.Research.DescentAtlas.Batch169.data_3801' does not depend on any axioms
'Collatz.Research.DescentAtlas.Batch169.affine_3801' depends on axioms: [propext, Quot.sound]
'Collatz.Research.DescentAtlas.Batch169.descent_3801' depends on axioms: [propext, Classical.choice, Quot.sound]
'Collatz.Research.DescentAtlas.Batch169.data_3805' does not depend on any axioms
'Collatz.Research.DescentAtlas.Batch169.affine_3805' depends on axioms: [propext, Quot.sound]
'Collatz.Research.DescentAtlas.Batch169.descent_3805' depends on axioms: [propext, Classical.choice, Quot.sound]
'Collatz.Research.DescentAtlas.Batch169.data_3811' does not depend on any axioms
'Collatz.Research.DescentAtlas.Batch169.affine_3811' depends on axioms: [propext, Quot.sound]
'Collatz.Research.DescentAtlas.Batch169.descent_3811' depends on axioms: [propext, Classical.choice, Quot.sound]
'Collatz.Research.DescentAtlas.Batch169.data_3813' does not depend on any axioms
'Collatz.Research.DescentAtlas.Batch169.affine_3813' depends on axioms: [propext, Quot.sound]
'Collatz.Research.DescentAtlas.Batch169.descent_3813' depends on axioms: [propext, Classical.choice, Quot.sound]
'Collatz.Research.DescentAtlas.Batch169.data_3819' does not depend on any axioms
'Collatz.Research.DescentAtlas.Batch169.affine_3819' depends on axioms: [propext, Quot.sound]
'Collatz.Research.DescentAtlas.Batch169.descent_3819' depends on axioms: [propext, Classical.choice, Quot.sound]
'Collatz.Research.DescentAtlas.Batch170.data_3821' does not depend on any axioms
'Collatz.Research.DescentAtlas.Batch170.affine_3821' depends on axioms: [propext, Quot.sound]
'Collatz.Research.DescentAtlas.Batch170.descent_3821' depends on axioms: [propext, Classical.choice, Quot.sound]
'Collatz.Research.DescentAtlas.Batch170.data_3825' does not depend on any axioms
'Collatz.Research.DescentAtlas.Batch170.affine_3825' depends on axioms: [propext, Quot.sound]
'Collatz.Research.DescentAtlas.Batch170.descent_3825' depends on axioms: [propext, Classical.choice, Quot.sound]
'Collatz.Research.DescentAtlas.Batch170.data_3827' does not depend on any axioms
'Collatz.Research.DescentAtlas.Batch170.affine_3827' depends on axioms: [propext, Quot.sound]
'Collatz.Research.DescentAtlas.Batch170.descent_3827' depends on axioms: [propext, Classical.choice, Quot.sound]
'Collatz.Research.DescentAtlas.Batch170.data_3833' does not depend on any axioms
'Collatz.Research.DescentAtlas.Batch170.affine_3833' depends on axioms: [propext, Quot.sound]
'Collatz.Research.DescentAtlas.Batch170.descent_3833' depends on axioms: [propext, Classical.choice, Quot.sound]
'Collatz.Research.DescentAtlas.Batch170.data_3841' does not depend on any axioms
'Collatz.Research.DescentAtlas.Batch170.affine_3841' depends on axioms: [propext, Quot.sound]
'Collatz.Research.DescentAtlas.Batch170.descent_3841' depends on axioms: [propext, Classical.choice, Quot.sound]
'Collatz.Research.DescentAtlas.Batch170.data_3843' does not depend on any axioms
'Collatz.Research.DescentAtlas.Batch170.affine_3843' depends on axioms: [propext, Quot.sound]
'Collatz.Research.DescentAtlas.Batch170.descent_3843' depends on axioms: [propext, Classical.choice, Quot.sound]
'Collatz.Research.DescentAtlas.Batch170.data_3845' does not depend on any axioms
'Collatz.Research.DescentAtlas.Batch170.affine_3845' depends on axioms: [propext, Quot.sound]
'Collatz.Research.DescentAtlas.Batch170.descent_3845' depends on axioms: [propext, Classical.choice, Quot.sound]
'Collatz.Research.DescentAtlas.Batch170.data_3847' does not depend on any axioms
'Collatz.Research.DescentAtlas.Batch170.affine_3847' depends on axioms: [propext, Quot.sound]
'Collatz.Research.DescentAtlas.Batch170.descent_3847' depends on axioms: [propext, Classical.choice, Quot.sound]
'Collatz.Research.DescentAtlas.Batch171.data_3851' does not depend on any axioms
'Collatz.Research.DescentAtlas.Batch171.affine_3851' depends on axioms: [propext, Quot.sound]
'Collatz.Research.DescentAtlas.Batch171.descent_3851' depends on axioms: [propext, Classical.choice, Quot.sound]
'Collatz.Research.DescentAtlas.Batch171.data_3853' does not depend on any axioms
'Collatz.Research.DescentAtlas.Batch171.affine_3853' depends on axioms: [propext, Quot.sound]
'Collatz.Research.DescentAtlas.Batch171.descent_3853' depends on axioms: [propext, Classical.choice, Quot.sound]
'Collatz.Research.DescentAtlas.Batch171.data_3855' does not depend on any axioms
'Collatz.Research.DescentAtlas.Batch171.affine_3855' depends on axioms: [propext, Quot.sound]
'Collatz.Research.DescentAtlas.Batch171.descent_3855' depends on axioms: [propext, Classical.choice, Quot.sound]
'Collatz.Research.DescentAtlas.Batch171.data_3857' does not depend on any axioms
'Collatz.Research.DescentAtlas.Batch171.affine_3857' depends on axioms: [propext, Quot.sound]
'Collatz.Research.DescentAtlas.Batch171.descent_3857' depends on axioms: [propext, Classical.choice, Quot.sound]
'Collatz.Research.DescentAtlas.Batch171.data_3859' does not depend on any axioms
'Collatz.Research.DescentAtlas.Batch171.affine_3859' depends on axioms: [propext, Quot.sound]
'Collatz.Research.DescentAtlas.Batch171.descent_3859' depends on axioms: [propext, Classical.choice, Quot.sound]
'Collatz.Research.DescentAtlas.Batch171.data_3861' does not depend on any axioms
'Collatz.Research.DescentAtlas.Batch171.affine_3861' depends on axioms: [propext, Quot.sound]
'Collatz.Research.DescentAtlas.Batch171.descent_3861' depends on axioms: [propext, Classical.choice, Quot.sound]
'Collatz.Research.DescentAtlas.Batch171.data_3863' does not depend on any axioms
'Collatz.Research.DescentAtlas.Batch171.affine_3863' depends on axioms: [propext, Quot.sound]
'Collatz.Research.DescentAtlas.Batch171.descent_3863' depends on axioms: [propext, Classical.choice, Quot.sound]
'Collatz.Research.DescentAtlas.Batch171.data_3865' does not depend on any axioms
'Collatz.Research.DescentAtlas.Batch171.affine_3865' depends on axioms: [propext, Quot.sound]
'Collatz.Research.DescentAtlas.Batch171.descent_3865' depends on axioms: [propext, Classical.choice, Quot.sound]
'Collatz.Research.DescentAtlas.Batch172.data_3869' does not depend on any axioms
'Collatz.Research.DescentAtlas.Batch172.affine_3869' depends on axioms: [propext, Quot.sound]
'Collatz.Research.DescentAtlas.Batch172.descent_3869' depends on axioms: [propext, Classical.choice, Quot.sound]
'Collatz.Research.DescentAtlas.Batch172.data_3873' does not depend on any axioms
'Collatz.Research.DescentAtlas.Batch172.affine_3873' depends on axioms: [propext, Quot.sound]
'Collatz.Research.DescentAtlas.Batch172.descent_3873' depends on axioms: [propext, Classical.choice, Quot.sound]
'Collatz.Research.DescentAtlas.Batch172.data_3875' does not depend on any axioms
'Collatz.Research.DescentAtlas.Batch172.affine_3875' depends on axioms: [propext, Quot.sound]
'Collatz.Research.DescentAtlas.Batch172.descent_3875' depends on axioms: [propext, Classical.choice, Quot.sound]
'Collatz.Research.DescentAtlas.Batch172.data_3877' does not depend on any axioms
'Collatz.Research.DescentAtlas.Batch172.affine_3877' depends on axioms: [propext, Quot.sound]
'Collatz.Research.DescentAtlas.Batch172.descent_3877' depends on axioms: [propext, Classical.choice, Quot.sound]
'Collatz.Research.DescentAtlas.Batch172.data_3879' does not depend on any axioms
'Collatz.Research.DescentAtlas.Batch172.affine_3879' depends on axioms: [propext, Quot.sound]
'Collatz.Research.DescentAtlas.Batch172.descent_3879' depends on axioms: [propext, Classical.choice, Quot.sound]
'Collatz.Research.DescentAtlas.Batch172.data_3881' does not depend on any axioms
'Collatz.Research.DescentAtlas.Batch172.affine_3881' depends on axioms: [propext, Quot.sound]
'Collatz.Research.DescentAtlas.Batch172.descent_3881' depends on axioms: [propext, Classical.choice, Quot.sound]
'Collatz.Research.DescentAtlas.Batch172.data_3883' does not depend on any axioms
'Collatz.Research.DescentAtlas.Batch172.affine_3883' depends on axioms: [propext, Quot.sound]
'Collatz.Research.DescentAtlas.Batch172.descent_3883' depends on axioms: [propext, Classical.choice, Quot.sound]
'Collatz.Research.DescentAtlas.Batch172.data_3885' does not depend on any axioms
'Collatz.Research.DescentAtlas.Batch172.affine_3885' depends on axioms: [propext, Quot.sound]
'Collatz.Research.DescentAtlas.Batch172.descent_3885' depends on axioms: [propext, Classical.choice, Quot.sound]
'Collatz.Research.DescentAtlas.Batch173.data_3887' does not depend on any axioms
'Collatz.Research.DescentAtlas.Batch173.affine_3887' depends on axioms: [propext, Quot.sound]
'Collatz.Research.DescentAtlas.Batch173.descent_3887' depends on axioms: [propext, Classical.choice, Quot.sound]
'Collatz.Research.DescentAtlas.Batch173.data_3889' does not depend on any axioms
'Collatz.Research.DescentAtlas.Batch173.affine_3889' depends on axioms: [propext, Quot.sound]
'Collatz.Research.DescentAtlas.Batch173.descent_3889' depends on axioms: [propext, Classical.choice, Quot.sound]
'Collatz.Research.DescentAtlas.Batch173.data_3891' does not depend on any axioms
'Collatz.Research.DescentAtlas.Batch173.affine_3891' depends on axioms: [propext, Quot.sound]
'Collatz.Research.DescentAtlas.Batch173.descent_3891' depends on axioms: [propext, Classical.choice, Quot.sound]
'Collatz.Research.DescentAtlas.Batch173.data_3893' does not depend on any axioms
'Collatz.Research.DescentAtlas.Batch173.affine_3893' depends on axioms: [propext, Quot.sound]
'Collatz.Research.DescentAtlas.Batch173.descent_3893' depends on axioms: [propext, Classical.choice, Quot.sound]
'Collatz.Research.DescentAtlas.Batch173.data_3895' does not depend on any axioms
'Collatz.Research.DescentAtlas.Batch173.affine_3895' depends on axioms: [propext, Quot.sound]
'Collatz.Research.DescentAtlas.Batch173.descent_3895' depends on axioms: [propext, Classical.choice, Quot.sound]
'Collatz.Research.DescentAtlas.Batch173.data_3897' does not depend on any axioms
'Collatz.Research.DescentAtlas.Batch173.affine_3897' depends on axioms: [propext, Quot.sound]
'Collatz.Research.DescentAtlas.Batch173.descent_3897' depends on axioms: [propext, Classical.choice, Quot.sound]
'Collatz.Research.DescentAtlas.Batch173.data_3899' does not depend on any axioms
'Collatz.Research.DescentAtlas.Batch173.affine_3899' depends on axioms: [propext, Quot.sound]
'Collatz.Research.DescentAtlas.Batch173.descent_3899' depends on axioms: [propext, Classical.choice, Quot.sound]
'Collatz.Research.DescentAtlas.Batch173.data_3901' does not depend on any axioms
'Collatz.Research.DescentAtlas.Batch173.affine_3901' depends on axioms: [propext, Quot.sound]
'Collatz.Research.DescentAtlas.Batch173.descent_3901' depends on axioms: [propext, Classical.choice, Quot.sound]
'Collatz.Research.DescentAtlas.Batch174.data_3905' does not depend on any axioms
'Collatz.Research.DescentAtlas.Batch174.affine_3905' depends on axioms: [propext, Quot.sound]
'Collatz.Research.DescentAtlas.Batch174.descent_3905' depends on axioms: [propext, Classical.choice, Quot.sound]
'Collatz.Research.DescentAtlas.Batch174.data_3907' does not depend on any axioms
'Collatz.Research.DescentAtlas.Batch174.affine_3907' depends on axioms: [propext, Quot.sound]
'Collatz.Research.DescentAtlas.Batch174.descent_3907' depends on axioms: [propext, Classical.choice, Quot.sound]
'Collatz.Research.DescentAtlas.Batch174.data_3909' does not depend on any axioms
'Collatz.Research.DescentAtlas.Batch174.affine_3909' depends on axioms: [propext, Quot.sound]
'Collatz.Research.DescentAtlas.Batch174.descent_3909' depends on axioms: [propext, Classical.choice, Quot.sound]
'Collatz.Research.DescentAtlas.Batch174.data_3911' does not depend on any axioms
'Collatz.Research.DescentAtlas.Batch174.affine_3911' depends on axioms: [propext, Quot.sound]
'Collatz.Research.DescentAtlas.Batch174.descent_3911' depends on axioms: [propext, Classical.choice, Quot.sound]
'Collatz.Research.DescentAtlas.Batch174.data_3913' does not depend on any axioms
'Collatz.Research.DescentAtlas.Batch174.affine_3913' depends on axioms: [propext, Quot.sound]
'Collatz.Research.DescentAtlas.Batch174.descent_3913' depends on axioms: [propext, Classical.choice, Quot.sound]
'Collatz.Research.DescentAtlas.Batch174.data_3915' does not depend on any axioms
'Collatz.Research.DescentAtlas.Batch174.affine_3915' depends on axioms: [propext, Quot.sound]
'Collatz.Research.DescentAtlas.Batch174.descent_3915' depends on axioms: [propext, Classical.choice, Quot.sound]
'Collatz.Research.DescentAtlas.Batch174.data_3917' does not depend on any axioms
'Collatz.Research.DescentAtlas.Batch174.affine_3917' depends on axioms: [propext, Quot.sound]
'Collatz.Research.DescentAtlas.Batch174.descent_3917' depends on axioms: [propext, Classical.choice, Quot.sound]
'Collatz.Research.DescentAtlas.Batch174.data_3921' does not depend on any axioms
'Collatz.Research.DescentAtlas.Batch174.affine_3921' depends on axioms: [propext, Quot.sound]
'Collatz.Research.DescentAtlas.Batch174.descent_3921' depends on axioms: [propext, Classical.choice, Quot.sound]
'Collatz.Research.DescentAtlas.Batch175.data_3925' does not depend on any axioms
'Collatz.Research.DescentAtlas.Batch175.affine_3925' depends on axioms: [propext, Quot.sound]
'Collatz.Research.DescentAtlas.Batch175.descent_3925' depends on axioms: [propext, Classical.choice, Quot.sound]
'Collatz.Research.DescentAtlas.Batch175.data_3929' does not depend on any axioms
'Collatz.Research.DescentAtlas.Batch175.affine_3929' depends on axioms: [propext, Quot.sound]
'Collatz.Research.DescentAtlas.Batch175.descent_3929' depends on axioms: [propext, Classical.choice, Quot.sound]
'Collatz.Research.DescentAtlas.Batch175.data_3933' does not depend on any axioms
'Collatz.Research.DescentAtlas.Batch175.affine_3933' depends on axioms: [propext, Quot.sound]
'Collatz.Research.DescentAtlas.Batch175.descent_3933' depends on axioms: [propext, Classical.choice, Quot.sound]
'Collatz.Research.DescentAtlas.Batch175.data_3935' does not depend on any axioms
'Collatz.Research.DescentAtlas.Batch175.affine_3935' depends on axioms: [propext, Quot.sound]
'Collatz.Research.DescentAtlas.Batch175.descent_3935' depends on axioms: [propext, Classical.choice, Quot.sound]
'Collatz.Research.DescentAtlas.Batch175.data_3939' does not depend on any axioms
'Collatz.Research.DescentAtlas.Batch175.affine_3939' depends on axioms: [propext, Quot.sound]
'Collatz.Research.DescentAtlas.Batch175.descent_3939' depends on axioms: [propext, Classical.choice, Quot.sound]
'Collatz.Research.DescentAtlas.Batch175.data_3941' does not depend on any axioms
'Collatz.Research.DescentAtlas.Batch175.affine_3941' depends on axioms: [propext, Quot.sound]
'Collatz.Research.DescentAtlas.Batch175.descent_3941' depends on axioms: [propext, Classical.choice, Quot.sound]
'Collatz.Research.DescentAtlas.Batch175.data_3945' does not depend on any axioms
'Collatz.Research.DescentAtlas.Batch175.affine_3945' depends on axioms: [propext, Quot.sound]
'Collatz.Research.DescentAtlas.Batch175.descent_3945' depends on axioms: [propext, Classical.choice, Quot.sound]
'Collatz.Research.DescentAtlas.Batch175.data_3947' does not depend on any axioms
'Collatz.Research.DescentAtlas.Batch175.affine_3947' depends on axioms: [propext, Quot.sound]
'Collatz.Research.DescentAtlas.Batch175.descent_3947' depends on axioms: [propext, Classical.choice, Quot.sound]
'Collatz.Research.DescentAtlas.Batch176.data_3949' does not depend on any axioms
'Collatz.Research.DescentAtlas.Batch176.affine_3949' depends on axioms: [propext, Quot.sound]
'Collatz.Research.DescentAtlas.Batch176.descent_3949' depends on axioms: [propext, Classical.choice, Quot.sound]
'Collatz.Research.DescentAtlas.Batch176.data_3953' does not depend on any axioms
'Collatz.Research.DescentAtlas.Batch176.affine_3953' depends on axioms: [propext, Quot.sound]
'Collatz.Research.DescentAtlas.Batch176.descent_3953' depends on axioms: [propext, Classical.choice, Quot.sound]
'Collatz.Research.DescentAtlas.Batch176.data_3955' does not depend on any axioms
'Collatz.Research.DescentAtlas.Batch176.affine_3955' depends on axioms: [propext, Quot.sound]
'Collatz.Research.DescentAtlas.Batch176.descent_3955' depends on axioms: [propext, Classical.choice, Quot.sound]
'Collatz.Research.DescentAtlas.Batch176.data_3957' does not depend on any axioms
'Collatz.Research.DescentAtlas.Batch176.affine_3957' depends on axioms: [propext, Quot.sound]
'Collatz.Research.DescentAtlas.Batch176.descent_3957' depends on axioms: [propext, Classical.choice, Quot.sound]
'Collatz.Research.DescentAtlas.Batch176.data_3959' does not depend on any axioms
'Collatz.Research.DescentAtlas.Batch176.affine_3959' depends on axioms: [propext, Quot.sound]
'Collatz.Research.DescentAtlas.Batch176.descent_3959' depends on axioms: [propext, Classical.choice, Quot.sound]
'Collatz.Research.DescentAtlas.Batch176.data_3961' does not depend on any axioms
'Collatz.Research.DescentAtlas.Batch176.affine_3961' depends on axioms: [propext, Quot.sound]
'Collatz.Research.DescentAtlas.Batch176.descent_3961' depends on axioms: [propext, Classical.choice, Quot.sound]
'Collatz.Research.DescentAtlas.Batch176.data_3963' does not depend on any axioms
'Collatz.Research.DescentAtlas.Batch176.affine_3963' depends on axioms: [propext, Quot.sound]
'Collatz.Research.DescentAtlas.Batch176.descent_3963' depends on axioms: [propext, Classical.choice, Quot.sound]
'Collatz.Research.DescentAtlas.Batch176.data_3967' does not depend on any axioms
'Collatz.Research.DescentAtlas.Batch176.affine_3967' depends on axioms: [propext, Quot.sound]
'Collatz.Research.DescentAtlas.Batch176.descent_3967' depends on axioms: [propext, Classical.choice, Quot.sound]
'Collatz.Research.DescentAtlas.Batch177.data_3969' does not depend on any axioms
'Collatz.Research.DescentAtlas.Batch177.affine_3969' depends on axioms: [propext, Quot.sound]
'Collatz.Research.DescentAtlas.Batch177.descent_3969' depends on axioms: [propext, Classical.choice, Quot.sound]
'Collatz.Research.DescentAtlas.Batch177.data_3971' does not depend on any axioms
'Collatz.Research.DescentAtlas.Batch177.affine_3971' depends on axioms: [propext, Quot.sound]
'Collatz.Research.DescentAtlas.Batch177.descent_3971' depends on axioms: [propext, Classical.choice, Quot.sound]
'Collatz.Research.DescentAtlas.Batch177.data_3973' does not depend on any axioms
'Collatz.Research.DescentAtlas.Batch177.affine_3973' depends on axioms: [propext, Quot.sound]
'Collatz.Research.DescentAtlas.Batch177.descent_3973' depends on axioms: [propext, Classical.choice, Quot.sound]
'Collatz.Research.DescentAtlas.Batch177.data_3975' does not depend on any axioms
'Collatz.Research.DescentAtlas.Batch177.affine_3975' depends on axioms: [propext, Quot.sound]
'Collatz.Research.DescentAtlas.Batch177.descent_3975' depends on axioms: [propext, Classical.choice, Quot.sound]
'Collatz.Research.DescentAtlas.Batch177.data_3979' does not depend on any axioms
'Collatz.Research.DescentAtlas.Batch177.affine_3979' depends on axioms: [propext, Quot.sound]
'Collatz.Research.DescentAtlas.Batch177.descent_3979' depends on axioms: [propext, Classical.choice, Quot.sound]
'Collatz.Research.DescentAtlas.Batch177.data_3981' does not depend on any axioms
'Collatz.Research.DescentAtlas.Batch177.affine_3981' depends on axioms: [propext, Quot.sound]
'Collatz.Research.DescentAtlas.Batch177.descent_3981' depends on axioms: [propext, Classical.choice, Quot.sound]
'Collatz.Research.DescentAtlas.Batch177.data_3983' does not depend on any axioms
'Collatz.Research.DescentAtlas.Batch177.affine_3983' depends on axioms: [propext, Quot.sound]
'Collatz.Research.DescentAtlas.Batch177.descent_3983' depends on axioms: [propext, Classical.choice, Quot.sound]
'Collatz.Research.DescentAtlas.Batch177.data_3985' does not depend on any axioms
'Collatz.Research.DescentAtlas.Batch177.affine_3985' depends on axioms: [propext, Quot.sound]
'Collatz.Research.DescentAtlas.Batch177.descent_3985' depends on axioms: [propext, Classical.choice, Quot.sound]
'Collatz.Research.DescentAtlas.Batch178.data_3987' does not depend on any axioms
'Collatz.Research.DescentAtlas.Batch178.affine_3987' depends on axioms: [propext, Quot.sound]
'Collatz.Research.DescentAtlas.Batch178.descent_3987' depends on axioms: [propext, Classical.choice, Quot.sound]
'Collatz.Research.DescentAtlas.Batch178.data_3989' does not depend on any axioms
'Collatz.Research.DescentAtlas.Batch178.affine_3989' depends on axioms: [propext, Quot.sound]
'Collatz.Research.DescentAtlas.Batch178.descent_3989' depends on axioms: [propext, Classical.choice, Quot.sound]
'Collatz.Research.DescentAtlas.Batch178.data_3991' does not depend on any axioms
'Collatz.Research.DescentAtlas.Batch178.affine_3991' depends on axioms: [propext, Quot.sound]
'Collatz.Research.DescentAtlas.Batch178.descent_3991' depends on axioms: [propext, Classical.choice, Quot.sound]
'Collatz.Research.DescentAtlas.Batch178.data_3993' does not depend on any axioms
'Collatz.Research.DescentAtlas.Batch178.affine_3993' depends on axioms: [propext, Quot.sound]
'Collatz.Research.DescentAtlas.Batch178.descent_3993' depends on axioms: [propext, Classical.choice, Quot.sound]
'Collatz.Research.DescentAtlas.Batch178.data_3995' does not depend on any axioms
'Collatz.Research.DescentAtlas.Batch178.affine_3995' depends on axioms: [propext, Quot.sound]
'Collatz.Research.DescentAtlas.Batch178.descent_3995' depends on axioms: [propext, Classical.choice, Quot.sound]
'Collatz.Research.DescentAtlas.Batch178.data_3997' does not depend on any axioms
'Collatz.Research.DescentAtlas.Batch178.affine_3997' depends on axioms: [propext, Quot.sound]
'Collatz.Research.DescentAtlas.Batch178.descent_3997' depends on axioms: [propext, Classical.choice, Quot.sound]
'Collatz.Research.DescentAtlas.Batch178.data_4001' does not depend on any axioms
'Collatz.Research.DescentAtlas.Batch178.affine_4001' depends on axioms: [propext, Quot.sound]
'Collatz.Research.DescentAtlas.Batch178.descent_4001' depends on axioms: [propext, Classical.choice, Quot.sound]
'Collatz.Research.DescentAtlas.Batch178.data_4003' does not depend on any axioms
'Collatz.Research.DescentAtlas.Batch178.affine_4003' depends on axioms: [propext, Quot.sound]
'Collatz.Research.DescentAtlas.Batch178.descent_4003' depends on axioms: [propext, Classical.choice, Quot.sound]
'Collatz.Research.DescentAtlas.Batch179.data_4013' does not depend on any axioms
'Collatz.Research.DescentAtlas.Batch179.affine_4013' depends on axioms: [propext, Quot.sound]
'Collatz.Research.DescentAtlas.Batch179.descent_4013' depends on axioms: [propext, Classical.choice, Quot.sound]
'Collatz.Research.DescentAtlas.Batch179.data_4015' does not depend on any axioms
'Collatz.Research.DescentAtlas.Batch179.affine_4015' depends on axioms: [propext, Quot.sound]
'Collatz.Research.DescentAtlas.Batch179.descent_4015' depends on axioms: [propext, Classical.choice, Quot.sound]
'Collatz.Research.DescentAtlas.Batch179.data_4017' does not depend on any axioms
'Collatz.Research.DescentAtlas.Batch179.affine_4017' depends on axioms: [propext, Quot.sound]
'Collatz.Research.DescentAtlas.Batch179.descent_4017' depends on axioms: [propext, Classical.choice, Quot.sound]
'Collatz.Research.DescentAtlas.Batch179.data_4019' does not depend on any axioms
'Collatz.Research.DescentAtlas.Batch179.affine_4019' depends on axioms: [propext, Quot.sound]
'Collatz.Research.DescentAtlas.Batch179.descent_4019' depends on axioms: [propext, Classical.choice, Quot.sound]
'Collatz.Research.DescentAtlas.Batch179.data_4021' does not depend on any axioms
'Collatz.Research.DescentAtlas.Batch179.affine_4021' depends on axioms: [propext, Quot.sound]
'Collatz.Research.DescentAtlas.Batch179.descent_4021' depends on axioms: [propext, Classical.choice, Quot.sound]
'Collatz.Research.DescentAtlas.Batch179.data_4023' does not depend on any axioms
'Collatz.Research.DescentAtlas.Batch179.affine_4023' depends on axioms: [propext, Quot.sound]
'Collatz.Research.DescentAtlas.Batch179.descent_4023' depends on axioms: [propext, Classical.choice, Quot.sound]
'Collatz.Research.DescentAtlas.Batch179.data_4025' does not depend on any axioms
'Collatz.Research.DescentAtlas.Batch179.affine_4025' depends on axioms: [propext, Quot.sound]
'Collatz.Research.DescentAtlas.Batch179.descent_4025' depends on axioms: [propext, Classical.choice, Quot.sound]
'Collatz.Research.DescentAtlas.Batch179.data_4027' does not depend on any axioms
'Collatz.Research.DescentAtlas.Batch179.affine_4027' depends on axioms: [propext, Quot.sound]
'Collatz.Research.DescentAtlas.Batch179.descent_4027' depends on axioms: [propext, Classical.choice, Quot.sound]
'Collatz.Research.DescentAtlas.Batch180.data_4029' does not depend on any axioms
'Collatz.Research.DescentAtlas.Batch180.affine_4029' depends on axioms: [propext, Quot.sound]
'Collatz.Research.DescentAtlas.Batch180.descent_4029' depends on axioms: [propext, Classical.choice, Quot.sound]
'Collatz.Research.DescentAtlas.Batch180.data_4033' does not depend on any axioms
'Collatz.Research.DescentAtlas.Batch180.affine_4033' depends on axioms: [propext, Quot.sound]
'Collatz.Research.DescentAtlas.Batch180.descent_4033' depends on axioms: [propext, Classical.choice, Quot.sound]
'Collatz.Research.DescentAtlas.Batch180.data_4037' does not depend on any axioms
'Collatz.Research.DescentAtlas.Batch180.affine_4037' depends on axioms: [propext, Quot.sound]
'Collatz.Research.DescentAtlas.Batch180.descent_4037' depends on axioms: [propext, Classical.choice, Quot.sound]
'Collatz.Research.DescentAtlas.Batch180.data_4043' does not depend on any axioms
'Collatz.Research.DescentAtlas.Batch180.affine_4043' depends on axioms: [propext, Quot.sound]
'Collatz.Research.DescentAtlas.Batch180.descent_4043' depends on axioms: [propext, Classical.choice, Quot.sound]
'Collatz.Research.DescentAtlas.Batch180.data_4045' does not depend on any axioms
'Collatz.Research.DescentAtlas.Batch180.affine_4045' depends on axioms: [propext, Quot.sound]
'Collatz.Research.DescentAtlas.Batch180.descent_4045' depends on axioms: [propext, Classical.choice, Quot.sound]
'Collatz.Research.DescentAtlas.Batch180.data_4047' does not depend on any axioms
'Collatz.Research.DescentAtlas.Batch180.affine_4047' depends on axioms: [propext, Quot.sound]
'Collatz.Research.DescentAtlas.Batch180.descent_4047' depends on axioms: [propext, Classical.choice, Quot.sound]
'Collatz.Research.DescentAtlas.Batch180.data_4049' does not depend on any axioms
'Collatz.Research.DescentAtlas.Batch180.affine_4049' depends on axioms: [propext, Quot.sound]
'Collatz.Research.DescentAtlas.Batch180.descent_4049' depends on axioms: [propext, Classical.choice, Quot.sound]
'Collatz.Research.DescentAtlas.Batch180.data_4053' does not depend on any axioms
'Collatz.Research.DescentAtlas.Batch180.affine_4053' depends on axioms: [propext, Quot.sound]
'Collatz.Research.DescentAtlas.Batch180.descent_4053' depends on axioms: [propext, Classical.choice, Quot.sound]
'Collatz.Research.DescentAtlas.Batch181.data_4055' does not depend on any axioms
'Collatz.Research.DescentAtlas.Batch181.affine_4055' depends on axioms: [propext, Quot.sound]
'Collatz.Research.DescentAtlas.Batch181.descent_4055' depends on axioms: [propext, Classical.choice, Quot.sound]
'Collatz.Research.DescentAtlas.Batch181.data_4057' does not depend on any axioms
'Collatz.Research.DescentAtlas.Batch181.affine_4057' depends on axioms: [propext, Quot.sound]
'Collatz.Research.DescentAtlas.Batch181.descent_4057' depends on axioms: [propext, Classical.choice, Quot.sound]
'Collatz.Research.DescentAtlas.Batch181.data_4061' does not depend on any axioms
'Collatz.Research.DescentAtlas.Batch181.affine_4061' depends on axioms: [propext, Quot.sound]
'Collatz.Research.DescentAtlas.Batch181.descent_4061' depends on axioms: [propext, Classical.choice, Quot.sound]
'Collatz.Research.DescentAtlas.Batch181.data_4063' does not depend on any axioms
'Collatz.Research.DescentAtlas.Batch181.affine_4063' depends on axioms: [propext, Quot.sound]
'Collatz.Research.DescentAtlas.Batch181.descent_4063' depends on axioms: [propext, Classical.choice, Quot.sound]
'Collatz.Research.DescentAtlas.Batch181.data_4067' does not depend on any axioms
'Collatz.Research.DescentAtlas.Batch181.affine_4067' depends on axioms: [propext, Quot.sound]
'Collatz.Research.DescentAtlas.Batch181.descent_4067' depends on axioms: [propext, Classical.choice, Quot.sound]
'Collatz.Research.DescentAtlas.Batch181.data_4069' does not depend on any axioms
'Collatz.Research.DescentAtlas.Batch181.affine_4069' depends on axioms: [propext, Quot.sound]
'Collatz.Research.DescentAtlas.Batch181.descent_4069' depends on axioms: [propext, Classical.choice, Quot.sound]
'Collatz.Research.DescentAtlas.Batch181.data_4071' does not depend on any axioms
'Collatz.Research.DescentAtlas.Batch181.affine_4071' depends on axioms: [propext, Quot.sound]
'Collatz.Research.DescentAtlas.Batch181.descent_4071' depends on axioms: [propext, Classical.choice, Quot.sound]
'Collatz.Research.DescentAtlas.Batch181.data_4077' does not depend on any axioms
'Collatz.Research.DescentAtlas.Batch181.affine_4077' depends on axioms: [propext, Quot.sound]
'Collatz.Research.DescentAtlas.Batch181.descent_4077' depends on axioms: [propext, Classical.choice, Quot.sound]
'Collatz.Research.DescentAtlas.Batch182.data_4079' does not depend on any axioms
'Collatz.Research.DescentAtlas.Batch182.affine_4079' depends on axioms: [propext, Quot.sound]
'Collatz.Research.DescentAtlas.Batch182.descent_4079' depends on axioms: [propext, Classical.choice, Quot.sound]
'Collatz.Research.DescentAtlas.Batch182.data_4081' does not depend on any axioms
'Collatz.Research.DescentAtlas.Batch182.affine_4081' depends on axioms: [propext, Quot.sound]
'Collatz.Research.DescentAtlas.Batch182.descent_4081' depends on axioms: [propext, Classical.choice, Quot.sound]
'Collatz.Research.DescentAtlas.Batch182.data_4083' does not depend on any axioms
'Collatz.Research.DescentAtlas.Batch182.affine_4083' depends on axioms: [propext, Quot.sound]
'Collatz.Research.DescentAtlas.Batch182.descent_4083' depends on axioms: [propext, Classical.choice, Quot.sound]
'Collatz.Research.DescentAtlas.Batch182.data_4085' does not depend on any axioms
'Collatz.Research.DescentAtlas.Batch182.affine_4085' depends on axioms: [propext, Quot.sound]
'Collatz.Research.DescentAtlas.Batch182.descent_4085' depends on axioms: [propext, Classical.choice, Quot.sound]
'Collatz.Research.DescentAtlas.Batch182.data_4091' does not depend on any axioms
'Collatz.Research.DescentAtlas.Batch182.affine_4091' depends on axioms: [propext, Quot.sound]
'Collatz.Research.DescentAtlas.Batch182.descent_4091' depends on axioms: [propext, Classical.choice, Quot.sound]
'Collatz.Research.DescentAtlas.Batch182.data_4097' does not depend on any axioms
'Collatz.Research.DescentAtlas.Batch182.affine_4097' depends on axioms: [propext, Quot.sound]
'Collatz.Research.DescentAtlas.Batch182.descent_4097' depends on axioms: [propext, Classical.choice, Quot.sound]
'Collatz.Research.DescentAtlas.Batch182.data_4099' does not depend on any axioms
'Collatz.Research.DescentAtlas.Batch182.affine_4099' depends on axioms: [propext, Quot.sound]
'Collatz.Research.DescentAtlas.Batch182.descent_4099' depends on axioms: [propext, Classical.choice, Quot.sound]
'Collatz.Research.DescentAtlas.Batch182.data_4101' does not depend on any axioms
'Collatz.Research.DescentAtlas.Batch182.affine_4101' depends on axioms: [propext, Quot.sound]
'Collatz.Research.DescentAtlas.Batch182.descent_4101' depends on axioms: [propext, Classical.choice, Quot.sound]
'Collatz.Research.DescentAtlas.Batch183.data_4103' does not depend on any axioms
'Collatz.Research.DescentAtlas.Batch183.affine_4103' depends on axioms: [propext, Quot.sound]
'Collatz.Research.DescentAtlas.Batch183.descent_4103' depends on axioms: [propext, Classical.choice, Quot.sound]
'Collatz.Research.DescentAtlas.Batch183.data_4105' does not depend on any axioms
'Collatz.Research.DescentAtlas.Batch183.affine_4105' depends on axioms: [propext, Quot.sound]
'Collatz.Research.DescentAtlas.Batch183.descent_4105' depends on axioms: [propext, Classical.choice, Quot.sound]
'Collatz.Research.DescentAtlas.Batch183.data_4107' does not depend on any axioms
'Collatz.Research.DescentAtlas.Batch183.affine_4107' depends on axioms: [propext, Quot.sound]
'Collatz.Research.DescentAtlas.Batch183.descent_4107' depends on axioms: [propext, Classical.choice, Quot.sound]
'Collatz.Research.DescentAtlas.Batch183.data_4109' does not depend on any axioms
'Collatz.Research.DescentAtlas.Batch183.affine_4109' depends on axioms: [propext, Quot.sound]
'Collatz.Research.DescentAtlas.Batch183.descent_4109' depends on axioms: [propext, Classical.choice, Quot.sound]
'Collatz.Research.DescentAtlas.Batch183.data_4111' does not depend on any axioms
'Collatz.Research.DescentAtlas.Batch183.affine_4111' depends on axioms: [propext, Quot.sound]
'Collatz.Research.DescentAtlas.Batch183.descent_4111' depends on axioms: [propext, Classical.choice, Quot.sound]
'Collatz.Research.DescentAtlas.Batch183.data_4113' does not depend on any axioms
'Collatz.Research.DescentAtlas.Batch183.affine_4113' depends on axioms: [propext, Quot.sound]
'Collatz.Research.DescentAtlas.Batch183.descent_4113' depends on axioms: [propext, Classical.choice, Quot.sound]
'Collatz.Research.DescentAtlas.Batch183.data_4115' does not depend on any axioms
'Collatz.Research.DescentAtlas.Batch183.affine_4115' depends on axioms: [propext, Quot.sound]
'Collatz.Research.DescentAtlas.Batch183.descent_4115' depends on axioms: [propext, Classical.choice, Quot.sound]
'Collatz.Research.DescentAtlas.Batch183.data_4117' does not depend on any axioms
'Collatz.Research.DescentAtlas.Batch183.affine_4117' depends on axioms: [propext, Quot.sound]
'Collatz.Research.DescentAtlas.Batch183.descent_4117' depends on axioms: [propext, Classical.choice, Quot.sound]
'Collatz.Research.DescentAtlas.Batch184.data_4119' does not depend on any axioms
'Collatz.Research.DescentAtlas.Batch184.affine_4119' depends on axioms: [propext, Quot.sound]
'Collatz.Research.DescentAtlas.Batch184.descent_4119' depends on axioms: [propext, Classical.choice, Quot.sound]
'Collatz.Research.DescentAtlas.Batch184.data_4121' does not depend on any axioms
'Collatz.Research.DescentAtlas.Batch184.affine_4121' depends on axioms: [propext, Quot.sound]
'Collatz.Research.DescentAtlas.Batch184.descent_4121' depends on axioms: [propext, Classical.choice, Quot.sound]
'Collatz.Research.DescentAtlas.Batch184.data_4125' does not depend on any axioms
'Collatz.Research.DescentAtlas.Batch184.affine_4125' depends on axioms: [propext, Quot.sound]
'Collatz.Research.DescentAtlas.Batch184.descent_4125' depends on axioms: [propext, Classical.choice, Quot.sound]
'Collatz.Research.DescentAtlas.Batch184.data_4131' does not depend on any axioms
'Collatz.Research.DescentAtlas.Batch184.affine_4131' depends on axioms: [propext, Quot.sound]
'Collatz.Research.DescentAtlas.Batch184.descent_4131' depends on axioms: [propext, Classical.choice, Quot.sound]
'Collatz.Research.DescentAtlas.Batch184.data_4133' does not depend on any axioms
'Collatz.Research.DescentAtlas.Batch184.affine_4133' depends on axioms: [propext, Quot.sound]
'Collatz.Research.DescentAtlas.Batch184.descent_4133' depends on axioms: [propext, Classical.choice, Quot.sound]
'Collatz.Research.DescentAtlas.Batch184.data_4135' does not depend on any axioms
'Collatz.Research.DescentAtlas.Batch184.affine_4135' depends on axioms: [propext, Quot.sound]
'Collatz.Research.DescentAtlas.Batch184.descent_4135' depends on axioms: [propext, Classical.choice, Quot.sound]
'Collatz.Research.DescentAtlas.Batch184.data_4139' does not depend on any axioms
'Collatz.Research.DescentAtlas.Batch184.affine_4139' depends on axioms: [propext, Quot.sound]
'Collatz.Research.DescentAtlas.Batch184.descent_4139' depends on axioms: [propext, Classical.choice, Quot.sound]
'Collatz.Research.DescentAtlas.Batch184.data_4141' does not depend on any axioms
'Collatz.Research.DescentAtlas.Batch184.affine_4141' depends on axioms: [propext, Quot.sound]
'Collatz.Research.DescentAtlas.Batch184.descent_4141' depends on axioms: [propext, Classical.choice, Quot.sound]
'Collatz.Research.DescentAtlas.Batch185.data_4145' does not depend on any axioms
'Collatz.Research.DescentAtlas.Batch185.affine_4145' depends on axioms: [propext, Quot.sound]
'Collatz.Research.DescentAtlas.Batch185.descent_4145' depends on axioms: [propext, Classical.choice, Quot.sound]
'Collatz.Research.DescentAtlas.Batch185.data_4147' does not depend on any axioms
'Collatz.Research.DescentAtlas.Batch185.affine_4147' depends on axioms: [propext, Quot.sound]
'Collatz.Research.DescentAtlas.Batch185.descent_4147' depends on axioms: [propext, Classical.choice, Quot.sound]
'Collatz.Research.DescentAtlas.Batch185.data_4149' does not depend on any axioms
'Collatz.Research.DescentAtlas.Batch185.affine_4149' depends on axioms: [propext, Quot.sound]
'Collatz.Research.DescentAtlas.Batch185.descent_4149' depends on axioms: [propext, Classical.choice, Quot.sound]
'Collatz.Research.DescentAtlas.Batch185.data_4151' does not depend on any axioms
'Collatz.Research.DescentAtlas.Batch185.affine_4151' depends on axioms: [propext, Quot.sound]
'Collatz.Research.DescentAtlas.Batch185.descent_4151' depends on axioms: [propext, Classical.choice, Quot.sound]
'Collatz.Research.DescentAtlas.Batch185.data_4153' does not depend on any axioms
'Collatz.Research.DescentAtlas.Batch185.affine_4153' depends on axioms: [propext, Quot.sound]
'Collatz.Research.DescentAtlas.Batch185.descent_4153' depends on axioms: [propext, Classical.choice, Quot.sound]
'Collatz.Research.DescentAtlas.Batch185.data_4155' does not depend on any axioms
'Collatz.Research.DescentAtlas.Batch185.affine_4155' depends on axioms: [propext, Quot.sound]
'Collatz.Research.DescentAtlas.Batch185.descent_4155' depends on axioms: [propext, Classical.choice, Quot.sound]
'Collatz.Research.DescentAtlas.Batch185.data_4157' does not depend on any axioms
'Collatz.Research.DescentAtlas.Batch185.affine_4157' depends on axioms: [propext, Quot.sound]
'Collatz.Research.DescentAtlas.Batch185.descent_4157' depends on axioms: [propext, Classical.choice, Quot.sound]
'Collatz.Research.DescentAtlas.Batch185.data_4159' does not depend on any axioms
'Collatz.Research.DescentAtlas.Batch185.affine_4159' depends on axioms: [propext, Quot.sound]
'Collatz.Research.DescentAtlas.Batch185.descent_4159' depends on axioms: [propext, Classical.choice, Quot.sound]
'Collatz.Research.DescentAtlas.Batch186.data_4161' does not depend on any axioms
'Collatz.Research.DescentAtlas.Batch186.affine_4161' depends on axioms: [propext, Quot.sound]
'Collatz.Research.DescentAtlas.Batch186.descent_4161' depends on axioms: [propext, Classical.choice, Quot.sound]
'Collatz.Research.DescentAtlas.Batch186.data_4163' does not depend on any axioms
'Collatz.Research.DescentAtlas.Batch186.affine_4163' depends on axioms: [propext, Quot.sound]
'Collatz.Research.DescentAtlas.Batch186.descent_4163' depends on axioms: [propext, Classical.choice, Quot.sound]
'Collatz.Research.DescentAtlas.Batch186.data_4165' does not depend on any axioms
'Collatz.Research.DescentAtlas.Batch186.affine_4165' depends on axioms: [propext, Quot.sound]
'Collatz.Research.DescentAtlas.Batch186.descent_4165' depends on axioms: [propext, Classical.choice, Quot.sound]
'Collatz.Research.DescentAtlas.Batch186.data_4171' does not depend on any axioms
'Collatz.Research.DescentAtlas.Batch186.affine_4171' depends on axioms: [propext, Quot.sound]
'Collatz.Research.DescentAtlas.Batch186.descent_4171' depends on axioms: [propext, Classical.choice, Quot.sound]
'Collatz.Research.DescentAtlas.Batch186.data_4173' does not depend on any axioms
'Collatz.Research.DescentAtlas.Batch186.affine_4173' depends on axioms: [propext, Quot.sound]
'Collatz.Research.DescentAtlas.Batch186.descent_4173' depends on axioms: [propext, Classical.choice, Quot.sound]
'Collatz.Research.DescentAtlas.Batch186.data_4177' does not depend on any axioms
'Collatz.Research.DescentAtlas.Batch186.affine_4177' depends on axioms: [propext, Quot.sound]
'Collatz.Research.DescentAtlas.Batch186.descent_4177' depends on axioms: [propext, Classical.choice, Quot.sound]
'Collatz.Research.DescentAtlas.Batch186.data_4181' does not depend on any axioms
'Collatz.Research.DescentAtlas.Batch186.affine_4181' depends on axioms: [propext, Quot.sound]
'Collatz.Research.DescentAtlas.Batch186.descent_4181' depends on axioms: [propext, Classical.choice, Quot.sound]
'Collatz.Research.DescentAtlas.Batch186.data_4183' does not depend on any axioms
'Collatz.Research.DescentAtlas.Batch186.affine_4183' depends on axioms: [propext, Quot.sound]
'Collatz.Research.DescentAtlas.Batch186.descent_4183' depends on axioms: [propext, Classical.choice, Quot.sound]
'Collatz.Research.DescentAtlas.Batch187.data_4185' does not depend on any axioms
'Collatz.Research.DescentAtlas.Batch187.affine_4185' depends on axioms: [propext, Quot.sound]
'Collatz.Research.DescentAtlas.Batch187.descent_4185' depends on axioms: [propext, Classical.choice, Quot.sound]
'Collatz.Research.DescentAtlas.Batch187.data_4189' does not depend on any axioms
'Collatz.Research.DescentAtlas.Batch187.affine_4189' depends on axioms: [propext, Quot.sound]
'Collatz.Research.DescentAtlas.Batch187.descent_4189' depends on axioms: [propext, Classical.choice, Quot.sound]
'Collatz.Research.DescentAtlas.Batch187.data_4191' does not depend on any axioms
'Collatz.Research.DescentAtlas.Batch187.affine_4191' depends on axioms: [propext, Quot.sound]
'Collatz.Research.DescentAtlas.Batch187.descent_4191' depends on axioms: [propext, Classical.choice, Quot.sound]
'Collatz.Research.DescentAtlas.Batch187.data_4195' does not depend on any axioms
'Collatz.Research.DescentAtlas.Batch187.affine_4195' depends on axioms: [propext, Quot.sound]
'Collatz.Research.DescentAtlas.Batch187.descent_4195' depends on axioms: [propext, Classical.choice, Quot.sound]
'Collatz.Research.DescentAtlas.Batch187.data_4197' does not depend on any axioms
'Collatz.Research.DescentAtlas.Batch187.affine_4197' depends on axioms: [propext, Quot.sound]
'Collatz.Research.DescentAtlas.Batch187.descent_4197' depends on axioms: [propext, Classical.choice, Quot.sound]
'Collatz.Research.DescentAtlas.Batch187.data_4199' does not depend on any axioms
'Collatz.Research.DescentAtlas.Batch187.affine_4199' depends on axioms: [propext, Quot.sound]
'Collatz.Research.DescentAtlas.Batch187.descent_4199' depends on axioms: [propext, Classical.choice, Quot.sound]
'Collatz.Research.DescentAtlas.Batch187.data_4201' does not depend on any axioms
'Collatz.Research.DescentAtlas.Batch187.affine_4201' depends on axioms: [propext, Quot.sound]
'Collatz.Research.DescentAtlas.Batch187.descent_4201' depends on axioms: [propext, Classical.choice, Quot.sound]
'Collatz.Research.DescentAtlas.Batch187.data_4203' does not depend on any axioms
'Collatz.Research.DescentAtlas.Batch187.affine_4203' depends on axioms: [propext, Quot.sound]
'Collatz.Research.DescentAtlas.Batch187.descent_4203' depends on axioms: [propext, Classical.choice, Quot.sound]
'Collatz.Research.DescentAtlas.Batch188.data_4209' does not depend on any axioms
'Collatz.Research.DescentAtlas.Batch188.affine_4209' depends on axioms: [propext, Quot.sound]
'Collatz.Research.DescentAtlas.Batch188.descent_4209' depends on axioms: [propext, Classical.choice, Quot.sound]
'Collatz.Research.DescentAtlas.Batch188.data_4211' does not depend on any axioms
'Collatz.Research.DescentAtlas.Batch188.affine_4211' depends on axioms: [propext, Quot.sound]
'Collatz.Research.DescentAtlas.Batch188.descent_4211' depends on axioms: [propext, Classical.choice, Quot.sound]
'Collatz.Research.DescentAtlas.Batch188.data_4213' does not depend on any axioms
'Collatz.Research.DescentAtlas.Batch188.affine_4213' depends on axioms: [propext, Quot.sound]
'Collatz.Research.DescentAtlas.Batch188.descent_4213' depends on axioms: [propext, Classical.choice, Quot.sound]
'Collatz.Research.DescentAtlas.Batch188.data_4215' does not depend on any axioms
'Collatz.Research.DescentAtlas.Batch188.affine_4215' depends on axioms: [propext, Quot.sound]
'Collatz.Research.DescentAtlas.Batch188.descent_4215' depends on axioms: [propext, Classical.choice, Quot.sound]
'Collatz.Research.DescentAtlas.Batch188.data_4219' does not depend on any axioms
'Collatz.Research.DescentAtlas.Batch188.affine_4219' depends on axioms: [propext, Quot.sound]
'Collatz.Research.DescentAtlas.Batch188.descent_4219' depends on axioms: [propext, Classical.choice, Quot.sound]
'Collatz.Research.DescentAtlas.Batch188.data_4225' does not depend on any axioms
'Collatz.Research.DescentAtlas.Batch188.affine_4225' depends on axioms: [propext, Quot.sound]
'Collatz.Research.DescentAtlas.Batch188.descent_4225' depends on axioms: [propext, Classical.choice, Quot.sound]
'Collatz.Research.DescentAtlas.Batch188.data_4227' does not depend on any axioms
'Collatz.Research.DescentAtlas.Batch188.affine_4227' depends on axioms: [propext, Quot.sound]
'Collatz.Research.DescentAtlas.Batch188.descent_4227' depends on axioms: [propext, Classical.choice, Quot.sound]
'Collatz.Research.DescentAtlas.Batch188.data_4229' does not depend on any axioms
'Collatz.Research.DescentAtlas.Batch188.affine_4229' depends on axioms: [propext, Quot.sound]
'Collatz.Research.DescentAtlas.Batch188.descent_4229' depends on axioms: [propext, Classical.choice, Quot.sound]
'Collatz.Research.DescentAtlas.Batch189.data_4231' does not depend on any axioms
'Collatz.Research.DescentAtlas.Batch189.affine_4231' depends on axioms: [propext, Quot.sound]
'Collatz.Research.DescentAtlas.Batch189.descent_4231' depends on axioms: [propext, Classical.choice, Quot.sound]
'Collatz.Research.DescentAtlas.Batch189.data_4237' does not depend on any axioms
'Collatz.Research.DescentAtlas.Batch189.affine_4237' depends on axioms: [propext, Quot.sound]
'Collatz.Research.DescentAtlas.Batch189.descent_4237' depends on axioms: [propext, Classical.choice, Quot.sound]
'Collatz.Research.DescentAtlas.Batch189.data_4245' does not depend on any axioms
'Collatz.Research.DescentAtlas.Batch189.affine_4245' depends on axioms: [propext, Quot.sound]
'Collatz.Research.DescentAtlas.Batch189.descent_4245' depends on axioms: [propext, Classical.choice, Quot.sound]
'Collatz.Research.DescentAtlas.Batch189.data_4247' does not depend on any axioms
'Collatz.Research.DescentAtlas.Batch189.affine_4247' depends on axioms: [propext, Quot.sound]
'Collatz.Research.DescentAtlas.Batch189.descent_4247' depends on axioms: [propext, Classical.choice, Quot.sound]
'Collatz.Research.DescentAtlas.Batch189.data_4249' does not depend on any axioms
'Collatz.Research.DescentAtlas.Batch189.affine_4249' depends on axioms: [propext, Quot.sound]
'Collatz.Research.DescentAtlas.Batch189.descent_4249' depends on axioms: [propext, Classical.choice, Quot.sound]
'Collatz.Research.DescentAtlas.Batch189.data_4251' does not depend on any axioms
'Collatz.Research.DescentAtlas.Batch189.affine_4251' depends on axioms: [propext, Quot.sound]
'Collatz.Research.DescentAtlas.Batch189.descent_4251' depends on axioms: [propext, Classical.choice, Quot.sound]
'Collatz.Research.DescentAtlas.Batch189.data_4253' does not depend on any axioms
'Collatz.Research.DescentAtlas.Batch189.affine_4253' depends on axioms: [propext, Quot.sound]
'Collatz.Research.DescentAtlas.Batch189.descent_4253' depends on axioms: [propext, Classical.choice, Quot.sound]
'Collatz.Research.DescentAtlas.Batch189.data_4257' does not depend on any axioms
'Collatz.Research.DescentAtlas.Batch189.affine_4257' depends on axioms: [propext, Quot.sound]
'Collatz.Research.DescentAtlas.Batch189.descent_4257' depends on axioms: [propext, Classical.choice, Quot.sound]
'Collatz.Research.DescentAtlas.Batch190.data_4259' does not depend on any axioms
'Collatz.Research.DescentAtlas.Batch190.affine_4259' depends on axioms: [propext, Quot.sound]
'Collatz.Research.DescentAtlas.Batch190.descent_4259' depends on axioms: [propext, Classical.choice, Quot.sound]
'Collatz.Research.DescentAtlas.Batch190.data_4261' does not depend on any axioms
'Collatz.Research.DescentAtlas.Batch190.affine_4261' depends on axioms: [propext, Quot.sound]
'Collatz.Research.DescentAtlas.Batch190.descent_4261' depends on axioms: [propext, Classical.choice, Quot.sound]
'Collatz.Research.DescentAtlas.Batch190.data_4267' does not depend on any axioms
'Collatz.Research.DescentAtlas.Batch190.affine_4267' depends on axioms: [propext, Quot.sound]
'Collatz.Research.DescentAtlas.Batch190.descent_4267' depends on axioms: [propext, Classical.choice, Quot.sound]
'Collatz.Research.DescentAtlas.Batch190.data_4269' does not depend on any axioms
'Collatz.Research.DescentAtlas.Batch190.affine_4269' depends on axioms: [propext, Quot.sound]
'Collatz.Research.DescentAtlas.Batch190.descent_4269' depends on axioms: [propext, Classical.choice, Quot.sound]
'Collatz.Research.DescentAtlas.Batch190.data_4271' does not depend on any axioms
'Collatz.Research.DescentAtlas.Batch190.affine_4271' depends on axioms: [propext, Quot.sound]
'Collatz.Research.DescentAtlas.Batch190.descent_4271' depends on axioms: [propext, Classical.choice, Quot.sound]
'Collatz.Research.DescentAtlas.Batch190.data_4273' does not depend on any axioms
'Collatz.Research.DescentAtlas.Batch190.affine_4273' depends on axioms: [propext, Quot.sound]
'Collatz.Research.DescentAtlas.Batch190.descent_4273' depends on axioms: [propext, Classical.choice, Quot.sound]
'Collatz.Research.DescentAtlas.Batch190.data_4275' does not depend on any axioms
'Collatz.Research.DescentAtlas.Batch190.affine_4275' depends on axioms: [propext, Quot.sound]
'Collatz.Research.DescentAtlas.Batch190.descent_4275' depends on axioms: [propext, Classical.choice, Quot.sound]
'Collatz.Research.DescentAtlas.Batch190.data_4277' does not depend on any axioms
'Collatz.Research.DescentAtlas.Batch190.affine_4277' depends on axioms: [propext, Quot.sound]
'Collatz.Research.DescentAtlas.Batch190.descent_4277' depends on axioms: [propext, Classical.choice, Quot.sound]
'Collatz.Research.DescentAtlas.Batch191.data_4281' does not depend on any axioms
'Collatz.Research.DescentAtlas.Batch191.affine_4281' depends on axioms: [propext, Quot.sound]
'Collatz.Research.DescentAtlas.Batch191.descent_4281' depends on axioms: [propext, Classical.choice, Quot.sound]
'Collatz.Research.DescentAtlas.Batch191.data_4283' does not depend on any axioms
'Collatz.Research.DescentAtlas.Batch191.affine_4283' depends on axioms: [propext, Quot.sound]
'Collatz.Research.DescentAtlas.Batch191.descent_4283' depends on axioms: [propext, Classical.choice, Quot.sound]
'Collatz.Research.DescentAtlas.Batch191.data_4285' does not depend on any axioms
'Collatz.Research.DescentAtlas.Batch191.affine_4285' depends on axioms: [propext, Quot.sound]
'Collatz.Research.DescentAtlas.Batch191.descent_4285' depends on axioms: [propext, Classical.choice, Quot.sound]
'Collatz.Research.DescentAtlas.Batch191.data_4289' does not depend on any axioms
'Collatz.Research.DescentAtlas.Batch191.affine_4289' depends on axioms: [propext, Quot.sound]
'Collatz.Research.DescentAtlas.Batch191.descent_4289' depends on axioms: [propext, Classical.choice, Quot.sound]
'Collatz.Research.DescentAtlas.Batch191.data_4291' does not depend on any axioms
'Collatz.Research.DescentAtlas.Batch191.affine_4291' depends on axioms: [propext, Quot.sound]
'Collatz.Research.DescentAtlas.Batch191.descent_4291' depends on axioms: [propext, Classical.choice, Quot.sound]
'Collatz.Research.DescentAtlas.Batch191.data_4293' does not depend on any axioms
'Collatz.Research.DescentAtlas.Batch191.affine_4293' depends on axioms: [propext, Quot.sound]
'Collatz.Research.DescentAtlas.Batch191.descent_4293' depends on axioms: [propext, Classical.choice, Quot.sound]
'Collatz.Research.DescentAtlas.Batch191.data_4295' does not depend on any axioms
'Collatz.Research.DescentAtlas.Batch191.affine_4295' depends on axioms: [propext, Quot.sound]
'Collatz.Research.DescentAtlas.Batch191.descent_4295' depends on axioms: [propext, Classical.choice, Quot.sound]
'Collatz.Research.DescentAtlas.Batch191.data_4297' does not depend on any axioms
'Collatz.Research.DescentAtlas.Batch191.affine_4297' depends on axioms: [propext, Quot.sound]
'Collatz.Research.DescentAtlas.Batch191.descent_4297' depends on axioms: [propext, Classical.choice, Quot.sound]
'Collatz.Research.DescentAtlas.Batch192.data_4299' does not depend on any axioms
'Collatz.Research.DescentAtlas.Batch192.affine_4299' depends on axioms: [propext, Quot.sound]
'Collatz.Research.DescentAtlas.Batch192.descent_4299' depends on axioms: [propext, Classical.choice, Quot.sound]
'Collatz.Research.DescentAtlas.Batch192.data_4301' does not depend on any axioms
'Collatz.Research.DescentAtlas.Batch192.affine_4301' depends on axioms: [propext, Quot.sound]
'Collatz.Research.DescentAtlas.Batch192.descent_4301' depends on axioms: [propext, Classical.choice, Quot.sound]
'Collatz.Research.DescentAtlas.Batch192.data_4305' does not depend on any axioms
'Collatz.Research.DescentAtlas.Batch192.affine_4305' depends on axioms: [propext, Quot.sound]
'Collatz.Research.DescentAtlas.Batch192.descent_4305' depends on axioms: [propext, Classical.choice, Quot.sound]
'Collatz.Research.DescentAtlas.Batch192.data_4307' does not depend on any axioms
'Collatz.Research.DescentAtlas.Batch192.affine_4307' depends on axioms: [propext, Quot.sound]
'Collatz.Research.DescentAtlas.Batch192.descent_4307' depends on axioms: [propext, Classical.choice, Quot.sound]
'Collatz.Research.DescentAtlas.Batch192.data_4309' does not depend on any axioms
'Collatz.Research.DescentAtlas.Batch192.affine_4309' depends on axioms: [propext, Quot.sound]
'Collatz.Research.DescentAtlas.Batch192.descent_4309' depends on axioms: [propext, Classical.choice, Quot.sound]
'Collatz.Research.DescentAtlas.Batch192.data_4313' does not depend on any axioms
'Collatz.Research.DescentAtlas.Batch192.affine_4313' depends on axioms: [propext, Quot.sound]
'Collatz.Research.DescentAtlas.Batch192.descent_4313' depends on axioms: [propext, Classical.choice, Quot.sound]
'Collatz.Research.DescentAtlas.Batch192.data_4315' does not depend on any axioms
'Collatz.Research.DescentAtlas.Batch192.affine_4315' depends on axioms: [propext, Quot.sound]
'Collatz.Research.DescentAtlas.Batch192.descent_4315' depends on axioms: [propext, Classical.choice, Quot.sound]
'Collatz.Research.DescentAtlas.Batch192.data_4317' does not depend on any axioms
'Collatz.Research.DescentAtlas.Batch192.affine_4317' depends on axioms: [propext, Quot.sound]
'Collatz.Research.DescentAtlas.Batch192.descent_4317' depends on axioms: [propext, Classical.choice, Quot.sound]
'Collatz.Research.DescentAtlas.Batch193.data_4323' does not depend on any axioms
'Collatz.Research.DescentAtlas.Batch193.affine_4323' depends on axioms: [propext, Quot.sound]
'Collatz.Research.DescentAtlas.Batch193.descent_4323' depends on axioms: [propext, Classical.choice, Quot.sound]
'Collatz.Research.DescentAtlas.Batch193.data_4325' does not depend on any axioms
'Collatz.Research.DescentAtlas.Batch193.affine_4325' depends on axioms: [propext, Quot.sound]
'Collatz.Research.DescentAtlas.Batch193.descent_4325' depends on axioms: [propext, Classical.choice, Quot.sound]
'Collatz.Research.DescentAtlas.Batch193.data_4333' does not depend on any axioms
'Collatz.Research.DescentAtlas.Batch193.affine_4333' depends on axioms: [propext, Quot.sound]
'Collatz.Research.DescentAtlas.Batch193.descent_4333' depends on axioms: [propext, Classical.choice, Quot.sound]
'Collatz.Research.DescentAtlas.Batch193.data_4337' does not depend on any axioms
'Collatz.Research.DescentAtlas.Batch193.affine_4337' depends on axioms: [propext, Quot.sound]
'Collatz.Research.DescentAtlas.Batch193.descent_4337' depends on axioms: [propext, Classical.choice, Quot.sound]
'Collatz.Research.DescentAtlas.Batch193.data_4339' does not depend on any axioms
'Collatz.Research.DescentAtlas.Batch193.affine_4339' depends on axioms: [propext, Quot.sound]
'Collatz.Research.DescentAtlas.Batch193.descent_4339' depends on axioms: [propext, Classical.choice, Quot.sound]
'Collatz.Research.DescentAtlas.Batch193.data_4341' does not depend on any axioms
'Collatz.Research.DescentAtlas.Batch193.affine_4341' depends on axioms: [propext, Quot.sound]
'Collatz.Research.DescentAtlas.Batch193.descent_4341' depends on axioms: [propext, Classical.choice, Quot.sound]
'Collatz.Research.DescentAtlas.Batch193.data_4343' does not depend on any axioms
'Collatz.Research.DescentAtlas.Batch193.affine_4343' depends on axioms: [propext, Quot.sound]
'Collatz.Research.DescentAtlas.Batch193.descent_4343' depends on axioms: [propext, Classical.choice, Quot.sound]
'Collatz.Research.DescentAtlas.Batch193.data_4349' does not depend on any axioms
'Collatz.Research.DescentAtlas.Batch193.affine_4349' depends on axioms: [propext, Quot.sound]
'Collatz.Research.DescentAtlas.Batch193.descent_4349' depends on axioms: [propext, Classical.choice, Quot.sound]
'Collatz.Research.DescentAtlas.Batch194.data_4353' does not depend on any axioms
'Collatz.Research.DescentAtlas.Batch194.affine_4353' depends on axioms: [propext, Quot.sound]
'Collatz.Research.DescentAtlas.Batch194.descent_4353' depends on axioms: [propext, Classical.choice, Quot.sound]
'Collatz.Research.DescentAtlas.Batch194.data_4355' does not depend on any axioms
'Collatz.Research.DescentAtlas.Batch194.affine_4355' depends on axioms: [propext, Quot.sound]
'Collatz.Research.DescentAtlas.Batch194.descent_4355' depends on axioms: [propext, Classical.choice, Quot.sound]
'Collatz.Research.DescentAtlas.Batch194.data_4357' does not depend on any axioms
'Collatz.Research.DescentAtlas.Batch194.affine_4357' depends on axioms: [propext, Quot.sound]
'Collatz.Research.DescentAtlas.Batch194.descent_4357' depends on axioms: [propext, Classical.choice, Quot.sound]
'Collatz.Research.DescentAtlas.Batch194.data_4361' does not depend on any axioms
'Collatz.Research.DescentAtlas.Batch194.affine_4361' depends on axioms: [propext, Quot.sound]
'Collatz.Research.DescentAtlas.Batch194.descent_4361' depends on axioms: [propext, Classical.choice, Quot.sound]
'Collatz.Research.DescentAtlas.Batch194.data_4363' does not depend on any axioms
'Collatz.Research.DescentAtlas.Batch194.affine_4363' depends on axioms: [propext, Quot.sound]
'Collatz.Research.DescentAtlas.Batch194.descent_4363' depends on axioms: [propext, Classical.choice, Quot.sound]
'Collatz.Research.DescentAtlas.Batch194.data_4365' does not depend on any axioms
'Collatz.Research.DescentAtlas.Batch194.affine_4365' depends on axioms: [propext, Quot.sound]
'Collatz.Research.DescentAtlas.Batch194.descent_4365' depends on axioms: [propext, Classical.choice, Quot.sound]
'Collatz.Research.DescentAtlas.Batch194.data_4367' does not depend on any axioms
'Collatz.Research.DescentAtlas.Batch194.affine_4367' depends on axioms: [propext, Quot.sound]
'Collatz.Research.DescentAtlas.Batch194.descent_4367' depends on axioms: [propext, Classical.choice, Quot.sound]
'Collatz.Research.DescentAtlas.Batch194.data_4369' does not depend on any axioms
'Collatz.Research.DescentAtlas.Batch194.affine_4369' depends on axioms: [propext, Quot.sound]
'Collatz.Research.DescentAtlas.Batch194.descent_4369' depends on axioms: [propext, Classical.choice, Quot.sound]
'Collatz.Research.DescentAtlas.Batch195.data_4373' does not depend on any axioms
'Collatz.Research.DescentAtlas.Batch195.affine_4373' depends on axioms: [propext, Quot.sound]
'Collatz.Research.DescentAtlas.Batch195.descent_4373' depends on axioms: [propext, Classical.choice, Quot.sound]
'Collatz.Research.DescentAtlas.Batch195.data_4381' does not depend on any axioms
'Collatz.Research.DescentAtlas.Batch195.affine_4381' depends on axioms: [propext, Quot.sound]
'Collatz.Research.DescentAtlas.Batch195.descent_4381' depends on axioms: [propext, Classical.choice, Quot.sound]
'Collatz.Research.DescentAtlas.Batch195.data_4383' does not depend on any axioms
'Collatz.Research.DescentAtlas.Batch195.affine_4383' depends on axioms: [propext, Quot.sound]
'Collatz.Research.DescentAtlas.Batch195.descent_4383' depends on axioms: [propext, Classical.choice, Quot.sound]
'Collatz.Research.DescentAtlas.Batch195.data_4385' does not depend on any axioms
'Collatz.Research.DescentAtlas.Batch195.affine_4385' depends on axioms: [propext, Quot.sound]
'Collatz.Research.DescentAtlas.Batch195.descent_4385' depends on axioms: [propext, Classical.choice, Quot.sound]
'Collatz.Research.DescentAtlas.Batch195.data_4387' does not depend on any axioms
'Collatz.Research.DescentAtlas.Batch195.affine_4387' depends on axioms: [propext, Quot.sound]
'Collatz.Research.DescentAtlas.Batch195.descent_4387' depends on axioms: [propext, Classical.choice, Quot.sound]
'Collatz.Research.DescentAtlas.Batch195.data_4389' does not depend on any axioms
'Collatz.Research.DescentAtlas.Batch195.affine_4389' depends on axioms: [propext, Quot.sound]
'Collatz.Research.DescentAtlas.Batch195.descent_4389' depends on axioms: [propext, Classical.choice, Quot.sound]
'Collatz.Research.DescentAtlas.Batch195.data_4393' does not depend on any axioms
'Collatz.Research.DescentAtlas.Batch195.affine_4393' depends on axioms: [propext, Quot.sound]
'Collatz.Research.DescentAtlas.Batch195.descent_4393' depends on axioms: [propext, Classical.choice, Quot.sound]
'Collatz.Research.DescentAtlas.Batch195.data_4397' does not depend on any axioms
'Collatz.Research.DescentAtlas.Batch195.affine_4397' depends on axioms: [propext, Quot.sound]
'Collatz.Research.DescentAtlas.Batch195.descent_4397' depends on axioms: [propext, Classical.choice, Quot.sound]
'Collatz.Research.DescentAtlas.Batch196.data_4401' does not depend on any axioms
'Collatz.Research.DescentAtlas.Batch196.affine_4401' depends on axioms: [propext, Quot.sound]
'Collatz.Research.DescentAtlas.Batch196.descent_4401' depends on axioms: [propext, Classical.choice, Quot.sound]
'Collatz.Research.DescentAtlas.Batch196.data_4403' does not depend on any axioms
'Collatz.Research.DescentAtlas.Batch196.affine_4403' depends on axioms: [propext, Quot.sound]
'Collatz.Research.DescentAtlas.Batch196.descent_4403' depends on axioms: [propext, Classical.choice, Quot.sound]
'Collatz.Research.DescentAtlas.Batch196.data_4405' does not depend on any axioms
'Collatz.Research.DescentAtlas.Batch196.affine_4405' depends on axioms: [propext, Quot.sound]
'Collatz.Research.DescentAtlas.Batch196.descent_4405' depends on axioms: [propext, Classical.choice, Quot.sound]
'Collatz.Research.DescentAtlas.Batch196.data_4407' does not depend on any axioms
'Collatz.Research.DescentAtlas.Batch196.affine_4407' depends on axioms: [propext, Quot.sound]
'Collatz.Research.DescentAtlas.Batch196.descent_4407' depends on axioms: [propext, Classical.choice, Quot.sound]
'Collatz.Research.DescentAtlas.Batch196.data_4411' does not depend on any axioms
'Collatz.Research.DescentAtlas.Batch196.affine_4411' depends on axioms: [propext, Quot.sound]
'Collatz.Research.DescentAtlas.Batch196.descent_4411' depends on axioms: [propext, Classical.choice, Quot.sound]
'Collatz.Research.DescentAtlas.Batch196.data_4413' does not depend on any axioms
'Collatz.Research.DescentAtlas.Batch196.affine_4413' depends on axioms: [propext, Quot.sound]
'Collatz.Research.DescentAtlas.Batch196.descent_4413' depends on axioms: [propext, Classical.choice, Quot.sound]
'Collatz.Research.DescentAtlas.Batch196.data_4417' does not depend on any axioms
'Collatz.Research.DescentAtlas.Batch196.affine_4417' depends on axioms: [propext, Quot.sound]
'Collatz.Research.DescentAtlas.Batch196.descent_4417' depends on axioms: [propext, Classical.choice, Quot.sound]
'Collatz.Research.DescentAtlas.Batch196.data_4419' does not depend on any axioms
'Collatz.Research.DescentAtlas.Batch196.affine_4419' depends on axioms: [propext, Quot.sound]
'Collatz.Research.DescentAtlas.Batch196.descent_4419' depends on axioms: [propext, Classical.choice, Quot.sound]
'Collatz.Research.DescentAtlas.Batch197.data_4421' does not depend on any axioms
'Collatz.Research.DescentAtlas.Batch197.affine_4421' depends on axioms: [propext, Quot.sound]
'Collatz.Research.DescentAtlas.Batch197.descent_4421' depends on axioms: [propext, Classical.choice, Quot.sound]
'Collatz.Research.DescentAtlas.Batch197.data_4425' does not depend on any axioms
'Collatz.Research.DescentAtlas.Batch197.affine_4425' depends on axioms: [propext, Quot.sound]
'Collatz.Research.DescentAtlas.Batch197.descent_4425' depends on axioms: [propext, Classical.choice, Quot.sound]
'Collatz.Research.DescentAtlas.Batch197.data_4427' does not depend on any axioms
'Collatz.Research.DescentAtlas.Batch197.affine_4427' depends on axioms: [propext, Quot.sound]
'Collatz.Research.DescentAtlas.Batch197.descent_4427' depends on axioms: [propext, Classical.choice, Quot.sound]
'Collatz.Research.DescentAtlas.Batch197.data_4429' does not depend on any axioms
'Collatz.Research.DescentAtlas.Batch197.affine_4429' depends on axioms: [propext, Quot.sound]
'Collatz.Research.DescentAtlas.Batch197.descent_4429' depends on axioms: [propext, Classical.choice, Quot.sound]
'Collatz.Research.DescentAtlas.Batch197.data_4433' does not depend on any axioms
'Collatz.Research.DescentAtlas.Batch197.affine_4433' depends on axioms: [propext, Quot.sound]
'Collatz.Research.DescentAtlas.Batch197.descent_4433' depends on axioms: [propext, Classical.choice, Quot.sound]
'Collatz.Research.DescentAtlas.Batch197.data_4437' does not depend on any axioms
'Collatz.Research.DescentAtlas.Batch197.affine_4437' depends on axioms: [propext, Quot.sound]
'Collatz.Research.DescentAtlas.Batch197.descent_4437' depends on axioms: [propext, Classical.choice, Quot.sound]
'Collatz.Research.DescentAtlas.Batch197.data_4439' does not depend on any axioms
'Collatz.Research.DescentAtlas.Batch197.affine_4439' depends on axioms: [propext, Quot.sound]
'Collatz.Research.DescentAtlas.Batch197.descent_4439' depends on axioms: [propext, Classical.choice, Quot.sound]
'Collatz.Research.DescentAtlas.Batch197.data_4443' does not depend on any axioms
'Collatz.Research.DescentAtlas.Batch197.affine_4443' depends on axioms: [propext, Quot.sound]
'Collatz.Research.DescentAtlas.Batch197.descent_4443' depends on axioms: [propext, Classical.choice, Quot.sound]
'Collatz.Research.DescentAtlas.Batch198.data_4445' does not depend on any axioms
'Collatz.Research.DescentAtlas.Batch198.affine_4445' depends on axioms: [propext, Quot.sound]
'Collatz.Research.DescentAtlas.Batch198.descent_4445' depends on axioms: [propext, Classical.choice, Quot.sound]
'Collatz.Research.DescentAtlas.Batch198.data_4449' does not depend on any axioms
'Collatz.Research.DescentAtlas.Batch198.affine_4449' depends on axioms: [propext, Quot.sound]
'Collatz.Research.DescentAtlas.Batch198.descent_4449' depends on axioms: [propext, Classical.choice, Quot.sound]
'Collatz.Research.DescentAtlas.Batch198.data_4451' does not depend on any axioms
'Collatz.Research.DescentAtlas.Batch198.affine_4451' depends on axioms: [propext, Quot.sound]
'Collatz.Research.DescentAtlas.Batch198.descent_4451' depends on axioms: [propext, Classical.choice, Quot.sound]
'Collatz.Research.DescentAtlas.Batch198.data_4453' does not depend on any axioms
'Collatz.Research.DescentAtlas.Batch198.affine_4453' depends on axioms: [propext, Quot.sound]
'Collatz.Research.DescentAtlas.Batch198.descent_4453' depends on axioms: [propext, Classical.choice, Quot.sound]
'Collatz.Research.DescentAtlas.Batch198.data_4457' does not depend on any axioms
'Collatz.Research.DescentAtlas.Batch198.affine_4457' depends on axioms: [propext, Quot.sound]
'Collatz.Research.DescentAtlas.Batch198.descent_4457' depends on axioms: [propext, Classical.choice, Quot.sound]
'Collatz.Research.DescentAtlas.Batch198.data_4459' does not depend on any axioms
'Collatz.Research.DescentAtlas.Batch198.affine_4459' depends on axioms: [propext, Quot.sound]
'Collatz.Research.DescentAtlas.Batch198.descent_4459' depends on axioms: [propext, Classical.choice, Quot.sound]
'Collatz.Research.DescentAtlas.Batch198.data_4463' does not depend on any axioms
'Collatz.Research.DescentAtlas.Batch198.affine_4463' depends on axioms: [propext, Quot.sound]
'Collatz.Research.DescentAtlas.Batch198.descent_4463' depends on axioms: [propext, Classical.choice, Quot.sound]
'Collatz.Research.DescentAtlas.Batch198.data_4465' does not depend on any axioms
'Collatz.Research.DescentAtlas.Batch198.affine_4465' depends on axioms: [propext, Quot.sound]
'Collatz.Research.DescentAtlas.Batch198.descent_4465' depends on axioms: [propext, Classical.choice, Quot.sound]
'Collatz.Research.DescentAtlas.Batch199.data_4467' does not depend on any axioms
'Collatz.Research.DescentAtlas.Batch199.affine_4467' depends on axioms: [propext, Quot.sound]
'Collatz.Research.DescentAtlas.Batch199.descent_4467' depends on axioms: [propext, Classical.choice, Quot.sound]
'Collatz.Research.DescentAtlas.Batch199.data_4469' does not depend on any axioms
'Collatz.Research.DescentAtlas.Batch199.affine_4469' depends on axioms: [propext, Quot.sound]
'Collatz.Research.DescentAtlas.Batch199.descent_4469' depends on axioms: [propext, Classical.choice, Quot.sound]
'Collatz.Research.DescentAtlas.Batch199.data_4471' does not depend on any axioms
'Collatz.Research.DescentAtlas.Batch199.affine_4471' depends on axioms: [propext, Quot.sound]
'Collatz.Research.DescentAtlas.Batch199.descent_4471' depends on axioms: [propext, Classical.choice, Quot.sound]
'Collatz.Research.DescentAtlas.Batch199.data_4475' does not depend on any axioms
'Collatz.Research.DescentAtlas.Batch199.affine_4475' depends on axioms: [propext, Quot.sound]
'Collatz.Research.DescentAtlas.Batch199.descent_4475' depends on axioms: [propext, Classical.choice, Quot.sound]
'Collatz.Research.DescentAtlas.Batch199.data_4477' does not depend on any axioms
'Collatz.Research.DescentAtlas.Batch199.affine_4477' depends on axioms: [propext, Quot.sound]
'Collatz.Research.DescentAtlas.Batch199.descent_4477' depends on axioms: [propext, Classical.choice, Quot.sound]
'Collatz.Research.DescentAtlas.Batch199.data_4479' does not depend on any axioms
'Collatz.Research.DescentAtlas.Batch199.affine_4479' depends on axioms: [propext, Quot.sound]
'Collatz.Research.DescentAtlas.Batch199.descent_4479' depends on axioms: [propext, Classical.choice, Quot.sound]
'Collatz.Research.DescentAtlas.Batch199.data_4481' does not depend on any axioms
'Collatz.Research.DescentAtlas.Batch199.affine_4481' depends on axioms: [propext, Quot.sound]
'Collatz.Research.DescentAtlas.Batch199.descent_4481' depends on axioms: [propext, Classical.choice, Quot.sound]
'Collatz.Research.DescentAtlas.Batch199.data_4483' does not depend on any axioms
'Collatz.Research.DescentAtlas.Batch199.affine_4483' depends on axioms: [propext, Quot.sound]
'Collatz.Research.DescentAtlas.Batch199.descent_4483' depends on axioms: [propext, Classical.choice, Quot.sound]
'Collatz.Research.DescentAtlas.Batch200.data_4485' does not depend on any axioms
'Collatz.Research.DescentAtlas.Batch200.affine_4485' depends on axioms: [propext, Quot.sound]
'Collatz.Research.DescentAtlas.Batch200.descent_4485' depends on axioms: [propext, Classical.choice, Quot.sound]
'Collatz.Research.DescentAtlas.Batch200.data_4487' does not depend on any axioms
'Collatz.Research.DescentAtlas.Batch200.affine_4487' depends on axioms: [propext, Quot.sound]
'Collatz.Research.DescentAtlas.Batch200.descent_4487' depends on axioms: [propext, Classical.choice, Quot.sound]
'Collatz.Research.DescentAtlas.Batch200.data_4489' does not depend on any axioms
'Collatz.Research.DescentAtlas.Batch200.affine_4489' depends on axioms: [propext, Quot.sound]
'Collatz.Research.DescentAtlas.Batch200.descent_4489' depends on axioms: [propext, Classical.choice, Quot.sound]
'Collatz.Research.DescentAtlas.Batch200.data_4493' does not depend on any axioms
'Collatz.Research.DescentAtlas.Batch200.affine_4493' depends on axioms: [propext, Quot.sound]
'Collatz.Research.DescentAtlas.Batch200.descent_4493' depends on axioms: [propext, Classical.choice, Quot.sound]
'Collatz.Research.DescentAtlas.Batch200.data_4495' does not depend on any axioms
'Collatz.Research.DescentAtlas.Batch200.affine_4495' depends on axioms: [propext, Quot.sound]
'Collatz.Research.DescentAtlas.Batch200.descent_4495' depends on axioms: [propext, Classical.choice, Quot.sound]
'Collatz.Research.DescentAtlas.Batch200.data_4497' does not depend on any axioms
'Collatz.Research.DescentAtlas.Batch200.affine_4497' depends on axioms: [propext, Quot.sound]
'Collatz.Research.DescentAtlas.Batch200.descent_4497' depends on axioms: [propext, Classical.choice, Quot.sound]
'Collatz.Research.DescentAtlas.Batch200.data_4499' does not depend on any axioms
'Collatz.Research.DescentAtlas.Batch200.affine_4499' depends on axioms: [propext, Quot.sound]
'Collatz.Research.DescentAtlas.Batch200.descent_4499' depends on axioms: [propext, Classical.choice, Quot.sound]
'Collatz.Research.DescentAtlas.Batch200.data_4501' does not depend on any axioms
'Collatz.Research.DescentAtlas.Batch200.affine_4501' depends on axioms: [propext, Quot.sound]
'Collatz.Research.DescentAtlas.Batch200.descent_4501' depends on axioms: [propext, Classical.choice, Quot.sound]
'Collatz.Research.DescentAtlas.Batch201.data_4503' does not depend on any axioms
'Collatz.Research.DescentAtlas.Batch201.affine_4503' depends on axioms: [propext, Quot.sound]
'Collatz.Research.DescentAtlas.Batch201.descent_4503' depends on axioms: [propext, Classical.choice, Quot.sound]
'Collatz.Research.DescentAtlas.Batch201.data_4505' does not depend on any axioms
'Collatz.Research.DescentAtlas.Batch201.affine_4505' depends on axioms: [propext, Quot.sound]
'Collatz.Research.DescentAtlas.Batch201.descent_4505' depends on axioms: [propext, Classical.choice, Quot.sound]
'Collatz.Research.DescentAtlas.Batch201.data_4515' does not depend on any axioms
'Collatz.Research.DescentAtlas.Batch201.affine_4515' depends on axioms: [propext, Quot.sound]
'Collatz.Research.DescentAtlas.Batch201.descent_4515' depends on axioms: [propext, Classical.choice, Quot.sound]
'Collatz.Research.DescentAtlas.Batch201.data_4517' does not depend on any axioms
'Collatz.Research.DescentAtlas.Batch201.affine_4517' depends on axioms: [propext, Quot.sound]
'Collatz.Research.DescentAtlas.Batch201.descent_4517' depends on axioms: [propext, Classical.choice, Quot.sound]
'Collatz.Research.DescentAtlas.Batch201.data_4519' does not depend on any axioms
'Collatz.Research.DescentAtlas.Batch201.affine_4519' depends on axioms: [propext, Quot.sound]
'Collatz.Research.DescentAtlas.Batch201.descent_4519' depends on axioms: [propext, Classical.choice, Quot.sound]
'Collatz.Research.DescentAtlas.Batch201.data_4525' does not depend on any axioms
'Collatz.Research.DescentAtlas.Batch201.affine_4525' depends on axioms: [propext, Quot.sound]
'Collatz.Research.DescentAtlas.Batch201.descent_4525' depends on axioms: [propext, Classical.choice, Quot.sound]
'Collatz.Research.DescentAtlas.Batch201.data_4527' does not depend on any axioms
'Collatz.Research.DescentAtlas.Batch201.affine_4527' depends on axioms: [propext, Quot.sound]
'Collatz.Research.DescentAtlas.Batch201.descent_4527' depends on axioms: [propext, Classical.choice, Quot.sound]
'Collatz.Research.DescentAtlas.Batch201.data_4529' does not depend on any axioms
'Collatz.Research.DescentAtlas.Batch201.affine_4529' depends on axioms: [propext, Quot.sound]
'Collatz.Research.DescentAtlas.Batch201.descent_4529' depends on axioms: [propext, Classical.choice, Quot.sound]
'Collatz.Research.DescentAtlas.Batch202.data_4531' does not depend on any axioms
'Collatz.Research.DescentAtlas.Batch202.affine_4531' depends on axioms: [propext, Quot.sound]
'Collatz.Research.DescentAtlas.Batch202.descent_4531' depends on axioms: [propext, Classical.choice, Quot.sound]
'Collatz.Research.DescentAtlas.Batch202.data_4533' does not depend on any axioms
'Collatz.Research.DescentAtlas.Batch202.affine_4533' depends on axioms: [propext, Quot.sound]
'Collatz.Research.DescentAtlas.Batch202.descent_4533' depends on axioms: [propext, Classical.choice, Quot.sound]
'Collatz.Research.DescentAtlas.Batch202.data_4537' does not depend on any axioms
'Collatz.Research.DescentAtlas.Batch202.affine_4537' depends on axioms: [propext, Quot.sound]
'Collatz.Research.DescentAtlas.Batch202.descent_4537' depends on axioms: [propext, Classical.choice, Quot.sound]
'Collatz.Research.DescentAtlas.Batch202.data_4539' does not depend on any axioms
'Collatz.Research.DescentAtlas.Batch202.affine_4539' depends on axioms: [propext, Quot.sound]
'Collatz.Research.DescentAtlas.Batch202.descent_4539' depends on axioms: [propext, Classical.choice, Quot.sound]
'Collatz.Research.DescentAtlas.Batch202.data_4541' does not depend on any axioms
'Collatz.Research.DescentAtlas.Batch202.affine_4541' depends on axioms: [propext, Quot.sound]
'Collatz.Research.DescentAtlas.Batch202.descent_4541' depends on axioms: [propext, Classical.choice, Quot.sound]
'Collatz.Research.DescentAtlas.Batch202.data_4549' does not depend on any axioms
'Collatz.Research.DescentAtlas.Batch202.affine_4549' depends on axioms: [propext, Quot.sound]
'Collatz.Research.DescentAtlas.Batch202.descent_4549' depends on axioms: [propext, Classical.choice, Quot.sound]
'Collatz.Research.DescentAtlas.Batch202.data_4553' does not depend on any axioms
'Collatz.Research.DescentAtlas.Batch202.affine_4553' depends on axioms: [propext, Quot.sound]
'Collatz.Research.DescentAtlas.Batch202.descent_4553' depends on axioms: [propext, Classical.choice, Quot.sound]
'Collatz.Research.DescentAtlas.Batch202.data_4555' does not depend on any axioms
'Collatz.Research.DescentAtlas.Batch202.affine_4555' depends on axioms: [propext, Quot.sound]
'Collatz.Research.DescentAtlas.Batch202.descent_4555' depends on axioms: [propext, Classical.choice, Quot.sound]
'Collatz.Research.DescentAtlas.Batch203.data_4557' does not depend on any axioms
'Collatz.Research.DescentAtlas.Batch203.affine_4557' depends on axioms: [propext, Quot.sound]
'Collatz.Research.DescentAtlas.Batch203.descent_4557' depends on axioms: [propext, Classical.choice, Quot.sound]
'Collatz.Research.DescentAtlas.Batch203.data_4561' does not depend on any axioms
'Collatz.Research.DescentAtlas.Batch203.affine_4561' depends on axioms: [propext, Quot.sound]
'Collatz.Research.DescentAtlas.Batch203.descent_4561' depends on axioms: [propext, Classical.choice, Quot.sound]
'Collatz.Research.DescentAtlas.Batch203.data_4563' does not depend on any axioms
'Collatz.Research.DescentAtlas.Batch203.affine_4563' depends on axioms: [propext, Quot.sound]
'Collatz.Research.DescentAtlas.Batch203.descent_4563' depends on axioms: [propext, Classical.choice, Quot.sound]
'Collatz.Research.DescentAtlas.Batch203.data_4565' does not depend on any axioms
'Collatz.Research.DescentAtlas.Batch203.affine_4565' depends on axioms: [propext, Quot.sound]
'Collatz.Research.DescentAtlas.Batch203.descent_4565' depends on axioms: [propext, Classical.choice, Quot.sound]
'Collatz.Research.DescentAtlas.Batch203.data_4567' does not depend on any axioms
'Collatz.Research.DescentAtlas.Batch203.affine_4567' depends on axioms: [propext, Quot.sound]
'Collatz.Research.DescentAtlas.Batch203.descent_4567' depends on axioms: [propext, Classical.choice, Quot.sound]
'Collatz.Research.DescentAtlas.Batch203.data_4569' does not depend on any axioms
'Collatz.Research.DescentAtlas.Batch203.affine_4569' depends on axioms: [propext, Quot.sound]
'Collatz.Research.DescentAtlas.Batch203.descent_4569' depends on axioms: [propext, Classical.choice, Quot.sound]
'Collatz.Research.DescentAtlas.Batch203.data_4571' does not depend on any axioms
'Collatz.Research.DescentAtlas.Batch203.affine_4571' depends on axioms: [propext, Quot.sound]
'Collatz.Research.DescentAtlas.Batch203.descent_4571' depends on axioms: [propext, Classical.choice, Quot.sound]
'Collatz.Research.DescentAtlas.Batch203.data_4573' does not depend on any axioms
'Collatz.Research.DescentAtlas.Batch203.affine_4573' depends on axioms: [propext, Quot.sound]
'Collatz.Research.DescentAtlas.Batch203.descent_4573' depends on axioms: [propext, Classical.choice, Quot.sound]
'Collatz.Research.DescentAtlas.Batch204.data_4577' does not depend on any axioms
'Collatz.Research.DescentAtlas.Batch204.affine_4577' depends on axioms: [propext, Quot.sound]
'Collatz.Research.DescentAtlas.Batch204.descent_4577' depends on axioms: [propext, Classical.choice, Quot.sound]
'Collatz.Research.DescentAtlas.Batch204.data_4579' does not depend on any axioms
'Collatz.Research.DescentAtlas.Batch204.affine_4579' depends on axioms: [propext, Quot.sound]
'Collatz.Research.DescentAtlas.Batch204.descent_4579' depends on axioms: [propext, Classical.choice, Quot.sound]
'Collatz.Research.DescentAtlas.Batch204.data_4581' does not depend on any axioms
'Collatz.Research.DescentAtlas.Batch204.affine_4581' depends on axioms: [propext, Quot.sound]
'Collatz.Research.DescentAtlas.Batch204.descent_4581' depends on axioms: [propext, Classical.choice, Quot.sound]
'Collatz.Research.DescentAtlas.Batch204.data_4585' does not depend on any axioms
'Collatz.Research.DescentAtlas.Batch204.affine_4585' depends on axioms: [propext, Quot.sound]
'Collatz.Research.DescentAtlas.Batch204.descent_4585' depends on axioms: [propext, Classical.choice, Quot.sound]
'Collatz.Research.DescentAtlas.Batch204.data_4589' does not depend on any axioms
'Collatz.Research.DescentAtlas.Batch204.affine_4589' depends on axioms: [propext, Quot.sound]
'Collatz.Research.DescentAtlas.Batch204.descent_4589' depends on axioms: [propext, Classical.choice, Quot.sound]
'Collatz.Research.DescentAtlas.Batch204.data_4593' does not depend on any axioms
'Collatz.Research.DescentAtlas.Batch204.affine_4593' depends on axioms: [propext, Quot.sound]
'Collatz.Research.DescentAtlas.Batch204.descent_4593' depends on axioms: [propext, Classical.choice, Quot.sound]
'Collatz.Research.DescentAtlas.Batch204.data_4595' does not depend on any axioms
'Collatz.Research.DescentAtlas.Batch204.affine_4595' depends on axioms: [propext, Quot.sound]
'Collatz.Research.DescentAtlas.Batch204.descent_4595' depends on axioms: [propext, Classical.choice, Quot.sound]
'Collatz.Research.DescentAtlas.Batch204.data_4597' does not depend on any axioms
'Collatz.Research.DescentAtlas.Batch204.affine_4597' depends on axioms: [propext, Quot.sound]
'Collatz.Research.DescentAtlas.Batch204.descent_4597' depends on axioms: [propext, Classical.choice, Quot.sound]
'Collatz.Research.DescentAtlas.Batch205.data_4601' does not depend on any axioms
'Collatz.Research.DescentAtlas.Batch205.affine_4601' depends on axioms: [propext, Quot.sound]
'Collatz.Research.DescentAtlas.Batch205.descent_4601' depends on axioms: [propext, Classical.choice, Quot.sound]
'Collatz.Research.DescentAtlas.Batch205.data_4609' does not depend on any axioms
'Collatz.Research.DescentAtlas.Batch205.affine_4609' depends on axioms: [propext, Quot.sound]
'Collatz.Research.DescentAtlas.Batch205.descent_4609' depends on axioms: [propext, Classical.choice, Quot.sound]
'Collatz.Research.DescentAtlas.Batch205.data_4611' does not depend on any axioms
'Collatz.Research.DescentAtlas.Batch205.affine_4611' depends on axioms: [propext, Quot.sound]
'Collatz.Research.DescentAtlas.Batch205.descent_4611' depends on axioms: [propext, Classical.choice, Quot.sound]
'Collatz.Research.DescentAtlas.Batch205.data_4613' does not depend on any axioms
'Collatz.Research.DescentAtlas.Batch205.affine_4613' depends on axioms: [propext, Quot.sound]
'Collatz.Research.DescentAtlas.Batch205.descent_4613' depends on axioms: [propext, Classical.choice, Quot.sound]
'Collatz.Research.DescentAtlas.Batch205.data_4617' does not depend on any axioms
'Collatz.Research.DescentAtlas.Batch205.affine_4617' depends on axioms: [propext, Quot.sound]
'Collatz.Research.DescentAtlas.Batch205.descent_4617' depends on axioms: [propext, Classical.choice, Quot.sound]
'Collatz.Research.DescentAtlas.Batch205.data_4619' does not depend on any axioms
'Collatz.Research.DescentAtlas.Batch205.affine_4619' depends on axioms: [propext, Quot.sound]
'Collatz.Research.DescentAtlas.Batch205.descent_4619' depends on axioms: [propext, Classical.choice, Quot.sound]
'Collatz.Research.DescentAtlas.Batch205.data_4621' does not depend on any axioms
'Collatz.Research.DescentAtlas.Batch205.affine_4621' depends on axioms: [propext, Quot.sound]
'Collatz.Research.DescentAtlas.Batch205.descent_4621' depends on axioms: [propext, Classical.choice, Quot.sound]
'Collatz.Research.DescentAtlas.Batch205.data_4623' does not depend on any axioms
'Collatz.Research.DescentAtlas.Batch205.affine_4623' depends on axioms: [propext, Quot.sound]
'Collatz.Research.DescentAtlas.Batch205.descent_4623' depends on axioms: [propext, Classical.choice, Quot.sound]
'Collatz.Research.DescentAtlas.Batch206.data_4625' does not depend on any axioms
'Collatz.Research.DescentAtlas.Batch206.affine_4625' depends on axioms: [propext, Quot.sound]
'Collatz.Research.DescentAtlas.Batch206.descent_4625' depends on axioms: [propext, Classical.choice, Quot.sound]
'Collatz.Research.DescentAtlas.Batch206.data_4627' does not depend on any axioms
'Collatz.Research.DescentAtlas.Batch206.affine_4627' depends on axioms: [propext, Quot.sound]
'Collatz.Research.DescentAtlas.Batch206.descent_4627' depends on axioms: [propext, Classical.choice, Quot.sound]
'Collatz.Research.DescentAtlas.Batch206.data_4629' does not depend on any axioms
'Collatz.Research.DescentAtlas.Batch206.affine_4629' depends on axioms: [propext, Quot.sound]
'Collatz.Research.DescentAtlas.Batch206.descent_4629' depends on axioms: [propext, Classical.choice, Quot.sound]
'Collatz.Research.DescentAtlas.Batch206.data_4631' does not depend on any axioms
'Collatz.Research.DescentAtlas.Batch206.affine_4631' depends on axioms: [propext, Quot.sound]
'Collatz.Research.DescentAtlas.Batch206.descent_4631' depends on axioms: [propext, Classical.choice, Quot.sound]
'Collatz.Research.DescentAtlas.Batch206.data_4633' does not depend on any axioms
'Collatz.Research.DescentAtlas.Batch206.affine_4633' depends on axioms: [propext, Quot.sound]
'Collatz.Research.DescentAtlas.Batch206.descent_4633' depends on axioms: [propext, Classical.choice, Quot.sound]
'Collatz.Research.DescentAtlas.Batch206.data_4637' does not depend on any axioms
'Collatz.Research.DescentAtlas.Batch206.affine_4637' depends on axioms: [propext, Quot.sound]
'Collatz.Research.DescentAtlas.Batch206.descent_4637' depends on axioms: [propext, Classical.choice, Quot.sound]
'Collatz.Research.DescentAtlas.Batch206.data_4641' does not depend on any axioms
'Collatz.Research.DescentAtlas.Batch206.affine_4641' depends on axioms: [propext, Quot.sound]
'Collatz.Research.DescentAtlas.Batch206.descent_4641' depends on axioms: [propext, Classical.choice, Quot.sound]
'Collatz.Research.DescentAtlas.Batch206.data_4643' does not depend on any axioms
'Collatz.Research.DescentAtlas.Batch206.affine_4643' depends on axioms: [propext, Quot.sound]
'Collatz.Research.DescentAtlas.Batch206.descent_4643' depends on axioms: [propext, Classical.choice, Quot.sound]
'Collatz.Research.DescentAtlas.Batch207.data_4651' does not depend on any axioms
'Collatz.Research.DescentAtlas.Batch207.affine_4651' depends on axioms: [propext, Quot.sound]
'Collatz.Research.DescentAtlas.Batch207.descent_4651' depends on axioms: [propext, Classical.choice, Quot.sound]
'Collatz.Research.DescentAtlas.Batch207.data_4653' does not depend on any axioms
'Collatz.Research.DescentAtlas.Batch207.affine_4653' depends on axioms: [propext, Quot.sound]
'Collatz.Research.DescentAtlas.Batch207.descent_4653' depends on axioms: [propext, Classical.choice, Quot.sound]
'Collatz.Research.DescentAtlas.Batch207.data_4657' does not depend on any axioms
'Collatz.Research.DescentAtlas.Batch207.affine_4657' depends on axioms: [propext, Quot.sound]
'Collatz.Research.DescentAtlas.Batch207.descent_4657' depends on axioms: [propext, Classical.choice, Quot.sound]
'Collatz.Research.DescentAtlas.Batch207.data_4659' does not depend on any axioms
'Collatz.Research.DescentAtlas.Batch207.affine_4659' depends on axioms: [propext, Quot.sound]
'Collatz.Research.DescentAtlas.Batch207.descent_4659' depends on axioms: [propext, Classical.choice, Quot.sound]
'Collatz.Research.DescentAtlas.Batch207.data_4661' does not depend on any axioms
'Collatz.Research.DescentAtlas.Batch207.affine_4661' depends on axioms: [propext, Quot.sound]
'Collatz.Research.DescentAtlas.Batch207.descent_4661' depends on axioms: [propext, Classical.choice, Quot.sound]
'Collatz.Research.DescentAtlas.Batch207.data_4663' does not depend on any axioms
'Collatz.Research.DescentAtlas.Batch207.affine_4663' depends on axioms: [propext, Quot.sound]
'Collatz.Research.DescentAtlas.Batch207.descent_4663' depends on axioms: [propext, Classical.choice, Quot.sound]
'Collatz.Research.DescentAtlas.Batch207.data_4667' does not depend on any axioms
'Collatz.Research.DescentAtlas.Batch207.affine_4667' depends on axioms: [propext, Quot.sound]
'Collatz.Research.DescentAtlas.Batch207.descent_4667' depends on axioms: [propext, Classical.choice, Quot.sound]
'Collatz.Research.DescentAtlas.Batch207.data_4669' does not depend on any axioms
'Collatz.Research.DescentAtlas.Batch207.affine_4669' depends on axioms: [propext, Quot.sound]
'Collatz.Research.DescentAtlas.Batch207.descent_4669' depends on axioms: [propext, Classical.choice, Quot.sound]
'Collatz.Research.DescentAtlas.Batch208.data_4673' does not depend on any axioms
'Collatz.Research.DescentAtlas.Batch208.affine_4673' depends on axioms: [propext, Quot.sound]
'Collatz.Research.DescentAtlas.Batch208.descent_4673' depends on axioms: [propext, Classical.choice, Quot.sound]
'Collatz.Research.DescentAtlas.Batch208.data_4675' does not depend on any axioms
'Collatz.Research.DescentAtlas.Batch208.affine_4675' depends on axioms: [propext, Quot.sound]
'Collatz.Research.DescentAtlas.Batch208.descent_4675' depends on axioms: [propext, Classical.choice, Quot.sound]
'Collatz.Research.DescentAtlas.Batch208.data_4677' does not depend on any axioms
'Collatz.Research.DescentAtlas.Batch208.affine_4677' depends on axioms: [propext, Quot.sound]
'Collatz.Research.DescentAtlas.Batch208.descent_4677' depends on axioms: [propext, Classical.choice, Quot.sound]
'Collatz.Research.DescentAtlas.Batch208.data_4679' does not depend on any axioms
'Collatz.Research.DescentAtlas.Batch208.affine_4679' depends on axioms: [propext, Quot.sound]
'Collatz.Research.DescentAtlas.Batch208.descent_4679' depends on axioms: [propext, Classical.choice, Quot.sound]
'Collatz.Research.DescentAtlas.Batch208.data_4681' does not depend on any axioms
'Collatz.Research.DescentAtlas.Batch208.affine_4681' depends on axioms: [propext, Quot.sound]
'Collatz.Research.DescentAtlas.Batch208.descent_4681' depends on axioms: [propext, Classical.choice, Quot.sound]
'Collatz.Research.DescentAtlas.Batch208.data_4683' does not depend on any axioms
'Collatz.Research.DescentAtlas.Batch208.affine_4683' depends on axioms: [propext, Quot.sound]
'Collatz.Research.DescentAtlas.Batch208.descent_4683' depends on axioms: [propext, Classical.choice, Quot.sound]
'Collatz.Research.DescentAtlas.Batch208.data_4685' does not depend on any axioms
'Collatz.Research.DescentAtlas.Batch208.affine_4685' depends on axioms: [propext, Quot.sound]
'Collatz.Research.DescentAtlas.Batch208.descent_4685' depends on axioms: [propext, Classical.choice, Quot.sound]
'Collatz.Research.DescentAtlas.Batch208.data_4687' does not depend on any axioms
'Collatz.Research.DescentAtlas.Batch208.affine_4687' depends on axioms: [propext, Quot.sound]
'Collatz.Research.DescentAtlas.Batch208.descent_4687' depends on axioms: [propext, Classical.choice, Quot.sound]
'Collatz.Research.DescentAtlas.Batch209.data_4689' does not depend on any axioms
'Collatz.Research.DescentAtlas.Batch209.affine_4689' depends on axioms: [propext, Quot.sound]
'Collatz.Research.DescentAtlas.Batch209.descent_4689' depends on axioms: [propext, Classical.choice, Quot.sound]
'Collatz.Research.DescentAtlas.Batch209.data_4691' does not depend on any axioms
'Collatz.Research.DescentAtlas.Batch209.affine_4691' depends on axioms: [propext, Quot.sound]
'Collatz.Research.DescentAtlas.Batch209.descent_4691' depends on axioms: [propext, Classical.choice, Quot.sound]
'Collatz.Research.DescentAtlas.Batch209.data_4693' does not depend on any axioms
'Collatz.Research.DescentAtlas.Batch209.affine_4693' depends on axioms: [propext, Quot.sound]
'Collatz.Research.DescentAtlas.Batch209.descent_4693' depends on axioms: [propext, Classical.choice, Quot.sound]
'Collatz.Research.DescentAtlas.Batch209.data_4695' does not depend on any axioms
'Collatz.Research.DescentAtlas.Batch209.affine_4695' depends on axioms: [propext, Quot.sound]
'Collatz.Research.DescentAtlas.Batch209.descent_4695' depends on axioms: [propext, Classical.choice, Quot.sound]
'Collatz.Research.DescentAtlas.Batch209.data_4697' does not depend on any axioms
'Collatz.Research.DescentAtlas.Batch209.affine_4697' depends on axioms: [propext, Quot.sound]
'Collatz.Research.DescentAtlas.Batch209.descent_4697' depends on axioms: [propext, Classical.choice, Quot.sound]
'Collatz.Research.DescentAtlas.Batch209.data_4701' does not depend on any axioms
'Collatz.Research.DescentAtlas.Batch209.affine_4701' depends on axioms: [propext, Quot.sound]
'Collatz.Research.DescentAtlas.Batch209.descent_4701' depends on axioms: [propext, Classical.choice, Quot.sound]
'Collatz.Research.DescentAtlas.Batch209.data_4703' does not depend on any axioms
'Collatz.Research.DescentAtlas.Batch209.affine_4703' depends on axioms: [propext, Quot.sound]
'Collatz.Research.DescentAtlas.Batch209.descent_4703' depends on axioms: [propext, Classical.choice, Quot.sound]
'Collatz.Research.DescentAtlas.Batch209.data_4705' does not depend on any axioms
'Collatz.Research.DescentAtlas.Batch209.affine_4705' depends on axioms: [propext, Quot.sound]
'Collatz.Research.DescentAtlas.Batch209.descent_4705' depends on axioms: [propext, Classical.choice, Quot.sound]
'Collatz.Research.DescentAtlas.Batch210.data_4707' does not depend on any axioms
'Collatz.Research.DescentAtlas.Batch210.affine_4707' depends on axioms: [propext, Quot.sound]
'Collatz.Research.DescentAtlas.Batch210.descent_4707' depends on axioms: [propext, Classical.choice, Quot.sound]
'Collatz.Research.DescentAtlas.Batch210.data_4709' does not depend on any axioms
'Collatz.Research.DescentAtlas.Batch210.affine_4709' depends on axioms: [propext, Quot.sound]
'Collatz.Research.DescentAtlas.Batch210.descent_4709' depends on axioms: [propext, Classical.choice, Quot.sound]
'Collatz.Research.DescentAtlas.Batch210.data_4711' does not depend on any axioms
'Collatz.Research.DescentAtlas.Batch210.affine_4711' depends on axioms: [propext, Quot.sound]
'Collatz.Research.DescentAtlas.Batch210.descent_4711' depends on axioms: [propext, Classical.choice, Quot.sound]
'Collatz.Research.DescentAtlas.Batch210.data_4717' does not depend on any axioms
'Collatz.Research.DescentAtlas.Batch210.affine_4717' depends on axioms: [propext, Quot.sound]
'Collatz.Research.DescentAtlas.Batch210.descent_4717' depends on axioms: [propext, Classical.choice, Quot.sound]
'Collatz.Research.DescentAtlas.Batch210.data_4721' does not depend on any axioms
'Collatz.Research.DescentAtlas.Batch210.affine_4721' depends on axioms: [propext, Quot.sound]
'Collatz.Research.DescentAtlas.Batch210.descent_4721' depends on axioms: [propext, Classical.choice, Quot.sound]
'Collatz.Research.DescentAtlas.Batch210.data_4723' does not depend on any axioms
'Collatz.Research.DescentAtlas.Batch210.affine_4723' depends on axioms: [propext, Quot.sound]
'Collatz.Research.DescentAtlas.Batch210.descent_4723' depends on axioms: [propext, Classical.choice, Quot.sound]
'Collatz.Research.DescentAtlas.Batch210.data_4725' does not depend on any axioms
'Collatz.Research.DescentAtlas.Batch210.affine_4725' depends on axioms: [propext, Quot.sound]
'Collatz.Research.DescentAtlas.Batch210.descent_4725' depends on axioms: [propext, Classical.choice, Quot.sound]
'Collatz.Research.DescentAtlas.Batch210.data_4727' does not depend on any axioms
'Collatz.Research.DescentAtlas.Batch210.affine_4727' depends on axioms: [propext, Quot.sound]
'Collatz.Research.DescentAtlas.Batch210.descent_4727' depends on axioms: [propext, Classical.choice, Quot.sound]
'Collatz.Research.DescentAtlas.Batch211.data_4729' does not depend on any axioms
'Collatz.Research.DescentAtlas.Batch211.affine_4729' depends on axioms: [propext, Quot.sound]
'Collatz.Research.DescentAtlas.Batch211.descent_4729' depends on axioms: [propext, Classical.choice, Quot.sound]
'Collatz.Research.DescentAtlas.Batch211.data_4731' does not depend on any axioms
'Collatz.Research.DescentAtlas.Batch211.affine_4731' depends on axioms: [propext, Quot.sound]
'Collatz.Research.DescentAtlas.Batch211.descent_4731' depends on axioms: [propext, Classical.choice, Quot.sound]
'Collatz.Research.DescentAtlas.Batch211.data_4739' does not depend on any axioms
'Collatz.Research.DescentAtlas.Batch211.affine_4739' depends on axioms: [propext, Quot.sound]
'Collatz.Research.DescentAtlas.Batch211.descent_4739' depends on axioms: [propext, Classical.choice, Quot.sound]
'Collatz.Research.DescentAtlas.Batch211.data_4741' does not depend on any axioms
'Collatz.Research.DescentAtlas.Batch211.affine_4741' depends on axioms: [propext, Quot.sound]
'Collatz.Research.DescentAtlas.Batch211.descent_4741' depends on axioms: [propext, Classical.choice, Quot.sound]
'Collatz.Research.DescentAtlas.Batch211.data_4743' does not depend on any axioms
'Collatz.Research.DescentAtlas.Batch211.affine_4743' depends on axioms: [propext, Quot.sound]
'Collatz.Research.DescentAtlas.Batch211.descent_4743' depends on axioms: [propext, Classical.choice, Quot.sound]
'Collatz.Research.DescentAtlas.Batch211.data_4745' does not depend on any axioms
'Collatz.Research.DescentAtlas.Batch211.affine_4745' depends on axioms: [propext, Quot.sound]
'Collatz.Research.DescentAtlas.Batch211.descent_4745' depends on axioms: [propext, Classical.choice, Quot.sound]
'Collatz.Research.DescentAtlas.Batch211.data_4747' does not depend on any axioms
'Collatz.Research.DescentAtlas.Batch211.affine_4747' depends on axioms: [propext, Quot.sound]
'Collatz.Research.DescentAtlas.Batch211.descent_4747' depends on axioms: [propext, Classical.choice, Quot.sound]
'Collatz.Research.DescentAtlas.Batch211.data_4749' does not depend on any axioms
'Collatz.Research.DescentAtlas.Batch211.affine_4749' depends on axioms: [propext, Quot.sound]
'Collatz.Research.DescentAtlas.Batch211.descent_4749' depends on axioms: [propext, Classical.choice, Quot.sound]
'Collatz.Research.DescentAtlas.Batch212.data_4753' does not depend on any axioms
'Collatz.Research.DescentAtlas.Batch212.affine_4753' depends on axioms: [propext, Quot.sound]
'Collatz.Research.DescentAtlas.Batch212.descent_4753' depends on axioms: [propext, Classical.choice, Quot.sound]
'Collatz.Research.DescentAtlas.Batch212.data_4755' does not depend on any axioms
'Collatz.Research.DescentAtlas.Batch212.affine_4755' depends on axioms: [propext, Quot.sound]
'Collatz.Research.DescentAtlas.Batch212.descent_4755' depends on axioms: [propext, Classical.choice, Quot.sound]
'Collatz.Research.DescentAtlas.Batch212.data_4757' does not depend on any axioms
'Collatz.Research.DescentAtlas.Batch212.affine_4757' depends on axioms: [propext, Quot.sound]
'Collatz.Research.DescentAtlas.Batch212.descent_4757' depends on axioms: [propext, Classical.choice, Quot.sound]
'Collatz.Research.DescentAtlas.Batch212.data_4759' does not depend on any axioms
'Collatz.Research.DescentAtlas.Batch212.affine_4759' depends on axioms: [propext, Quot.sound]
'Collatz.Research.DescentAtlas.Batch212.descent_4759' depends on axioms: [propext, Classical.choice, Quot.sound]
'Collatz.Research.DescentAtlas.Batch212.data_4761' does not depend on any axioms
'Collatz.Research.DescentAtlas.Batch212.affine_4761' depends on axioms: [propext, Quot.sound]
'Collatz.Research.DescentAtlas.Batch212.descent_4761' depends on axioms: [propext, Classical.choice, Quot.sound]
'Collatz.Research.DescentAtlas.Batch212.data_4765' does not depend on any axioms
'Collatz.Research.DescentAtlas.Batch212.affine_4765' depends on axioms: [propext, Quot.sound]
'Collatz.Research.DescentAtlas.Batch212.descent_4765' depends on axioms: [propext, Classical.choice, Quot.sound]
'Collatz.Research.DescentAtlas.Batch212.data_4769' does not depend on any axioms
'Collatz.Research.DescentAtlas.Batch212.affine_4769' depends on axioms: [propext, Quot.sound]
'Collatz.Research.DescentAtlas.Batch212.descent_4769' depends on axioms: [propext, Classical.choice, Quot.sound]
'Collatz.Research.DescentAtlas.Batch212.data_4779' does not depend on any axioms
'Collatz.Research.DescentAtlas.Batch212.affine_4779' depends on axioms: [propext, Quot.sound]
'Collatz.Research.DescentAtlas.Batch212.descent_4779' depends on axioms: [propext, Classical.choice, Quot.sound]
'Collatz.Research.DescentAtlas.Batch213.data_4781' does not depend on any axioms
'Collatz.Research.DescentAtlas.Batch213.affine_4781' depends on axioms: [propext, Quot.sound]
'Collatz.Research.DescentAtlas.Batch213.descent_4781' depends on axioms: [propext, Classical.choice, Quot.sound]
'Collatz.Research.DescentAtlas.Batch213.data_4785' does not depend on any axioms
'Collatz.Research.DescentAtlas.Batch213.affine_4785' depends on axioms: [propext, Quot.sound]
'Collatz.Research.DescentAtlas.Batch213.descent_4785' depends on axioms: [propext, Classical.choice, Quot.sound]
'Collatz.Research.DescentAtlas.Batch213.data_4787' does not depend on any axioms
'Collatz.Research.DescentAtlas.Batch213.affine_4787' depends on axioms: [propext, Quot.sound]
'Collatz.Research.DescentAtlas.Batch213.descent_4787' depends on axioms: [propext, Classical.choice, Quot.sound]
'Collatz.Research.DescentAtlas.Batch213.data_4789' does not depend on any axioms
'Collatz.Research.DescentAtlas.Batch213.affine_4789' depends on axioms: [propext, Quot.sound]
'Collatz.Research.DescentAtlas.Batch213.descent_4789' depends on axioms: [propext, Classical.choice, Quot.sound]
'Collatz.Research.DescentAtlas.Batch213.data_4791' does not depend on any axioms
'Collatz.Research.DescentAtlas.Batch213.affine_4791' depends on axioms: [propext, Quot.sound]
'Collatz.Research.DescentAtlas.Batch213.descent_4791' depends on axioms: [propext, Classical.choice, Quot.sound]
'Collatz.Research.DescentAtlas.Batch213.data_4793' does not depend on any axioms
'Collatz.Research.DescentAtlas.Batch213.affine_4793' depends on axioms: [propext, Quot.sound]
'Collatz.Research.DescentAtlas.Batch213.descent_4793' depends on axioms: [propext, Classical.choice, Quot.sound]
'Collatz.Research.DescentAtlas.Batch213.data_4797' does not depend on any axioms
'Collatz.Research.DescentAtlas.Batch213.affine_4797' depends on axioms: [propext, Quot.sound]
'Collatz.Research.DescentAtlas.Batch213.descent_4797' depends on axioms: [propext, Classical.choice, Quot.sound]
'Collatz.Research.DescentAtlas.Batch213.data_4801' does not depend on any axioms
'Collatz.Research.DescentAtlas.Batch213.affine_4801' depends on axioms: [propext, Quot.sound]
'Collatz.Research.DescentAtlas.Batch213.descent_4801' depends on axioms: [propext, Classical.choice, Quot.sound]
'Collatz.Research.DescentAtlas.Batch214.data_4805' does not depend on any axioms
'Collatz.Research.DescentAtlas.Batch214.affine_4805' depends on axioms: [propext, Quot.sound]
'Collatz.Research.DescentAtlas.Batch214.descent_4805' depends on axioms: [propext, Classical.choice, Quot.sound]
'Collatz.Research.DescentAtlas.Batch214.data_4807' does not depend on any axioms
'Collatz.Research.DescentAtlas.Batch214.affine_4807' depends on axioms: [propext, Quot.sound]
'Collatz.Research.DescentAtlas.Batch214.descent_4807' depends on axioms: [propext, Classical.choice, Quot.sound]
'Collatz.Research.DescentAtlas.Batch214.data_4809' does not depend on any axioms
'Collatz.Research.DescentAtlas.Batch214.affine_4809' depends on axioms: [propext, Quot.sound]
'Collatz.Research.DescentAtlas.Batch214.descent_4809' depends on axioms: [propext, Classical.choice, Quot.sound]
'Collatz.Research.DescentAtlas.Batch214.data_4811' does not depend on any axioms
'Collatz.Research.DescentAtlas.Batch214.affine_4811' depends on axioms: [propext, Quot.sound]
'Collatz.Research.DescentAtlas.Batch214.descent_4811' depends on axioms: [propext, Classical.choice, Quot.sound]
'Collatz.Research.DescentAtlas.Batch214.data_4813' does not depend on any axioms
'Collatz.Research.DescentAtlas.Batch214.affine_4813' depends on axioms: [propext, Quot.sound]
'Collatz.Research.DescentAtlas.Batch214.descent_4813' depends on axioms: [propext, Classical.choice, Quot.sound]
'Collatz.Research.DescentAtlas.Batch214.data_4817' does not depend on any axioms
'Collatz.Research.DescentAtlas.Batch214.affine_4817' depends on axioms: [propext, Quot.sound]
'Collatz.Research.DescentAtlas.Batch214.descent_4817' depends on axioms: [propext, Classical.choice, Quot.sound]
'Collatz.Research.DescentAtlas.Batch214.data_4819' does not depend on any axioms
'Collatz.Research.DescentAtlas.Batch214.affine_4819' depends on axioms: [propext, Quot.sound]
'Collatz.Research.DescentAtlas.Batch214.descent_4819' depends on axioms: [propext, Classical.choice, Quot.sound]
'Collatz.Research.DescentAtlas.Batch214.data_4821' does not depend on any axioms
'Collatz.Research.DescentAtlas.Batch214.affine_4821' depends on axioms: [propext, Quot.sound]
'Collatz.Research.DescentAtlas.Batch214.descent_4821' depends on axioms: [propext, Classical.choice, Quot.sound]
'Collatz.Research.DescentAtlas.Batch215.data_4823' does not depend on any axioms
'Collatz.Research.DescentAtlas.Batch215.affine_4823' depends on axioms: [propext, Quot.sound]
'Collatz.Research.DescentAtlas.Batch215.descent_4823' depends on axioms: [propext, Classical.choice, Quot.sound]
'Collatz.Research.DescentAtlas.Batch215.data_4825' does not depend on any axioms
'Collatz.Research.DescentAtlas.Batch215.affine_4825' depends on axioms: [propext, Quot.sound]
'Collatz.Research.DescentAtlas.Batch215.descent_4825' depends on axioms: [propext, Classical.choice, Quot.sound]
'Collatz.Research.DescentAtlas.Batch215.data_4829' does not depend on any axioms
'Collatz.Research.DescentAtlas.Batch215.affine_4829' depends on axioms: [propext, Quot.sound]
'Collatz.Research.DescentAtlas.Batch215.descent_4829' depends on axioms: [propext, Classical.choice, Quot.sound]
'Collatz.Research.DescentAtlas.Batch215.data_4831' does not depend on any axioms
'Collatz.Research.DescentAtlas.Batch215.affine_4831' depends on axioms: [propext, Quot.sound]
'Collatz.Research.DescentAtlas.Batch215.descent_4831' depends on axioms: [propext, Classical.choice, Quot.sound]
'Collatz.Research.DescentAtlas.Batch215.data_4835' does not depend on any axioms
'Collatz.Research.DescentAtlas.Batch215.affine_4835' depends on axioms: [propext, Quot.sound]
'Collatz.Research.DescentAtlas.Batch215.descent_4835' depends on axioms: [propext, Classical.choice, Quot.sound]
'Collatz.Research.DescentAtlas.Batch215.data_4837' does not depend on any axioms
'Collatz.Research.DescentAtlas.Batch215.affine_4837' depends on axioms: [propext, Quot.sound]
'Collatz.Research.DescentAtlas.Batch215.descent_4837' depends on axioms: [propext, Classical.choice, Quot.sound]
'Collatz.Research.DescentAtlas.Batch215.data_4849' does not depend on any axioms
'Collatz.Research.DescentAtlas.Batch215.affine_4849' depends on axioms: [propext, Quot.sound]
'Collatz.Research.DescentAtlas.Batch215.descent_4849' depends on axioms: [propext, Classical.choice, Quot.sound]
'Collatz.Research.DescentAtlas.Batch215.data_4853' does not depend on any axioms
'Collatz.Research.DescentAtlas.Batch215.affine_4853' depends on axioms: [propext, Quot.sound]
'Collatz.Research.DescentAtlas.Batch215.descent_4853' depends on axioms: [propext, Classical.choice, Quot.sound]
'Collatz.Research.DescentAtlas.Batch216.data_4855' does not depend on any axioms
'Collatz.Research.DescentAtlas.Batch216.affine_4855' depends on axioms: [propext, Quot.sound]
'Collatz.Research.DescentAtlas.Batch216.descent_4855' depends on axioms: [propext, Classical.choice, Quot.sound]
'Collatz.Research.DescentAtlas.Batch216.data_4857' does not depend on any axioms
'Collatz.Research.DescentAtlas.Batch216.affine_4857' depends on axioms: [propext, Quot.sound]
'Collatz.Research.DescentAtlas.Batch216.descent_4857' depends on axioms: [propext, Classical.choice, Quot.sound]
'Collatz.Research.DescentAtlas.Batch216.data_4861' does not depend on any axioms
'Collatz.Research.DescentAtlas.Batch216.affine_4861' depends on axioms: [propext, Quot.sound]
'Collatz.Research.DescentAtlas.Batch216.descent_4861' depends on axioms: [propext, Classical.choice, Quot.sound]
'Collatz.Research.DescentAtlas.Batch216.data_4865' does not depend on any axioms
'Collatz.Research.DescentAtlas.Batch216.affine_4865' depends on axioms: [propext, Quot.sound]
'Collatz.Research.DescentAtlas.Batch216.descent_4865' depends on axioms: [propext, Classical.choice, Quot.sound]
'Collatz.Research.DescentAtlas.Batch216.data_4867' does not depend on any axioms
'Collatz.Research.DescentAtlas.Batch216.affine_4867' depends on axioms: [propext, Quot.sound]
'Collatz.Research.DescentAtlas.Batch216.descent_4867' depends on axioms: [propext, Classical.choice, Quot.sound]
'Collatz.Research.DescentAtlas.Batch216.data_4869' does not depend on any axioms
'Collatz.Research.DescentAtlas.Batch216.affine_4869' depends on axioms: [propext, Quot.sound]
'Collatz.Research.DescentAtlas.Batch216.descent_4869' depends on axioms: [propext, Classical.choice, Quot.sound]
'Collatz.Research.DescentAtlas.Batch216.data_4871' does not depend on any axioms
'Collatz.Research.DescentAtlas.Batch216.affine_4871' depends on axioms: [propext, Quot.sound]
'Collatz.Research.DescentAtlas.Batch216.descent_4871' depends on axioms: [propext, Classical.choice, Quot.sound]
'Collatz.Research.DescentAtlas.Batch216.data_4875' does not depend on any axioms
'Collatz.Research.DescentAtlas.Batch216.affine_4875' depends on axioms: [propext, Quot.sound]
'Collatz.Research.DescentAtlas.Batch216.descent_4875' depends on axioms: [propext, Classical.choice, Quot.sound]
'Collatz.Research.DescentAtlas.Batch217.data_4877' does not depend on any axioms
'Collatz.Research.DescentAtlas.Batch217.affine_4877' depends on axioms: [propext, Quot.sound]
'Collatz.Research.DescentAtlas.Batch217.descent_4877' depends on axioms: [propext, Classical.choice, Quot.sound]
'Collatz.Research.DescentAtlas.Batch217.data_4879' does not depend on any axioms
'Collatz.Research.DescentAtlas.Batch217.affine_4879' depends on axioms: [propext, Quot.sound]
'Collatz.Research.DescentAtlas.Batch217.descent_4879' depends on axioms: [propext, Classical.choice, Quot.sound]
'Collatz.Research.DescentAtlas.Batch217.data_4881' does not depend on any axioms
'Collatz.Research.DescentAtlas.Batch217.affine_4881' depends on axioms: [propext, Quot.sound]
'Collatz.Research.DescentAtlas.Batch217.descent_4881' depends on axioms: [propext, Classical.choice, Quot.sound]
'Collatz.Research.DescentAtlas.Batch217.data_4883' does not depend on any axioms
'Collatz.Research.DescentAtlas.Batch217.affine_4883' depends on axioms: [propext, Quot.sound]
'Collatz.Research.DescentAtlas.Batch217.descent_4883' depends on axioms: [propext, Classical.choice, Quot.sound]
'Collatz.Research.DescentAtlas.Batch217.data_4885' does not depend on any axioms
'Collatz.Research.DescentAtlas.Batch217.affine_4885' depends on axioms: [propext, Quot.sound]
'Collatz.Research.DescentAtlas.Batch217.descent_4885' depends on axioms: [propext, Classical.choice, Quot.sound]
'Collatz.Research.DescentAtlas.Batch217.data_4887' does not depend on any axioms
'Collatz.Research.DescentAtlas.Batch217.affine_4887' depends on axioms: [propext, Quot.sound]
'Collatz.Research.DescentAtlas.Batch217.descent_4887' depends on axioms: [propext, Classical.choice, Quot.sound]
'Collatz.Research.DescentAtlas.Batch217.data_4889' does not depend on any axioms
'Collatz.Research.DescentAtlas.Batch217.affine_4889' depends on axioms: [propext, Quot.sound]
'Collatz.Research.DescentAtlas.Batch217.descent_4889' depends on axioms: [propext, Classical.choice, Quot.sound]
'Collatz.Research.DescentAtlas.Batch217.data_4893' does not depend on any axioms
'Collatz.Research.DescentAtlas.Batch217.affine_4893' depends on axioms: [propext, Quot.sound]
'Collatz.Research.DescentAtlas.Batch217.descent_4893' depends on axioms: [propext, Classical.choice, Quot.sound]
'Collatz.Research.DescentAtlas.Batch218.data_4897' does not depend on any axioms
'Collatz.Research.DescentAtlas.Batch218.affine_4897' depends on axioms: [propext, Quot.sound]
'Collatz.Research.DescentAtlas.Batch218.descent_4897' depends on axioms: [propext, Classical.choice, Quot.sound]
'Collatz.Research.DescentAtlas.Batch218.data_4899' does not depend on any axioms
'Collatz.Research.DescentAtlas.Batch218.affine_4899' depends on axioms: [propext, Quot.sound]
'Collatz.Research.DescentAtlas.Batch218.descent_4899' depends on axioms: [propext, Classical.choice, Quot.sound]
'Collatz.Research.DescentAtlas.Batch218.data_4901' does not depend on any axioms
'Collatz.Research.DescentAtlas.Batch218.affine_4901' depends on axioms: [propext, Quot.sound]
'Collatz.Research.DescentAtlas.Batch218.descent_4901' depends on axioms: [propext, Classical.choice, Quot.sound]
'Collatz.Research.DescentAtlas.Batch218.data_4905' does not depend on any axioms
'Collatz.Research.DescentAtlas.Batch218.affine_4905' depends on axioms: [propext, Quot.sound]
'Collatz.Research.DescentAtlas.Batch218.descent_4905' depends on axioms: [propext, Classical.choice, Quot.sound]
'Collatz.Research.DescentAtlas.Batch218.data_4907' does not depend on any axioms
'Collatz.Research.DescentAtlas.Batch218.affine_4907' depends on axioms: [propext, Quot.sound]
'Collatz.Research.DescentAtlas.Batch218.descent_4907' depends on axioms: [propext, Classical.choice, Quot.sound]
'Collatz.Research.DescentAtlas.Batch218.data_4909' does not depend on any axioms
'Collatz.Research.DescentAtlas.Batch218.affine_4909' depends on axioms: [propext, Quot.sound]
'Collatz.Research.DescentAtlas.Batch218.descent_4909' depends on axioms: [propext, Classical.choice, Quot.sound]
'Collatz.Research.DescentAtlas.Batch218.data_4913' does not depend on any axioms
'Collatz.Research.DescentAtlas.Batch218.affine_4913' depends on axioms: [propext, Quot.sound]
'Collatz.Research.DescentAtlas.Batch218.descent_4913' depends on axioms: [propext, Classical.choice, Quot.sound]
'Collatz.Research.DescentAtlas.Batch218.data_4915' does not depend on any axioms
'Collatz.Research.DescentAtlas.Batch218.affine_4915' depends on axioms: [propext, Quot.sound]
'Collatz.Research.DescentAtlas.Batch218.descent_4915' depends on axioms: [propext, Classical.choice, Quot.sound]
'Collatz.Research.DescentAtlas.Batch219.data_4917' does not depend on any axioms
'Collatz.Research.DescentAtlas.Batch219.affine_4917' depends on axioms: [propext, Quot.sound]
'Collatz.Research.DescentAtlas.Batch219.descent_4917' depends on axioms: [propext, Classical.choice, Quot.sound]
'Collatz.Research.DescentAtlas.Batch219.data_4921' does not depend on any axioms
'Collatz.Research.DescentAtlas.Batch219.affine_4921' depends on axioms: [propext, Quot.sound]
'Collatz.Research.DescentAtlas.Batch219.descent_4921' depends on axioms: [propext, Classical.choice, Quot.sound]
'Collatz.Research.DescentAtlas.Batch219.data_4923' does not depend on any axioms
'Collatz.Research.DescentAtlas.Batch219.affine_4923' depends on axioms: [propext, Quot.sound]
'Collatz.Research.DescentAtlas.Batch219.descent_4923' depends on axioms: [propext, Classical.choice, Quot.sound]
'Collatz.Research.DescentAtlas.Batch219.data_4925' does not depend on any axioms
'Collatz.Research.DescentAtlas.Batch219.affine_4925' depends on axioms: [propext, Quot.sound]
'Collatz.Research.DescentAtlas.Batch219.descent_4925' depends on axioms: [propext, Classical.choice, Quot.sound]
'Collatz.Research.DescentAtlas.Batch219.data_4929' does not depend on any axioms
'Collatz.Research.DescentAtlas.Batch219.affine_4929' depends on axioms: [propext, Quot.sound]
'Collatz.Research.DescentAtlas.Batch219.descent_4929' depends on axioms: [propext, Classical.choice, Quot.sound]
'Collatz.Research.DescentAtlas.Batch219.data_4931' does not depend on any axioms
'Collatz.Research.DescentAtlas.Batch219.affine_4931' depends on axioms: [propext, Quot.sound]
'Collatz.Research.DescentAtlas.Batch219.descent_4931' depends on axioms: [propext, Classical.choice, Quot.sound]
'Collatz.Research.DescentAtlas.Batch219.data_4933' does not depend on any axioms
'Collatz.Research.DescentAtlas.Batch219.affine_4933' depends on axioms: [propext, Quot.sound]
'Collatz.Research.DescentAtlas.Batch219.descent_4933' depends on axioms: [propext, Classical.choice, Quot.sound]
'Collatz.Research.DescentAtlas.Batch219.data_4937' does not depend on any axioms
'Collatz.Research.DescentAtlas.Batch219.affine_4937' depends on axioms: [propext, Quot.sound]
'Collatz.Research.DescentAtlas.Batch219.descent_4937' depends on axioms: [propext, Classical.choice, Quot.sound]
'Collatz.Research.DescentAtlas.Batch220.data_4939' does not depend on any axioms
'Collatz.Research.DescentAtlas.Batch220.affine_4939' depends on axioms: [propext, Quot.sound]
'Collatz.Research.DescentAtlas.Batch220.descent_4939' depends on axioms: [propext, Classical.choice, Quot.sound]
'Collatz.Research.DescentAtlas.Batch220.data_4941' does not depend on any axioms
'Collatz.Research.DescentAtlas.Batch220.affine_4941' depends on axioms: [propext, Quot.sound]
'Collatz.Research.DescentAtlas.Batch220.descent_4941' depends on axioms: [propext, Classical.choice, Quot.sound]
'Collatz.Research.DescentAtlas.Batch220.data_4943' does not depend on any axioms
'Collatz.Research.DescentAtlas.Batch220.affine_4943' depends on axioms: [propext, Quot.sound]
'Collatz.Research.DescentAtlas.Batch220.descent_4943' depends on axioms: [propext, Classical.choice, Quot.sound]
'Collatz.Research.DescentAtlas.Batch220.data_4945' does not depend on any axioms
'Collatz.Research.DescentAtlas.Batch220.affine_4945' depends on axioms: [propext, Quot.sound]
'Collatz.Research.DescentAtlas.Batch220.descent_4945' depends on axioms: [propext, Classical.choice, Quot.sound]
'Collatz.Research.DescentAtlas.Batch220.data_4947' does not depend on any axioms
'Collatz.Research.DescentAtlas.Batch220.affine_4947' depends on axioms: [propext, Quot.sound]
'Collatz.Research.DescentAtlas.Batch220.descent_4947' depends on axioms: [propext, Classical.choice, Quot.sound]
'Collatz.Research.DescentAtlas.Batch220.data_4949' does not depend on any axioms
'Collatz.Research.DescentAtlas.Batch220.affine_4949' depends on axioms: [propext, Quot.sound]
'Collatz.Research.DescentAtlas.Batch220.descent_4949' depends on axioms: [propext, Classical.choice, Quot.sound]
'Collatz.Research.DescentAtlas.Batch220.data_4953' does not depend on any axioms
'Collatz.Research.DescentAtlas.Batch220.affine_4953' depends on axioms: [propext, Quot.sound]
'Collatz.Research.DescentAtlas.Batch220.descent_4953' depends on axioms: [propext, Classical.choice, Quot.sound]
'Collatz.Research.DescentAtlas.Batch220.data_4955' does not depend on any axioms
'Collatz.Research.DescentAtlas.Batch220.affine_4955' depends on axioms: [propext, Quot.sound]
'Collatz.Research.DescentAtlas.Batch220.descent_4955' depends on axioms: [propext, Classical.choice, Quot.sound]
'Collatz.Research.DescentAtlas.Batch221.data_4957' does not depend on any axioms
'Collatz.Research.DescentAtlas.Batch221.affine_4957' depends on axioms: [propext, Quot.sound]
'Collatz.Research.DescentAtlas.Batch221.descent_4957' depends on axioms: [propext, Classical.choice, Quot.sound]
'Collatz.Research.DescentAtlas.Batch221.data_4959' does not depend on any axioms
'Collatz.Research.DescentAtlas.Batch221.affine_4959' depends on axioms: [propext, Quot.sound]
'Collatz.Research.DescentAtlas.Batch221.descent_4959' depends on axioms: [propext, Classical.choice, Quot.sound]
'Collatz.Research.DescentAtlas.Batch221.data_4963' does not depend on any axioms
'Collatz.Research.DescentAtlas.Batch221.affine_4963' depends on axioms: [propext, Quot.sound]
'Collatz.Research.DescentAtlas.Batch221.descent_4963' depends on axioms: [propext, Classical.choice, Quot.sound]
'Collatz.Research.DescentAtlas.Batch221.data_4965' does not depend on any axioms
'Collatz.Research.DescentAtlas.Batch221.affine_4965' depends on axioms: [propext, Quot.sound]
'Collatz.Research.DescentAtlas.Batch221.descent_4965' depends on axioms: [propext, Classical.choice, Quot.sound]
'Collatz.Research.DescentAtlas.Batch221.data_4969' does not depend on any axioms
'Collatz.Research.DescentAtlas.Batch221.affine_4969' depends on axioms: [propext, Quot.sound]
'Collatz.Research.DescentAtlas.Batch221.descent_4969' depends on axioms: [propext, Classical.choice, Quot.sound]
'Collatz.Research.DescentAtlas.Batch221.data_4971' does not depend on any axioms
'Collatz.Research.DescentAtlas.Batch221.affine_4971' depends on axioms: [propext, Quot.sound]
'Collatz.Research.DescentAtlas.Batch221.descent_4971' depends on axioms: [propext, Classical.choice, Quot.sound]
'Collatz.Research.DescentAtlas.Batch221.data_4973' does not depend on any axioms
'Collatz.Research.DescentAtlas.Batch221.affine_4973' depends on axioms: [propext, Quot.sound]
'Collatz.Research.DescentAtlas.Batch221.descent_4973' depends on axioms: [propext, Classical.choice, Quot.sound]
'Collatz.Research.DescentAtlas.Batch221.data_4975' does not depend on any axioms
'Collatz.Research.DescentAtlas.Batch221.affine_4975' depends on axioms: [propext, Quot.sound]
'Collatz.Research.DescentAtlas.Batch221.descent_4975' depends on axioms: [propext, Classical.choice, Quot.sound]
'Collatz.Research.DescentAtlas.Batch222.data_4977' does not depend on any axioms
'Collatz.Research.DescentAtlas.Batch222.affine_4977' depends on axioms: [propext, Quot.sound]
'Collatz.Research.DescentAtlas.Batch222.descent_4977' depends on axioms: [propext, Classical.choice, Quot.sound]
'Collatz.Research.DescentAtlas.Batch222.data_4979' does not depend on any axioms
'Collatz.Research.DescentAtlas.Batch222.affine_4979' depends on axioms: [propext, Quot.sound]
'Collatz.Research.DescentAtlas.Batch222.descent_4979' depends on axioms: [propext, Classical.choice, Quot.sound]
'Collatz.Research.DescentAtlas.Batch222.data_4981' does not depend on any axioms
'Collatz.Research.DescentAtlas.Batch222.affine_4981' depends on axioms: [propext, Quot.sound]
'Collatz.Research.DescentAtlas.Batch222.descent_4981' depends on axioms: [propext, Classical.choice, Quot.sound]
'Collatz.Research.DescentAtlas.Batch222.data_4989' does not depend on any axioms
'Collatz.Research.DescentAtlas.Batch222.affine_4989' depends on axioms: [propext, Quot.sound]
'Collatz.Research.DescentAtlas.Batch222.descent_4989' depends on axioms: [propext, Classical.choice, Quot.sound]
'Collatz.Research.DescentAtlas.Batch222.data_4993' does not depend on any axioms
'Collatz.Research.DescentAtlas.Batch222.affine_4993' depends on axioms: [propext, Quot.sound]
'Collatz.Research.DescentAtlas.Batch222.descent_4993' depends on axioms: [propext, Classical.choice, Quot.sound]
'Collatz.Research.DescentAtlas.Batch222.data_4995' does not depend on any axioms
'Collatz.Research.DescentAtlas.Batch222.affine_4995' depends on axioms: [propext, Quot.sound]
'Collatz.Research.DescentAtlas.Batch222.descent_4995' depends on axioms: [propext, Classical.choice, Quot.sound]
'Collatz.Research.DescentAtlas.Batch222.data_4999' does not depend on any axioms
'Collatz.Research.DescentAtlas.Batch222.affine_4999' depends on axioms: [propext, Quot.sound]
'Collatz.Research.DescentAtlas.Batch222.descent_4999' depends on axioms: [propext, Classical.choice, Quot.sound]
'Collatz.Research.DescentAtlas.Batch222.data_5005' does not depend on any axioms
'Collatz.Research.DescentAtlas.Batch222.affine_5005' depends on axioms: [propext, Quot.sound]
'Collatz.Research.DescentAtlas.Batch222.descent_5005' depends on axioms: [propext, Classical.choice, Quot.sound]
'Collatz.Research.DescentAtlas.Batch223.data_5009' does not depend on any axioms
'Collatz.Research.DescentAtlas.Batch223.affine_5009' depends on axioms: [propext, Quot.sound]
'Collatz.Research.DescentAtlas.Batch223.descent_5009' depends on axioms: [propext, Classical.choice, Quot.sound]
'Collatz.Research.DescentAtlas.Batch223.data_5011' does not depend on any axioms
'Collatz.Research.DescentAtlas.Batch223.affine_5011' depends on axioms: [propext, Quot.sound]
'Collatz.Research.DescentAtlas.Batch223.descent_5011' depends on axioms: [propext, Classical.choice, Quot.sound]
'Collatz.Research.DescentAtlas.Batch223.data_5013' does not depend on any axioms
'Collatz.Research.DescentAtlas.Batch223.affine_5013' depends on axioms: [propext, Quot.sound]
'Collatz.Research.DescentAtlas.Batch223.descent_5013' depends on axioms: [propext, Classical.choice, Quot.sound]
'Collatz.Research.DescentAtlas.Batch223.data_5015' does not depend on any axioms
'Collatz.Research.DescentAtlas.Batch223.affine_5015' depends on axioms: [propext, Quot.sound]
'Collatz.Research.DescentAtlas.Batch223.descent_5015' depends on axioms: [propext, Classical.choice, Quot.sound]
'Collatz.Research.DescentAtlas.Batch223.data_5017' does not depend on any axioms
'Collatz.Research.DescentAtlas.Batch223.affine_5017' depends on axioms: [propext, Quot.sound]
'Collatz.Research.DescentAtlas.Batch223.descent_5017' depends on axioms: [propext, Classical.choice, Quot.sound]
'Collatz.Research.DescentAtlas.Batch223.data_5019' does not depend on any axioms
'Collatz.Research.DescentAtlas.Batch223.affine_5019' depends on axioms: [propext, Quot.sound]
'Collatz.Research.DescentAtlas.Batch223.descent_5019' depends on axioms: [propext, Classical.choice, Quot.sound]
'Collatz.Research.DescentAtlas.Batch223.data_5023' does not depend on any axioms
'Collatz.Research.DescentAtlas.Batch223.affine_5023' depends on axioms: [propext, Quot.sound]
'Collatz.Research.DescentAtlas.Batch223.descent_5023' depends on axioms: [propext, Classical.choice, Quot.sound]
'Collatz.Research.DescentAtlas.Batch223.data_5025' does not depend on any axioms
'Collatz.Research.DescentAtlas.Batch223.affine_5025' depends on axioms: [propext, Quot.sound]
'Collatz.Research.DescentAtlas.Batch223.descent_5025' depends on axioms: [propext, Classical.choice, Quot.sound]
'Collatz.Research.DescentAtlas.Batch224.data_5027' does not depend on any axioms
'Collatz.Research.DescentAtlas.Batch224.affine_5027' depends on axioms: [propext, Quot.sound]
'Collatz.Research.DescentAtlas.Batch224.descent_5027' depends on axioms: [propext, Classical.choice, Quot.sound]
'Collatz.Research.DescentAtlas.Batch224.data_5029' does not depend on any axioms
'Collatz.Research.DescentAtlas.Batch224.affine_5029' depends on axioms: [propext, Quot.sound]
'Collatz.Research.DescentAtlas.Batch224.descent_5029' depends on axioms: [propext, Classical.choice, Quot.sound]
'Collatz.Research.DescentAtlas.Batch224.data_5035' does not depend on any axioms
'Collatz.Research.DescentAtlas.Batch224.affine_5035' depends on axioms: [propext, Quot.sound]
'Collatz.Research.DescentAtlas.Batch224.descent_5035' depends on axioms: [propext, Classical.choice, Quot.sound]
'Collatz.Research.DescentAtlas.Batch224.data_5037' does not depend on any axioms
'Collatz.Research.DescentAtlas.Batch224.affine_5037' depends on axioms: [propext, Quot.sound]
'Collatz.Research.DescentAtlas.Batch224.descent_5037' depends on axioms: [propext, Classical.choice, Quot.sound]
'Collatz.Research.DescentAtlas.Batch224.data_5039' does not depend on any axioms
'Collatz.Research.DescentAtlas.Batch224.affine_5039' depends on axioms: [propext, Quot.sound]
'Collatz.Research.DescentAtlas.Batch224.descent_5039' depends on axioms: [propext, Classical.choice, Quot.sound]
'Collatz.Research.DescentAtlas.Batch224.data_5041' does not depend on any axioms
'Collatz.Research.DescentAtlas.Batch224.affine_5041' depends on axioms: [propext, Quot.sound]
'Collatz.Research.DescentAtlas.Batch224.descent_5041' depends on axioms: [propext, Classical.choice, Quot.sound]
'Collatz.Research.DescentAtlas.Batch224.data_5043' does not depend on any axioms
'Collatz.Research.DescentAtlas.Batch224.affine_5043' depends on axioms: [propext, Quot.sound]
'Collatz.Research.DescentAtlas.Batch224.descent_5043' depends on axioms: [propext, Classical.choice, Quot.sound]
'Collatz.Research.DescentAtlas.Batch224.data_5045' does not depend on any axioms
'Collatz.Research.DescentAtlas.Batch224.affine_5045' depends on axioms: [propext, Quot.sound]
'Collatz.Research.DescentAtlas.Batch224.descent_5045' depends on axioms: [propext, Classical.choice, Quot.sound]
'Collatz.Research.DescentAtlas.Batch225.data_5047' does not depend on any axioms
'Collatz.Research.DescentAtlas.Batch225.affine_5047' depends on axioms: [propext, Quot.sound]
'Collatz.Research.DescentAtlas.Batch225.descent_5047' depends on axioms: [propext, Classical.choice, Quot.sound]
'Collatz.Research.DescentAtlas.Batch225.data_5057' does not depend on any axioms
'Collatz.Research.DescentAtlas.Batch225.affine_5057' depends on axioms: [propext, Quot.sound]
'Collatz.Research.DescentAtlas.Batch225.descent_5057' depends on axioms: [propext, Classical.choice, Quot.sound]
'Collatz.Research.DescentAtlas.Batch225.data_5059' does not depend on any axioms
'Collatz.Research.DescentAtlas.Batch225.affine_5059' depends on axioms: [propext, Quot.sound]
'Collatz.Research.DescentAtlas.Batch225.descent_5059' depends on axioms: [propext, Classical.choice, Quot.sound]
'Collatz.Research.DescentAtlas.Batch225.data_5061' does not depend on any axioms
'Collatz.Research.DescentAtlas.Batch225.affine_5061' depends on axioms: [propext, Quot.sound]
'Collatz.Research.DescentAtlas.Batch225.descent_5061' depends on axioms: [propext, Classical.choice, Quot.sound]
'Collatz.Research.DescentAtlas.Batch225.data_5065' does not depend on any axioms
'Collatz.Research.DescentAtlas.Batch225.affine_5065' depends on axioms: [propext, Quot.sound]
'Collatz.Research.DescentAtlas.Batch225.descent_5065' depends on axioms: [propext, Classical.choice, Quot.sound]
'Collatz.Research.DescentAtlas.Batch225.data_5067' does not depend on any axioms
'Collatz.Research.DescentAtlas.Batch225.affine_5067' depends on axioms: [propext, Quot.sound]
'Collatz.Research.DescentAtlas.Batch225.descent_5067' depends on axioms: [propext, Classical.choice, Quot.sound]
'Collatz.Research.DescentAtlas.Batch225.data_5069' does not depend on any axioms
'Collatz.Research.DescentAtlas.Batch225.affine_5069' depends on axioms: [propext, Quot.sound]
'Collatz.Research.DescentAtlas.Batch225.descent_5069' depends on axioms: [propext, Classical.choice, Quot.sound]
'Collatz.Research.DescentAtlas.Batch225.data_5073' does not depend on any axioms
'Collatz.Research.DescentAtlas.Batch225.affine_5073' depends on axioms: [propext, Quot.sound]
'Collatz.Research.DescentAtlas.Batch225.descent_5073' depends on axioms: [propext, Classical.choice, Quot.sound]
'Collatz.Research.DescentAtlas.Batch226.data_5077' does not depend on any axioms
'Collatz.Research.DescentAtlas.Batch226.affine_5077' depends on axioms: [propext, Quot.sound]
'Collatz.Research.DescentAtlas.Batch226.descent_5077' depends on axioms: [propext, Classical.choice, Quot.sound]
'Collatz.Research.DescentAtlas.Batch226.data_5079' does not depend on any axioms
'Collatz.Research.DescentAtlas.Batch226.affine_5079' depends on axioms: [propext, Quot.sound]
'Collatz.Research.DescentAtlas.Batch226.descent_5079' depends on axioms: [propext, Classical.choice, Quot.sound]
'Collatz.Research.DescentAtlas.Batch226.data_5081' does not depend on any axioms
'Collatz.Research.DescentAtlas.Batch226.affine_5081' depends on axioms: [propext, Quot.sound]
'Collatz.Research.DescentAtlas.Batch226.descent_5081' depends on axioms: [propext, Classical.choice, Quot.sound]
'Collatz.Research.DescentAtlas.Batch226.data_5083' does not depend on any axioms
'Collatz.Research.DescentAtlas.Batch226.affine_5083' depends on axioms: [propext, Quot.sound]
'Collatz.Research.DescentAtlas.Batch226.descent_5083' depends on axioms: [propext, Classical.choice, Quot.sound]
'Collatz.Research.DescentAtlas.Batch226.data_5085' does not depend on any axioms
'Collatz.Research.DescentAtlas.Batch226.affine_5085' depends on axioms: [propext, Quot.sound]
'Collatz.Research.DescentAtlas.Batch226.descent_5085' depends on axioms: [propext, Classical.choice, Quot.sound]
'Collatz.Research.DescentAtlas.Batch226.data_5089' does not depend on any axioms
'Collatz.Research.DescentAtlas.Batch226.affine_5089' depends on axioms: [propext, Quot.sound]
'Collatz.Research.DescentAtlas.Batch226.descent_5089' depends on axioms: [propext, Classical.choice, Quot.sound]
'Collatz.Research.DescentAtlas.Batch226.data_5091' does not depend on any axioms
'Collatz.Research.DescentAtlas.Batch226.affine_5091' depends on axioms: [propext, Quot.sound]
'Collatz.Research.DescentAtlas.Batch226.descent_5091' depends on axioms: [propext, Classical.choice, Quot.sound]
'Collatz.Research.DescentAtlas.Batch226.data_5093' does not depend on any axioms
'Collatz.Research.DescentAtlas.Batch226.affine_5093' depends on axioms: [propext, Quot.sound]
'Collatz.Research.DescentAtlas.Batch226.descent_5093' depends on axioms: [propext, Classical.choice, Quot.sound]
'Collatz.Research.DescentAtlas.Batch227.data_5095' does not depend on any axioms
'Collatz.Research.DescentAtlas.Batch227.affine_5095' depends on axioms: [propext, Quot.sound]
'Collatz.Research.DescentAtlas.Batch227.descent_5095' depends on axioms: [propext, Classical.choice, Quot.sound]
'Collatz.Research.DescentAtlas.Batch227.data_5101' does not depend on any axioms
'Collatz.Research.DescentAtlas.Batch227.affine_5101' depends on axioms: [propext, Quot.sound]
'Collatz.Research.DescentAtlas.Batch227.descent_5101' depends on axioms: [propext, Classical.choice, Quot.sound]
'Collatz.Research.DescentAtlas.Batch227.data_5103' does not depend on any axioms
'Collatz.Research.DescentAtlas.Batch227.affine_5103' depends on axioms: [propext, Quot.sound]
'Collatz.Research.DescentAtlas.Batch227.descent_5103' depends on axioms: [propext, Classical.choice, Quot.sound]
'Collatz.Research.DescentAtlas.Batch227.data_5105' does not depend on any axioms
'Collatz.Research.DescentAtlas.Batch227.affine_5105' depends on axioms: [propext, Quot.sound]
'Collatz.Research.DescentAtlas.Batch227.descent_5105' depends on axioms: [propext, Classical.choice, Quot.sound]
'Collatz.Research.DescentAtlas.Batch227.data_5107' does not depend on any axioms
'Collatz.Research.DescentAtlas.Batch227.affine_5107' depends on axioms: [propext, Quot.sound]
'Collatz.Research.DescentAtlas.Batch227.descent_5107' depends on axioms: [propext, Classical.choice, Quot.sound]
'Collatz.Research.DescentAtlas.Batch227.data_5109' does not depend on any axioms
'Collatz.Research.DescentAtlas.Batch227.affine_5109' depends on axioms: [propext, Quot.sound]
'Collatz.Research.DescentAtlas.Batch227.descent_5109' depends on axioms: [propext, Classical.choice, Quot.sound]
'Collatz.Research.DescentAtlas.Batch227.data_5111' does not depend on any axioms
'Collatz.Research.DescentAtlas.Batch227.affine_5111' depends on axioms: [propext, Quot.sound]
'Collatz.Research.DescentAtlas.Batch227.descent_5111' depends on axioms: [propext, Classical.choice, Quot.sound]
'Collatz.Research.DescentAtlas.Batch227.data_5115' does not depend on any axioms
'Collatz.Research.DescentAtlas.Batch227.affine_5115' depends on axioms: [propext, Quot.sound]
'Collatz.Research.DescentAtlas.Batch227.descent_5115' depends on axioms: [propext, Classical.choice, Quot.sound]
'Collatz.Research.DescentAtlas.Batch228.data_5121' does not depend on any axioms
'Collatz.Research.DescentAtlas.Batch228.affine_5121' depends on axioms: [propext, Quot.sound]
'Collatz.Research.DescentAtlas.Batch228.descent_5121' depends on axioms: [propext, Classical.choice, Quot.sound]
'Collatz.Research.DescentAtlas.Batch228.data_5123' does not depend on any axioms
'Collatz.Research.DescentAtlas.Batch228.affine_5123' depends on axioms: [propext, Quot.sound]
'Collatz.Research.DescentAtlas.Batch228.descent_5123' depends on axioms: [propext, Classical.choice, Quot.sound]
'Collatz.Research.DescentAtlas.Batch228.data_5125' does not depend on any axioms
'Collatz.Research.DescentAtlas.Batch228.affine_5125' depends on axioms: [propext, Quot.sound]
'Collatz.Research.DescentAtlas.Batch228.descent_5125' depends on axioms: [propext, Classical.choice, Quot.sound]
'Collatz.Research.DescentAtlas.Batch228.data_5127' does not depend on any axioms
'Collatz.Research.DescentAtlas.Batch228.affine_5127' depends on axioms: [propext, Quot.sound]
'Collatz.Research.DescentAtlas.Batch228.descent_5127' depends on axioms: [propext, Classical.choice, Quot.sound]
'Collatz.Research.DescentAtlas.Batch228.data_5129' does not depend on any axioms
'Collatz.Research.DescentAtlas.Batch228.affine_5129' depends on axioms: [propext, Quot.sound]
'Collatz.Research.DescentAtlas.Batch228.descent_5129' depends on axioms: [propext, Classical.choice, Quot.sound]
'Collatz.Research.DescentAtlas.Batch228.data_5131' does not depend on any axioms
'Collatz.Research.DescentAtlas.Batch228.affine_5131' depends on axioms: [propext, Quot.sound]
'Collatz.Research.DescentAtlas.Batch228.descent_5131' depends on axioms: [propext, Classical.choice, Quot.sound]
'Collatz.Research.DescentAtlas.Batch228.data_5133' does not depend on any axioms
'Collatz.Research.DescentAtlas.Batch228.affine_5133' depends on axioms: [propext, Quot.sound]
'Collatz.Research.DescentAtlas.Batch228.descent_5133' depends on axioms: [propext, Classical.choice, Quot.sound]
'Collatz.Research.DescentAtlas.Batch228.data_5135' does not depend on any axioms
'Collatz.Research.DescentAtlas.Batch228.affine_5135' depends on axioms: [propext, Quot.sound]
'Collatz.Research.DescentAtlas.Batch228.descent_5135' depends on axioms: [propext, Classical.choice, Quot.sound]
'Collatz.Research.DescentAtlas.Batch229.data_5137' does not depend on any axioms
'Collatz.Research.DescentAtlas.Batch229.affine_5137' depends on axioms: [propext, Quot.sound]
'Collatz.Research.DescentAtlas.Batch229.descent_5137' depends on axioms: [propext, Classical.choice, Quot.sound]
'Collatz.Research.DescentAtlas.Batch229.data_5139' does not depend on any axioms
'Collatz.Research.DescentAtlas.Batch229.affine_5139' depends on axioms: [propext, Quot.sound]
'Collatz.Research.DescentAtlas.Batch229.descent_5139' depends on axioms: [propext, Classical.choice, Quot.sound]
'Collatz.Research.DescentAtlas.Batch229.data_5141' does not depend on any axioms
'Collatz.Research.DescentAtlas.Batch229.affine_5141' depends on axioms: [propext, Quot.sound]
'Collatz.Research.DescentAtlas.Batch229.descent_5141' depends on axioms: [propext, Classical.choice, Quot.sound]
'Collatz.Research.DescentAtlas.Batch229.data_5143' does not depend on any axioms
'Collatz.Research.DescentAtlas.Batch229.affine_5143' depends on axioms: [propext, Quot.sound]
'Collatz.Research.DescentAtlas.Batch229.descent_5143' depends on axioms: [propext, Classical.choice, Quot.sound]
'Collatz.Research.DescentAtlas.Batch229.data_5145' does not depend on any axioms
'Collatz.Research.DescentAtlas.Batch229.affine_5145' depends on axioms: [propext, Quot.sound]
'Collatz.Research.DescentAtlas.Batch229.descent_5145' depends on axioms: [propext, Classical.choice, Quot.sound]
'Collatz.Research.DescentAtlas.Batch229.data_5149' does not depend on any axioms
'Collatz.Research.DescentAtlas.Batch229.affine_5149' depends on axioms: [propext, Quot.sound]
'Collatz.Research.DescentAtlas.Batch229.descent_5149' depends on axioms: [propext, Classical.choice, Quot.sound]
'Collatz.Research.DescentAtlas.Batch229.data_5155' does not depend on any axioms
'Collatz.Research.DescentAtlas.Batch229.affine_5155' depends on axioms: [propext, Quot.sound]
'Collatz.Research.DescentAtlas.Batch229.descent_5155' depends on axioms: [propext, Classical.choice, Quot.sound]
'Collatz.Research.DescentAtlas.Batch229.data_5157' does not depend on any axioms
'Collatz.Research.DescentAtlas.Batch229.affine_5157' depends on axioms: [propext, Quot.sound]
'Collatz.Research.DescentAtlas.Batch229.descent_5157' depends on axioms: [propext, Classical.choice, Quot.sound]
'Collatz.Research.DescentAtlas.Batch230.data_5159' does not depend on any axioms
'Collatz.Research.DescentAtlas.Batch230.affine_5159' depends on axioms: [propext, Quot.sound]
'Collatz.Research.DescentAtlas.Batch230.descent_5159' depends on axioms: [propext, Classical.choice, Quot.sound]
'Collatz.Research.DescentAtlas.Batch230.data_5163' does not depend on any axioms
'Collatz.Research.DescentAtlas.Batch230.affine_5163' depends on axioms: [propext, Quot.sound]
'Collatz.Research.DescentAtlas.Batch230.descent_5163' depends on axioms: [propext, Classical.choice, Quot.sound]
'Collatz.Research.DescentAtlas.Batch230.data_5165' does not depend on any axioms
'Collatz.Research.DescentAtlas.Batch230.affine_5165' depends on axioms: [propext, Quot.sound]
'Collatz.Research.DescentAtlas.Batch230.descent_5165' depends on axioms: [propext, Classical.choice, Quot.sound]
'Collatz.Research.DescentAtlas.Batch230.data_5169' does not depend on any axioms
'Collatz.Research.DescentAtlas.Batch230.affine_5169' depends on axioms: [propext, Quot.sound]
'Collatz.Research.DescentAtlas.Batch230.descent_5169' depends on axioms: [propext, Classical.choice, Quot.sound]
'Collatz.Research.DescentAtlas.Batch230.data_5171' does not depend on any axioms
'Collatz.Research.DescentAtlas.Batch230.affine_5171' depends on axioms: [propext, Quot.sound]
'Collatz.Research.DescentAtlas.Batch230.descent_5171' depends on axioms: [propext, Classical.choice, Quot.sound]
'Collatz.Research.DescentAtlas.Batch230.data_5173' does not depend on any axioms
'Collatz.Research.DescentAtlas.Batch230.affine_5173' depends on axioms: [propext, Quot.sound]
'Collatz.Research.DescentAtlas.Batch230.descent_5173' depends on axioms: [propext, Classical.choice, Quot.sound]
'Collatz.Research.DescentAtlas.Batch230.data_5175' does not depend on any axioms
'Collatz.Research.DescentAtlas.Batch230.affine_5175' depends on axioms: [propext, Quot.sound]
'Collatz.Research.DescentAtlas.Batch230.descent_5175' depends on axioms: [propext, Classical.choice, Quot.sound]
'Collatz.Research.DescentAtlas.Batch230.data_5177' does not depend on any axioms
'Collatz.Research.DescentAtlas.Batch230.affine_5177' depends on axioms: [propext, Quot.sound]
'Collatz.Research.DescentAtlas.Batch230.descent_5177' depends on axioms: [propext, Classical.choice, Quot.sound]
'Collatz.Research.DescentAtlas.Batch231.data_5181' does not depend on any axioms
'Collatz.Research.DescentAtlas.Batch231.affine_5181' depends on axioms: [propext, Quot.sound]
'Collatz.Research.DescentAtlas.Batch231.descent_5181' depends on axioms: [propext, Classical.choice, Quot.sound]
'Collatz.Research.DescentAtlas.Batch231.data_5183' does not depend on any axioms
'Collatz.Research.DescentAtlas.Batch231.affine_5183' depends on axioms: [propext, Quot.sound]
'Collatz.Research.DescentAtlas.Batch231.descent_5183' depends on axioms: [propext, Classical.choice, Quot.sound]
'Collatz.Research.DescentAtlas.Batch231.data_5185' does not depend on any axioms
'Collatz.Research.DescentAtlas.Batch231.affine_5185' depends on axioms: [propext, Quot.sound]
'Collatz.Research.DescentAtlas.Batch231.descent_5185' depends on axioms: [propext, Classical.choice, Quot.sound]
'Collatz.Research.DescentAtlas.Batch231.data_5187' does not depend on any axioms
'Collatz.Research.DescentAtlas.Batch231.affine_5187' depends on axioms: [propext, Quot.sound]
'Collatz.Research.DescentAtlas.Batch231.descent_5187' depends on axioms: [propext, Classical.choice, Quot.sound]
'Collatz.Research.DescentAtlas.Batch231.data_5189' does not depend on any axioms
'Collatz.Research.DescentAtlas.Batch231.affine_5189' depends on axioms: [propext, Quot.sound]
'Collatz.Research.DescentAtlas.Batch231.descent_5189' depends on axioms: [propext, Classical.choice, Quot.sound]
'Collatz.Research.DescentAtlas.Batch231.data_5193' does not depend on any axioms
'Collatz.Research.DescentAtlas.Batch231.affine_5193' depends on axioms: [propext, Quot.sound]
'Collatz.Research.DescentAtlas.Batch231.descent_5193' depends on axioms: [propext, Classical.choice, Quot.sound]
'Collatz.Research.DescentAtlas.Batch231.data_5195' does not depend on any axioms
'Collatz.Research.DescentAtlas.Batch231.affine_5195' depends on axioms: [propext, Quot.sound]
'Collatz.Research.DescentAtlas.Batch231.descent_5195' depends on axioms: [propext, Classical.choice, Quot.sound]
'Collatz.Research.DescentAtlas.Batch231.data_5197' does not depend on any axioms
'Collatz.Research.DescentAtlas.Batch231.affine_5197' depends on axioms: [propext, Quot.sound]
'Collatz.Research.DescentAtlas.Batch231.descent_5197' depends on axioms: [propext, Classical.choice, Quot.sound]
'Collatz.Research.DescentAtlas.Batch232.data_5199' does not depend on any axioms
'Collatz.Research.DescentAtlas.Batch232.affine_5199' depends on axioms: [propext, Quot.sound]
'Collatz.Research.DescentAtlas.Batch232.descent_5199' depends on axioms: [propext, Classical.choice, Quot.sound]
'Collatz.Research.DescentAtlas.Batch232.data_5201' does not depend on any axioms
'Collatz.Research.DescentAtlas.Batch232.affine_5201' depends on axioms: [propext, Quot.sound]
'Collatz.Research.DescentAtlas.Batch232.descent_5201' depends on axioms: [propext, Classical.choice, Quot.sound]
'Collatz.Research.DescentAtlas.Batch232.data_5205' does not depend on any axioms
'Collatz.Research.DescentAtlas.Batch232.affine_5205' depends on axioms: [propext, Quot.sound]
'Collatz.Research.DescentAtlas.Batch232.descent_5205' depends on axioms: [propext, Classical.choice, Quot.sound]
'Collatz.Research.DescentAtlas.Batch232.data_5207' does not depend on any axioms
'Collatz.Research.DescentAtlas.Batch232.affine_5207' depends on axioms: [propext, Quot.sound]
'Collatz.Research.DescentAtlas.Batch232.descent_5207' depends on axioms: [propext, Classical.choice, Quot.sound]
'Collatz.Research.DescentAtlas.Batch232.data_5209' does not depend on any axioms
'Collatz.Research.DescentAtlas.Batch232.affine_5209' depends on axioms: [propext, Quot.sound]
'Collatz.Research.DescentAtlas.Batch232.descent_5209' depends on axioms: [propext, Classical.choice, Quot.sound]
'Collatz.Research.DescentAtlas.Batch232.data_5213' does not depend on any axioms
'Collatz.Research.DescentAtlas.Batch232.affine_5213' depends on axioms: [propext, Quot.sound]
'Collatz.Research.DescentAtlas.Batch232.descent_5213' depends on axioms: [propext, Classical.choice, Quot.sound]
'Collatz.Research.DescentAtlas.Batch232.data_5215' does not depend on any axioms
'Collatz.Research.DescentAtlas.Batch232.affine_5215' depends on axioms: [propext, Quot.sound]
'Collatz.Research.DescentAtlas.Batch232.descent_5215' depends on axioms: [propext, Classical.choice, Quot.sound]
'Collatz.Research.DescentAtlas.Batch232.data_5217' does not depend on any axioms
'Collatz.Research.DescentAtlas.Batch232.affine_5217' depends on axioms: [propext, Quot.sound]
'Collatz.Research.DescentAtlas.Batch232.descent_5217' depends on axioms: [propext, Classical.choice, Quot.sound]
'Collatz.Research.DescentAtlas.Batch233.data_5219' does not depend on any axioms
'Collatz.Research.DescentAtlas.Batch233.affine_5219' depends on axioms: [propext, Quot.sound]
'Collatz.Research.DescentAtlas.Batch233.descent_5219' depends on axioms: [propext, Classical.choice, Quot.sound]
'Collatz.Research.DescentAtlas.Batch233.data_5221' does not depend on any axioms
'Collatz.Research.DescentAtlas.Batch233.affine_5221' depends on axioms: [propext, Quot.sound]
'Collatz.Research.DescentAtlas.Batch233.descent_5221' depends on axioms: [propext, Classical.choice, Quot.sound]
'Collatz.Research.DescentAtlas.Batch233.data_5227' does not depend on any axioms
'Collatz.Research.DescentAtlas.Batch233.affine_5227' depends on axioms: [propext, Quot.sound]
'Collatz.Research.DescentAtlas.Batch233.descent_5227' depends on axioms: [propext, Classical.choice, Quot.sound]
'Collatz.Research.DescentAtlas.Batch233.data_5233' does not depend on any axioms
'Collatz.Research.DescentAtlas.Batch233.affine_5233' depends on axioms: [propext, Quot.sound]
'Collatz.Research.DescentAtlas.Batch233.descent_5233' depends on axioms: [propext, Classical.choice, Quot.sound]
'Collatz.Research.DescentAtlas.Batch233.data_5235' does not depend on any axioms
'Collatz.Research.DescentAtlas.Batch233.affine_5235' depends on axioms: [propext, Quot.sound]
'Collatz.Research.DescentAtlas.Batch233.descent_5235' depends on axioms: [propext, Classical.choice, Quot.sound]
'Collatz.Research.DescentAtlas.Batch233.data_5237' does not depend on any axioms
'Collatz.Research.DescentAtlas.Batch233.affine_5237' depends on axioms: [propext, Quot.sound]
'Collatz.Research.DescentAtlas.Batch233.descent_5237' depends on axioms: [propext, Classical.choice, Quot.sound]
'Collatz.Research.DescentAtlas.Batch233.data_5239' does not depend on any axioms
'Collatz.Research.DescentAtlas.Batch233.affine_5239' depends on axioms: [propext, Quot.sound]
'Collatz.Research.DescentAtlas.Batch233.descent_5239' depends on axioms: [propext, Classical.choice, Quot.sound]
'Collatz.Research.DescentAtlas.Batch233.data_5243' does not depend on any axioms
'Collatz.Research.DescentAtlas.Batch233.affine_5243' depends on axioms: [propext, Quot.sound]
'Collatz.Research.DescentAtlas.Batch233.descent_5243' depends on axioms: [propext, Classical.choice, Quot.sound]
'Collatz.Research.DescentAtlas.Batch234.data_5245' does not depend on any axioms
'Collatz.Research.DescentAtlas.Batch234.affine_5245' depends on axioms: [propext, Quot.sound]
'Collatz.Research.DescentAtlas.Batch234.descent_5245' depends on axioms: [propext, Classical.choice, Quot.sound]
'Collatz.Research.DescentAtlas.Batch234.data_5251' does not depend on any axioms
'Collatz.Research.DescentAtlas.Batch234.affine_5251' depends on axioms: [propext, Quot.sound]
'Collatz.Research.DescentAtlas.Batch234.descent_5251' depends on axioms: [propext, Classical.choice, Quot.sound]
'Collatz.Research.DescentAtlas.Batch234.data_5253' does not depend on any axioms
'Collatz.Research.DescentAtlas.Batch234.affine_5253' depends on axioms: [propext, Quot.sound]
'Collatz.Research.DescentAtlas.Batch234.descent_5253' depends on axioms: [propext, Classical.choice, Quot.sound]
'Collatz.Research.DescentAtlas.Batch234.data_5259' does not depend on any axioms
'Collatz.Research.DescentAtlas.Batch234.affine_5259' depends on axioms: [propext, Quot.sound]
'Collatz.Research.DescentAtlas.Batch234.descent_5259' depends on axioms: [propext, Classical.choice, Quot.sound]
'Collatz.Research.DescentAtlas.Batch234.data_5261' does not depend on any axioms
'Collatz.Research.DescentAtlas.Batch234.affine_5261' depends on axioms: [propext, Quot.sound]
'Collatz.Research.DescentAtlas.Batch234.descent_5261' depends on axioms: [propext, Classical.choice, Quot.sound]
'Collatz.Research.DescentAtlas.Batch234.data_5263' does not depend on any axioms
'Collatz.Research.DescentAtlas.Batch234.affine_5263' depends on axioms: [propext, Quot.sound]
'Collatz.Research.DescentAtlas.Batch234.descent_5263' depends on axioms: [propext, Classical.choice, Quot.sound]
'Collatz.Research.DescentAtlas.Batch234.data_5265' does not depend on any axioms
'Collatz.Research.DescentAtlas.Batch234.affine_5265' depends on axioms: [propext, Quot.sound]
'Collatz.Research.DescentAtlas.Batch234.descent_5265' depends on axioms: [propext, Classical.choice, Quot.sound]
'Collatz.Research.DescentAtlas.Batch234.data_5267' does not depend on any axioms
'Collatz.Research.DescentAtlas.Batch234.affine_5267' depends on axioms: [propext, Quot.sound]
'Collatz.Research.DescentAtlas.Batch234.descent_5267' depends on axioms: [propext, Classical.choice, Quot.sound]
'Collatz.Research.DescentAtlas.Batch235.data_5269' does not depend on any axioms
'Collatz.Research.DescentAtlas.Batch235.affine_5269' depends on axioms: [propext, Quot.sound]
'Collatz.Research.DescentAtlas.Batch235.descent_5269' depends on axioms: [propext, Classical.choice, Quot.sound]
'Collatz.Research.DescentAtlas.Batch235.data_5271' does not depend on any axioms
'Collatz.Research.DescentAtlas.Batch235.affine_5271' depends on axioms: [propext, Quot.sound]
'Collatz.Research.DescentAtlas.Batch235.descent_5271' depends on axioms: [propext, Classical.choice, Quot.sound]
'Collatz.Research.DescentAtlas.Batch235.data_5273' does not depend on any axioms
'Collatz.Research.DescentAtlas.Batch235.affine_5273' depends on axioms: [propext, Quot.sound]
'Collatz.Research.DescentAtlas.Batch235.descent_5273' depends on axioms: [propext, Classical.choice, Quot.sound]
'Collatz.Research.DescentAtlas.Batch235.data_5275' does not depend on any axioms
'Collatz.Research.DescentAtlas.Batch235.affine_5275' depends on axioms: [propext, Quot.sound]
'Collatz.Research.DescentAtlas.Batch235.descent_5275' depends on axioms: [propext, Classical.choice, Quot.sound]
'Collatz.Research.DescentAtlas.Batch235.data_5277' does not depend on any axioms
'Collatz.Research.DescentAtlas.Batch235.affine_5277' depends on axioms: [propext, Quot.sound]
'Collatz.Research.DescentAtlas.Batch235.descent_5277' depends on axioms: [propext, Classical.choice, Quot.sound]
'Collatz.Research.DescentAtlas.Batch235.data_5281' does not depend on any axioms
'Collatz.Research.DescentAtlas.Batch235.affine_5281' depends on axioms: [propext, Quot.sound]
'Collatz.Research.DescentAtlas.Batch235.descent_5281' depends on axioms: [propext, Classical.choice, Quot.sound]
'Collatz.Research.DescentAtlas.Batch235.data_5283' does not depend on any axioms
'Collatz.Research.DescentAtlas.Batch235.affine_5283' depends on axioms: [propext, Quot.sound]
'Collatz.Research.DescentAtlas.Batch235.descent_5283' depends on axioms: [propext, Classical.choice, Quot.sound]
'Collatz.Research.DescentAtlas.Batch235.data_5285' does not depend on any axioms
'Collatz.Research.DescentAtlas.Batch235.affine_5285' depends on axioms: [propext, Quot.sound]
'Collatz.Research.DescentAtlas.Batch235.descent_5285' depends on axioms: [propext, Classical.choice, Quot.sound]
'Collatz.Research.DescentAtlas.Batch236.data_5291' does not depend on any axioms
'Collatz.Research.DescentAtlas.Batch236.affine_5291' depends on axioms: [propext, Quot.sound]
'Collatz.Research.DescentAtlas.Batch236.descent_5291' depends on axioms: [propext, Classical.choice, Quot.sound]
'Collatz.Research.DescentAtlas.Batch236.data_5293' does not depend on any axioms
'Collatz.Research.DescentAtlas.Batch236.affine_5293' depends on axioms: [propext, Quot.sound]
'Collatz.Research.DescentAtlas.Batch236.descent_5293' depends on axioms: [propext, Classical.choice, Quot.sound]
'Collatz.Research.DescentAtlas.Batch236.data_5295' does not depend on any axioms
'Collatz.Research.DescentAtlas.Batch236.affine_5295' depends on axioms: [propext, Quot.sound]
'Collatz.Research.DescentAtlas.Batch236.descent_5295' depends on axioms: [propext, Classical.choice, Quot.sound]
'Collatz.Research.DescentAtlas.Batch236.data_5297' does not depend on any axioms
'Collatz.Research.DescentAtlas.Batch236.affine_5297' depends on axioms: [propext, Quot.sound]
'Collatz.Research.DescentAtlas.Batch236.descent_5297' depends on axioms: [propext, Classical.choice, Quot.sound]
'Collatz.Research.DescentAtlas.Batch236.data_5299' does not depend on any axioms
'Collatz.Research.DescentAtlas.Batch236.affine_5299' depends on axioms: [propext, Quot.sound]
'Collatz.Research.DescentAtlas.Batch236.descent_5299' depends on axioms: [propext, Classical.choice, Quot.sound]
'Collatz.Research.DescentAtlas.Batch236.data_5301' does not depend on any axioms
'Collatz.Research.DescentAtlas.Batch236.affine_5301' depends on axioms: [propext, Quot.sound]
'Collatz.Research.DescentAtlas.Batch236.descent_5301' depends on axioms: [propext, Classical.choice, Quot.sound]
'Collatz.Research.DescentAtlas.Batch236.data_5305' does not depend on any axioms
'Collatz.Research.DescentAtlas.Batch236.affine_5305' depends on axioms: [propext, Quot.sound]
'Collatz.Research.DescentAtlas.Batch236.descent_5305' depends on axioms: [propext, Classical.choice, Quot.sound]
'Collatz.Research.DescentAtlas.Batch236.data_5309' does not depend on any axioms
'Collatz.Research.DescentAtlas.Batch236.affine_5309' depends on axioms: [propext, Quot.sound]
'Collatz.Research.DescentAtlas.Batch236.descent_5309' depends on axioms: [propext, Classical.choice, Quot.sound]
'Collatz.Research.DescentAtlas.Batch237.data_5313' does not depend on any axioms
'Collatz.Research.DescentAtlas.Batch237.affine_5313' depends on axioms: [propext, Quot.sound]
'Collatz.Research.DescentAtlas.Batch237.descent_5313' depends on axioms: [propext, Classical.choice, Quot.sound]
'Collatz.Research.DescentAtlas.Batch237.data_5315' does not depend on any axioms
'Collatz.Research.DescentAtlas.Batch237.affine_5315' depends on axioms: [propext, Quot.sound]
'Collatz.Research.DescentAtlas.Batch237.descent_5315' depends on axioms: [propext, Classical.choice, Quot.sound]
'Collatz.Research.DescentAtlas.Batch237.data_5317' does not depend on any axioms
'Collatz.Research.DescentAtlas.Batch237.affine_5317' depends on axioms: [propext, Quot.sound]
'Collatz.Research.DescentAtlas.Batch237.descent_5317' depends on axioms: [propext, Classical.choice, Quot.sound]
'Collatz.Research.DescentAtlas.Batch237.data_5319' does not depend on any axioms
'Collatz.Research.DescentAtlas.Batch237.affine_5319' depends on axioms: [propext, Quot.sound]
'Collatz.Research.DescentAtlas.Batch237.descent_5319' depends on axioms: [propext, Classical.choice, Quot.sound]
'Collatz.Research.DescentAtlas.Batch237.data_5321' does not depend on any axioms
'Collatz.Research.DescentAtlas.Batch237.affine_5321' depends on axioms: [propext, Quot.sound]
'Collatz.Research.DescentAtlas.Batch237.descent_5321' depends on axioms: [propext, Classical.choice, Quot.sound]
'Collatz.Research.DescentAtlas.Batch237.data_5323' does not depend on any axioms
'Collatz.Research.DescentAtlas.Batch237.affine_5323' depends on axioms: [propext, Quot.sound]
'Collatz.Research.DescentAtlas.Batch237.descent_5323' depends on axioms: [propext, Classical.choice, Quot.sound]
'Collatz.Research.DescentAtlas.Batch237.data_5325' does not depend on any axioms
'Collatz.Research.DescentAtlas.Batch237.affine_5325' depends on axioms: [propext, Quot.sound]
'Collatz.Research.DescentAtlas.Batch237.descent_5325' depends on axioms: [propext, Classical.choice, Quot.sound]
'Collatz.Research.DescentAtlas.Batch237.data_5327' does not depend on any axioms
'Collatz.Research.DescentAtlas.Batch237.affine_5327' depends on axioms: [propext, Quot.sound]
'Collatz.Research.DescentAtlas.Batch237.descent_5327' depends on axioms: [propext, Classical.choice, Quot.sound]
'Collatz.Research.DescentAtlas.Batch238.data_5329' does not depend on any axioms
'Collatz.Research.DescentAtlas.Batch238.affine_5329' depends on axioms: [propext, Quot.sound]
'Collatz.Research.DescentAtlas.Batch238.descent_5329' depends on axioms: [propext, Classical.choice, Quot.sound]
'Collatz.Research.DescentAtlas.Batch238.data_5331' does not depend on any axioms
'Collatz.Research.DescentAtlas.Batch238.affine_5331' depends on axioms: [propext, Quot.sound]
'Collatz.Research.DescentAtlas.Batch238.descent_5331' depends on axioms: [propext, Classical.choice, Quot.sound]
'Collatz.Research.DescentAtlas.Batch238.data_5333' does not depend on any axioms
'Collatz.Research.DescentAtlas.Batch238.affine_5333' depends on axioms: [propext, Quot.sound]
'Collatz.Research.DescentAtlas.Batch238.descent_5333' depends on axioms: [propext, Classical.choice, Quot.sound]
'Collatz.Research.DescentAtlas.Batch238.data_5335' does not depend on any axioms
'Collatz.Research.DescentAtlas.Batch238.affine_5335' depends on axioms: [propext, Quot.sound]
'Collatz.Research.DescentAtlas.Batch238.descent_5335' depends on axioms: [propext, Classical.choice, Quot.sound]
'Collatz.Research.DescentAtlas.Batch238.data_5337' does not depend on any axioms
'Collatz.Research.DescentAtlas.Batch238.affine_5337' depends on axioms: [propext, Quot.sound]
'Collatz.Research.DescentAtlas.Batch238.descent_5337' depends on axioms: [propext, Classical.choice, Quot.sound]
'Collatz.Research.DescentAtlas.Batch238.data_5339' does not depend on any axioms
'Collatz.Research.DescentAtlas.Batch238.affine_5339' depends on axioms: [propext, Quot.sound]
'Collatz.Research.DescentAtlas.Batch238.descent_5339' depends on axioms: [propext, Classical.choice, Quot.sound]
'Collatz.Research.DescentAtlas.Batch238.data_5347' does not depend on any axioms
'Collatz.Research.DescentAtlas.Batch238.affine_5347' depends on axioms: [propext, Quot.sound]
'Collatz.Research.DescentAtlas.Batch238.descent_5347' depends on axioms: [propext, Classical.choice, Quot.sound]
'Collatz.Research.DescentAtlas.Batch238.data_5349' does not depend on any axioms
'Collatz.Research.DescentAtlas.Batch238.affine_5349' depends on axioms: [propext, Quot.sound]
'Collatz.Research.DescentAtlas.Batch238.descent_5349' depends on axioms: [propext, Classical.choice, Quot.sound]
'Collatz.Research.DescentAtlas.Batch239.data_5353' does not depend on any axioms
'Collatz.Research.DescentAtlas.Batch239.affine_5353' depends on axioms: [propext, Quot.sound]
'Collatz.Research.DescentAtlas.Batch239.descent_5353' depends on axioms: [propext, Classical.choice, Quot.sound]
'Collatz.Research.DescentAtlas.Batch239.data_5357' does not depend on any axioms
'Collatz.Research.DescentAtlas.Batch239.affine_5357' depends on axioms: [propext, Quot.sound]
'Collatz.Research.DescentAtlas.Batch239.descent_5357' depends on axioms: [propext, Classical.choice, Quot.sound]
'Collatz.Research.DescentAtlas.Batch239.data_5361' does not depend on any axioms
'Collatz.Research.DescentAtlas.Batch239.affine_5361' depends on axioms: [propext, Quot.sound]
'Collatz.Research.DescentAtlas.Batch239.descent_5361' depends on axioms: [propext, Classical.choice, Quot.sound]
'Collatz.Research.DescentAtlas.Batch239.data_5363' does not depend on any axioms
'Collatz.Research.DescentAtlas.Batch239.affine_5363' depends on axioms: [propext, Quot.sound]
'Collatz.Research.DescentAtlas.Batch239.descent_5363' depends on axioms: [propext, Classical.choice, Quot.sound]
'Collatz.Research.DescentAtlas.Batch239.data_5365' does not depend on any axioms
'Collatz.Research.DescentAtlas.Batch239.affine_5365' depends on axioms: [propext, Quot.sound]
'Collatz.Research.DescentAtlas.Batch239.descent_5365' depends on axioms: [propext, Classical.choice, Quot.sound]
'Collatz.Research.DescentAtlas.Batch239.data_5367' does not depend on any axioms
'Collatz.Research.DescentAtlas.Batch239.affine_5367' depends on axioms: [propext, Quot.sound]
'Collatz.Research.DescentAtlas.Batch239.descent_5367' depends on axioms: [propext, Classical.choice, Quot.sound]
'Collatz.Research.DescentAtlas.Batch239.data_5369' does not depend on any axioms
'Collatz.Research.DescentAtlas.Batch239.affine_5369' depends on axioms: [propext, Quot.sound]
'Collatz.Research.DescentAtlas.Batch239.descent_5369' depends on axioms: [propext, Classical.choice, Quot.sound]
'Collatz.Research.DescentAtlas.Batch239.data_5373' does not depend on any axioms
'Collatz.Research.DescentAtlas.Batch239.affine_5373' depends on axioms: [propext, Quot.sound]
'Collatz.Research.DescentAtlas.Batch239.descent_5373' depends on axioms: [propext, Classical.choice, Quot.sound]
'Collatz.Research.DescentAtlas.Batch240.data_5377' does not depend on any axioms
'Collatz.Research.DescentAtlas.Batch240.affine_5377' depends on axioms: [propext, Quot.sound]
'Collatz.Research.DescentAtlas.Batch240.descent_5377' depends on axioms: [propext, Classical.choice, Quot.sound]
'Collatz.Research.DescentAtlas.Batch240.data_5381' does not depend on any axioms
'Collatz.Research.DescentAtlas.Batch240.affine_5381' depends on axioms: [propext, Quot.sound]
'Collatz.Research.DescentAtlas.Batch240.descent_5381' depends on axioms: [propext, Classical.choice, Quot.sound]
'Collatz.Research.DescentAtlas.Batch240.data_5389' does not depend on any axioms
'Collatz.Research.DescentAtlas.Batch240.affine_5389' depends on axioms: [propext, Quot.sound]
'Collatz.Research.DescentAtlas.Batch240.descent_5389' depends on axioms: [propext, Classical.choice, Quot.sound]
'Collatz.Research.DescentAtlas.Batch240.data_5391' does not depend on any axioms
'Collatz.Research.DescentAtlas.Batch240.affine_5391' depends on axioms: [propext, Quot.sound]
'Collatz.Research.DescentAtlas.Batch240.descent_5391' depends on axioms: [propext, Classical.choice, Quot.sound]
'Collatz.Research.DescentAtlas.Batch240.data_5393' does not depend on any axioms
'Collatz.Research.DescentAtlas.Batch240.affine_5393' depends on axioms: [propext, Quot.sound]
'Collatz.Research.DescentAtlas.Batch240.descent_5393' depends on axioms: [propext, Classical.choice, Quot.sound]
'Collatz.Research.DescentAtlas.Batch240.data_5395' does not depend on any axioms
'Collatz.Research.DescentAtlas.Batch240.affine_5395' depends on axioms: [propext, Quot.sound]
'Collatz.Research.DescentAtlas.Batch240.descent_5395' depends on axioms: [propext, Classical.choice, Quot.sound]
'Collatz.Research.DescentAtlas.Batch240.data_5397' does not depend on any axioms
'Collatz.Research.DescentAtlas.Batch240.affine_5397' depends on axioms: [propext, Quot.sound]
'Collatz.Research.DescentAtlas.Batch240.descent_5397' depends on axioms: [propext, Classical.choice, Quot.sound]
'Collatz.Research.DescentAtlas.Batch240.data_5399' does not depend on any axioms
'Collatz.Research.DescentAtlas.Batch240.affine_5399' depends on axioms: [propext, Quot.sound]
'Collatz.Research.DescentAtlas.Batch240.descent_5399' depends on axioms: [propext, Classical.choice, Quot.sound]
'Collatz.Research.DescentAtlas.Batch241.data_5407' does not depend on any axioms
'Collatz.Research.DescentAtlas.Batch241.affine_5407' depends on axioms: [propext, Quot.sound]
'Collatz.Research.DescentAtlas.Batch241.descent_5407' depends on axioms: [propext, Classical.choice, Quot.sound]
'Collatz.Research.DescentAtlas.Batch241.data_5409' does not depend on any axioms
'Collatz.Research.DescentAtlas.Batch241.affine_5409' depends on axioms: [propext, Quot.sound]
'Collatz.Research.DescentAtlas.Batch241.descent_5409' depends on axioms: [propext, Classical.choice, Quot.sound]
'Collatz.Research.DescentAtlas.Batch241.data_5411' does not depend on any axioms
'Collatz.Research.DescentAtlas.Batch241.affine_5411' depends on axioms: [propext, Quot.sound]
'Collatz.Research.DescentAtlas.Batch241.descent_5411' depends on axioms: [propext, Classical.choice, Quot.sound]
'Collatz.Research.DescentAtlas.Batch241.data_5413' does not depend on any axioms
'Collatz.Research.DescentAtlas.Batch241.affine_5413' depends on axioms: [propext, Quot.sound]
'Collatz.Research.DescentAtlas.Batch241.descent_5413' depends on axioms: [propext, Classical.choice, Quot.sound]
'Collatz.Research.DescentAtlas.Batch241.data_5415' does not depend on any axioms
'Collatz.Research.DescentAtlas.Batch241.affine_5415' depends on axioms: [propext, Quot.sound]
'Collatz.Research.DescentAtlas.Batch241.descent_5415' depends on axioms: [propext, Classical.choice, Quot.sound]
'Collatz.Research.DescentAtlas.Batch241.data_5417' does not depend on any axioms
'Collatz.Research.DescentAtlas.Batch241.affine_5417' depends on axioms: [propext, Quot.sound]
'Collatz.Research.DescentAtlas.Batch241.descent_5417' depends on axioms: [propext, Classical.choice, Quot.sound]
'Collatz.Research.DescentAtlas.Batch241.data_5419' does not depend on any axioms
'Collatz.Research.DescentAtlas.Batch241.affine_5419' depends on axioms: [propext, Quot.sound]
'Collatz.Research.DescentAtlas.Batch241.descent_5419' depends on axioms: [propext, Classical.choice, Quot.sound]
'Collatz.Research.DescentAtlas.Batch241.data_5421' does not depend on any axioms
'Collatz.Research.DescentAtlas.Batch241.affine_5421' depends on axioms: [propext, Quot.sound]
'Collatz.Research.DescentAtlas.Batch241.descent_5421' depends on axioms: [propext, Classical.choice, Quot.sound]
'Collatz.Research.DescentAtlas.Batch242.data_5425' does not depend on any axioms
'Collatz.Research.DescentAtlas.Batch242.affine_5425' depends on axioms: [propext, Quot.sound]
'Collatz.Research.DescentAtlas.Batch242.descent_5425' depends on axioms: [propext, Classical.choice, Quot.sound]
'Collatz.Research.DescentAtlas.Batch242.data_5427' does not depend on any axioms
'Collatz.Research.DescentAtlas.Batch242.affine_5427' depends on axioms: [propext, Quot.sound]
'Collatz.Research.DescentAtlas.Batch242.descent_5427' depends on axioms: [propext, Classical.choice, Quot.sound]
'Collatz.Research.DescentAtlas.Batch242.data_5429' does not depend on any axioms
'Collatz.Research.DescentAtlas.Batch242.affine_5429' depends on axioms: [propext, Quot.sound]
'Collatz.Research.DescentAtlas.Batch242.descent_5429' depends on axioms: [propext, Classical.choice, Quot.sound]
'Collatz.Research.DescentAtlas.Batch242.data_5435' does not depend on any axioms
'Collatz.Research.DescentAtlas.Batch242.affine_5435' depends on axioms: [propext, Quot.sound]
'Collatz.Research.DescentAtlas.Batch242.descent_5435' depends on axioms: [propext, Classical.choice, Quot.sound]
'Collatz.Research.DescentAtlas.Batch242.data_5437' does not depend on any axioms
'Collatz.Research.DescentAtlas.Batch242.affine_5437' depends on axioms: [propext, Quot.sound]
'Collatz.Research.DescentAtlas.Batch242.descent_5437' depends on axioms: [propext, Classical.choice, Quot.sound]
'Collatz.Research.DescentAtlas.Batch242.data_5441' does not depend on any axioms
'Collatz.Research.DescentAtlas.Batch242.affine_5441' depends on axioms: [propext, Quot.sound]
'Collatz.Research.DescentAtlas.Batch242.descent_5441' depends on axioms: [propext, Classical.choice, Quot.sound]
'Collatz.Research.DescentAtlas.Batch242.data_5443' does not depend on any axioms
'Collatz.Research.DescentAtlas.Batch242.affine_5443' depends on axioms: [propext, Quot.sound]
'Collatz.Research.DescentAtlas.Batch242.descent_5443' depends on axioms: [propext, Classical.choice, Quot.sound]
'Collatz.Research.DescentAtlas.Batch242.data_5461' does not depend on any axioms
'Collatz.Research.DescentAtlas.Batch242.affine_5461' depends on axioms: [propext, Quot.sound]
'Collatz.Research.DescentAtlas.Batch242.descent_5461' depends on axioms: [propext, Classical.choice, Quot.sound]
'Collatz.Research.DescentAtlas.Batch243.data_5463' does not depend on any axioms
'Collatz.Research.DescentAtlas.Batch243.affine_5463' depends on axioms: [propext, Quot.sound]
'Collatz.Research.DescentAtlas.Batch243.descent_5463' depends on axioms: [propext, Classical.choice, Quot.sound]
'Collatz.Research.DescentAtlas.Batch243.data_5465' does not depend on any axioms
'Collatz.Research.DescentAtlas.Batch243.affine_5465' depends on axioms: [propext, Quot.sound]
'Collatz.Research.DescentAtlas.Batch243.descent_5465' depends on axioms: [propext, Classical.choice, Quot.sound]
'Collatz.Research.DescentAtlas.Batch243.data_5467' does not depend on any axioms
'Collatz.Research.DescentAtlas.Batch243.affine_5467' depends on axioms: [propext, Quot.sound]
'Collatz.Research.DescentAtlas.Batch243.descent_5467' depends on axioms: [propext, Classical.choice, Quot.sound]
'Collatz.Research.DescentAtlas.Batch243.data_5469' does not depend on any axioms
'Collatz.Research.DescentAtlas.Batch243.affine_5469' depends on axioms: [propext, Quot.sound]
'Collatz.Research.DescentAtlas.Batch243.descent_5469' depends on axioms: [propext, Classical.choice, Quot.sound]
'Collatz.Research.DescentAtlas.Batch243.data_5471' does not depend on any axioms
'Collatz.Research.DescentAtlas.Batch243.affine_5471' depends on axioms: [propext, Quot.sound]
'Collatz.Research.DescentAtlas.Batch243.descent_5471' depends on axioms: [propext, Classical.choice, Quot.sound]
'Collatz.Research.DescentAtlas.Batch243.data_5473' does not depend on any axioms
'Collatz.Research.DescentAtlas.Batch243.affine_5473' depends on axioms: [propext, Quot.sound]
'Collatz.Research.DescentAtlas.Batch243.descent_5473' depends on axioms: [propext, Classical.choice, Quot.sound]
'Collatz.Research.DescentAtlas.Batch243.data_5475' does not depend on any axioms
'Collatz.Research.DescentAtlas.Batch243.affine_5475' depends on axioms: [propext, Quot.sound]
'Collatz.Research.DescentAtlas.Batch243.descent_5475' depends on axioms: [propext, Classical.choice, Quot.sound]
'Collatz.Research.DescentAtlas.Batch243.data_5477' does not depend on any axioms
'Collatz.Research.DescentAtlas.Batch243.affine_5477' depends on axioms: [propext, Quot.sound]
'Collatz.Research.DescentAtlas.Batch243.descent_5477' depends on axioms: [propext, Classical.choice, Quot.sound]
'Collatz.Research.DescentAtlas.Batch244.data_5481' does not depend on any axioms
'Collatz.Research.DescentAtlas.Batch244.affine_5481' depends on axioms: [propext, Quot.sound]
'Collatz.Research.DescentAtlas.Batch244.descent_5481' depends on axioms: [propext, Classical.choice, Quot.sound]
'Collatz.Research.DescentAtlas.Batch244.data_5483' does not depend on any axioms
'Collatz.Research.DescentAtlas.Batch244.affine_5483' depends on axioms: [propext, Quot.sound]
'Collatz.Research.DescentAtlas.Batch244.descent_5483' depends on axioms: [propext, Classical.choice, Quot.sound]
'Collatz.Research.DescentAtlas.Batch244.data_5485' does not depend on any axioms
'Collatz.Research.DescentAtlas.Batch244.affine_5485' depends on axioms: [propext, Quot.sound]
'Collatz.Research.DescentAtlas.Batch244.descent_5485' depends on axioms: [propext, Classical.choice, Quot.sound]
'Collatz.Research.DescentAtlas.Batch244.data_5487' does not depend on any axioms
'Collatz.Research.DescentAtlas.Batch244.affine_5487' depends on axioms: [propext, Quot.sound]
'Collatz.Research.DescentAtlas.Batch244.descent_5487' depends on axioms: [propext, Classical.choice, Quot.sound]
'Collatz.Research.DescentAtlas.Batch244.data_5489' does not depend on any axioms
'Collatz.Research.DescentAtlas.Batch244.affine_5489' depends on axioms: [propext, Quot.sound]
'Collatz.Research.DescentAtlas.Batch244.descent_5489' depends on axioms: [propext, Classical.choice, Quot.sound]
'Collatz.Research.DescentAtlas.Batch244.data_5491' does not depend on any axioms
'Collatz.Research.DescentAtlas.Batch244.affine_5491' depends on axioms: [propext, Quot.sound]
'Collatz.Research.DescentAtlas.Batch244.descent_5491' depends on axioms: [propext, Classical.choice, Quot.sound]
'Collatz.Research.DescentAtlas.Batch244.data_5493' does not depend on any axioms
'Collatz.Research.DescentAtlas.Batch244.affine_5493' depends on axioms: [propext, Quot.sound]
'Collatz.Research.DescentAtlas.Batch244.descent_5493' depends on axioms: [propext, Classical.choice, Quot.sound]
'Collatz.Research.DescentAtlas.Batch244.data_5495' does not depend on any axioms
'Collatz.Research.DescentAtlas.Batch244.affine_5495' depends on axioms: [propext, Quot.sound]
'Collatz.Research.DescentAtlas.Batch244.descent_5495' depends on axioms: [propext, Classical.choice, Quot.sound]
'Collatz.Research.DescentAtlas.Batch245.data_5499' does not depend on any axioms
'Collatz.Research.DescentAtlas.Batch245.affine_5499' depends on axioms: [propext, Quot.sound]
'Collatz.Research.DescentAtlas.Batch245.descent_5499' depends on axioms: [propext, Classical.choice, Quot.sound]
'Collatz.Research.DescentAtlas.Batch245.data_5501' does not depend on any axioms
'Collatz.Research.DescentAtlas.Batch245.affine_5501' depends on axioms: [propext, Quot.sound]
'Collatz.Research.DescentAtlas.Batch245.descent_5501' depends on axioms: [propext, Classical.choice, Quot.sound]
'Collatz.Research.DescentAtlas.Batch245.data_5505' does not depend on any axioms
'Collatz.Research.DescentAtlas.Batch245.affine_5505' depends on axioms: [propext, Quot.sound]
'Collatz.Research.DescentAtlas.Batch245.descent_5505' depends on axioms: [propext, Classical.choice, Quot.sound]
'Collatz.Research.DescentAtlas.Batch245.data_5507' does not depend on any axioms
'Collatz.Research.DescentAtlas.Batch245.affine_5507' depends on axioms: [propext, Quot.sound]
'Collatz.Research.DescentAtlas.Batch245.descent_5507' depends on axioms: [propext, Classical.choice, Quot.sound]
'Collatz.Research.DescentAtlas.Batch245.data_5509' does not depend on any axioms
'Collatz.Research.DescentAtlas.Batch245.affine_5509' depends on axioms: [propext, Quot.sound]
'Collatz.Research.DescentAtlas.Batch245.descent_5509' depends on axioms: [propext, Classical.choice, Quot.sound]
'Collatz.Research.DescentAtlas.Batch245.data_5511' does not depend on any axioms
'Collatz.Research.DescentAtlas.Batch245.affine_5511' depends on axioms: [propext, Quot.sound]
'Collatz.Research.DescentAtlas.Batch245.descent_5511' depends on axioms: [propext, Classical.choice, Quot.sound]
'Collatz.Research.DescentAtlas.Batch245.data_5513' does not depend on any axioms
'Collatz.Research.DescentAtlas.Batch245.affine_5513' depends on axioms: [propext, Quot.sound]
'Collatz.Research.DescentAtlas.Batch245.descent_5513' depends on axioms: [propext, Classical.choice, Quot.sound]
'Collatz.Research.DescentAtlas.Batch245.data_5515' does not depend on any axioms
'Collatz.Research.DescentAtlas.Batch245.affine_5515' depends on axioms: [propext, Quot.sound]
'Collatz.Research.DescentAtlas.Batch245.descent_5515' depends on axioms: [propext, Classical.choice, Quot.sound]
'Collatz.Research.DescentAtlas.Batch246.data_5517' does not depend on any axioms
'Collatz.Research.DescentAtlas.Batch246.affine_5517' depends on axioms: [propext, Quot.sound]
'Collatz.Research.DescentAtlas.Batch246.descent_5517' depends on axioms: [propext, Classical.choice, Quot.sound]
'Collatz.Research.DescentAtlas.Batch246.data_5519' does not depend on any axioms
'Collatz.Research.DescentAtlas.Batch246.affine_5519' depends on axioms: [propext, Quot.sound]
'Collatz.Research.DescentAtlas.Batch246.descent_5519' depends on axioms: [propext, Classical.choice, Quot.sound]
'Collatz.Research.DescentAtlas.Batch246.data_5521' does not depend on any axioms
'Collatz.Research.DescentAtlas.Batch246.affine_5521' depends on axioms: [propext, Quot.sound]
'Collatz.Research.DescentAtlas.Batch246.descent_5521' depends on axioms: [propext, Classical.choice, Quot.sound]
'Collatz.Research.DescentAtlas.Batch246.data_5523' does not depend on any axioms
'Collatz.Research.DescentAtlas.Batch246.affine_5523' depends on axioms: [propext, Quot.sound]
'Collatz.Research.DescentAtlas.Batch246.descent_5523' depends on axioms: [propext, Classical.choice, Quot.sound]
'Collatz.Research.DescentAtlas.Batch246.data_5525' does not depend on any axioms
'Collatz.Research.DescentAtlas.Batch246.affine_5525' depends on axioms: [propext, Quot.sound]
'Collatz.Research.DescentAtlas.Batch246.descent_5525' depends on axioms: [propext, Classical.choice, Quot.sound]
'Collatz.Research.DescentAtlas.Batch246.data_5527' does not depend on any axioms
'Collatz.Research.DescentAtlas.Batch246.affine_5527' depends on axioms: [propext, Quot.sound]
'Collatz.Research.DescentAtlas.Batch246.descent_5527' depends on axioms: [propext, Classical.choice, Quot.sound]
'Collatz.Research.DescentAtlas.Batch246.data_5529' does not depend on any axioms
'Collatz.Research.DescentAtlas.Batch246.affine_5529' depends on axioms: [propext, Quot.sound]
'Collatz.Research.DescentAtlas.Batch246.descent_5529' depends on axioms: [propext, Classical.choice, Quot.sound]
'Collatz.Research.DescentAtlas.Batch246.data_5531' does not depend on any axioms
'Collatz.Research.DescentAtlas.Batch246.affine_5531' depends on axioms: [propext, Quot.sound]
'Collatz.Research.DescentAtlas.Batch246.descent_5531' depends on axioms: [propext, Classical.choice, Quot.sound]
'Collatz.Research.DescentAtlas.Batch247.data_5537' does not depend on any axioms
'Collatz.Research.DescentAtlas.Batch247.affine_5537' depends on axioms: [propext, Quot.sound]
'Collatz.Research.DescentAtlas.Batch247.descent_5537' depends on axioms: [propext, Classical.choice, Quot.sound]
'Collatz.Research.DescentAtlas.Batch247.data_5539' does not depend on any axioms
'Collatz.Research.DescentAtlas.Batch247.affine_5539' depends on axioms: [propext, Quot.sound]
'Collatz.Research.DescentAtlas.Batch247.descent_5539' depends on axioms: [propext, Classical.choice, Quot.sound]
'Collatz.Research.DescentAtlas.Batch247.data_5541' does not depend on any axioms
'Collatz.Research.DescentAtlas.Batch247.affine_5541' depends on axioms: [propext, Quot.sound]
'Collatz.Research.DescentAtlas.Batch247.descent_5541' depends on axioms: [propext, Classical.choice, Quot.sound]
'Collatz.Research.DescentAtlas.Batch247.data_5549' does not depend on any axioms
'Collatz.Research.DescentAtlas.Batch247.affine_5549' depends on axioms: [propext, Quot.sound]
'Collatz.Research.DescentAtlas.Batch247.descent_5549' depends on axioms: [propext, Classical.choice, Quot.sound]
'Collatz.Research.DescentAtlas.Batch247.data_5551' does not depend on any axioms
'Collatz.Research.DescentAtlas.Batch247.affine_5551' depends on axioms: [propext, Quot.sound]
'Collatz.Research.DescentAtlas.Batch247.descent_5551' depends on axioms: [propext, Classical.choice, Quot.sound]
'Collatz.Research.DescentAtlas.Batch247.data_5553' does not depend on any axioms
'Collatz.Research.DescentAtlas.Batch247.affine_5553' depends on axioms: [propext, Quot.sound]
'Collatz.Research.DescentAtlas.Batch247.descent_5553' depends on axioms: [propext, Classical.choice, Quot.sound]
'Collatz.Research.DescentAtlas.Batch247.data_5555' does not depend on any axioms
'Collatz.Research.DescentAtlas.Batch247.affine_5555' depends on axioms: [propext, Quot.sound]
'Collatz.Research.DescentAtlas.Batch247.descent_5555' depends on axioms: [propext, Classical.choice, Quot.sound]
'Collatz.Research.DescentAtlas.Batch247.data_5557' does not depend on any axioms
'Collatz.Research.DescentAtlas.Batch247.affine_5557' depends on axioms: [propext, Quot.sound]
'Collatz.Research.DescentAtlas.Batch247.descent_5557' depends on axioms: [propext, Classical.choice, Quot.sound]
'Collatz.Research.DescentAtlas.Batch248.data_5561' does not depend on any axioms
'Collatz.Research.DescentAtlas.Batch248.affine_5561' depends on axioms: [propext, Quot.sound]
'Collatz.Research.DescentAtlas.Batch248.descent_5561' depends on axioms: [propext, Classical.choice, Quot.sound]
'Collatz.Research.DescentAtlas.Batch248.data_5563' does not depend on any axioms
'Collatz.Research.DescentAtlas.Batch248.affine_5563' depends on axioms: [propext, Quot.sound]
'Collatz.Research.DescentAtlas.Batch248.descent_5563' depends on axioms: [propext, Classical.choice, Quot.sound]
'Collatz.Research.DescentAtlas.Batch248.data_5565' does not depend on any axioms
'Collatz.Research.DescentAtlas.Batch248.affine_5565' depends on axioms: [propext, Quot.sound]
'Collatz.Research.DescentAtlas.Batch248.descent_5565' depends on axioms: [propext, Classical.choice, Quot.sound]
'Collatz.Research.DescentAtlas.Batch248.data_5569' does not depend on any axioms
'Collatz.Research.DescentAtlas.Batch248.affine_5569' depends on axioms: [propext, Quot.sound]
'Collatz.Research.DescentAtlas.Batch248.descent_5569' depends on axioms: [propext, Classical.choice, Quot.sound]
'Collatz.Research.DescentAtlas.Batch248.data_5573' does not depend on any axioms
'Collatz.Research.DescentAtlas.Batch248.affine_5573' depends on axioms: [propext, Quot.sound]
'Collatz.Research.DescentAtlas.Batch248.descent_5573' depends on axioms: [propext, Classical.choice, Quot.sound]
'Collatz.Research.DescentAtlas.Batch248.data_5575' does not depend on any axioms
'Collatz.Research.DescentAtlas.Batch248.affine_5575' depends on axioms: [propext, Quot.sound]
'Collatz.Research.DescentAtlas.Batch248.descent_5575' depends on axioms: [propext, Classical.choice, Quot.sound]
'Collatz.Research.DescentAtlas.Batch248.data_5577' does not depend on any axioms
'Collatz.Research.DescentAtlas.Batch248.affine_5577' depends on axioms: [propext, Quot.sound]
'Collatz.Research.DescentAtlas.Batch248.descent_5577' depends on axioms: [propext, Classical.choice, Quot.sound]
'Collatz.Research.DescentAtlas.Batch248.data_5579' does not depend on any axioms
'Collatz.Research.DescentAtlas.Batch248.affine_5579' depends on axioms: [propext, Quot.sound]
'Collatz.Research.DescentAtlas.Batch248.descent_5579' depends on axioms: [propext, Classical.choice, Quot.sound]
'Collatz.Research.DescentAtlas.Batch249.data_5581' does not depend on any axioms
'Collatz.Research.DescentAtlas.Batch249.affine_5581' depends on axioms: [propext, Quot.sound]
'Collatz.Research.DescentAtlas.Batch249.descent_5581' depends on axioms: [propext, Classical.choice, Quot.sound]
'Collatz.Research.DescentAtlas.Batch249.data_5585' does not depend on any axioms
'Collatz.Research.DescentAtlas.Batch249.affine_5585' depends on axioms: [propext, Quot.sound]
'Collatz.Research.DescentAtlas.Batch249.descent_5585' depends on axioms: [propext, Classical.choice, Quot.sound]
'Collatz.Research.DescentAtlas.Batch249.data_5589' does not depend on any axioms
'Collatz.Research.DescentAtlas.Batch249.affine_5589' depends on axioms: [propext, Quot.sound]
'Collatz.Research.DescentAtlas.Batch249.descent_5589' depends on axioms: [propext, Classical.choice, Quot.sound]
'Collatz.Research.DescentAtlas.Batch249.data_5593' does not depend on any axioms
'Collatz.Research.DescentAtlas.Batch249.affine_5593' depends on axioms: [propext, Quot.sound]
'Collatz.Research.DescentAtlas.Batch249.descent_5593' depends on axioms: [propext, Classical.choice, Quot.sound]
'Collatz.Research.DescentAtlas.Batch249.data_5595' does not depend on any axioms
'Collatz.Research.DescentAtlas.Batch249.affine_5595' depends on axioms: [propext, Quot.sound]
'Collatz.Research.DescentAtlas.Batch249.descent_5595' depends on axioms: [propext, Classical.choice, Quot.sound]
'Collatz.Research.DescentAtlas.Batch249.data_5597' does not depend on any axioms
'Collatz.Research.DescentAtlas.Batch249.affine_5597' depends on axioms: [propext, Quot.sound]
'Collatz.Research.DescentAtlas.Batch249.descent_5597' depends on axioms: [propext, Classical.choice, Quot.sound]
'Collatz.Research.DescentAtlas.Batch249.data_5601' does not depend on any axioms
'Collatz.Research.DescentAtlas.Batch249.affine_5601' depends on axioms: [propext, Quot.sound]
'Collatz.Research.DescentAtlas.Batch249.descent_5601' depends on axioms: [propext, Classical.choice, Quot.sound]
'Collatz.Research.DescentAtlas.Batch249.data_5603' does not depend on any axioms
'Collatz.Research.DescentAtlas.Batch249.affine_5603' depends on axioms: [propext, Quot.sound]
'Collatz.Research.DescentAtlas.Batch249.descent_5603' depends on axioms: [propext, Classical.choice, Quot.sound]
'Collatz.Research.DescentAtlas.Batch250.data_5607' does not depend on any axioms
'Collatz.Research.DescentAtlas.Batch250.affine_5607' depends on axioms: [propext, Quot.sound]
'Collatz.Research.DescentAtlas.Batch250.descent_5607' depends on axioms: [propext, Classical.choice, Quot.sound]
'Collatz.Research.DescentAtlas.Batch250.data_5613' does not depend on any axioms
'Collatz.Research.DescentAtlas.Batch250.affine_5613' depends on axioms: [propext, Quot.sound]
'Collatz.Research.DescentAtlas.Batch250.descent_5613' depends on axioms: [propext, Classical.choice, Quot.sound]
'Collatz.Research.DescentAtlas.Batch250.data_5615' does not depend on any axioms
'Collatz.Research.DescentAtlas.Batch250.affine_5615' depends on axioms: [propext, Quot.sound]
'Collatz.Research.DescentAtlas.Batch250.descent_5615' depends on axioms: [propext, Classical.choice, Quot.sound]
'Collatz.Research.DescentAtlas.Batch250.data_5617' does not depend on any axioms
'Collatz.Research.DescentAtlas.Batch250.affine_5617' depends on axioms: [propext, Quot.sound]
'Collatz.Research.DescentAtlas.Batch250.descent_5617' depends on axioms: [propext, Classical.choice, Quot.sound]
'Collatz.Research.DescentAtlas.Batch250.data_5619' does not depend on any axioms
'Collatz.Research.DescentAtlas.Batch250.affine_5619' depends on axioms: [propext, Quot.sound]
'Collatz.Research.DescentAtlas.Batch250.descent_5619' depends on axioms: [propext, Classical.choice, Quot.sound]
'Collatz.Research.DescentAtlas.Batch250.data_5621' does not depend on any axioms
'Collatz.Research.DescentAtlas.Batch250.affine_5621' depends on axioms: [propext, Quot.sound]
'Collatz.Research.DescentAtlas.Batch250.descent_5621' depends on axioms: [propext, Classical.choice, Quot.sound]
'Collatz.Research.DescentAtlas.Batch250.data_5625' does not depend on any axioms
'Collatz.Research.DescentAtlas.Batch250.affine_5625' depends on axioms: [propext, Quot.sound]
'Collatz.Research.DescentAtlas.Batch250.descent_5625' depends on axioms: [propext, Classical.choice, Quot.sound]
'Collatz.Research.DescentAtlas.Batch250.data_5633' does not depend on any axioms
'Collatz.Research.DescentAtlas.Batch250.affine_5633' depends on axioms: [propext, Quot.sound]
'Collatz.Research.DescentAtlas.Batch250.descent_5633' depends on axioms: [propext, Classical.choice, Quot.sound]
'Collatz.Research.DescentAtlas.Batch251.data_5635' does not depend on any axioms
'Collatz.Research.DescentAtlas.Batch251.affine_5635' depends on axioms: [propext, Quot.sound]
'Collatz.Research.DescentAtlas.Batch251.descent_5635' depends on axioms: [propext, Classical.choice, Quot.sound]
'Collatz.Research.DescentAtlas.Batch251.data_5637' does not depend on any axioms
'Collatz.Research.DescentAtlas.Batch251.affine_5637' depends on axioms: [propext, Quot.sound]
'Collatz.Research.DescentAtlas.Batch251.descent_5637' depends on axioms: [propext, Classical.choice, Quot.sound]
'Collatz.Research.DescentAtlas.Batch251.data_5639' does not depend on any axioms
'Collatz.Research.DescentAtlas.Batch251.affine_5639' depends on axioms: [propext, Quot.sound]
'Collatz.Research.DescentAtlas.Batch251.descent_5639' depends on axioms: [propext, Classical.choice, Quot.sound]
'Collatz.Research.DescentAtlas.Batch251.data_5641' does not depend on any axioms
'Collatz.Research.DescentAtlas.Batch251.affine_5641' depends on axioms: [propext, Quot.sound]
'Collatz.Research.DescentAtlas.Batch251.descent_5641' depends on axioms: [propext, Classical.choice, Quot.sound]
'Collatz.Research.DescentAtlas.Batch251.data_5643' does not depend on any axioms
'Collatz.Research.DescentAtlas.Batch251.affine_5643' depends on axioms: [propext, Quot.sound]
'Collatz.Research.DescentAtlas.Batch251.descent_5643' depends on axioms: [propext, Classical.choice, Quot.sound]
'Collatz.Research.DescentAtlas.Batch251.data_5645' does not depend on any axioms
'Collatz.Research.DescentAtlas.Batch251.affine_5645' depends on axioms: [propext, Quot.sound]
'Collatz.Research.DescentAtlas.Batch251.descent_5645' depends on axioms: [propext, Classical.choice, Quot.sound]
'Collatz.Research.DescentAtlas.Batch251.data_5647' does not depend on any axioms
'Collatz.Research.DescentAtlas.Batch251.affine_5647' depends on axioms: [propext, Quot.sound]
'Collatz.Research.DescentAtlas.Batch251.descent_5647' depends on axioms: [propext, Classical.choice, Quot.sound]
'Collatz.Research.DescentAtlas.Batch251.data_5649' does not depend on any axioms
'Collatz.Research.DescentAtlas.Batch251.affine_5649' depends on axioms: [propext, Quot.sound]
'Collatz.Research.DescentAtlas.Batch251.descent_5649' depends on axioms: [propext, Classical.choice, Quot.sound]
'Collatz.Research.DescentAtlas.Batch252.data_5653' does not depend on any axioms
'Collatz.Research.DescentAtlas.Batch252.affine_5653' depends on axioms: [propext, Quot.sound]
'Collatz.Research.DescentAtlas.Batch252.descent_5653' depends on axioms: [propext, Classical.choice, Quot.sound]
'Collatz.Research.DescentAtlas.Batch252.data_5661' does not depend on any axioms
'Collatz.Research.DescentAtlas.Batch252.affine_5661' depends on axioms: [propext, Quot.sound]
'Collatz.Research.DescentAtlas.Batch252.descent_5661' depends on axioms: [propext, Classical.choice, Quot.sound]
'Collatz.Research.DescentAtlas.Batch252.data_5665' does not depend on any axioms
'Collatz.Research.DescentAtlas.Batch252.affine_5665' depends on axioms: [propext, Quot.sound]
'Collatz.Research.DescentAtlas.Batch252.descent_5665' depends on axioms: [propext, Classical.choice, Quot.sound]
'Collatz.Research.DescentAtlas.Batch252.data_5667' does not depend on any axioms
'Collatz.Research.DescentAtlas.Batch252.affine_5667' depends on axioms: [propext, Quot.sound]
'Collatz.Research.DescentAtlas.Batch252.descent_5667' depends on axioms: [propext, Classical.choice, Quot.sound]
'Collatz.Research.DescentAtlas.Batch252.data_5669' does not depend on any axioms
'Collatz.Research.DescentAtlas.Batch252.affine_5669' depends on axioms: [propext, Quot.sound]
'Collatz.Research.DescentAtlas.Batch252.descent_5669' depends on axioms: [propext, Classical.choice, Quot.sound]
'Collatz.Research.DescentAtlas.Batch252.data_5671' does not depend on any axioms
'Collatz.Research.DescentAtlas.Batch252.affine_5671' depends on axioms: [propext, Quot.sound]
'Collatz.Research.DescentAtlas.Batch252.descent_5671' depends on axioms: [propext, Classical.choice, Quot.sound]
'Collatz.Research.DescentAtlas.Batch252.data_5675' does not depend on any axioms
'Collatz.Research.DescentAtlas.Batch252.affine_5675' depends on axioms: [propext, Quot.sound]
'Collatz.Research.DescentAtlas.Batch252.descent_5675' depends on axioms: [propext, Classical.choice, Quot.sound]
'Collatz.Research.DescentAtlas.Batch252.data_5677' does not depend on any axioms
'Collatz.Research.DescentAtlas.Batch252.affine_5677' depends on axioms: [propext, Quot.sound]
'Collatz.Research.DescentAtlas.Batch252.descent_5677' depends on axioms: [propext, Classical.choice, Quot.sound]
'Collatz.Research.DescentAtlas.Batch253.data_5681' does not depend on any axioms
'Collatz.Research.DescentAtlas.Batch253.affine_5681' depends on axioms: [propext, Quot.sound]
'Collatz.Research.DescentAtlas.Batch253.descent_5681' depends on axioms: [propext, Classical.choice, Quot.sound]
'Collatz.Research.DescentAtlas.Batch253.data_5683' does not depend on any axioms
'Collatz.Research.DescentAtlas.Batch253.affine_5683' depends on axioms: [propext, Quot.sound]
'Collatz.Research.DescentAtlas.Batch253.descent_5683' depends on axioms: [propext, Classical.choice, Quot.sound]
'Collatz.Research.DescentAtlas.Batch253.data_5685' does not depend on any axioms
'Collatz.Research.DescentAtlas.Batch253.affine_5685' depends on axioms: [propext, Quot.sound]
'Collatz.Research.DescentAtlas.Batch253.descent_5685' depends on axioms: [propext, Classical.choice, Quot.sound]
'Collatz.Research.DescentAtlas.Batch253.data_5689' does not depend on any axioms
'Collatz.Research.DescentAtlas.Batch253.affine_5689' depends on axioms: [propext, Quot.sound]
'Collatz.Research.DescentAtlas.Batch253.descent_5689' depends on axioms: [propext, Classical.choice, Quot.sound]
'Collatz.Research.DescentAtlas.Batch253.data_5691' does not depend on any axioms
'Collatz.Research.DescentAtlas.Batch253.affine_5691' depends on axioms: [propext, Quot.sound]
'Collatz.Research.DescentAtlas.Batch253.descent_5691' depends on axioms: [propext, Classical.choice, Quot.sound]
'Collatz.Research.DescentAtlas.Batch253.data_5693' does not depend on any axioms
'Collatz.Research.DescentAtlas.Batch253.affine_5693' depends on axioms: [propext, Quot.sound]
'Collatz.Research.DescentAtlas.Batch253.descent_5693' depends on axioms: [propext, Classical.choice, Quot.sound]
'Collatz.Research.DescentAtlas.Batch253.data_5697' does not depend on any axioms
'Collatz.Research.DescentAtlas.Batch253.affine_5697' depends on axioms: [propext, Quot.sound]
'Collatz.Research.DescentAtlas.Batch253.descent_5697' depends on axioms: [propext, Classical.choice, Quot.sound]
'Collatz.Research.DescentAtlas.Batch253.data_5699' does not depend on any axioms
'Collatz.Research.DescentAtlas.Batch253.affine_5699' depends on axioms: [propext, Quot.sound]
'Collatz.Research.DescentAtlas.Batch253.descent_5699' depends on axioms: [propext, Classical.choice, Quot.sound]
'Collatz.Research.DescentAtlas.Batch254.data_5701' does not depend on any axioms
'Collatz.Research.DescentAtlas.Batch254.affine_5701' depends on axioms: [propext, Quot.sound]
'Collatz.Research.DescentAtlas.Batch254.descent_5701' depends on axioms: [propext, Classical.choice, Quot.sound]
'Collatz.Research.DescentAtlas.Batch254.data_5703' does not depend on any axioms
'Collatz.Research.DescentAtlas.Batch254.affine_5703' depends on axioms: [propext, Quot.sound]
'Collatz.Research.DescentAtlas.Batch254.descent_5703' depends on axioms: [propext, Classical.choice, Quot.sound]
'Collatz.Research.DescentAtlas.Batch254.data_5707' does not depend on any axioms
'Collatz.Research.DescentAtlas.Batch254.affine_5707' depends on axioms: [propext, Quot.sound]
'Collatz.Research.DescentAtlas.Batch254.descent_5707' depends on axioms: [propext, Classical.choice, Quot.sound]
'Collatz.Research.DescentAtlas.Batch254.data_5709' does not depend on any axioms
'Collatz.Research.DescentAtlas.Batch254.affine_5709' depends on axioms: [propext, Quot.sound]
'Collatz.Research.DescentAtlas.Batch254.descent_5709' depends on axioms: [propext, Classical.choice, Quot.sound]
'Collatz.Research.DescentAtlas.Batch254.data_5711' does not depend on any axioms
'Collatz.Research.DescentAtlas.Batch254.affine_5711' depends on axioms: [propext, Quot.sound]
'Collatz.Research.DescentAtlas.Batch254.descent_5711' depends on axioms: [propext, Classical.choice, Quot.sound]
'Collatz.Research.DescentAtlas.Batch254.data_5713' does not depend on any axioms
'Collatz.Research.DescentAtlas.Batch254.affine_5713' depends on axioms: [propext, Quot.sound]
'Collatz.Research.DescentAtlas.Batch254.descent_5713' depends on axioms: [propext, Classical.choice, Quot.sound]
'Collatz.Research.DescentAtlas.Batch254.data_5715' does not depend on any axioms
'Collatz.Research.DescentAtlas.Batch254.affine_5715' depends on axioms: [propext, Quot.sound]
'Collatz.Research.DescentAtlas.Batch254.descent_5715' depends on axioms: [propext, Classical.choice, Quot.sound]
'Collatz.Research.DescentAtlas.Batch254.data_5717' does not depend on any axioms
'Collatz.Research.DescentAtlas.Batch254.affine_5717' depends on axioms: [propext, Quot.sound]
'Collatz.Research.DescentAtlas.Batch254.descent_5717' depends on axioms: [propext, Classical.choice, Quot.sound]
'Collatz.Research.DescentAtlas.Batch255.data_5719' does not depend on any axioms
'Collatz.Research.DescentAtlas.Batch255.affine_5719' depends on axioms: [propext, Quot.sound]
'Collatz.Research.DescentAtlas.Batch255.descent_5719' depends on axioms: [propext, Classical.choice, Quot.sound]
'Collatz.Research.DescentAtlas.Batch255.data_5721' does not depend on any axioms
'Collatz.Research.DescentAtlas.Batch255.affine_5721' depends on axioms: [propext, Quot.sound]
'Collatz.Research.DescentAtlas.Batch255.descent_5721' depends on axioms: [propext, Classical.choice, Quot.sound]
'Collatz.Research.DescentAtlas.Batch255.data_5725' does not depend on any axioms
'Collatz.Research.DescentAtlas.Batch255.affine_5725' depends on axioms: [propext, Quot.sound]
'Collatz.Research.DescentAtlas.Batch255.descent_5725' depends on axioms: [propext, Classical.choice, Quot.sound]
'Collatz.Research.DescentAtlas.Batch255.data_5729' does not depend on any axioms
'Collatz.Research.DescentAtlas.Batch255.affine_5729' depends on axioms: [propext, Quot.sound]
'Collatz.Research.DescentAtlas.Batch255.descent_5729' depends on axioms: [propext, Classical.choice, Quot.sound]
'Collatz.Research.DescentAtlas.Batch255.data_5731' does not depend on any axioms
'Collatz.Research.DescentAtlas.Batch255.affine_5731' depends on axioms: [propext, Quot.sound]
'Collatz.Research.DescentAtlas.Batch255.descent_5731' depends on axioms: [propext, Classical.choice, Quot.sound]
'Collatz.Research.DescentAtlas.Batch255.data_5733' does not depend on any axioms
'Collatz.Research.DescentAtlas.Batch255.affine_5733' depends on axioms: [propext, Quot.sound]
'Collatz.Research.DescentAtlas.Batch255.descent_5733' depends on axioms: [propext, Classical.choice, Quot.sound]
'Collatz.Research.DescentAtlas.Batch255.data_5741' does not depend on any axioms
'Collatz.Research.DescentAtlas.Batch255.affine_5741' depends on axioms: [propext, Quot.sound]
'Collatz.Research.DescentAtlas.Batch255.descent_5741' depends on axioms: [propext, Classical.choice, Quot.sound]
'Collatz.Research.DescentAtlas.Batch255.data_5745' does not depend on any axioms
'Collatz.Research.DescentAtlas.Batch255.affine_5745' depends on axioms: [propext, Quot.sound]
'Collatz.Research.DescentAtlas.Batch255.descent_5745' depends on axioms: [propext, Classical.choice, Quot.sound]
'Collatz.Research.DescentAtlas.Batch256.data_5749' does not depend on any axioms
'Collatz.Research.DescentAtlas.Batch256.affine_5749' depends on axioms: [propext, Quot.sound]
'Collatz.Research.DescentAtlas.Batch256.descent_5749' depends on axioms: [propext, Classical.choice, Quot.sound]
'Collatz.Research.DescentAtlas.Batch256.data_5751' does not depend on any axioms
'Collatz.Research.DescentAtlas.Batch256.affine_5751' depends on axioms: [propext, Quot.sound]
'Collatz.Research.DescentAtlas.Batch256.descent_5751' depends on axioms: [propext, Classical.choice, Quot.sound]
'Collatz.Research.DescentAtlas.Batch256.data_5753' does not depend on any axioms
'Collatz.Research.DescentAtlas.Batch256.affine_5753' depends on axioms: [propext, Quot.sound]
'Collatz.Research.DescentAtlas.Batch256.descent_5753' depends on axioms: [propext, Classical.choice, Quot.sound]
'Collatz.Research.DescentAtlas.Batch256.data_5755' does not depend on any axioms
'Collatz.Research.DescentAtlas.Batch256.affine_5755' depends on axioms: [propext, Quot.sound]
'Collatz.Research.DescentAtlas.Batch256.descent_5755' depends on axioms: [propext, Classical.choice, Quot.sound]
'Collatz.Research.DescentAtlas.Batch256.data_5763' does not depend on any axioms
'Collatz.Research.DescentAtlas.Batch256.affine_5763' depends on axioms: [propext, Quot.sound]
'Collatz.Research.DescentAtlas.Batch256.descent_5763' depends on axioms: [propext, Classical.choice, Quot.sound]
'Collatz.Research.DescentAtlas.Batch256.data_5765' does not depend on any axioms
'Collatz.Research.DescentAtlas.Batch256.affine_5765' depends on axioms: [propext, Quot.sound]
'Collatz.Research.DescentAtlas.Batch256.descent_5765' depends on axioms: [propext, Classical.choice, Quot.sound]
'Collatz.Research.DescentAtlas.Batch256.data_5767' does not depend on any axioms
'Collatz.Research.DescentAtlas.Batch256.affine_5767' depends on axioms: [propext, Quot.sound]
'Collatz.Research.DescentAtlas.Batch256.descent_5767' depends on axioms: [propext, Classical.choice, Quot.sound]
'Collatz.Research.DescentAtlas.Batch256.data_5769' does not depend on any axioms
'Collatz.Research.DescentAtlas.Batch256.affine_5769' depends on axioms: [propext, Quot.sound]
'Collatz.Research.DescentAtlas.Batch256.descent_5769' depends on axioms: [propext, Classical.choice, Quot.sound]
'Collatz.Research.DescentAtlas.Batch257.data_5771' does not depend on any axioms
'Collatz.Research.DescentAtlas.Batch257.affine_5771' depends on axioms: [propext, Quot.sound]
'Collatz.Research.DescentAtlas.Batch257.descent_5771' depends on axioms: [propext, Classical.choice, Quot.sound]
'Collatz.Research.DescentAtlas.Batch257.data_5773' does not depend on any axioms
'Collatz.Research.DescentAtlas.Batch257.affine_5773' depends on axioms: [propext, Quot.sound]
'Collatz.Research.DescentAtlas.Batch257.descent_5773' depends on axioms: [propext, Classical.choice, Quot.sound]
'Collatz.Research.DescentAtlas.Batch257.data_5777' does not depend on any axioms
'Collatz.Research.DescentAtlas.Batch257.affine_5777' depends on axioms: [propext, Quot.sound]
'Collatz.Research.DescentAtlas.Batch257.descent_5777' depends on axioms: [propext, Classical.choice, Quot.sound]
'Collatz.Research.DescentAtlas.Batch257.data_5779' does not depend on any axioms
'Collatz.Research.DescentAtlas.Batch257.affine_5779' depends on axioms: [propext, Quot.sound]
'Collatz.Research.DescentAtlas.Batch257.descent_5779' depends on axioms: [propext, Classical.choice, Quot.sound]
'Collatz.Research.DescentAtlas.Batch257.data_5781' does not depend on any axioms
'Collatz.Research.DescentAtlas.Batch257.affine_5781' depends on axioms: [propext, Quot.sound]
'Collatz.Research.DescentAtlas.Batch257.descent_5781' depends on axioms: [propext, Classical.choice, Quot.sound]
'Collatz.Research.DescentAtlas.Batch257.data_5783' does not depend on any axioms
'Collatz.Research.DescentAtlas.Batch257.affine_5783' depends on axioms: [propext, Quot.sound]
'Collatz.Research.DescentAtlas.Batch257.descent_5783' depends on axioms: [propext, Classical.choice, Quot.sound]
'Collatz.Research.DescentAtlas.Batch257.data_5787' does not depend on any axioms
'Collatz.Research.DescentAtlas.Batch257.affine_5787' depends on axioms: [propext, Quot.sound]
'Collatz.Research.DescentAtlas.Batch257.descent_5787' depends on axioms: [propext, Classical.choice, Quot.sound]
'Collatz.Research.DescentAtlas.Batch257.data_5789' does not depend on any axioms
'Collatz.Research.DescentAtlas.Batch257.affine_5789' depends on axioms: [propext, Quot.sound]
'Collatz.Research.DescentAtlas.Batch257.descent_5789' depends on axioms: [propext, Classical.choice, Quot.sound]
'Collatz.Research.DescentAtlas.Batch258.data_5795' does not depend on any axioms
'Collatz.Research.DescentAtlas.Batch258.affine_5795' depends on axioms: [propext, Quot.sound]
'Collatz.Research.DescentAtlas.Batch258.descent_5795' depends on axioms: [propext, Classical.choice, Quot.sound]
'Collatz.Research.DescentAtlas.Batch258.data_5797' does not depend on any axioms
'Collatz.Research.DescentAtlas.Batch258.affine_5797' depends on axioms: [propext, Quot.sound]
'Collatz.Research.DescentAtlas.Batch258.descent_5797' depends on axioms: [propext, Classical.choice, Quot.sound]
'Collatz.Research.DescentAtlas.Batch258.data_5799' does not depend on any axioms
'Collatz.Research.DescentAtlas.Batch258.affine_5799' depends on axioms: [propext, Quot.sound]
'Collatz.Research.DescentAtlas.Batch258.descent_5799' depends on axioms: [propext, Classical.choice, Quot.sound]
'Collatz.Research.DescentAtlas.Batch258.data_5803' does not depend on any axioms
'Collatz.Research.DescentAtlas.Batch258.affine_5803' depends on axioms: [propext, Quot.sound]
'Collatz.Research.DescentAtlas.Batch258.descent_5803' depends on axioms: [propext, Classical.choice, Quot.sound]
'Collatz.Research.DescentAtlas.Batch258.data_5805' does not depend on any axioms
'Collatz.Research.DescentAtlas.Batch258.affine_5805' depends on axioms: [propext, Quot.sound]
'Collatz.Research.DescentAtlas.Batch258.descent_5805' depends on axioms: [propext, Classical.choice, Quot.sound]
'Collatz.Research.DescentAtlas.Batch258.data_5809' does not depend on any axioms
'Collatz.Research.DescentAtlas.Batch258.affine_5809' depends on axioms: [propext, Quot.sound]
'Collatz.Research.DescentAtlas.Batch258.descent_5809' depends on axioms: [propext, Classical.choice, Quot.sound]
'Collatz.Research.DescentAtlas.Batch258.data_5811' does not depend on any axioms
'Collatz.Research.DescentAtlas.Batch258.affine_5811' depends on axioms: [propext, Quot.sound]
'Collatz.Research.DescentAtlas.Batch258.descent_5811' depends on axioms: [propext, Classical.choice, Quot.sound]
'Collatz.Research.DescentAtlas.Batch258.data_5813' does not depend on any axioms
'Collatz.Research.DescentAtlas.Batch258.affine_5813' depends on axioms: [propext, Quot.sound]
'Collatz.Research.DescentAtlas.Batch258.descent_5813' depends on axioms: [propext, Classical.choice, Quot.sound]
'Collatz.Research.DescentAtlas.Batch259.data_5815' does not depend on any axioms
'Collatz.Research.DescentAtlas.Batch259.affine_5815' depends on axioms: [propext, Quot.sound]
'Collatz.Research.DescentAtlas.Batch259.descent_5815' depends on axioms: [propext, Classical.choice, Quot.sound]
'Collatz.Research.DescentAtlas.Batch259.data_5817' does not depend on any axioms
'Collatz.Research.DescentAtlas.Batch259.affine_5817' depends on axioms: [propext, Quot.sound]
'Collatz.Research.DescentAtlas.Batch259.descent_5817' depends on axioms: [propext, Classical.choice, Quot.sound]
'Collatz.Research.DescentAtlas.Batch259.data_5819' does not depend on any axioms
'Collatz.Research.DescentAtlas.Batch259.affine_5819' depends on axioms: [propext, Quot.sound]
'Collatz.Research.DescentAtlas.Batch259.descent_5819' depends on axioms: [propext, Classical.choice, Quot.sound]
'Collatz.Research.DescentAtlas.Batch259.data_5821' does not depend on any axioms
'Collatz.Research.DescentAtlas.Batch259.affine_5821' depends on axioms: [propext, Quot.sound]
'Collatz.Research.DescentAtlas.Batch259.descent_5821' depends on axioms: [propext, Classical.choice, Quot.sound]
'Collatz.Research.DescentAtlas.Batch259.data_5825' does not depend on any axioms
'Collatz.Research.DescentAtlas.Batch259.affine_5825' depends on axioms: [propext, Quot.sound]
'Collatz.Research.DescentAtlas.Batch259.descent_5825' depends on axioms: [propext, Classical.choice, Quot.sound]
'Collatz.Research.DescentAtlas.Batch259.data_5829' does not depend on any axioms
'Collatz.Research.DescentAtlas.Batch259.affine_5829' depends on axioms: [propext, Quot.sound]
'Collatz.Research.DescentAtlas.Batch259.descent_5829' depends on axioms: [propext, Classical.choice, Quot.sound]
'Collatz.Research.DescentAtlas.Batch259.data_5831' does not depend on any axioms
'Collatz.Research.DescentAtlas.Batch259.affine_5831' depends on axioms: [propext, Quot.sound]
'Collatz.Research.DescentAtlas.Batch259.descent_5831' depends on axioms: [propext, Classical.choice, Quot.sound]
'Collatz.Research.DescentAtlas.Batch259.data_5833' does not depend on any axioms
'Collatz.Research.DescentAtlas.Batch259.affine_5833' depends on axioms: [propext, Quot.sound]
'Collatz.Research.DescentAtlas.Batch259.descent_5833' depends on axioms: [propext, Classical.choice, Quot.sound]
'Collatz.Research.DescentAtlas.Batch260.data_5835' does not depend on any axioms
'Collatz.Research.DescentAtlas.Batch260.affine_5835' depends on axioms: [propext, Quot.sound]
'Collatz.Research.DescentAtlas.Batch260.descent_5835' depends on axioms: [propext, Classical.choice, Quot.sound]
'Collatz.Research.DescentAtlas.Batch260.data_5837' does not depend on any axioms
'Collatz.Research.DescentAtlas.Batch260.affine_5837' depends on axioms: [propext, Quot.sound]
'Collatz.Research.DescentAtlas.Batch260.descent_5837' depends on axioms: [propext, Classical.choice, Quot.sound]
'Collatz.Research.DescentAtlas.Batch260.data_5841' does not depend on any axioms
'Collatz.Research.DescentAtlas.Batch260.affine_5841' depends on axioms: [propext, Quot.sound]
'Collatz.Research.DescentAtlas.Batch260.descent_5841' depends on axioms: [propext, Classical.choice, Quot.sound]
'Collatz.Research.DescentAtlas.Batch260.data_5843' does not depend on any axioms
'Collatz.Research.DescentAtlas.Batch260.affine_5843' depends on axioms: [propext, Quot.sound]
'Collatz.Research.DescentAtlas.Batch260.descent_5843' depends on axioms: [propext, Classical.choice, Quot.sound]
'Collatz.Research.DescentAtlas.Batch260.data_5845' does not depend on any axioms
'Collatz.Research.DescentAtlas.Batch260.affine_5845' depends on axioms: [propext, Quot.sound]
'Collatz.Research.DescentAtlas.Batch260.descent_5845' depends on axioms: [propext, Classical.choice, Quot.sound]
'Collatz.Research.DescentAtlas.Batch260.data_5847' does not depend on any axioms
'Collatz.Research.DescentAtlas.Batch260.affine_5847' depends on axioms: [propext, Quot.sound]
'Collatz.Research.DescentAtlas.Batch260.descent_5847' depends on axioms: [propext, Classical.choice, Quot.sound]
'Collatz.Research.DescentAtlas.Batch260.data_5849' does not depend on any axioms
'Collatz.Research.DescentAtlas.Batch260.affine_5849' depends on axioms: [propext, Quot.sound]
'Collatz.Research.DescentAtlas.Batch260.descent_5849' depends on axioms: [propext, Classical.choice, Quot.sound]
'Collatz.Research.DescentAtlas.Batch260.data_5851' does not depend on any axioms
'Collatz.Research.DescentAtlas.Batch260.affine_5851' depends on axioms: [propext, Quot.sound]
'Collatz.Research.DescentAtlas.Batch260.descent_5851' depends on axioms: [propext, Classical.choice, Quot.sound]
'Collatz.Research.DescentAtlas.Batch261.data_5853' does not depend on any axioms
'Collatz.Research.DescentAtlas.Batch261.affine_5853' depends on axioms: [propext, Quot.sound]
'Collatz.Research.DescentAtlas.Batch261.descent_5853' depends on axioms: [propext, Classical.choice, Quot.sound]
'Collatz.Research.DescentAtlas.Batch261.data_5859' does not depend on any axioms
'Collatz.Research.DescentAtlas.Batch261.affine_5859' depends on axioms: [propext, Quot.sound]
'Collatz.Research.DescentAtlas.Batch261.descent_5859' depends on axioms: [propext, Classical.choice, Quot.sound]
'Collatz.Research.DescentAtlas.Batch261.data_5861' does not depend on any axioms
'Collatz.Research.DescentAtlas.Batch261.affine_5861' depends on axioms: [propext, Quot.sound]
'Collatz.Research.DescentAtlas.Batch261.descent_5861' depends on axioms: [propext, Classical.choice, Quot.sound]
'Collatz.Research.DescentAtlas.Batch261.data_5867' does not depend on any axioms
'Collatz.Research.DescentAtlas.Batch261.affine_5867' depends on axioms: [propext, Quot.sound]
'Collatz.Research.DescentAtlas.Batch261.descent_5867' depends on axioms: [propext, Classical.choice, Quot.sound]
'Collatz.Research.DescentAtlas.Batch261.data_5869' does not depend on any axioms
'Collatz.Research.DescentAtlas.Batch261.affine_5869' depends on axioms: [propext, Quot.sound]
'Collatz.Research.DescentAtlas.Batch261.descent_5869' depends on axioms: [propext, Classical.choice, Quot.sound]
'Collatz.Research.DescentAtlas.Batch261.data_5873' does not depend on any axioms
'Collatz.Research.DescentAtlas.Batch261.affine_5873' depends on axioms: [propext, Quot.sound]
'Collatz.Research.DescentAtlas.Batch261.descent_5873' depends on axioms: [propext, Classical.choice, Quot.sound]
'Collatz.Research.DescentAtlas.Batch261.data_5875' does not depend on any axioms
'Collatz.Research.DescentAtlas.Batch261.affine_5875' depends on axioms: [propext, Quot.sound]
'Collatz.Research.DescentAtlas.Batch261.descent_5875' depends on axioms: [propext, Classical.choice, Quot.sound]
'Collatz.Research.DescentAtlas.Batch261.data_5877' does not depend on any axioms
'Collatz.Research.DescentAtlas.Batch261.affine_5877' depends on axioms: [propext, Quot.sound]
'Collatz.Research.DescentAtlas.Batch261.descent_5877' depends on axioms: [propext, Classical.choice, Quot.sound]
'Collatz.Research.DescentAtlas.Batch262.data_5881' does not depend on any axioms
'Collatz.Research.DescentAtlas.Batch262.affine_5881' depends on axioms: [propext, Quot.sound]
'Collatz.Research.DescentAtlas.Batch262.descent_5881' depends on axioms: [propext, Classical.choice, Quot.sound]
'Collatz.Research.DescentAtlas.Batch262.data_5883' does not depend on any axioms
'Collatz.Research.DescentAtlas.Batch262.affine_5883' depends on axioms: [propext, Quot.sound]
'Collatz.Research.DescentAtlas.Batch262.descent_5883' depends on axioms: [propext, Classical.choice, Quot.sound]
'Collatz.Research.DescentAtlas.Batch262.data_5889' does not depend on any axioms
'Collatz.Research.DescentAtlas.Batch262.affine_5889' depends on axioms: [propext, Quot.sound]
'Collatz.Research.DescentAtlas.Batch262.descent_5889' depends on axioms: [propext, Classical.choice, Quot.sound]
'Collatz.Research.DescentAtlas.Batch262.data_5891' does not depend on any axioms
'Collatz.Research.DescentAtlas.Batch262.affine_5891' depends on axioms: [propext, Quot.sound]
'Collatz.Research.DescentAtlas.Batch262.descent_5891' depends on axioms: [propext, Classical.choice, Quot.sound]
'Collatz.Research.DescentAtlas.Batch262.data_5893' does not depend on any axioms
'Collatz.Research.DescentAtlas.Batch262.affine_5893' depends on axioms: [propext, Quot.sound]
'Collatz.Research.DescentAtlas.Batch262.descent_5893' depends on axioms: [propext, Classical.choice, Quot.sound]
'Collatz.Research.DescentAtlas.Batch262.data_5895' does not depend on any axioms
'Collatz.Research.DescentAtlas.Batch262.affine_5895' depends on axioms: [propext, Quot.sound]
'Collatz.Research.DescentAtlas.Batch262.descent_5895' depends on axioms: [propext, Classical.choice, Quot.sound]
'Collatz.Research.DescentAtlas.Batch262.data_5899' does not depend on any axioms
'Collatz.Research.DescentAtlas.Batch262.affine_5899' depends on axioms: [propext, Quot.sound]
'Collatz.Research.DescentAtlas.Batch262.descent_5899' depends on axioms: [propext, Classical.choice, Quot.sound]
'Collatz.Research.DescentAtlas.Batch262.data_5901' does not depend on any axioms
'Collatz.Research.DescentAtlas.Batch262.affine_5901' depends on axioms: [propext, Quot.sound]
'Collatz.Research.DescentAtlas.Batch262.descent_5901' depends on axioms: [propext, Classical.choice, Quot.sound]
'Collatz.Research.DescentAtlas.Batch263.data_5903' does not depend on any axioms
'Collatz.Research.DescentAtlas.Batch263.affine_5903' depends on axioms: [propext, Quot.sound]
'Collatz.Research.DescentAtlas.Batch263.descent_5903' depends on axioms: [propext, Classical.choice, Quot.sound]
'Collatz.Research.DescentAtlas.Batch263.data_5905' does not depend on any axioms
'Collatz.Research.DescentAtlas.Batch263.affine_5905' depends on axioms: [propext, Quot.sound]
'Collatz.Research.DescentAtlas.Batch263.descent_5905' depends on axioms: [propext, Classical.choice, Quot.sound]
'Collatz.Research.DescentAtlas.Batch263.data_5909' does not depend on any axioms
'Collatz.Research.DescentAtlas.Batch263.affine_5909' depends on axioms: [propext, Quot.sound]
'Collatz.Research.DescentAtlas.Batch263.descent_5909' depends on axioms: [propext, Classical.choice, Quot.sound]
'Collatz.Research.DescentAtlas.Batch263.data_5911' does not depend on any axioms
'Collatz.Research.DescentAtlas.Batch263.affine_5911' depends on axioms: [propext, Quot.sound]
'Collatz.Research.DescentAtlas.Batch263.descent_5911' depends on axioms: [propext, Classical.choice, Quot.sound]
'Collatz.Research.DescentAtlas.Batch263.data_5917' does not depend on any axioms
'Collatz.Research.DescentAtlas.Batch263.affine_5917' depends on axioms: [propext, Quot.sound]
'Collatz.Research.DescentAtlas.Batch263.descent_5917' depends on axioms: [propext, Classical.choice, Quot.sound]
'Collatz.Research.DescentAtlas.Batch263.data_5919' does not depend on any axioms
'Collatz.Research.DescentAtlas.Batch263.affine_5919' depends on axioms: [propext, Quot.sound]
'Collatz.Research.DescentAtlas.Batch263.descent_5919' depends on axioms: [propext, Classical.choice, Quot.sound]
'Collatz.Research.DescentAtlas.Batch263.data_5921' does not depend on any axioms
'Collatz.Research.DescentAtlas.Batch263.affine_5921' depends on axioms: [propext, Quot.sound]
'Collatz.Research.DescentAtlas.Batch263.descent_5921' depends on axioms: [propext, Classical.choice, Quot.sound]
'Collatz.Research.DescentAtlas.Batch263.data_5923' does not depend on any axioms
'Collatz.Research.DescentAtlas.Batch263.affine_5923' depends on axioms: [propext, Quot.sound]
'Collatz.Research.DescentAtlas.Batch263.descent_5923' depends on axioms: [propext, Classical.choice, Quot.sound]
'Collatz.Research.DescentAtlas.Batch264.data_5925' does not depend on any axioms
'Collatz.Research.DescentAtlas.Batch264.affine_5925' depends on axioms: [propext, Quot.sound]
'Collatz.Research.DescentAtlas.Batch264.descent_5925' depends on axioms: [propext, Classical.choice, Quot.sound]
'Collatz.Research.DescentAtlas.Batch264.data_5931' does not depend on any axioms
'Collatz.Research.DescentAtlas.Batch264.affine_5931' depends on axioms: [propext, Quot.sound]
'Collatz.Research.DescentAtlas.Batch264.descent_5931' depends on axioms: [propext, Classical.choice, Quot.sound]
'Collatz.Research.DescentAtlas.Batch264.data_5933' does not depend on any axioms
'Collatz.Research.DescentAtlas.Batch264.affine_5933' depends on axioms: [propext, Quot.sound]
'Collatz.Research.DescentAtlas.Batch264.descent_5933' depends on axioms: [propext, Classical.choice, Quot.sound]
'Collatz.Research.DescentAtlas.Batch264.data_5935' does not depend on any axioms
'Collatz.Research.DescentAtlas.Batch264.affine_5935' depends on axioms: [propext, Quot.sound]
'Collatz.Research.DescentAtlas.Batch264.descent_5935' depends on axioms: [propext, Classical.choice, Quot.sound]
'Collatz.Research.DescentAtlas.Batch264.data_5937' does not depend on any axioms
'Collatz.Research.DescentAtlas.Batch264.affine_5937' depends on axioms: [propext, Quot.sound]
'Collatz.Research.DescentAtlas.Batch264.descent_5937' depends on axioms: [propext, Classical.choice, Quot.sound]
'Collatz.Research.DescentAtlas.Batch264.data_5939' does not depend on any axioms
'Collatz.Research.DescentAtlas.Batch264.affine_5939' depends on axioms: [propext, Quot.sound]
'Collatz.Research.DescentAtlas.Batch264.descent_5939' depends on axioms: [propext, Classical.choice, Quot.sound]
'Collatz.Research.DescentAtlas.Batch264.data_5941' does not depend on any axioms
'Collatz.Research.DescentAtlas.Batch264.affine_5941' depends on axioms: [propext, Quot.sound]
'Collatz.Research.DescentAtlas.Batch264.descent_5941' depends on axioms: [propext, Classical.choice, Quot.sound]
'Collatz.Research.DescentAtlas.Batch264.data_5943' does not depend on any axioms
'Collatz.Research.DescentAtlas.Batch264.affine_5943' depends on axioms: [propext, Quot.sound]
'Collatz.Research.DescentAtlas.Batch264.descent_5943' depends on axioms: [propext, Classical.choice, Quot.sound]
'Collatz.Research.DescentAtlas.Batch265.data_5945' does not depend on any axioms
'Collatz.Research.DescentAtlas.Batch265.affine_5945' depends on axioms: [propext, Quot.sound]
'Collatz.Research.DescentAtlas.Batch265.descent_5945' depends on axioms: [propext, Classical.choice, Quot.sound]
'Collatz.Research.DescentAtlas.Batch265.data_5947' does not depend on any axioms
'Collatz.Research.DescentAtlas.Batch265.affine_5947' depends on axioms: [propext, Quot.sound]
'Collatz.Research.DescentAtlas.Batch265.descent_5947' depends on axioms: [propext, Classical.choice, Quot.sound]
'Collatz.Research.DescentAtlas.Batch265.data_5951' does not depend on any axioms
'Collatz.Research.DescentAtlas.Batch265.affine_5951' depends on axioms: [propext, Quot.sound]
'Collatz.Research.DescentAtlas.Batch265.descent_5951' depends on axioms: [propext, Classical.choice, Quot.sound]
'Collatz.Research.DescentAtlas.Batch265.data_5953' does not depend on any axioms
'Collatz.Research.DescentAtlas.Batch265.affine_5953' depends on axioms: [propext, Quot.sound]
'Collatz.Research.DescentAtlas.Batch265.descent_5953' depends on axioms: [propext, Classical.choice, Quot.sound]
'Collatz.Research.DescentAtlas.Batch265.data_5955' does not depend on any axioms
'Collatz.Research.DescentAtlas.Batch265.affine_5955' depends on axioms: [propext, Quot.sound]
'Collatz.Research.DescentAtlas.Batch265.descent_5955' depends on axioms: [propext, Classical.choice, Quot.sound]
'Collatz.Research.DescentAtlas.Batch265.data_5957' does not depend on any axioms
'Collatz.Research.DescentAtlas.Batch265.affine_5957' depends on axioms: [propext, Quot.sound]
'Collatz.Research.DescentAtlas.Batch265.descent_5957' depends on axioms: [propext, Classical.choice, Quot.sound]
'Collatz.Research.DescentAtlas.Batch265.data_5959' does not depend on any axioms
'Collatz.Research.DescentAtlas.Batch265.affine_5959' depends on axioms: [propext, Quot.sound]
'Collatz.Research.DescentAtlas.Batch265.descent_5959' depends on axioms: [propext, Classical.choice, Quot.sound]
'Collatz.Research.DescentAtlas.Batch265.data_5961' does not depend on any axioms
'Collatz.Research.DescentAtlas.Batch265.affine_5961' depends on axioms: [propext, Quot.sound]
'Collatz.Research.DescentAtlas.Batch265.descent_5961' depends on axioms: [propext, Classical.choice, Quot.sound]
'Collatz.Research.DescentAtlas.Batch266.data_5963' does not depend on any axioms
'Collatz.Research.DescentAtlas.Batch266.affine_5963' depends on axioms: [propext, Quot.sound]
'Collatz.Research.DescentAtlas.Batch266.descent_5963' depends on axioms: [propext, Classical.choice, Quot.sound]
'Collatz.Research.DescentAtlas.Batch266.data_5965' does not depend on any axioms
'Collatz.Research.DescentAtlas.Batch266.affine_5965' depends on axioms: [propext, Quot.sound]
'Collatz.Research.DescentAtlas.Batch266.descent_5965' depends on axioms: [propext, Classical.choice, Quot.sound]
'Collatz.Research.DescentAtlas.Batch266.data_5969' does not depend on any axioms
'Collatz.Research.DescentAtlas.Batch266.affine_5969' depends on axioms: [propext, Quot.sound]
'Collatz.Research.DescentAtlas.Batch266.descent_5969' depends on axioms: [propext, Classical.choice, Quot.sound]
'Collatz.Research.DescentAtlas.Batch266.data_5971' does not depend on any axioms
'Collatz.Research.DescentAtlas.Batch266.affine_5971' depends on axioms: [propext, Quot.sound]
'Collatz.Research.DescentAtlas.Batch266.descent_5971' depends on axioms: [propext, Classical.choice, Quot.sound]
'Collatz.Research.DescentAtlas.Batch266.data_5973' does not depend on any axioms
'Collatz.Research.DescentAtlas.Batch266.affine_5973' depends on axioms: [propext, Quot.sound]
'Collatz.Research.DescentAtlas.Batch266.descent_5973' depends on axioms: [propext, Classical.choice, Quot.sound]
'Collatz.Research.DescentAtlas.Batch266.data_5975' does not depend on any axioms
'Collatz.Research.DescentAtlas.Batch266.affine_5975' depends on axioms: [propext, Quot.sound]
'Collatz.Research.DescentAtlas.Batch266.descent_5975' depends on axioms: [propext, Classical.choice, Quot.sound]
'Collatz.Research.DescentAtlas.Batch266.data_5977' does not depend on any axioms
'Collatz.Research.DescentAtlas.Batch266.affine_5977' depends on axioms: [propext, Quot.sound]
'Collatz.Research.DescentAtlas.Batch266.descent_5977' depends on axioms: [propext, Classical.choice, Quot.sound]
'Collatz.Research.DescentAtlas.Batch266.data_5979' does not depend on any axioms
'Collatz.Research.DescentAtlas.Batch266.affine_5979' depends on axioms: [propext, Quot.sound]
'Collatz.Research.DescentAtlas.Batch266.descent_5979' depends on axioms: [propext, Classical.choice, Quot.sound]
'Collatz.Research.DescentAtlas.Batch267.data_5981' does not depend on any axioms
'Collatz.Research.DescentAtlas.Batch267.affine_5981' depends on axioms: [propext, Quot.sound]
'Collatz.Research.DescentAtlas.Batch267.descent_5981' depends on axioms: [propext, Classical.choice, Quot.sound]
'Collatz.Research.DescentAtlas.Batch267.data_5983' does not depend on any axioms
'Collatz.Research.DescentAtlas.Batch267.affine_5983' depends on axioms: [propext, Quot.sound]
'Collatz.Research.DescentAtlas.Batch267.descent_5983' depends on axioms: [propext, Classical.choice, Quot.sound]
'Collatz.Research.DescentAtlas.Batch267.data_5985' does not depend on any axioms
'Collatz.Research.DescentAtlas.Batch267.affine_5985' depends on axioms: [propext, Quot.sound]
'Collatz.Research.DescentAtlas.Batch267.descent_5985' depends on axioms: [propext, Classical.choice, Quot.sound]
'Collatz.Research.DescentAtlas.Batch267.data_5987' does not depend on any axioms
'Collatz.Research.DescentAtlas.Batch267.affine_5987' depends on axioms: [propext, Quot.sound]
'Collatz.Research.DescentAtlas.Batch267.descent_5987' depends on axioms: [propext, Classical.choice, Quot.sound]
'Collatz.Research.DescentAtlas.Batch267.data_5989' does not depend on any axioms
'Collatz.Research.DescentAtlas.Batch267.affine_5989' depends on axioms: [propext, Quot.sound]
'Collatz.Research.DescentAtlas.Batch267.descent_5989' depends on axioms: [propext, Classical.choice, Quot.sound]
'Collatz.Research.DescentAtlas.Batch267.data_5993' does not depend on any axioms
'Collatz.Research.DescentAtlas.Batch267.affine_5993' depends on axioms: [propext, Quot.sound]
'Collatz.Research.DescentAtlas.Batch267.descent_5993' depends on axioms: [propext, Classical.choice, Quot.sound]
'Collatz.Research.DescentAtlas.Batch267.data_5997' does not depend on any axioms
'Collatz.Research.DescentAtlas.Batch267.affine_5997' depends on axioms: [propext, Quot.sound]
'Collatz.Research.DescentAtlas.Batch267.descent_5997' depends on axioms: [propext, Classical.choice, Quot.sound]
'Collatz.Research.DescentAtlas.Batch267.data_6001' does not depend on any axioms
'Collatz.Research.DescentAtlas.Batch267.affine_6001' depends on axioms: [propext, Quot.sound]
'Collatz.Research.DescentAtlas.Batch267.descent_6001' depends on axioms: [propext, Classical.choice, Quot.sound]
'Collatz.Research.DescentAtlas.Batch268.data_6003' does not depend on any axioms
'Collatz.Research.DescentAtlas.Batch268.affine_6003' depends on axioms: [propext, Quot.sound]
'Collatz.Research.DescentAtlas.Batch268.descent_6003' depends on axioms: [propext, Classical.choice, Quot.sound]
'Collatz.Research.DescentAtlas.Batch268.data_6005' does not depend on any axioms
'Collatz.Research.DescentAtlas.Batch268.affine_6005' depends on axioms: [propext, Quot.sound]
'Collatz.Research.DescentAtlas.Batch268.descent_6005' depends on axioms: [propext, Classical.choice, Quot.sound]
'Collatz.Research.DescentAtlas.Batch268.data_6007' does not depend on any axioms
'Collatz.Research.DescentAtlas.Batch268.affine_6007' depends on axioms: [propext, Quot.sound]
'Collatz.Research.DescentAtlas.Batch268.descent_6007' depends on axioms: [propext, Classical.choice, Quot.sound]
'Collatz.Research.DescentAtlas.Batch268.data_6011' does not depend on any axioms
'Collatz.Research.DescentAtlas.Batch268.affine_6011' depends on axioms: [propext, Quot.sound]
'Collatz.Research.DescentAtlas.Batch268.descent_6011' depends on axioms: [propext, Classical.choice, Quot.sound]
'Collatz.Research.DescentAtlas.Batch268.data_6019' does not depend on any axioms
'Collatz.Research.DescentAtlas.Batch268.affine_6019' depends on axioms: [propext, Quot.sound]
'Collatz.Research.DescentAtlas.Batch268.descent_6019' depends on axioms: [propext, Classical.choice, Quot.sound]
'Collatz.Research.DescentAtlas.Batch268.data_6021' does not depend on any axioms
'Collatz.Research.DescentAtlas.Batch268.affine_6021' depends on axioms: [propext, Quot.sound]
'Collatz.Research.DescentAtlas.Batch268.descent_6021' depends on axioms: [propext, Classical.choice, Quot.sound]
'Collatz.Research.DescentAtlas.Batch268.data_6023' does not depend on any axioms
'Collatz.Research.DescentAtlas.Batch268.affine_6023' depends on axioms: [propext, Quot.sound]
'Collatz.Research.DescentAtlas.Batch268.descent_6023' depends on axioms: [propext, Classical.choice, Quot.sound]
'Collatz.Research.DescentAtlas.Batch268.data_6025' does not depend on any axioms
'Collatz.Research.DescentAtlas.Batch268.affine_6025' depends on axioms: [propext, Quot.sound]
'Collatz.Research.DescentAtlas.Batch268.descent_6025' depends on axioms: [propext, Classical.choice, Quot.sound]
'Collatz.Research.DescentAtlas.Batch269.data_6029' does not depend on any axioms
'Collatz.Research.DescentAtlas.Batch269.affine_6029' depends on axioms: [propext, Quot.sound]
'Collatz.Research.DescentAtlas.Batch269.descent_6029' depends on axioms: [propext, Classical.choice, Quot.sound]
'Collatz.Research.DescentAtlas.Batch269.data_6033' does not depend on any axioms
'Collatz.Research.DescentAtlas.Batch269.affine_6033' depends on axioms: [propext, Quot.sound]
'Collatz.Research.DescentAtlas.Batch269.descent_6033' depends on axioms: [propext, Classical.choice, Quot.sound]
'Collatz.Research.DescentAtlas.Batch269.data_6035' does not depend on any axioms
'Collatz.Research.DescentAtlas.Batch269.affine_6035' depends on axioms: [propext, Quot.sound]
'Collatz.Research.DescentAtlas.Batch269.descent_6035' depends on axioms: [propext, Classical.choice, Quot.sound]
'Collatz.Research.DescentAtlas.Batch269.data_6037' does not depend on any axioms
'Collatz.Research.DescentAtlas.Batch269.affine_6037' depends on axioms: [propext, Quot.sound]
'Collatz.Research.DescentAtlas.Batch269.descent_6037' depends on axioms: [propext, Classical.choice, Quot.sound]
'Collatz.Research.DescentAtlas.Batch269.data_6039' does not depend on any axioms
'Collatz.Research.DescentAtlas.Batch269.affine_6039' depends on axioms: [propext, Quot.sound]
'Collatz.Research.DescentAtlas.Batch269.descent_6039' depends on axioms: [propext, Classical.choice, Quot.sound]
'Collatz.Research.DescentAtlas.Batch269.data_6041' does not depend on any axioms
'Collatz.Research.DescentAtlas.Batch269.affine_6041' depends on axioms: [propext, Quot.sound]
'Collatz.Research.DescentAtlas.Batch269.descent_6041' depends on axioms: [propext, Classical.choice, Quot.sound]
'Collatz.Research.DescentAtlas.Batch269.data_6045' does not depend on any axioms
'Collatz.Research.DescentAtlas.Batch269.affine_6045' depends on axioms: [propext, Quot.sound]
'Collatz.Research.DescentAtlas.Batch269.descent_6045' depends on axioms: [propext, Classical.choice, Quot.sound]
'Collatz.Research.DescentAtlas.Batch269.data_6047' does not depend on any axioms
'Collatz.Research.DescentAtlas.Batch269.affine_6047' depends on axioms: [propext, Quot.sound]
'Collatz.Research.DescentAtlas.Batch269.descent_6047' depends on axioms: [propext, Classical.choice, Quot.sound]
'Collatz.Research.DescentAtlas.Batch270.data_6049' does not depend on any axioms
'Collatz.Research.DescentAtlas.Batch270.affine_6049' depends on axioms: [propext, Quot.sound]
'Collatz.Research.DescentAtlas.Batch270.descent_6049' depends on axioms: [propext, Classical.choice, Quot.sound]
'Collatz.Research.DescentAtlas.Batch270.data_6051' does not depend on any axioms
'Collatz.Research.DescentAtlas.Batch270.affine_6051' depends on axioms: [propext, Quot.sound]
'Collatz.Research.DescentAtlas.Batch270.descent_6051' depends on axioms: [propext, Classical.choice, Quot.sound]
'Collatz.Research.DescentAtlas.Batch270.data_6065' does not depend on any axioms
'Collatz.Research.DescentAtlas.Batch270.affine_6065' depends on axioms: [propext, Quot.sound]
'Collatz.Research.DescentAtlas.Batch270.descent_6065' depends on axioms: [propext, Classical.choice, Quot.sound]
'Collatz.Research.DescentAtlas.Batch270.data_6067' does not depend on any axioms
'Collatz.Research.DescentAtlas.Batch270.affine_6067' depends on axioms: [propext, Quot.sound]
'Collatz.Research.DescentAtlas.Batch270.descent_6067' depends on axioms: [propext, Classical.choice, Quot.sound]
'Collatz.Research.DescentAtlas.Batch270.data_6069' does not depend on any axioms
'Collatz.Research.DescentAtlas.Batch270.affine_6069' depends on axioms: [propext, Quot.sound]
'Collatz.Research.DescentAtlas.Batch270.descent_6069' depends on axioms: [propext, Classical.choice, Quot.sound]
'Collatz.Research.DescentAtlas.Batch270.data_6071' does not depend on any axioms
'Collatz.Research.DescentAtlas.Batch270.affine_6071' depends on axioms: [propext, Quot.sound]
'Collatz.Research.DescentAtlas.Batch270.descent_6071' depends on axioms: [propext, Classical.choice, Quot.sound]
'Collatz.Research.DescentAtlas.Batch270.data_6073' does not depend on any axioms
'Collatz.Research.DescentAtlas.Batch270.affine_6073' depends on axioms: [propext, Quot.sound]
'Collatz.Research.DescentAtlas.Batch270.descent_6073' depends on axioms: [propext, Classical.choice, Quot.sound]
'Collatz.Research.DescentAtlas.Batch270.data_6075' does not depend on any axioms
'Collatz.Research.DescentAtlas.Batch270.affine_6075' depends on axioms: [propext, Quot.sound]
'Collatz.Research.DescentAtlas.Batch270.descent_6075' depends on axioms: [propext, Classical.choice, Quot.sound]
'Collatz.Research.DescentAtlas.Batch271.data_6077' does not depend on any axioms
'Collatz.Research.DescentAtlas.Batch271.affine_6077' depends on axioms: [propext, Quot.sound]
'Collatz.Research.DescentAtlas.Batch271.descent_6077' depends on axioms: [propext, Classical.choice, Quot.sound]
'Collatz.Research.DescentAtlas.Batch271.data_6081' does not depend on any axioms
'Collatz.Research.DescentAtlas.Batch271.affine_6081' depends on axioms: [propext, Quot.sound]
'Collatz.Research.DescentAtlas.Batch271.descent_6081' depends on axioms: [propext, Classical.choice, Quot.sound]
'Collatz.Research.DescentAtlas.Batch271.data_6083' does not depend on any axioms
'Collatz.Research.DescentAtlas.Batch271.affine_6083' depends on axioms: [propext, Quot.sound]
'Collatz.Research.DescentAtlas.Batch271.descent_6083' depends on axioms: [propext, Classical.choice, Quot.sound]
'Collatz.Research.DescentAtlas.Batch271.data_6085' does not depend on any axioms
'Collatz.Research.DescentAtlas.Batch271.affine_6085' depends on axioms: [propext, Quot.sound]
'Collatz.Research.DescentAtlas.Batch271.descent_6085' depends on axioms: [propext, Classical.choice, Quot.sound]
'Collatz.Research.DescentAtlas.Batch271.data_6089' does not depend on any axioms
'Collatz.Research.DescentAtlas.Batch271.affine_6089' depends on axioms: [propext, Quot.sound]
'Collatz.Research.DescentAtlas.Batch271.descent_6089' depends on axioms: [propext, Classical.choice, Quot.sound]
'Collatz.Research.DescentAtlas.Batch271.data_6091' does not depend on any axioms
'Collatz.Research.DescentAtlas.Batch271.affine_6091' depends on axioms: [propext, Quot.sound]
'Collatz.Research.DescentAtlas.Batch271.descent_6091' depends on axioms: [propext, Classical.choice, Quot.sound]
'Collatz.Research.DescentAtlas.Batch271.data_6093' does not depend on any axioms
'Collatz.Research.DescentAtlas.Batch271.affine_6093' depends on axioms: [propext, Quot.sound]
'Collatz.Research.DescentAtlas.Batch271.descent_6093' depends on axioms: [propext, Classical.choice, Quot.sound]
'Collatz.Research.DescentAtlas.Batch271.data_6095' does not depend on any axioms
'Collatz.Research.DescentAtlas.Batch271.affine_6095' depends on axioms: [propext, Quot.sound]
'Collatz.Research.DescentAtlas.Batch271.descent_6095' depends on axioms: [propext, Classical.choice, Quot.sound]
'Collatz.Research.DescentAtlas.Batch272.data_6097' does not depend on any axioms
'Collatz.Research.DescentAtlas.Batch272.affine_6097' depends on axioms: [propext, Quot.sound]
'Collatz.Research.DescentAtlas.Batch272.descent_6097' depends on axioms: [propext, Classical.choice, Quot.sound]
'Collatz.Research.DescentAtlas.Batch272.data_6101' does not depend on any axioms
'Collatz.Research.DescentAtlas.Batch272.affine_6101' depends on axioms: [propext, Quot.sound]
'Collatz.Research.DescentAtlas.Batch272.descent_6101' depends on axioms: [propext, Classical.choice, Quot.sound]
'Collatz.Research.DescentAtlas.Batch272.data_6103' does not depend on any axioms
'Collatz.Research.DescentAtlas.Batch272.affine_6103' depends on axioms: [propext, Quot.sound]
'Collatz.Research.DescentAtlas.Batch272.descent_6103' depends on axioms: [propext, Classical.choice, Quot.sound]
'Collatz.Research.DescentAtlas.Batch272.data_6105' does not depend on any axioms
'Collatz.Research.DescentAtlas.Batch272.affine_6105' depends on axioms: [propext, Quot.sound]
'Collatz.Research.DescentAtlas.Batch272.descent_6105' depends on axioms: [propext, Classical.choice, Quot.sound]
'Collatz.Research.DescentAtlas.Batch272.data_6107' does not depend on any axioms
'Collatz.Research.DescentAtlas.Batch272.affine_6107' depends on axioms: [propext, Quot.sound]
'Collatz.Research.DescentAtlas.Batch272.descent_6107' depends on axioms: [propext, Classical.choice, Quot.sound]
'Collatz.Research.DescentAtlas.Batch272.data_6109' does not depend on any axioms
'Collatz.Research.DescentAtlas.Batch272.affine_6109' depends on axioms: [propext, Quot.sound]
'Collatz.Research.DescentAtlas.Batch272.descent_6109' depends on axioms: [propext, Classical.choice, Quot.sound]
'Collatz.Research.DescentAtlas.Batch272.data_6113' does not depend on any axioms
'Collatz.Research.DescentAtlas.Batch272.affine_6113' depends on axioms: [propext, Quot.sound]
'Collatz.Research.DescentAtlas.Batch272.descent_6113' depends on axioms: [propext, Classical.choice, Quot.sound]
'Collatz.Research.DescentAtlas.Batch272.data_6115' does not depend on any axioms
'Collatz.Research.DescentAtlas.Batch272.affine_6115' depends on axioms: [propext, Quot.sound]
'Collatz.Research.DescentAtlas.Batch272.descent_6115' depends on axioms: [propext, Classical.choice, Quot.sound]
'Collatz.Research.DescentAtlas.Batch273.data_6117' does not depend on any axioms
'Collatz.Research.DescentAtlas.Batch273.affine_6117' depends on axioms: [propext, Quot.sound]
'Collatz.Research.DescentAtlas.Batch273.descent_6117' depends on axioms: [propext, Classical.choice, Quot.sound]
'Collatz.Research.DescentAtlas.Batch273.data_6119' does not depend on any axioms
'Collatz.Research.DescentAtlas.Batch273.affine_6119' depends on axioms: [propext, Quot.sound]
'Collatz.Research.DescentAtlas.Batch273.descent_6119' depends on axioms: [propext, Classical.choice, Quot.sound]
'Collatz.Research.DescentAtlas.Batch273.data_6125' does not depend on any axioms
'Collatz.Research.DescentAtlas.Batch273.affine_6125' depends on axioms: [propext, Quot.sound]
'Collatz.Research.DescentAtlas.Batch273.descent_6125' depends on axioms: [propext, Classical.choice, Quot.sound]
'Collatz.Research.DescentAtlas.Batch273.data_6127' does not depend on any axioms
'Collatz.Research.DescentAtlas.Batch273.affine_6127' depends on axioms: [propext, Quot.sound]
'Collatz.Research.DescentAtlas.Batch273.descent_6127' depends on axioms: [propext, Classical.choice, Quot.sound]
'Collatz.Research.DescentAtlas.Batch273.data_6129' does not depend on any axioms
'Collatz.Research.DescentAtlas.Batch273.affine_6129' depends on axioms: [propext, Quot.sound]
'Collatz.Research.DescentAtlas.Batch273.descent_6129' depends on axioms: [propext, Classical.choice, Quot.sound]
'Collatz.Research.DescentAtlas.Batch273.data_6133' does not depend on any axioms
'Collatz.Research.DescentAtlas.Batch273.affine_6133' depends on axioms: [propext, Quot.sound]
'Collatz.Research.DescentAtlas.Batch273.descent_6133' depends on axioms: [propext, Classical.choice, Quot.sound]
'Collatz.Research.DescentAtlas.Batch273.data_6135' does not depend on any axioms
'Collatz.Research.DescentAtlas.Batch273.affine_6135' depends on axioms: [propext, Quot.sound]
'Collatz.Research.DescentAtlas.Batch273.descent_6135' depends on axioms: [propext, Classical.choice, Quot.sound]
'Collatz.Research.DescentAtlas.Batch273.data_6137' does not depend on any axioms
'Collatz.Research.DescentAtlas.Batch273.affine_6137' depends on axioms: [propext, Quot.sound]
'Collatz.Research.DescentAtlas.Batch273.descent_6137' depends on axioms: [propext, Classical.choice, Quot.sound]
'Collatz.Research.DescentAtlas.Batch274.data_6145' does not depend on any axioms
'Collatz.Research.DescentAtlas.Batch274.affine_6145' depends on axioms: [propext, Quot.sound]
'Collatz.Research.DescentAtlas.Batch274.descent_6145' depends on axioms: [propext, Classical.choice, Quot.sound]
'Collatz.Research.DescentAtlas.Batch274.data_6147' does not depend on any axioms
'Collatz.Research.DescentAtlas.Batch274.affine_6147' depends on axioms: [propext, Quot.sound]
'Collatz.Research.DescentAtlas.Batch274.descent_6147' depends on axioms: [propext, Classical.choice, Quot.sound]
'Collatz.Research.DescentAtlas.Batch274.data_6149' does not depend on any axioms
'Collatz.Research.DescentAtlas.Batch274.affine_6149' depends on axioms: [propext, Quot.sound]
'Collatz.Research.DescentAtlas.Batch274.descent_6149' depends on axioms: [propext, Classical.choice, Quot.sound]
'Collatz.Research.DescentAtlas.Batch274.data_6151' does not depend on any axioms
'Collatz.Research.DescentAtlas.Batch274.affine_6151' depends on axioms: [propext, Quot.sound]
'Collatz.Research.DescentAtlas.Batch274.descent_6151' depends on axioms: [propext, Classical.choice, Quot.sound]
'Collatz.Research.DescentAtlas.Batch274.data_6155' does not depend on any axioms
'Collatz.Research.DescentAtlas.Batch274.affine_6155' depends on axioms: [propext, Quot.sound]
'Collatz.Research.DescentAtlas.Batch274.descent_6155' depends on axioms: [propext, Classical.choice, Quot.sound]
'Collatz.Research.DescentAtlas.Batch274.data_6157' does not depend on any axioms
'Collatz.Research.DescentAtlas.Batch274.affine_6157' depends on axioms: [propext, Quot.sound]
'Collatz.Research.DescentAtlas.Batch274.descent_6157' depends on axioms: [propext, Classical.choice, Quot.sound]
'Collatz.Research.DescentAtlas.Batch274.data_6159' does not depend on any axioms
'Collatz.Research.DescentAtlas.Batch274.affine_6159' depends on axioms: [propext, Quot.sound]
'Collatz.Research.DescentAtlas.Batch274.descent_6159' depends on axioms: [propext, Classical.choice, Quot.sound]
'Collatz.Research.DescentAtlas.Batch274.data_6161' does not depend on any axioms
'Collatz.Research.DescentAtlas.Batch274.affine_6161' depends on axioms: [propext, Quot.sound]
'Collatz.Research.DescentAtlas.Batch274.descent_6161' depends on axioms: [propext, Classical.choice, Quot.sound]
'Collatz.Research.DescentAtlas.Batch275.data_6163' does not depend on any axioms
'Collatz.Research.DescentAtlas.Batch275.affine_6163' depends on axioms: [propext, Quot.sound]
'Collatz.Research.DescentAtlas.Batch275.descent_6163' depends on axioms: [propext, Classical.choice, Quot.sound]
'Collatz.Research.DescentAtlas.Batch275.data_6165' does not depend on any axioms
'Collatz.Research.DescentAtlas.Batch275.affine_6165' depends on axioms: [propext, Quot.sound]
'Collatz.Research.DescentAtlas.Batch275.descent_6165' depends on axioms: [propext, Classical.choice, Quot.sound]
'Collatz.Research.DescentAtlas.Batch275.data_6167' does not depend on any axioms
'Collatz.Research.DescentAtlas.Batch275.affine_6167' depends on axioms: [propext, Quot.sound]
'Collatz.Research.DescentAtlas.Batch275.descent_6167' depends on axioms: [propext, Classical.choice, Quot.sound]
'Collatz.Research.DescentAtlas.Batch275.data_6169' does not depend on any axioms
'Collatz.Research.DescentAtlas.Batch275.affine_6169' depends on axioms: [propext, Quot.sound]
'Collatz.Research.DescentAtlas.Batch275.descent_6169' depends on axioms: [propext, Classical.choice, Quot.sound]
'Collatz.Research.DescentAtlas.Batch275.data_6173' does not depend on any axioms
'Collatz.Research.DescentAtlas.Batch275.affine_6173' depends on axioms: [propext, Quot.sound]
'Collatz.Research.DescentAtlas.Batch275.descent_6173' depends on axioms: [propext, Classical.choice, Quot.sound]
'Collatz.Research.DescentAtlas.Batch275.data_6177' does not depend on any axioms
'Collatz.Research.DescentAtlas.Batch275.affine_6177' depends on axioms: [propext, Quot.sound]
'Collatz.Research.DescentAtlas.Batch275.descent_6177' depends on axioms: [propext, Classical.choice, Quot.sound]
'Collatz.Research.DescentAtlas.Batch275.data_6179' does not depend on any axioms
'Collatz.Research.DescentAtlas.Batch275.affine_6179' depends on axioms: [propext, Quot.sound]
'Collatz.Research.DescentAtlas.Batch275.descent_6179' depends on axioms: [propext, Classical.choice, Quot.sound]
'Collatz.Research.DescentAtlas.Batch275.data_6181' does not depend on any axioms
'Collatz.Research.DescentAtlas.Batch275.affine_6181' depends on axioms: [propext, Quot.sound]
'Collatz.Research.DescentAtlas.Batch275.descent_6181' depends on axioms: [propext, Classical.choice, Quot.sound]
'Collatz.Research.DescentAtlas.Batch276.data_6183' does not depend on any axioms
'Collatz.Research.DescentAtlas.Batch276.affine_6183' depends on axioms: [propext, Quot.sound]
'Collatz.Research.DescentAtlas.Batch276.descent_6183' depends on axioms: [propext, Classical.choice, Quot.sound]
'Collatz.Research.DescentAtlas.Batch276.data_6187' does not depend on any axioms
'Collatz.Research.DescentAtlas.Batch276.affine_6187' depends on axioms: [propext, Quot.sound]
'Collatz.Research.DescentAtlas.Batch276.descent_6187' depends on axioms: [propext, Classical.choice, Quot.sound]
'Collatz.Research.DescentAtlas.Batch276.data_6189' does not depend on any axioms
'Collatz.Research.DescentAtlas.Batch276.affine_6189' depends on axioms: [propext, Quot.sound]
'Collatz.Research.DescentAtlas.Batch276.descent_6189' depends on axioms: [propext, Classical.choice, Quot.sound]
'Collatz.Research.DescentAtlas.Batch276.data_6197' does not depend on any axioms
'Collatz.Research.DescentAtlas.Batch276.affine_6197' depends on axioms: [propext, Quot.sound]
'Collatz.Research.DescentAtlas.Batch276.descent_6197' depends on axioms: [propext, Classical.choice, Quot.sound]
'Collatz.Research.DescentAtlas.Batch276.data_6201' does not depend on any axioms
'Collatz.Research.DescentAtlas.Batch276.affine_6201' depends on axioms: [propext, Quot.sound]
'Collatz.Research.DescentAtlas.Batch276.descent_6201' depends on axioms: [propext, Classical.choice, Quot.sound]
'Collatz.Research.DescentAtlas.Batch276.data_6203' does not depend on any axioms
'Collatz.Research.DescentAtlas.Batch276.affine_6203' depends on axioms: [propext, Quot.sound]
'Collatz.Research.DescentAtlas.Batch276.descent_6203' depends on axioms: [propext, Classical.choice, Quot.sound]
'Collatz.Research.DescentAtlas.Batch276.data_6205' does not depend on any axioms
'Collatz.Research.DescentAtlas.Batch276.affine_6205' depends on axioms: [propext, Quot.sound]
'Collatz.Research.DescentAtlas.Batch276.descent_6205' depends on axioms: [propext, Classical.choice, Quot.sound]
'Collatz.Research.DescentAtlas.Batch276.data_6209' does not depend on any axioms
'Collatz.Research.DescentAtlas.Batch276.affine_6209' depends on axioms: [propext, Quot.sound]
'Collatz.Research.DescentAtlas.Batch276.descent_6209' depends on axioms: [propext, Classical.choice, Quot.sound]
'Collatz.Research.DescentAtlas.Batch277.data_6211' does not depend on any axioms
'Collatz.Research.DescentAtlas.Batch277.affine_6211' depends on axioms: [propext, Quot.sound]
'Collatz.Research.DescentAtlas.Batch277.descent_6211' depends on axioms: [propext, Classical.choice, Quot.sound]
'Collatz.Research.DescentAtlas.Batch277.data_6213' does not depend on any axioms
'Collatz.Research.DescentAtlas.Batch277.affine_6213' depends on axioms: [propext, Quot.sound]
'Collatz.Research.DescentAtlas.Batch277.descent_6213' depends on axioms: [propext, Classical.choice, Quot.sound]
'Collatz.Research.DescentAtlas.Batch277.data_6219' does not depend on any axioms
'Collatz.Research.DescentAtlas.Batch277.affine_6219' depends on axioms: [propext, Quot.sound]
'Collatz.Research.DescentAtlas.Batch277.descent_6219' depends on axioms: [propext, Classical.choice, Quot.sound]
'Collatz.Research.DescentAtlas.Batch277.data_6221' does not depend on any axioms
'Collatz.Research.DescentAtlas.Batch277.affine_6221' depends on axioms: [propext, Quot.sound]
'Collatz.Research.DescentAtlas.Batch277.descent_6221' depends on axioms: [propext, Classical.choice, Quot.sound]
'Collatz.Research.DescentAtlas.Batch277.data_6223' does not depend on any axioms
'Collatz.Research.DescentAtlas.Batch277.affine_6223' depends on axioms: [propext, Quot.sound]
'Collatz.Research.DescentAtlas.Batch277.descent_6223' depends on axioms: [propext, Classical.choice, Quot.sound]
'Collatz.Research.DescentAtlas.Batch277.data_6225' does not depend on any axioms
'Collatz.Research.DescentAtlas.Batch277.affine_6225' depends on axioms: [propext, Quot.sound]
'Collatz.Research.DescentAtlas.Batch277.descent_6225' depends on axioms: [propext, Classical.choice, Quot.sound]
'Collatz.Research.DescentAtlas.Batch277.data_6227' does not depend on any axioms
'Collatz.Research.DescentAtlas.Batch277.affine_6227' depends on axioms: [propext, Quot.sound]
'Collatz.Research.DescentAtlas.Batch277.descent_6227' depends on axioms: [propext, Classical.choice, Quot.sound]
'Collatz.Research.DescentAtlas.Batch277.data_6229' does not depend on any axioms
'Collatz.Research.DescentAtlas.Batch277.affine_6229' depends on axioms: [propext, Quot.sound]
'Collatz.Research.DescentAtlas.Batch277.descent_6229' depends on axioms: [propext, Classical.choice, Quot.sound]
'Collatz.Research.DescentAtlas.Batch278.data_6231' does not depend on any axioms
'Collatz.Research.DescentAtlas.Batch278.affine_6231' depends on axioms: [propext, Quot.sound]
'Collatz.Research.DescentAtlas.Batch278.descent_6231' depends on axioms: [propext, Classical.choice, Quot.sound]
'Collatz.Research.DescentAtlas.Batch278.data_6233' does not depend on any axioms
'Collatz.Research.DescentAtlas.Batch278.affine_6233' depends on axioms: [propext, Quot.sound]
'Collatz.Research.DescentAtlas.Batch278.descent_6233' depends on axioms: [propext, Classical.choice, Quot.sound]
'Collatz.Research.DescentAtlas.Batch278.data_6237' does not depend on any axioms
'Collatz.Research.DescentAtlas.Batch278.affine_6237' depends on axioms: [propext, Quot.sound]
'Collatz.Research.DescentAtlas.Batch278.descent_6237' depends on axioms: [propext, Classical.choice, Quot.sound]
'Collatz.Research.DescentAtlas.Batch278.data_6239' does not depend on any axioms
'Collatz.Research.DescentAtlas.Batch278.affine_6239' depends on axioms: [propext, Quot.sound]
'Collatz.Research.DescentAtlas.Batch278.descent_6239' depends on axioms: [propext, Classical.choice, Quot.sound]
'Collatz.Research.DescentAtlas.Batch278.data_6241' does not depend on any axioms
'Collatz.Research.DescentAtlas.Batch278.affine_6241' depends on axioms: [propext, Quot.sound]
'Collatz.Research.DescentAtlas.Batch278.descent_6241' depends on axioms: [propext, Classical.choice, Quot.sound]
'Collatz.Research.DescentAtlas.Batch278.data_6243' does not depend on any axioms
'Collatz.Research.DescentAtlas.Batch278.affine_6243' depends on axioms: [propext, Quot.sound]
'Collatz.Research.DescentAtlas.Batch278.descent_6243' depends on axioms: [propext, Classical.choice, Quot.sound]
'Collatz.Research.DescentAtlas.Batch278.data_6245' does not depend on any axioms
'Collatz.Research.DescentAtlas.Batch278.affine_6245' depends on axioms: [propext, Quot.sound]
'Collatz.Research.DescentAtlas.Batch278.descent_6245' depends on axioms: [propext, Classical.choice, Quot.sound]
'Collatz.Research.DescentAtlas.Batch278.data_6249' does not depend on any axioms
'Collatz.Research.DescentAtlas.Batch278.affine_6249' depends on axioms: [propext, Quot.sound]
'Collatz.Research.DescentAtlas.Batch278.descent_6249' depends on axioms: [propext, Classical.choice, Quot.sound]
'Collatz.Research.DescentAtlas.Batch279.data_6253' does not depend on any axioms
'Collatz.Research.DescentAtlas.Batch279.affine_6253' depends on axioms: [propext, Quot.sound]
'Collatz.Research.DescentAtlas.Batch279.descent_6253' depends on axioms: [propext, Classical.choice, Quot.sound]
'Collatz.Research.DescentAtlas.Batch279.data_6257' does not depend on any axioms
'Collatz.Research.DescentAtlas.Batch279.affine_6257' depends on axioms: [propext, Quot.sound]
'Collatz.Research.DescentAtlas.Batch279.descent_6257' depends on axioms: [propext, Classical.choice, Quot.sound]
'Collatz.Research.DescentAtlas.Batch279.data_6259' does not depend on any axioms
'Collatz.Research.DescentAtlas.Batch279.affine_6259' depends on axioms: [propext, Quot.sound]
'Collatz.Research.DescentAtlas.Batch279.descent_6259' depends on axioms: [propext, Classical.choice, Quot.sound]
'Collatz.Research.DescentAtlas.Batch279.data_6261' does not depend on any axioms
'Collatz.Research.DescentAtlas.Batch279.affine_6261' depends on axioms: [propext, Quot.sound]
'Collatz.Research.DescentAtlas.Batch279.descent_6261' depends on axioms: [propext, Classical.choice, Quot.sound]
'Collatz.Research.DescentAtlas.Batch279.data_6269' does not depend on any axioms
'Collatz.Research.DescentAtlas.Batch279.affine_6269' depends on axioms: [propext, Quot.sound]
'Collatz.Research.DescentAtlas.Batch279.descent_6269' depends on axioms: [propext, Classical.choice, Quot.sound]
'Collatz.Research.DescentAtlas.Batch279.data_6273' does not depend on any axioms
'Collatz.Research.DescentAtlas.Batch279.affine_6273' depends on axioms: [propext, Quot.sound]
'Collatz.Research.DescentAtlas.Batch279.descent_6273' depends on axioms: [propext, Classical.choice, Quot.sound]
'Collatz.Research.DescentAtlas.Batch279.data_6275' does not depend on any axioms
'Collatz.Research.DescentAtlas.Batch279.affine_6275' depends on axioms: [propext, Quot.sound]
'Collatz.Research.DescentAtlas.Batch279.descent_6275' depends on axioms: [propext, Classical.choice, Quot.sound]
'Collatz.Research.DescentAtlas.Batch279.data_6277' does not depend on any axioms
'Collatz.Research.DescentAtlas.Batch279.affine_6277' depends on axioms: [propext, Quot.sound]
'Collatz.Research.DescentAtlas.Batch279.descent_6277' depends on axioms: [propext, Classical.choice, Quot.sound]
'Collatz.Research.DescentAtlas.Batch280.data_6279' does not depend on any axioms
'Collatz.Research.DescentAtlas.Batch280.affine_6279' depends on axioms: [propext, Quot.sound]
'Collatz.Research.DescentAtlas.Batch280.descent_6279' depends on axioms: [propext, Classical.choice, Quot.sound]
'Collatz.Research.DescentAtlas.Batch280.data_6281' does not depend on any axioms
'Collatz.Research.DescentAtlas.Batch280.affine_6281' depends on axioms: [propext, Quot.sound]
'Collatz.Research.DescentAtlas.Batch280.descent_6281' depends on axioms: [propext, Classical.choice, Quot.sound]
'Collatz.Research.DescentAtlas.Batch280.data_6285' does not depend on any axioms
'Collatz.Research.DescentAtlas.Batch280.affine_6285' depends on axioms: [propext, Quot.sound]
'Collatz.Research.DescentAtlas.Batch280.descent_6285' depends on axioms: [propext, Classical.choice, Quot.sound]
'Collatz.Research.DescentAtlas.Batch280.data_6287' does not depend on any axioms
'Collatz.Research.DescentAtlas.Batch280.affine_6287' depends on axioms: [propext, Quot.sound]
'Collatz.Research.DescentAtlas.Batch280.descent_6287' depends on axioms: [propext, Classical.choice, Quot.sound]
'Collatz.Research.DescentAtlas.Batch280.data_6289' does not depend on any axioms
'Collatz.Research.DescentAtlas.Batch280.affine_6289' depends on axioms: [propext, Quot.sound]
'Collatz.Research.DescentAtlas.Batch280.descent_6289' depends on axioms: [propext, Classical.choice, Quot.sound]
'Collatz.Research.DescentAtlas.Batch280.data_6291' does not depend on any axioms
'Collatz.Research.DescentAtlas.Batch280.affine_6291' depends on axioms: [propext, Quot.sound]
'Collatz.Research.DescentAtlas.Batch280.descent_6291' depends on axioms: [propext, Classical.choice, Quot.sound]
'Collatz.Research.DescentAtlas.Batch280.data_6293' does not depend on any axioms
'Collatz.Research.DescentAtlas.Batch280.affine_6293' depends on axioms: [propext, Quot.sound]
'Collatz.Research.DescentAtlas.Batch280.descent_6293' depends on axioms: [propext, Classical.choice, Quot.sound]
'Collatz.Research.DescentAtlas.Batch280.data_6295' does not depend on any axioms
'Collatz.Research.DescentAtlas.Batch280.affine_6295' depends on axioms: [propext, Quot.sound]
'Collatz.Research.DescentAtlas.Batch280.descent_6295' depends on axioms: [propext, Classical.choice, Quot.sound]
'Collatz.Research.DescentAtlas.Batch281.data_6297' does not depend on any axioms
'Collatz.Research.DescentAtlas.Batch281.affine_6297' depends on axioms: [propext, Quot.sound]
'Collatz.Research.DescentAtlas.Batch281.descent_6297' depends on axioms: [propext, Classical.choice, Quot.sound]
'Collatz.Research.DescentAtlas.Batch281.data_6299' does not depend on any axioms
'Collatz.Research.DescentAtlas.Batch281.affine_6299' depends on axioms: [propext, Quot.sound]
'Collatz.Research.DescentAtlas.Batch281.descent_6299' depends on axioms: [propext, Classical.choice, Quot.sound]
'Collatz.Research.DescentAtlas.Batch281.data_6301' does not depend on any axioms
'Collatz.Research.DescentAtlas.Batch281.affine_6301' depends on axioms: [propext, Quot.sound]
'Collatz.Research.DescentAtlas.Batch281.descent_6301' depends on axioms: [propext, Classical.choice, Quot.sound]
'Collatz.Research.DescentAtlas.Batch281.data_6305' does not depend on any axioms
'Collatz.Research.DescentAtlas.Batch281.affine_6305' depends on axioms: [propext, Quot.sound]
'Collatz.Research.DescentAtlas.Batch281.descent_6305' depends on axioms: [propext, Classical.choice, Quot.sound]
'Collatz.Research.DescentAtlas.Batch281.data_6307' does not depend on any axioms
'Collatz.Research.DescentAtlas.Batch281.affine_6307' depends on axioms: [propext, Quot.sound]
'Collatz.Research.DescentAtlas.Batch281.descent_6307' depends on axioms: [propext, Classical.choice, Quot.sound]
'Collatz.Research.DescentAtlas.Batch281.data_6315' does not depend on any axioms
'Collatz.Research.DescentAtlas.Batch281.affine_6315' depends on axioms: [propext, Quot.sound]
'Collatz.Research.DescentAtlas.Batch281.descent_6315' depends on axioms: [propext, Classical.choice, Quot.sound]
'Collatz.Research.DescentAtlas.Batch281.data_6317' does not depend on any axioms
'Collatz.Research.DescentAtlas.Batch281.affine_6317' depends on axioms: [propext, Quot.sound]
'Collatz.Research.DescentAtlas.Batch281.descent_6317' depends on axioms: [propext, Classical.choice, Quot.sound]
'Collatz.Research.DescentAtlas.Batch281.data_6321' does not depend on any axioms
'Collatz.Research.DescentAtlas.Batch281.affine_6321' depends on axioms: [propext, Quot.sound]
'Collatz.Research.DescentAtlas.Batch281.descent_6321' depends on axioms: [propext, Classical.choice, Quot.sound]
'Collatz.Research.DescentAtlas.Batch282.data_6323' does not depend on any axioms
'Collatz.Research.DescentAtlas.Batch282.affine_6323' depends on axioms: [propext, Quot.sound]
'Collatz.Research.DescentAtlas.Batch282.descent_6323' depends on axioms: [propext, Classical.choice, Quot.sound]
'Collatz.Research.DescentAtlas.Batch282.data_6325' does not depend on any axioms
'Collatz.Research.DescentAtlas.Batch282.affine_6325' depends on axioms: [propext, Quot.sound]
'Collatz.Research.DescentAtlas.Batch282.descent_6325' depends on axioms: [propext, Classical.choice, Quot.sound]
'Collatz.Research.DescentAtlas.Batch282.data_6329' does not depend on any axioms
'Collatz.Research.DescentAtlas.Batch282.affine_6329' depends on axioms: [propext, Quot.sound]
'Collatz.Research.DescentAtlas.Batch282.descent_6329' depends on axioms: [propext, Classical.choice, Quot.sound]
'Collatz.Research.DescentAtlas.Batch282.data_6337' does not depend on any axioms
'Collatz.Research.DescentAtlas.Batch282.affine_6337' depends on axioms: [propext, Quot.sound]
'Collatz.Research.DescentAtlas.Batch282.descent_6337' depends on axioms: [propext, Classical.choice, Quot.sound]
'Collatz.Research.DescentAtlas.Batch282.data_6339' does not depend on any axioms
'Collatz.Research.DescentAtlas.Batch282.affine_6339' depends on axioms: [propext, Quot.sound]
'Collatz.Research.DescentAtlas.Batch282.descent_6339' depends on axioms: [propext, Classical.choice, Quot.sound]
'Collatz.Research.DescentAtlas.Batch282.data_6341' does not depend on any axioms
'Collatz.Research.DescentAtlas.Batch282.affine_6341' depends on axioms: [propext, Quot.sound]
'Collatz.Research.DescentAtlas.Batch282.descent_6341' depends on axioms: [propext, Classical.choice, Quot.sound]
'Collatz.Research.DescentAtlas.Batch282.data_6343' does not depend on any axioms
'Collatz.Research.DescentAtlas.Batch282.affine_6343' depends on axioms: [propext, Quot.sound]
'Collatz.Research.DescentAtlas.Batch282.descent_6343' depends on axioms: [propext, Classical.choice, Quot.sound]
'Collatz.Research.DescentAtlas.Batch282.data_6345' does not depend on any axioms
'Collatz.Research.DescentAtlas.Batch282.affine_6345' depends on axioms: [propext, Quot.sound]
'Collatz.Research.DescentAtlas.Batch282.descent_6345' depends on axioms: [propext, Classical.choice, Quot.sound]
'Collatz.Research.DescentAtlas.Batch283.data_6347' does not depend on any axioms
'Collatz.Research.DescentAtlas.Batch283.affine_6347' depends on axioms: [propext, Quot.sound]
'Collatz.Research.DescentAtlas.Batch283.descent_6347' depends on axioms: [propext, Classical.choice, Quot.sound]
'Collatz.Research.DescentAtlas.Batch283.data_6349' does not depend on any axioms
'Collatz.Research.DescentAtlas.Batch283.affine_6349' depends on axioms: [propext, Quot.sound]
'Collatz.Research.DescentAtlas.Batch283.descent_6349' depends on axioms: [propext, Classical.choice, Quot.sound]
'Collatz.Research.DescentAtlas.Batch283.data_6357' does not depend on any axioms
'Collatz.Research.DescentAtlas.Batch283.affine_6357' depends on axioms: [propext, Quot.sound]
'Collatz.Research.DescentAtlas.Batch283.descent_6357' depends on axioms: [propext, Classical.choice, Quot.sound]
'Collatz.Research.DescentAtlas.Batch283.data_6359' does not depend on any axioms
'Collatz.Research.DescentAtlas.Batch283.affine_6359' depends on axioms: [propext, Quot.sound]
'Collatz.Research.DescentAtlas.Batch283.descent_6359' depends on axioms: [propext, Classical.choice, Quot.sound]
'Collatz.Research.DescentAtlas.Batch283.data_6361' does not depend on any axioms
'Collatz.Research.DescentAtlas.Batch283.affine_6361' depends on axioms: [propext, Quot.sound]
'Collatz.Research.DescentAtlas.Batch283.descent_6361' depends on axioms: [propext, Classical.choice, Quot.sound]
'Collatz.Research.DescentAtlas.Batch283.data_6363' does not depend on any axioms
'Collatz.Research.DescentAtlas.Batch283.affine_6363' depends on axioms: [propext, Quot.sound]
'Collatz.Research.DescentAtlas.Batch283.descent_6363' depends on axioms: [propext, Classical.choice, Quot.sound]
'Collatz.Research.DescentAtlas.Batch283.data_6371' does not depend on any axioms
'Collatz.Research.DescentAtlas.Batch283.affine_6371' depends on axioms: [propext, Quot.sound]
'Collatz.Research.DescentAtlas.Batch283.descent_6371' depends on axioms: [propext, Classical.choice, Quot.sound]
'Collatz.Research.DescentAtlas.Batch283.data_6373' does not depend on any axioms
'Collatz.Research.DescentAtlas.Batch283.affine_6373' depends on axioms: [propext, Quot.sound]
'Collatz.Research.DescentAtlas.Batch283.descent_6373' depends on axioms: [propext, Classical.choice, Quot.sound]
'Collatz.Research.DescentAtlas.Batch284.data_6377' does not depend on any axioms
'Collatz.Research.DescentAtlas.Batch284.affine_6377' depends on axioms: [propext, Quot.sound]
'Collatz.Research.DescentAtlas.Batch284.descent_6377' depends on axioms: [propext, Classical.choice, Quot.sound]
'Collatz.Research.DescentAtlas.Batch284.data_6381' does not depend on any axioms
'Collatz.Research.DescentAtlas.Batch284.affine_6381' depends on axioms: [propext, Quot.sound]
'Collatz.Research.DescentAtlas.Batch284.descent_6381' depends on axioms: [propext, Classical.choice, Quot.sound]
'Collatz.Research.DescentAtlas.Batch284.data_6385' does not depend on any axioms
'Collatz.Research.DescentAtlas.Batch284.affine_6385' depends on axioms: [propext, Quot.sound]
'Collatz.Research.DescentAtlas.Batch284.descent_6385' depends on axioms: [propext, Classical.choice, Quot.sound]
'Collatz.Research.DescentAtlas.Batch284.data_6387' does not depend on any axioms
'Collatz.Research.DescentAtlas.Batch284.affine_6387' depends on axioms: [propext, Quot.sound]
'Collatz.Research.DescentAtlas.Batch284.descent_6387' depends on axioms: [propext, Classical.choice, Quot.sound]
'Collatz.Research.DescentAtlas.Batch284.data_6389' does not depend on any axioms
'Collatz.Research.DescentAtlas.Batch284.affine_6389' depends on axioms: [propext, Quot.sound]
'Collatz.Research.DescentAtlas.Batch284.descent_6389' depends on axioms: [propext, Classical.choice, Quot.sound]
'Collatz.Research.DescentAtlas.Batch284.data_6391' does not depend on any axioms
'Collatz.Research.DescentAtlas.Batch284.affine_6391' depends on axioms: [propext, Quot.sound]
'Collatz.Research.DescentAtlas.Batch284.descent_6391' depends on axioms: [propext, Classical.choice, Quot.sound]
'Collatz.Research.DescentAtlas.Batch284.data_6397' does not depend on any axioms
'Collatz.Research.DescentAtlas.Batch284.affine_6397' depends on axioms: [propext, Quot.sound]
'Collatz.Research.DescentAtlas.Batch284.descent_6397' depends on axioms: [propext, Classical.choice, Quot.sound]
'Collatz.Research.DescentAtlas.Batch284.data_6401' does not depend on any axioms
'Collatz.Research.DescentAtlas.Batch284.affine_6401' depends on axioms: [propext, Quot.sound]
'Collatz.Research.DescentAtlas.Batch284.descent_6401' depends on axioms: [propext, Classical.choice, Quot.sound]
'Collatz.Research.DescentAtlas.Batch285.data_6403' does not depend on any axioms
'Collatz.Research.DescentAtlas.Batch285.affine_6403' depends on axioms: [propext, Quot.sound]
'Collatz.Research.DescentAtlas.Batch285.descent_6403' depends on axioms: [propext, Classical.choice, Quot.sound]
'Collatz.Research.DescentAtlas.Batch285.data_6405' does not depend on any axioms
'Collatz.Research.DescentAtlas.Batch285.affine_6405' depends on axioms: [propext, Quot.sound]
'Collatz.Research.DescentAtlas.Batch285.descent_6405' depends on axioms: [propext, Classical.choice, Quot.sound]
'Collatz.Research.DescentAtlas.Batch285.data_6407' does not depend on any axioms
'Collatz.Research.DescentAtlas.Batch285.affine_6407' depends on axioms: [propext, Quot.sound]
'Collatz.Research.DescentAtlas.Batch285.descent_6407' depends on axioms: [propext, Classical.choice, Quot.sound]
'Collatz.Research.DescentAtlas.Batch285.data_6409' does not depend on any axioms
'Collatz.Research.DescentAtlas.Batch285.affine_6409' depends on axioms: [propext, Quot.sound]
'Collatz.Research.DescentAtlas.Batch285.descent_6409' depends on axioms: [propext, Classical.choice, Quot.sound]
'Collatz.Research.DescentAtlas.Batch285.data_6411' does not depend on any axioms
'Collatz.Research.DescentAtlas.Batch285.affine_6411' depends on axioms: [propext, Quot.sound]
'Collatz.Research.DescentAtlas.Batch285.descent_6411' depends on axioms: [propext, Classical.choice, Quot.sound]
'Collatz.Research.DescentAtlas.Batch285.data_6413' does not depend on any axioms
'Collatz.Research.DescentAtlas.Batch285.affine_6413' depends on axioms: [propext, Quot.sound]
'Collatz.Research.DescentAtlas.Batch285.descent_6413' depends on axioms: [propext, Classical.choice, Quot.sound]
'Collatz.Research.DescentAtlas.Batch285.data_6415' does not depend on any axioms
'Collatz.Research.DescentAtlas.Batch285.affine_6415' depends on axioms: [propext, Quot.sound]
'Collatz.Research.DescentAtlas.Batch285.descent_6415' depends on axioms: [propext, Classical.choice, Quot.sound]
'Collatz.Research.DescentAtlas.Batch285.data_6417' does not depend on any axioms
'Collatz.Research.DescentAtlas.Batch285.affine_6417' depends on axioms: [propext, Quot.sound]
'Collatz.Research.DescentAtlas.Batch285.descent_6417' depends on axioms: [propext, Classical.choice, Quot.sound]
'Collatz.Research.DescentAtlas.Batch286.data_6421' does not depend on any axioms
'Collatz.Research.DescentAtlas.Batch286.affine_6421' depends on axioms: [propext, Quot.sound]
'Collatz.Research.DescentAtlas.Batch286.descent_6421' depends on axioms: [propext, Classical.choice, Quot.sound]
'Collatz.Research.DescentAtlas.Batch286.data_6423' does not depend on any axioms
'Collatz.Research.DescentAtlas.Batch286.affine_6423' depends on axioms: [propext, Quot.sound]
'Collatz.Research.DescentAtlas.Batch286.descent_6423' depends on axioms: [propext, Classical.choice, Quot.sound]
'Collatz.Research.DescentAtlas.Batch286.data_6425' does not depend on any axioms
'Collatz.Research.DescentAtlas.Batch286.affine_6425' depends on axioms: [propext, Quot.sound]
'Collatz.Research.DescentAtlas.Batch286.descent_6425' depends on axioms: [propext, Classical.choice, Quot.sound]
'Collatz.Research.DescentAtlas.Batch286.data_6429' does not depend on any axioms
'Collatz.Research.DescentAtlas.Batch286.affine_6429' depends on axioms: [propext, Quot.sound]
'Collatz.Research.DescentAtlas.Batch286.descent_6429' depends on axioms: [propext, Classical.choice, Quot.sound]
'Collatz.Research.DescentAtlas.Batch286.data_6431' does not depend on any axioms
'Collatz.Research.DescentAtlas.Batch286.affine_6431' depends on axioms: [propext, Quot.sound]
'Collatz.Research.DescentAtlas.Batch286.descent_6431' depends on axioms: [propext, Classical.choice, Quot.sound]
'Collatz.Research.DescentAtlas.Batch286.data_6433' does not depend on any axioms
'Collatz.Research.DescentAtlas.Batch286.affine_6433' depends on axioms: [propext, Quot.sound]
'Collatz.Research.DescentAtlas.Batch286.descent_6433' depends on axioms: [propext, Classical.choice, Quot.sound]
'Collatz.Research.DescentAtlas.Batch286.data_6435' does not depend on any axioms
'Collatz.Research.DescentAtlas.Batch286.affine_6435' depends on axioms: [propext, Quot.sound]
'Collatz.Research.DescentAtlas.Batch286.descent_6435' depends on axioms: [propext, Classical.choice, Quot.sound]
'Collatz.Research.DescentAtlas.Batch286.data_6437' does not depend on any axioms
'Collatz.Research.DescentAtlas.Batch286.affine_6437' depends on axioms: [propext, Quot.sound]
'Collatz.Research.DescentAtlas.Batch286.descent_6437' depends on axioms: [propext, Classical.choice, Quot.sound]
'Collatz.Research.DescentAtlas.Batch287.data_6441' does not depend on any axioms
'Collatz.Research.DescentAtlas.Batch287.affine_6441' depends on axioms: [propext, Quot.sound]
'Collatz.Research.DescentAtlas.Batch287.descent_6441' depends on axioms: [propext, Classical.choice, Quot.sound]
'Collatz.Research.DescentAtlas.Batch287.data_6443' does not depend on any axioms
'Collatz.Research.DescentAtlas.Batch287.affine_6443' depends on axioms: [propext, Quot.sound]
'Collatz.Research.DescentAtlas.Batch287.descent_6443' depends on axioms: [propext, Classical.choice, Quot.sound]
'Collatz.Research.DescentAtlas.Batch287.data_6445' does not depend on any axioms
'Collatz.Research.DescentAtlas.Batch287.affine_6445' depends on axioms: [propext, Quot.sound]
'Collatz.Research.DescentAtlas.Batch287.descent_6445' depends on axioms: [propext, Classical.choice, Quot.sound]
'Collatz.Research.DescentAtlas.Batch287.data_6449' does not depend on any axioms
'Collatz.Research.DescentAtlas.Batch287.affine_6449' depends on axioms: [propext, Quot.sound]
'Collatz.Research.DescentAtlas.Batch287.descent_6449' depends on axioms: [propext, Classical.choice, Quot.sound]
'Collatz.Research.DescentAtlas.Batch287.data_6451' does not depend on any axioms
'Collatz.Research.DescentAtlas.Batch287.affine_6451' depends on axioms: [propext, Quot.sound]
'Collatz.Research.DescentAtlas.Batch287.descent_6451' depends on axioms: [propext, Classical.choice, Quot.sound]
'Collatz.Research.DescentAtlas.Batch287.data_6453' does not depend on any axioms
'Collatz.Research.DescentAtlas.Batch287.affine_6453' depends on axioms: [propext, Quot.sound]
'Collatz.Research.DescentAtlas.Batch287.descent_6453' depends on axioms: [propext, Classical.choice, Quot.sound]
'Collatz.Research.DescentAtlas.Batch287.data_6457' does not depend on any axioms
'Collatz.Research.DescentAtlas.Batch287.affine_6457' depends on axioms: [propext, Quot.sound]
'Collatz.Research.DescentAtlas.Batch287.descent_6457' depends on axioms: [propext, Classical.choice, Quot.sound]
'Collatz.Research.DescentAtlas.Batch287.data_6459' does not depend on any axioms
'Collatz.Research.DescentAtlas.Batch287.affine_6459' depends on axioms: [propext, Quot.sound]
'Collatz.Research.DescentAtlas.Batch287.descent_6459' depends on axioms: [propext, Classical.choice, Quot.sound]
'Collatz.Research.DescentAtlas.Batch288.data_6461' does not depend on any axioms
'Collatz.Research.DescentAtlas.Batch288.affine_6461' depends on axioms: [propext, Quot.sound]
'Collatz.Research.DescentAtlas.Batch288.descent_6461' depends on axioms: [propext, Classical.choice, Quot.sound]
'Collatz.Research.DescentAtlas.Batch288.data_6465' does not depend on any axioms
'Collatz.Research.DescentAtlas.Batch288.affine_6465' depends on axioms: [propext, Quot.sound]
'Collatz.Research.DescentAtlas.Batch288.descent_6465' depends on axioms: [propext, Classical.choice, Quot.sound]
'Collatz.Research.DescentAtlas.Batch288.data_6469' does not depend on any axioms
'Collatz.Research.DescentAtlas.Batch288.affine_6469' depends on axioms: [propext, Quot.sound]
'Collatz.Research.DescentAtlas.Batch288.descent_6469' depends on axioms: [propext, Classical.choice, Quot.sound]
'Collatz.Research.DescentAtlas.Batch288.data_6473' does not depend on any axioms
'Collatz.Research.DescentAtlas.Batch288.affine_6473' depends on axioms: [propext, Quot.sound]
'Collatz.Research.DescentAtlas.Batch288.descent_6473' depends on axioms: [propext, Classical.choice, Quot.sound]
'Collatz.Research.DescentAtlas.Batch288.data_6475' does not depend on any axioms
'Collatz.Research.DescentAtlas.Batch288.affine_6475' depends on axioms: [propext, Quot.sound]
'Collatz.Research.DescentAtlas.Batch288.descent_6475' depends on axioms: [propext, Classical.choice, Quot.sound]
'Collatz.Research.DescentAtlas.Batch288.data_6477' does not depend on any axioms
'Collatz.Research.DescentAtlas.Batch288.affine_6477' depends on axioms: [propext, Quot.sound]
'Collatz.Research.DescentAtlas.Batch288.descent_6477' depends on axioms: [propext, Classical.choice, Quot.sound]
'Collatz.Research.DescentAtlas.Batch288.data_6481' does not depend on any axioms
'Collatz.Research.DescentAtlas.Batch288.affine_6481' depends on axioms: [propext, Quot.sound]
'Collatz.Research.DescentAtlas.Batch288.descent_6481' depends on axioms: [propext, Classical.choice, Quot.sound]
'Collatz.Research.DescentAtlas.Batch288.data_6483' does not depend on any axioms
'Collatz.Research.DescentAtlas.Batch288.affine_6483' depends on axioms: [propext, Quot.sound]
'Collatz.Research.DescentAtlas.Batch288.descent_6483' depends on axioms: [propext, Classical.choice, Quot.sound]
'Collatz.Research.DescentAtlas.Batch289.data_6485' does not depend on any axioms
'Collatz.Research.DescentAtlas.Batch289.affine_6485' depends on axioms: [propext, Quot.sound]
'Collatz.Research.DescentAtlas.Batch289.descent_6485' depends on axioms: [propext, Classical.choice, Quot.sound]
'Collatz.Research.DescentAtlas.Batch289.data_6487' does not depend on any axioms
'Collatz.Research.DescentAtlas.Batch289.affine_6487' depends on axioms: [propext, Quot.sound]
'Collatz.Research.DescentAtlas.Batch289.descent_6487' depends on axioms: [propext, Classical.choice, Quot.sound]
'Collatz.Research.DescentAtlas.Batch289.data_6489' does not depend on any axioms
'Collatz.Research.DescentAtlas.Batch289.affine_6489' depends on axioms: [propext, Quot.sound]
'Collatz.Research.DescentAtlas.Batch289.descent_6489' depends on axioms: [propext, Classical.choice, Quot.sound]
'Collatz.Research.DescentAtlas.Batch289.data_6493' does not depend on any axioms
'Collatz.Research.DescentAtlas.Batch289.affine_6493' depends on axioms: [propext, Quot.sound]
'Collatz.Research.DescentAtlas.Batch289.descent_6493' depends on axioms: [propext, Classical.choice, Quot.sound]
'Collatz.Research.DescentAtlas.Batch289.data_6495' does not depend on any axioms
'Collatz.Research.DescentAtlas.Batch289.affine_6495' depends on axioms: [propext, Quot.sound]
'Collatz.Research.DescentAtlas.Batch289.descent_6495' depends on axioms: [propext, Classical.choice, Quot.sound]
'Collatz.Research.DescentAtlas.Batch289.data_6497' does not depend on any axioms
'Collatz.Research.DescentAtlas.Batch289.affine_6497' depends on axioms: [propext, Quot.sound]
'Collatz.Research.DescentAtlas.Batch289.descent_6497' depends on axioms: [propext, Classical.choice, Quot.sound]
'Collatz.Research.DescentAtlas.Batch289.data_6499' does not depend on any axioms
'Collatz.Research.DescentAtlas.Batch289.affine_6499' depends on axioms: [propext, Quot.sound]
'Collatz.Research.DescentAtlas.Batch289.descent_6499' depends on axioms: [propext, Classical.choice, Quot.sound]
'Collatz.Research.DescentAtlas.Batch289.data_6501' does not depend on any axioms
'Collatz.Research.DescentAtlas.Batch289.affine_6501' depends on axioms: [propext, Quot.sound]
'Collatz.Research.DescentAtlas.Batch289.descent_6501' depends on axioms: [propext, Classical.choice, Quot.sound]
'Collatz.Research.DescentAtlas.Batch290.data_6505' does not depend on any axioms
'Collatz.Research.DescentAtlas.Batch290.affine_6505' depends on axioms: [propext, Quot.sound]
'Collatz.Research.DescentAtlas.Batch290.descent_6505' depends on axioms: [propext, Classical.choice, Quot.sound]
'Collatz.Research.DescentAtlas.Batch290.data_6507' does not depend on any axioms
'Collatz.Research.DescentAtlas.Batch290.affine_6507' depends on axioms: [propext, Quot.sound]
'Collatz.Research.DescentAtlas.Batch290.descent_6507' depends on axioms: [propext, Classical.choice, Quot.sound]
'Collatz.Research.DescentAtlas.Batch290.data_6509' does not depend on any axioms
'Collatz.Research.DescentAtlas.Batch290.affine_6509' depends on axioms: [propext, Quot.sound]
'Collatz.Research.DescentAtlas.Batch290.descent_6509' depends on axioms: [propext, Classical.choice, Quot.sound]
'Collatz.Research.DescentAtlas.Batch290.data_6511' does not depend on any axioms
'Collatz.Research.DescentAtlas.Batch290.affine_6511' depends on axioms: [propext, Quot.sound]
'Collatz.Research.DescentAtlas.Batch290.descent_6511' depends on axioms: [propext, Classical.choice, Quot.sound]
'Collatz.Research.DescentAtlas.Batch290.data_6513' does not depend on any axioms
'Collatz.Research.DescentAtlas.Batch290.affine_6513' depends on axioms: [propext, Quot.sound]
'Collatz.Research.DescentAtlas.Batch290.descent_6513' depends on axioms: [propext, Classical.choice, Quot.sound]
'Collatz.Research.DescentAtlas.Batch290.data_6515' does not depend on any axioms
'Collatz.Research.DescentAtlas.Batch290.affine_6515' depends on axioms: [propext, Quot.sound]
'Collatz.Research.DescentAtlas.Batch290.descent_6515' depends on axioms: [propext, Classical.choice, Quot.sound]
'Collatz.Research.DescentAtlas.Batch290.data_6517' does not depend on any axioms
'Collatz.Research.DescentAtlas.Batch290.affine_6517' depends on axioms: [propext, Quot.sound]
'Collatz.Research.DescentAtlas.Batch290.descent_6517' depends on axioms: [propext, Classical.choice, Quot.sound]
'Collatz.Research.DescentAtlas.Batch290.data_6519' does not depend on any axioms
'Collatz.Research.DescentAtlas.Batch290.affine_6519' depends on axioms: [propext, Quot.sound]
'Collatz.Research.DescentAtlas.Batch290.descent_6519' depends on axioms: [propext, Classical.choice, Quot.sound]
'Collatz.Research.DescentAtlas.Batch291.data_6523' does not depend on any axioms
'Collatz.Research.DescentAtlas.Batch291.affine_6523' depends on axioms: [propext, Quot.sound]
'Collatz.Research.DescentAtlas.Batch291.descent_6523' depends on axioms: [propext, Classical.choice, Quot.sound]
'Collatz.Research.DescentAtlas.Batch291.data_6525' does not depend on any axioms
'Collatz.Research.DescentAtlas.Batch291.affine_6525' depends on axioms: [propext, Quot.sound]
'Collatz.Research.DescentAtlas.Batch291.descent_6525' depends on axioms: [propext, Classical.choice, Quot.sound]
'Collatz.Research.DescentAtlas.Batch291.data_6529' does not depend on any axioms
'Collatz.Research.DescentAtlas.Batch291.affine_6529' depends on axioms: [propext, Quot.sound]
'Collatz.Research.DescentAtlas.Batch291.descent_6529' depends on axioms: [propext, Classical.choice, Quot.sound]
'Collatz.Research.DescentAtlas.Batch291.data_6531' does not depend on any axioms
'Collatz.Research.DescentAtlas.Batch291.affine_6531' depends on axioms: [propext, Quot.sound]
'Collatz.Research.DescentAtlas.Batch291.descent_6531' depends on axioms: [propext, Classical.choice, Quot.sound]
'Collatz.Research.DescentAtlas.Batch291.data_6533' does not depend on any axioms
'Collatz.Research.DescentAtlas.Batch291.affine_6533' depends on axioms: [propext, Quot.sound]
'Collatz.Research.DescentAtlas.Batch291.descent_6533' depends on axioms: [propext, Classical.choice, Quot.sound]
'Collatz.Research.DescentAtlas.Batch291.data_6535' does not depend on any axioms
'Collatz.Research.DescentAtlas.Batch291.affine_6535' depends on axioms: [propext, Quot.sound]
'Collatz.Research.DescentAtlas.Batch291.descent_6535' depends on axioms: [propext, Classical.choice, Quot.sound]
'Collatz.Research.DescentAtlas.Batch291.data_6539' does not depend on any axioms
'Collatz.Research.DescentAtlas.Batch291.affine_6539' depends on axioms: [propext, Quot.sound]
'Collatz.Research.DescentAtlas.Batch291.descent_6539' depends on axioms: [propext, Classical.choice, Quot.sound]
'Collatz.Research.DescentAtlas.Batch291.data_6541' does not depend on any axioms
'Collatz.Research.DescentAtlas.Batch291.affine_6541' depends on axioms: [propext, Quot.sound]
'Collatz.Research.DescentAtlas.Batch291.descent_6541' depends on axioms: [propext, Classical.choice, Quot.sound]
'Collatz.Research.DescentAtlas.Batch292.data_6543' does not depend on any axioms
'Collatz.Research.DescentAtlas.Batch292.affine_6543' depends on axioms: [propext, Quot.sound]
'Collatz.Research.DescentAtlas.Batch292.descent_6543' depends on axioms: [propext, Classical.choice, Quot.sound]
'Collatz.Research.DescentAtlas.Batch292.data_6545' does not depend on any axioms
'Collatz.Research.DescentAtlas.Batch292.affine_6545' depends on axioms: [propext, Quot.sound]
'Collatz.Research.DescentAtlas.Batch292.descent_6545' depends on axioms: [propext, Classical.choice, Quot.sound]
'Collatz.Research.DescentAtlas.Batch292.data_6547' does not depend on any axioms
'Collatz.Research.DescentAtlas.Batch292.affine_6547' depends on axioms: [propext, Quot.sound]
'Collatz.Research.DescentAtlas.Batch292.descent_6547' depends on axioms: [propext, Classical.choice, Quot.sound]
'Collatz.Research.DescentAtlas.Batch292.data_6549' does not depend on any axioms
'Collatz.Research.DescentAtlas.Batch292.affine_6549' depends on axioms: [propext, Quot.sound]
'Collatz.Research.DescentAtlas.Batch292.descent_6549' depends on axioms: [propext, Classical.choice, Quot.sound]
'Collatz.Research.DescentAtlas.Batch292.data_6551' does not depend on any axioms
'Collatz.Research.DescentAtlas.Batch292.affine_6551' depends on axioms: [propext, Quot.sound]
'Collatz.Research.DescentAtlas.Batch292.descent_6551' depends on axioms: [propext, Classical.choice, Quot.sound]
'Collatz.Research.DescentAtlas.Batch292.data_6553' does not depend on any axioms
'Collatz.Research.DescentAtlas.Batch292.affine_6553' depends on axioms: [propext, Quot.sound]
'Collatz.Research.DescentAtlas.Batch292.descent_6553' depends on axioms: [propext, Classical.choice, Quot.sound]
'Collatz.Research.DescentAtlas.Batch292.data_6559' does not depend on any axioms
'Collatz.Research.DescentAtlas.Batch292.affine_6559' depends on axioms: [propext, Quot.sound]
'Collatz.Research.DescentAtlas.Batch292.descent_6559' depends on axioms: [propext, Classical.choice, Quot.sound]
'Collatz.Research.DescentAtlas.Batch292.data_6561' does not depend on any axioms
'Collatz.Research.DescentAtlas.Batch292.affine_6561' depends on axioms: [propext, Quot.sound]
'Collatz.Research.DescentAtlas.Batch292.descent_6561' depends on axioms: [propext, Classical.choice, Quot.sound]
'Collatz.Research.DescentAtlas.Batch293.data_6563' does not depend on any axioms
'Collatz.Research.DescentAtlas.Batch293.affine_6563' depends on axioms: [propext, Quot.sound]
'Collatz.Research.DescentAtlas.Batch293.descent_6563' depends on axioms: [propext, Classical.choice, Quot.sound]
'Collatz.Research.DescentAtlas.Batch293.data_6565' does not depend on any axioms
'Collatz.Research.DescentAtlas.Batch293.affine_6565' depends on axioms: [propext, Quot.sound]
'Collatz.Research.DescentAtlas.Batch293.descent_6565' depends on axioms: [propext, Classical.choice, Quot.sound]
'Collatz.Research.DescentAtlas.Batch293.data_6567' does not depend on any axioms
'Collatz.Research.DescentAtlas.Batch293.affine_6567' depends on axioms: [propext, Quot.sound]
'Collatz.Research.DescentAtlas.Batch293.descent_6567' depends on axioms: [propext, Classical.choice, Quot.sound]
'Collatz.Research.DescentAtlas.Batch293.data_6573' does not depend on any axioms
'Collatz.Research.DescentAtlas.Batch293.affine_6573' depends on axioms: [propext, Quot.sound]
'Collatz.Research.DescentAtlas.Batch293.descent_6573' depends on axioms: [propext, Classical.choice, Quot.sound]
'Collatz.Research.DescentAtlas.Batch293.data_6575' does not depend on any axioms
'Collatz.Research.DescentAtlas.Batch293.affine_6575' depends on axioms: [propext, Quot.sound]
'Collatz.Research.DescentAtlas.Batch293.descent_6575' depends on axioms: [propext, Classical.choice, Quot.sound]
'Collatz.Research.DescentAtlas.Batch293.data_6577' does not depend on any axioms
'Collatz.Research.DescentAtlas.Batch293.affine_6577' depends on axioms: [propext, Quot.sound]
'Collatz.Research.DescentAtlas.Batch293.descent_6577' depends on axioms: [propext, Classical.choice, Quot.sound]
'Collatz.Research.DescentAtlas.Batch293.data_6579' does not depend on any axioms
'Collatz.Research.DescentAtlas.Batch293.affine_6579' depends on axioms: [propext, Quot.sound]
'Collatz.Research.DescentAtlas.Batch293.descent_6579' depends on axioms: [propext, Classical.choice, Quot.sound]
'Collatz.Research.DescentAtlas.Batch293.data_6581' does not depend on any axioms
'Collatz.Research.DescentAtlas.Batch293.affine_6581' depends on axioms: [propext, Quot.sound]
'Collatz.Research.DescentAtlas.Batch293.descent_6581' depends on axioms: [propext, Classical.choice, Quot.sound]
'Collatz.Research.DescentAtlas.Batch294.data_6583' does not depend on any axioms
'Collatz.Research.DescentAtlas.Batch294.affine_6583' depends on axioms: [propext, Quot.sound]
'Collatz.Research.DescentAtlas.Batch294.descent_6583' depends on axioms: [propext, Classical.choice, Quot.sound]
'Collatz.Research.DescentAtlas.Batch294.data_6585' does not depend on any axioms
'Collatz.Research.DescentAtlas.Batch294.affine_6585' depends on axioms: [propext, Quot.sound]
'Collatz.Research.DescentAtlas.Batch294.descent_6585' depends on axioms: [propext, Classical.choice, Quot.sound]
'Collatz.Research.DescentAtlas.Batch294.data_6587' does not depend on any axioms
'Collatz.Research.DescentAtlas.Batch294.affine_6587' depends on axioms: [propext, Quot.sound]
'Collatz.Research.DescentAtlas.Batch294.descent_6587' depends on axioms: [propext, Classical.choice, Quot.sound]
'Collatz.Research.DescentAtlas.Batch294.data_6589' does not depend on any axioms
'Collatz.Research.DescentAtlas.Batch294.affine_6589' depends on axioms: [propext, Quot.sound]
'Collatz.Research.DescentAtlas.Batch294.descent_6589' depends on axioms: [propext, Classical.choice, Quot.sound]
'Collatz.Research.DescentAtlas.Batch294.data_6597' does not depend on any axioms
'Collatz.Research.DescentAtlas.Batch294.affine_6597' depends on axioms: [propext, Quot.sound]
'Collatz.Research.DescentAtlas.Batch294.descent_6597' depends on axioms: [propext, Classical.choice, Quot.sound]
'Collatz.Research.DescentAtlas.Batch294.data_6603' does not depend on any axioms
'Collatz.Research.DescentAtlas.Batch294.affine_6603' depends on axioms: [propext, Quot.sound]
'Collatz.Research.DescentAtlas.Batch294.descent_6603' depends on axioms: [propext, Classical.choice, Quot.sound]
'Collatz.Research.DescentAtlas.Batch294.data_6605' does not depend on any axioms
'Collatz.Research.DescentAtlas.Batch294.affine_6605' depends on axioms: [propext, Quot.sound]
'Collatz.Research.DescentAtlas.Batch294.descent_6605' depends on axioms: [propext, Classical.choice, Quot.sound]
'Collatz.Research.DescentAtlas.Batch294.data_6609' does not depend on any axioms
'Collatz.Research.DescentAtlas.Batch294.affine_6609' depends on axioms: [propext, Quot.sound]
'Collatz.Research.DescentAtlas.Batch294.descent_6609' depends on axioms: [propext, Classical.choice, Quot.sound]
'Collatz.Research.DescentAtlas.Batch295.data_6611' does not depend on any axioms
'Collatz.Research.DescentAtlas.Batch295.affine_6611' depends on axioms: [propext, Quot.sound]
'Collatz.Research.DescentAtlas.Batch295.descent_6611' depends on axioms: [propext, Classical.choice, Quot.sound]
'Collatz.Research.DescentAtlas.Batch295.data_6613' does not depend on any axioms
'Collatz.Research.DescentAtlas.Batch295.affine_6613' depends on axioms: [propext, Quot.sound]
'Collatz.Research.DescentAtlas.Batch295.descent_6613' depends on axioms: [propext, Classical.choice, Quot.sound]
'Collatz.Research.DescentAtlas.Batch295.data_6617' does not depend on any axioms
'Collatz.Research.DescentAtlas.Batch295.affine_6617' depends on axioms: [propext, Quot.sound]
'Collatz.Research.DescentAtlas.Batch295.descent_6617' depends on axioms: [propext, Classical.choice, Quot.sound]
'Collatz.Research.DescentAtlas.Batch295.data_6619' does not depend on any axioms
'Collatz.Research.DescentAtlas.Batch295.affine_6619' depends on axioms: [propext, Quot.sound]
'Collatz.Research.DescentAtlas.Batch295.descent_6619' depends on axioms: [propext, Classical.choice, Quot.sound]
'Collatz.Research.DescentAtlas.Batch295.data_6621' does not depend on any axioms
'Collatz.Research.DescentAtlas.Batch295.affine_6621' depends on axioms: [propext, Quot.sound]
'Collatz.Research.DescentAtlas.Batch295.descent_6621' depends on axioms: [propext, Classical.choice, Quot.sound]
'Collatz.Research.DescentAtlas.Batch295.data_6627' does not depend on any axioms
'Collatz.Research.DescentAtlas.Batch295.affine_6627' depends on axioms: [propext, Quot.sound]
'Collatz.Research.DescentAtlas.Batch295.descent_6627' depends on axioms: [propext, Classical.choice, Quot.sound]
'Collatz.Research.DescentAtlas.Batch295.data_6629' does not depend on any axioms
'Collatz.Research.DescentAtlas.Batch295.affine_6629' depends on axioms: [propext, Quot.sound]
'Collatz.Research.DescentAtlas.Batch295.descent_6629' depends on axioms: [propext, Classical.choice, Quot.sound]
'Collatz.Research.DescentAtlas.Batch295.data_6631' does not depend on any axioms
'Collatz.Research.DescentAtlas.Batch295.affine_6631' depends on axioms: [propext, Quot.sound]
'Collatz.Research.DescentAtlas.Batch295.descent_6631' depends on axioms: [propext, Classical.choice, Quot.sound]
'Collatz.Research.DescentAtlas.Batch296.data_6633' does not depend on any axioms
'Collatz.Research.DescentAtlas.Batch296.affine_6633' depends on axioms: [propext, Quot.sound]
'Collatz.Research.DescentAtlas.Batch296.descent_6633' depends on axioms: [propext, Classical.choice, Quot.sound]
'Collatz.Research.DescentAtlas.Batch296.data_6637' does not depend on any axioms
'Collatz.Research.DescentAtlas.Batch296.affine_6637' depends on axioms: [propext, Quot.sound]
'Collatz.Research.DescentAtlas.Batch296.descent_6637' depends on axioms: [propext, Classical.choice, Quot.sound]
'Collatz.Research.DescentAtlas.Batch296.data_6641' does not depend on any axioms
'Collatz.Research.DescentAtlas.Batch296.affine_6641' depends on axioms: [propext, Quot.sound]
'Collatz.Research.DescentAtlas.Batch296.descent_6641' depends on axioms: [propext, Classical.choice, Quot.sound]
'Collatz.Research.DescentAtlas.Batch296.data_6643' does not depend on any axioms
'Collatz.Research.DescentAtlas.Batch296.affine_6643' depends on axioms: [propext, Quot.sound]
'Collatz.Research.DescentAtlas.Batch296.descent_6643' depends on axioms: [propext, Classical.choice, Quot.sound]
'Collatz.Research.DescentAtlas.Batch296.data_6645' does not depend on any axioms
'Collatz.Research.DescentAtlas.Batch296.affine_6645' depends on axioms: [propext, Quot.sound]
'Collatz.Research.DescentAtlas.Batch296.descent_6645' depends on axioms: [propext, Classical.choice, Quot.sound]
'Collatz.Research.DescentAtlas.Batch296.data_6651' does not depend on any axioms
'Collatz.Research.DescentAtlas.Batch296.affine_6651' depends on axioms: [propext, Quot.sound]
'Collatz.Research.DescentAtlas.Batch296.descent_6651' depends on axioms: [propext, Classical.choice, Quot.sound]
'Collatz.Research.DescentAtlas.Batch296.data_6657' does not depend on any axioms
'Collatz.Research.DescentAtlas.Batch296.affine_6657' depends on axioms: [propext, Quot.sound]
'Collatz.Research.DescentAtlas.Batch296.descent_6657' depends on axioms: [propext, Classical.choice, Quot.sound]
'Collatz.Research.DescentAtlas.Batch296.data_6659' does not depend on any axioms
'Collatz.Research.DescentAtlas.Batch296.affine_6659' depends on axioms: [propext, Quot.sound]
'Collatz.Research.DescentAtlas.Batch296.descent_6659' depends on axioms: [propext, Classical.choice, Quot.sound]
'Collatz.Research.DescentAtlas.Batch297.data_6665' does not depend on any axioms
'Collatz.Research.DescentAtlas.Batch297.affine_6665' depends on axioms: [propext, Quot.sound]
'Collatz.Research.DescentAtlas.Batch297.descent_6665' depends on axioms: [propext, Classical.choice, Quot.sound]
'Collatz.Research.DescentAtlas.Batch297.data_6669' does not depend on any axioms
'Collatz.Research.DescentAtlas.Batch297.affine_6669' depends on axioms: [propext, Quot.sound]
'Collatz.Research.DescentAtlas.Batch297.descent_6669' depends on axioms: [propext, Classical.choice, Quot.sound]
'Collatz.Research.DescentAtlas.Batch297.data_6673' does not depend on any axioms
'Collatz.Research.DescentAtlas.Batch297.affine_6673' depends on axioms: [propext, Quot.sound]
'Collatz.Research.DescentAtlas.Batch297.descent_6673' depends on axioms: [propext, Classical.choice, Quot.sound]
'Collatz.Research.DescentAtlas.Batch297.data_6675' does not depend on any axioms
'Collatz.Research.DescentAtlas.Batch297.affine_6675' depends on axioms: [propext, Quot.sound]
'Collatz.Research.DescentAtlas.Batch297.descent_6675' depends on axioms: [propext, Classical.choice, Quot.sound]
'Collatz.Research.DescentAtlas.Batch297.data_6677' does not depend on any axioms
'Collatz.Research.DescentAtlas.Batch297.affine_6677' depends on axioms: [propext, Quot.sound]
'Collatz.Research.DescentAtlas.Batch297.descent_6677' depends on axioms: [propext, Classical.choice, Quot.sound]
'Collatz.Research.DescentAtlas.Batch297.data_6679' does not depend on any axioms
'Collatz.Research.DescentAtlas.Batch297.affine_6679' depends on axioms: [propext, Quot.sound]
'Collatz.Research.DescentAtlas.Batch297.descent_6679' depends on axioms: [propext, Classical.choice, Quot.sound]
'Collatz.Research.DescentAtlas.Batch297.data_6681' does not depend on any axioms
'Collatz.Research.DescentAtlas.Batch297.affine_6681' depends on axioms: [propext, Quot.sound]
'Collatz.Research.DescentAtlas.Batch297.descent_6681' depends on axioms: [propext, Classical.choice, Quot.sound]
'Collatz.Research.DescentAtlas.Batch297.data_6683' does not depend on any axioms
'Collatz.Research.DescentAtlas.Batch297.affine_6683' depends on axioms: [propext, Quot.sound]
'Collatz.Research.DescentAtlas.Batch297.descent_6683' depends on axioms: [propext, Classical.choice, Quot.sound]
'Collatz.Research.DescentAtlas.Batch298.data_6685' does not depend on any axioms
'Collatz.Research.DescentAtlas.Batch298.affine_6685' depends on axioms: [propext, Quot.sound]
'Collatz.Research.DescentAtlas.Batch298.descent_6685' depends on axioms: [propext, Classical.choice, Quot.sound]
'Collatz.Research.DescentAtlas.Batch298.data_6689' does not depend on any axioms
'Collatz.Research.DescentAtlas.Batch298.affine_6689' depends on axioms: [propext, Quot.sound]
'Collatz.Research.DescentAtlas.Batch298.descent_6689' depends on axioms: [propext, Classical.choice, Quot.sound]
'Collatz.Research.DescentAtlas.Batch298.data_6691' does not depend on any axioms
'Collatz.Research.DescentAtlas.Batch298.affine_6691' depends on axioms: [propext, Quot.sound]
'Collatz.Research.DescentAtlas.Batch298.descent_6691' depends on axioms: [propext, Classical.choice, Quot.sound]
'Collatz.Research.DescentAtlas.Batch298.data_6693' does not depend on any axioms
'Collatz.Research.DescentAtlas.Batch298.affine_6693' depends on axioms: [propext, Quot.sound]
'Collatz.Research.DescentAtlas.Batch298.descent_6693' depends on axioms: [propext, Classical.choice, Quot.sound]
'Collatz.Research.DescentAtlas.Batch298.data_6695' does not depend on any axioms
'Collatz.Research.DescentAtlas.Batch298.affine_6695' depends on axioms: [propext, Quot.sound]
'Collatz.Research.DescentAtlas.Batch298.descent_6695' depends on axioms: [propext, Classical.choice, Quot.sound]
'Collatz.Research.DescentAtlas.Batch298.data_6699' does not depend on any axioms
'Collatz.Research.DescentAtlas.Batch298.affine_6699' depends on axioms: [propext, Quot.sound]
'Collatz.Research.DescentAtlas.Batch298.descent_6699' depends on axioms: [propext, Classical.choice, Quot.sound]
'Collatz.Research.DescentAtlas.Batch298.data_6701' does not depend on any axioms
'Collatz.Research.DescentAtlas.Batch298.affine_6701' depends on axioms: [propext, Quot.sound]
'Collatz.Research.DescentAtlas.Batch298.descent_6701' depends on axioms: [propext, Classical.choice, Quot.sound]
'Collatz.Research.DescentAtlas.Batch298.data_6705' does not depend on any axioms
'Collatz.Research.DescentAtlas.Batch298.affine_6705' depends on axioms: [propext, Quot.sound]
'Collatz.Research.DescentAtlas.Batch298.descent_6705' depends on axioms: [propext, Classical.choice, Quot.sound]
'Collatz.Research.DescentAtlas.Batch299.data_6707' does not depend on any axioms
'Collatz.Research.DescentAtlas.Batch299.affine_6707' depends on axioms: [propext, Quot.sound]
'Collatz.Research.DescentAtlas.Batch299.descent_6707' depends on axioms: [propext, Classical.choice, Quot.sound]
'Collatz.Research.DescentAtlas.Batch299.data_6709' does not depend on any axioms
'Collatz.Research.DescentAtlas.Batch299.affine_6709' depends on axioms: [propext, Quot.sound]
'Collatz.Research.DescentAtlas.Batch299.descent_6709' depends on axioms: [propext, Classical.choice, Quot.sound]
'Collatz.Research.DescentAtlas.Batch299.data_6713' does not depend on any axioms
'Collatz.Research.DescentAtlas.Batch299.affine_6713' depends on axioms: [propext, Quot.sound]
'Collatz.Research.DescentAtlas.Batch299.descent_6713' depends on axioms: [propext, Classical.choice, Quot.sound]
'Collatz.Research.DescentAtlas.Batch299.data_6715' does not depend on any axioms
'Collatz.Research.DescentAtlas.Batch299.affine_6715' depends on axioms: [propext, Quot.sound]
'Collatz.Research.DescentAtlas.Batch299.descent_6715' depends on axioms: [propext, Classical.choice, Quot.sound]
'Collatz.Research.DescentAtlas.Batch299.data_6717' does not depend on any axioms
'Collatz.Research.DescentAtlas.Batch299.affine_6717' depends on axioms: [propext, Quot.sound]
'Collatz.Research.DescentAtlas.Batch299.descent_6717' depends on axioms: [propext, Classical.choice, Quot.sound]
'Collatz.Research.DescentAtlas.Batch299.data_6719' does not depend on any axioms
'Collatz.Research.DescentAtlas.Batch299.affine_6719' depends on axioms: [propext, Quot.sound]
'Collatz.Research.DescentAtlas.Batch299.descent_6719' depends on axioms: [propext, Classical.choice, Quot.sound]
'Collatz.Research.DescentAtlas.Batch299.data_6721' does not depend on any axioms
'Collatz.Research.DescentAtlas.Batch299.affine_6721' depends on axioms: [propext, Quot.sound]
'Collatz.Research.DescentAtlas.Batch299.descent_6721' depends on axioms: [propext, Classical.choice, Quot.sound]
'Collatz.Research.DescentAtlas.Batch299.data_6723' does not depend on any axioms
'Collatz.Research.DescentAtlas.Batch299.affine_6723' depends on axioms: [propext, Quot.sound]
'Collatz.Research.DescentAtlas.Batch299.descent_6723' depends on axioms: [propext, Classical.choice, Quot.sound]
'Collatz.Research.DescentAtlas.Batch300.data_6725' does not depend on any axioms
'Collatz.Research.DescentAtlas.Batch300.affine_6725' depends on axioms: [propext, Quot.sound]
'Collatz.Research.DescentAtlas.Batch300.descent_6725' depends on axioms: [propext, Classical.choice, Quot.sound]
'Collatz.Research.DescentAtlas.Batch300.data_6727' does not depend on any axioms
'Collatz.Research.DescentAtlas.Batch300.affine_6727' depends on axioms: [propext, Quot.sound]
'Collatz.Research.DescentAtlas.Batch300.descent_6727' depends on axioms: [propext, Classical.choice, Quot.sound]
'Collatz.Research.DescentAtlas.Batch300.data_6729' does not depend on any axioms
'Collatz.Research.DescentAtlas.Batch300.affine_6729' depends on axioms: [propext, Quot.sound]
'Collatz.Research.DescentAtlas.Batch300.descent_6729' depends on axioms: [propext, Classical.choice, Quot.sound]
'Collatz.Research.DescentAtlas.Batch300.data_6731' does not depend on any axioms
'Collatz.Research.DescentAtlas.Batch300.affine_6731' depends on axioms: [propext, Quot.sound]
'Collatz.Research.DescentAtlas.Batch300.descent_6731' depends on axioms: [propext, Classical.choice, Quot.sound]
'Collatz.Research.DescentAtlas.Batch300.data_6733' does not depend on any axioms
'Collatz.Research.DescentAtlas.Batch300.affine_6733' depends on axioms: [propext, Quot.sound]
'Collatz.Research.DescentAtlas.Batch300.descent_6733' depends on axioms: [propext, Classical.choice, Quot.sound]
'Collatz.Research.DescentAtlas.Batch300.data_6735' does not depend on any axioms
'Collatz.Research.DescentAtlas.Batch300.affine_6735' depends on axioms: [propext, Quot.sound]
'Collatz.Research.DescentAtlas.Batch300.descent_6735' depends on axioms: [propext, Classical.choice, Quot.sound]
'Collatz.Research.DescentAtlas.Batch300.data_6741' does not depend on any axioms
'Collatz.Research.DescentAtlas.Batch300.affine_6741' depends on axioms: [propext, Quot.sound]
'Collatz.Research.DescentAtlas.Batch300.descent_6741' depends on axioms: [propext, Classical.choice, Quot.sound]
'Collatz.Research.DescentAtlas.Batch300.data_6743' does not depend on any axioms
'Collatz.Research.DescentAtlas.Batch300.affine_6743' depends on axioms: [propext, Quot.sound]
'Collatz.Research.DescentAtlas.Batch300.descent_6743' depends on axioms: [propext, Classical.choice, Quot.sound]
