'Collatz.Research.CoefficientDescent.no_drop_of_heavy' depends on axioms: [propext, Classical.choice, Quot.sound]
'Collatz.Research.CoefficientDescent.stopping_of_firstLight_drop' depends on axioms: [propext,
 Classical.choice,
 Quot.sound]
'Collatz.Research.CoefficientDescent.witness_of_certificate' depends on axioms: [propext, Quot.sound]
'Collatz.Research.CoefficientDescent.CertifiedRange.append' depends on axioms: [propext, Quot.sound]
'Collatz.Research.CoefficientDescent.even_witness' depends on axioms: [propext, Quot.sound]
'Collatz.Research.CoefficientDescent.descent_of_gap_and_small' depends on axioms: [propext,
 Classical.choice,
 Quot.sound]
'Collatz.Research.CoefficientDescent.start_gt_one' depends on axioms: [propext, Quot.sound]
'Collatz.Research.CoefficientDescent.exists_firstLight_of_drop' depends on axioms: [propext,
 Classical.choice,
 Quot.sound]
'Collatz.Research.CoefficientDescent.stopping_iff_firstLight_of_horizon' depends on axioms: [propext,
 Classical.choice,
 Quot.sound]
'Collatz.Research.CoefficientDescent.Batch001.certificate_3' does not depend on any axioms
'Collatz.Research.CoefficientDescent.Batch001.ray_3' depends on axioms: [propext, Quot.sound]
'Collatz.Research.CoefficientDescent.Batch001.certificate_5' does not depend on any axioms
'Collatz.Research.CoefficientDescent.Batch001.ray_5' depends on axioms: [propext, Quot.sound]
'Collatz.Research.CoefficientDescent.Batch001.certificate_7' does not depend on any axioms
'Collatz.Research.CoefficientDescent.Batch001.ray_7' depends on axioms: [propext, Quot.sound]
'Collatz.Research.CoefficientDescent.Batch001.certificate_9' does not depend on any axioms
'Collatz.Research.CoefficientDescent.Batch001.ray_9' depends on axioms: [propext, Quot.sound]
'Collatz.Research.CoefficientDescent.Batch001.certificate_11' does not depend on any axioms
'Collatz.Research.CoefficientDescent.Batch001.ray_11' depends on axioms: [propext, Quot.sound]
'Collatz.Research.CoefficientDescent.Batch001.certificate_13' does not depend on any axioms
'Collatz.Research.CoefficientDescent.Batch001.ray_13' depends on axioms: [propext, Quot.sound]
'Collatz.Research.CoefficientDescent.Batch001.certificate_15' does not depend on any axioms
'Collatz.Research.CoefficientDescent.Batch001.ray_15' depends on axioms: [propext, Quot.sound]
'Collatz.Research.CoefficientDescent.Batch001.certificate_17' does not depend on any axioms
'Collatz.Research.CoefficientDescent.Batch001.ray_17' depends on axioms: [propext, Quot.sound]
'Collatz.Research.CoefficientDescent.Batch001.certificate_19' does not depend on any axioms
'Collatz.Research.CoefficientDescent.Batch001.ray_19' depends on axioms: [propext, Quot.sound]
'Collatz.Research.CoefficientDescent.Batch001.certificate_21' does not depend on any axioms
'Collatz.Research.CoefficientDescent.Batch001.ray_21' depends on axioms: [propext, Quot.sound]
'Collatz.Research.CoefficientDescent.Batch001.certificate_23' does not depend on any axioms
'Collatz.Research.CoefficientDescent.Batch001.ray_23' depends on axioms: [propext, Quot.sound]
'Collatz.Research.CoefficientDescent.Batch001.certificate_25' does not depend on any axioms
'Collatz.Research.CoefficientDescent.Batch001.ray_25' depends on axioms: [propext, Quot.sound]
'Collatz.Research.CoefficientDescent.Batch001.certificate_27' does not depend on any axioms
'Collatz.Research.CoefficientDescent.Batch001.ray_27' depends on axioms: [propext, Quot.sound]
'Collatz.Research.CoefficientDescent.Batch001.certificate_29' does not depend on any axioms
'Collatz.Research.CoefficientDescent.Batch001.ray_29' depends on axioms: [propext, Quot.sound]
'Collatz.Research.CoefficientDescent.Batch001.certificate_31' does not depend on any axioms
'Collatz.Research.CoefficientDescent.Batch001.ray_31' depends on axioms: [propext, Quot.sound]
'Collatz.Research.CoefficientDescent.Batch001.certificate_33' does not depend on any axioms
'Collatz.Research.CoefficientDescent.Batch001.ray_33' depends on axioms: [propext, Quot.sound]
'Collatz.Research.CoefficientDescent.Batch001.certificate_35' does not depend on any axioms
'Collatz.Research.CoefficientDescent.Batch001.ray_35' depends on axioms: [propext, Quot.sound]
'Collatz.Research.CoefficientDescent.Batch001.certificate_37' does not depend on any axioms
'Collatz.Research.CoefficientDescent.Batch001.ray_37' depends on axioms: [propext, Quot.sound]
'Collatz.Research.CoefficientDescent.Batch001.certificate_39' does not depend on any axioms
'Collatz.Research.CoefficientDescent.Batch001.ray_39' depends on axioms: [propext, Quot.sound]
'Collatz.Research.CoefficientDescent.Batch001.certificate_41' does not depend on any axioms
'Collatz.Research.CoefficientDescent.Batch001.ray_41' depends on axioms: [propext, Quot.sound]
'Collatz.Research.CoefficientDescent.Batch001.certificate_43' does not depend on any axioms
'Collatz.Research.CoefficientDescent.Batch001.ray_43' depends on axioms: [propext, Quot.sound]
'Collatz.Research.CoefficientDescent.Batch001.certificate_45' does not depend on any axioms
'Collatz.Research.CoefficientDescent.Batch001.ray_45' depends on axioms: [propext, Quot.sound]
'Collatz.Research.CoefficientDescent.Batch001.certificate_47' does not depend on any axioms
'Collatz.Research.CoefficientDescent.Batch001.ray_47' depends on axioms: [propext, Quot.sound]
'Collatz.Research.CoefficientDescent.Batch001.certificate_49' does not depend on any axioms
'Collatz.Research.CoefficientDescent.Batch001.ray_49' depends on axioms: [propext, Quot.sound]
'Collatz.Research.CoefficientDescent.Batch001.certificate_51' does not depend on any axioms
'Collatz.Research.CoefficientDescent.Batch001.ray_51' depends on axioms: [propext, Quot.sound]
'Collatz.Research.CoefficientDescent.Batch001.certificate_53' does not depend on any axioms
'Collatz.Research.CoefficientDescent.Batch001.ray_53' depends on axioms: [propext, Quot.sound]
'Collatz.Research.CoefficientDescent.Batch001.certificate_55' does not depend on any axioms
'Collatz.Research.CoefficientDescent.Batch001.ray_55' depends on axioms: [propext, Quot.sound]
'Collatz.Research.CoefficientDescent.Batch001.certificate_57' does not depend on any axioms
'Collatz.Research.CoefficientDescent.Batch001.ray_57' depends on axioms: [propext, Quot.sound]
'Collatz.Research.CoefficientDescent.Batch001.certificate_59' does not depend on any axioms
'Collatz.Research.CoefficientDescent.Batch001.ray_59' depends on axioms: [propext, Quot.sound]
'Collatz.Research.CoefficientDescent.Batch001.certificate_61' does not depend on any axioms
'Collatz.Research.CoefficientDescent.Batch001.ray_61' depends on axioms: [propext, Quot.sound]
'Collatz.Research.CoefficientDescent.Batch001.certificate_63' does not depend on any axioms
'Collatz.Research.CoefficientDescent.Batch001.ray_63' depends on axioms: [propext, Quot.sound]
'Collatz.Research.CoefficientDescent.Batch001.certificate_65' does not depend on any axioms
'Collatz.Research.CoefficientDescent.Batch001.ray_65' depends on axioms: [propext, Quot.sound]
'Collatz.Research.CoefficientDescent.Batch001.certificate_67' does not depend on any axioms
'Collatz.Research.CoefficientDescent.Batch001.ray_67' depends on axioms: [propext, Quot.sound]
'Collatz.Research.CoefficientDescent.Batch001.coverage' depends on axioms: [propext, Quot.sound]
'Collatz.Research.CoefficientDescent.Batch002.certificate_69' does not depend on any axioms
'Collatz.Research.CoefficientDescent.Batch002.ray_69' depends on axioms: [propext, Quot.sound]
'Collatz.Research.CoefficientDescent.Batch002.certificate_71' does not depend on any axioms
'Collatz.Research.CoefficientDescent.Batch002.ray_71' depends on axioms: [propext, Quot.sound]
'Collatz.Research.CoefficientDescent.Batch002.certificate_73' does not depend on any axioms
'Collatz.Research.CoefficientDescent.Batch002.ray_73' depends on axioms: [propext, Quot.sound]
'Collatz.Research.CoefficientDescent.Batch002.certificate_75' does not depend on any axioms
'Collatz.Research.CoefficientDescent.Batch002.ray_75' depends on axioms: [propext, Quot.sound]
'Collatz.Research.CoefficientDescent.Batch002.certificate_77' does not depend on any axioms
'Collatz.Research.CoefficientDescent.Batch002.ray_77' depends on axioms: [propext, Quot.sound]
'Collatz.Research.CoefficientDescent.Batch002.certificate_79' does not depend on any axioms
'Collatz.Research.CoefficientDescent.Batch002.ray_79' depends on axioms: [propext, Quot.sound]
'Collatz.Research.CoefficientDescent.Batch002.certificate_81' does not depend on any axioms
'Collatz.Research.CoefficientDescent.Batch002.ray_81' depends on axioms: [propext, Quot.sound]
'Collatz.Research.CoefficientDescent.Batch002.certificate_83' does not depend on any axioms
'Collatz.Research.CoefficientDescent.Batch002.ray_83' depends on axioms: [propext, Quot.sound]
'Collatz.Research.CoefficientDescent.Batch002.certificate_85' does not depend on any axioms
'Collatz.Research.CoefficientDescent.Batch002.ray_85' depends on axioms: [propext, Quot.sound]
'Collatz.Research.CoefficientDescent.Batch002.certificate_87' does not depend on any axioms
'Collatz.Research.CoefficientDescent.Batch002.ray_87' depends on axioms: [propext, Quot.sound]
'Collatz.Research.CoefficientDescent.Batch002.certificate_89' does not depend on any axioms
'Collatz.Research.CoefficientDescent.Batch002.ray_89' depends on axioms: [propext, Quot.sound]
'Collatz.Research.CoefficientDescent.Batch002.certificate_91' does not depend on any axioms
'Collatz.Research.CoefficientDescent.Batch002.ray_91' depends on axioms: [propext, Quot.sound]
'Collatz.Research.CoefficientDescent.Batch002.certificate_93' does not depend on any axioms
'Collatz.Research.CoefficientDescent.Batch002.ray_93' depends on axioms: [propext, Quot.sound]
'Collatz.Research.CoefficientDescent.Batch002.certificate_95' does not depend on any axioms
'Collatz.Research.CoefficientDescent.Batch002.ray_95' depends on axioms: [propext, Quot.sound]
'Collatz.Research.CoefficientDescent.Batch002.certificate_97' does not depend on any axioms
'Collatz.Research.CoefficientDescent.Batch002.ray_97' depends on axioms: [propext, Quot.sound]
'Collatz.Research.CoefficientDescent.Batch002.certificate_99' does not depend on any axioms
'Collatz.Research.CoefficientDescent.Batch002.ray_99' depends on axioms: [propext, Quot.sound]
'Collatz.Research.CoefficientDescent.Batch002.certificate_101' does not depend on any axioms
'Collatz.Research.CoefficientDescent.Batch002.ray_101' depends on axioms: [propext, Quot.sound]
'Collatz.Research.CoefficientDescent.Batch002.certificate_103' does not depend on any axioms
'Collatz.Research.CoefficientDescent.Batch002.ray_103' depends on axioms: [propext, Quot.sound]
'Collatz.Research.CoefficientDescent.Batch002.certificate_105' does not depend on any axioms
'Collatz.Research.CoefficientDescent.Batch002.ray_105' depends on axioms: [propext, Quot.sound]
'Collatz.Research.CoefficientDescent.Batch002.certificate_107' does not depend on any axioms
'Collatz.Research.CoefficientDescent.Batch002.ray_107' depends on axioms: [propext, Quot.sound]
'Collatz.Research.CoefficientDescent.Batch002.certificate_109' does not depend on any axioms
'Collatz.Research.CoefficientDescent.Batch002.ray_109' depends on axioms: [propext, Quot.sound]
'Collatz.Research.CoefficientDescent.Batch002.certificate_111' does not depend on any axioms
'Collatz.Research.CoefficientDescent.Batch002.ray_111' depends on axioms: [propext, Quot.sound]
'Collatz.Research.CoefficientDescent.Batch002.certificate_113' does not depend on any axioms
'Collatz.Research.CoefficientDescent.Batch002.ray_113' depends on axioms: [propext, Quot.sound]
'Collatz.Research.CoefficientDescent.Batch002.certificate_115' does not depend on any axioms
'Collatz.Research.CoefficientDescent.Batch002.ray_115' depends on axioms: [propext, Quot.sound]
'Collatz.Research.CoefficientDescent.Batch002.certificate_117' does not depend on any axioms
'Collatz.Research.CoefficientDescent.Batch002.ray_117' depends on axioms: [propext, Quot.sound]
'Collatz.Research.CoefficientDescent.Batch002.certificate_119' does not depend on any axioms
'Collatz.Research.CoefficientDescent.Batch002.ray_119' depends on axioms: [propext, Quot.sound]
'Collatz.Research.CoefficientDescent.Batch002.certificate_121' does not depend on any axioms
'Collatz.Research.CoefficientDescent.Batch002.ray_121' depends on axioms: [propext, Quot.sound]
'Collatz.Research.CoefficientDescent.Batch002.certificate_123' does not depend on any axioms
'Collatz.Research.CoefficientDescent.Batch002.ray_123' depends on axioms: [propext, Quot.sound]
'Collatz.Research.CoefficientDescent.Batch002.certificate_125' does not depend on any axioms
'Collatz.Research.CoefficientDescent.Batch002.ray_125' depends on axioms: [propext, Quot.sound]
'Collatz.Research.CoefficientDescent.Batch002.certificate_127' does not depend on any axioms
'Collatz.Research.CoefficientDescent.Batch002.ray_127' depends on axioms: [propext, Quot.sound]
'Collatz.Research.CoefficientDescent.Batch002.certificate_129' does not depend on any axioms
'Collatz.Research.CoefficientDescent.Batch002.ray_129' depends on axioms: [propext, Quot.sound]
'Collatz.Research.CoefficientDescent.Batch002.certificate_131' does not depend on any axioms
'Collatz.Research.CoefficientDescent.Batch002.ray_131' depends on axioms: [propext, Quot.sound]
'Collatz.Research.CoefficientDescent.Batch002.certificate_133' does not depend on any axioms
'Collatz.Research.CoefficientDescent.Batch002.ray_133' depends on axioms: [propext, Quot.sound]
'Collatz.Research.CoefficientDescent.Batch002.coverage' depends on axioms: [propext, Quot.sound]
'Collatz.Research.CoefficientDescent.Batch003.certificate_135' does not depend on any axioms
'Collatz.Research.CoefficientDescent.Batch003.ray_135' depends on axioms: [propext, Quot.sound]
'Collatz.Research.CoefficientDescent.Batch003.certificate_137' does not depend on any axioms
'Collatz.Research.CoefficientDescent.Batch003.ray_137' depends on axioms: [propext, Quot.sound]
'Collatz.Research.CoefficientDescent.Batch003.certificate_139' does not depend on any axioms
'Collatz.Research.CoefficientDescent.Batch003.ray_139' depends on axioms: [propext, Quot.sound]
'Collatz.Research.CoefficientDescent.Batch003.certificate_141' does not depend on any axioms
'Collatz.Research.CoefficientDescent.Batch003.ray_141' depends on axioms: [propext, Quot.sound]
'Collatz.Research.CoefficientDescent.Batch003.certificate_143' does not depend on any axioms
'Collatz.Research.CoefficientDescent.Batch003.ray_143' depends on axioms: [propext, Quot.sound]
'Collatz.Research.CoefficientDescent.Batch003.certificate_145' does not depend on any axioms
'Collatz.Research.CoefficientDescent.Batch003.ray_145' depends on axioms: [propext, Quot.sound]
'Collatz.Research.CoefficientDescent.Batch003.certificate_147' does not depend on any axioms
'Collatz.Research.CoefficientDescent.Batch003.ray_147' depends on axioms: [propext, Quot.sound]
'Collatz.Research.CoefficientDescent.Batch003.certificate_149' does not depend on any axioms
'Collatz.Research.CoefficientDescent.Batch003.ray_149' depends on axioms: [propext, Quot.sound]
'Collatz.Research.CoefficientDescent.Batch003.certificate_151' does not depend on any axioms
'Collatz.Research.CoefficientDescent.Batch003.ray_151' depends on axioms: [propext, Quot.sound]
'Collatz.Research.CoefficientDescent.Batch003.certificate_153' does not depend on any axioms
'Collatz.Research.CoefficientDescent.Batch003.ray_153' depends on axioms: [propext, Quot.sound]
'Collatz.Research.CoefficientDescent.Batch003.certificate_155' does not depend on any axioms
'Collatz.Research.CoefficientDescent.Batch003.ray_155' depends on axioms: [propext, Quot.sound]
'Collatz.Research.CoefficientDescent.Batch003.certificate_157' does not depend on any axioms
'Collatz.Research.CoefficientDescent.Batch003.ray_157' depends on axioms: [propext, Quot.sound]
'Collatz.Research.CoefficientDescent.Batch003.certificate_159' does not depend on any axioms
'Collatz.Research.CoefficientDescent.Batch003.ray_159' depends on axioms: [propext, Quot.sound]
'Collatz.Research.CoefficientDescent.Batch003.certificate_161' does not depend on any axioms
'Collatz.Research.CoefficientDescent.Batch003.ray_161' depends on axioms: [propext, Quot.sound]
'Collatz.Research.CoefficientDescent.Batch003.certificate_163' does not depend on any axioms
'Collatz.Research.CoefficientDescent.Batch003.ray_163' depends on axioms: [propext, Quot.sound]
'Collatz.Research.CoefficientDescent.Batch003.certificate_165' does not depend on any axioms
'Collatz.Research.CoefficientDescent.Batch003.ray_165' depends on axioms: [propext, Quot.sound]
'Collatz.Research.CoefficientDescent.Batch003.certificate_167' does not depend on any axioms
'Collatz.Research.CoefficientDescent.Batch003.ray_167' depends on axioms: [propext, Quot.sound]
'Collatz.Research.CoefficientDescent.Batch003.certificate_169' does not depend on any axioms
'Collatz.Research.CoefficientDescent.Batch003.ray_169' depends on axioms: [propext, Quot.sound]
'Collatz.Research.CoefficientDescent.Batch003.certificate_171' does not depend on any axioms
'Collatz.Research.CoefficientDescent.Batch003.ray_171' depends on axioms: [propext, Quot.sound]
'Collatz.Research.CoefficientDescent.Batch003.certificate_173' does not depend on any axioms
'Collatz.Research.CoefficientDescent.Batch003.ray_173' depends on axioms: [propext, Quot.sound]
'Collatz.Research.CoefficientDescent.Batch003.certificate_175' does not depend on any axioms
'Collatz.Research.CoefficientDescent.Batch003.ray_175' depends on axioms: [propext, Quot.sound]
'Collatz.Research.CoefficientDescent.Batch003.certificate_177' does not depend on any axioms
'Collatz.Research.CoefficientDescent.Batch003.ray_177' depends on axioms: [propext, Quot.sound]
'Collatz.Research.CoefficientDescent.Batch003.certificate_179' does not depend on any axioms
'Collatz.Research.CoefficientDescent.Batch003.ray_179' depends on axioms: [propext, Quot.sound]
'Collatz.Research.CoefficientDescent.Batch003.certificate_181' does not depend on any axioms
'Collatz.Research.CoefficientDescent.Batch003.ray_181' depends on axioms: [propext, Quot.sound]
'Collatz.Research.CoefficientDescent.Batch003.certificate_183' does not depend on any axioms
'Collatz.Research.CoefficientDescent.Batch003.ray_183' depends on axioms: [propext, Quot.sound]
'Collatz.Research.CoefficientDescent.Batch003.certificate_185' does not depend on any axioms
'Collatz.Research.CoefficientDescent.Batch003.ray_185' depends on axioms: [propext, Quot.sound]
'Collatz.Research.CoefficientDescent.Batch003.certificate_187' does not depend on any axioms
'Collatz.Research.CoefficientDescent.Batch003.ray_187' depends on axioms: [propext, Quot.sound]
'Collatz.Research.CoefficientDescent.Batch003.certificate_189' does not depend on any axioms
'Collatz.Research.CoefficientDescent.Batch003.ray_189' depends on axioms: [propext, Quot.sound]
'Collatz.Research.CoefficientDescent.Batch003.certificate_191' does not depend on any axioms
'Collatz.Research.CoefficientDescent.Batch003.ray_191' depends on axioms: [propext, Quot.sound]
'Collatz.Research.CoefficientDescent.Batch003.certificate_193' does not depend on any axioms
'Collatz.Research.CoefficientDescent.Batch003.ray_193' depends on axioms: [propext, Quot.sound]
'Collatz.Research.CoefficientDescent.Batch003.certificate_195' does not depend on any axioms
'Collatz.Research.CoefficientDescent.Batch003.ray_195' depends on axioms: [propext, Quot.sound]
'Collatz.Research.CoefficientDescent.Batch003.certificate_197' does not depend on any axioms
'Collatz.Research.CoefficientDescent.Batch003.ray_197' depends on axioms: [propext, Quot.sound]
'Collatz.Research.CoefficientDescent.Batch003.certificate_199' does not depend on any axioms
'Collatz.Research.CoefficientDescent.Batch003.ray_199' depends on axioms: [propext, Quot.sound]
'Collatz.Research.CoefficientDescent.Batch003.certificate_201' does not depend on any axioms
'Collatz.Research.CoefficientDescent.Batch003.ray_201' depends on axioms: [propext, Quot.sound]
'Collatz.Research.CoefficientDescent.Batch003.coverage' depends on axioms: [propext, Quot.sound]
'Collatz.Research.CoefficientDescent.Batch004.certificate_203' does not depend on any axioms
'Collatz.Research.CoefficientDescent.Batch004.ray_203' depends on axioms: [propext, Quot.sound]
'Collatz.Research.CoefficientDescent.Batch004.certificate_205' does not depend on any axioms
'Collatz.Research.CoefficientDescent.Batch004.ray_205' depends on axioms: [propext, Quot.sound]
'Collatz.Research.CoefficientDescent.Batch004.certificate_207' does not depend on any axioms
'Collatz.Research.CoefficientDescent.Batch004.ray_207' depends on axioms: [propext, Quot.sound]
'Collatz.Research.CoefficientDescent.Batch004.certificate_209' does not depend on any axioms
'Collatz.Research.CoefficientDescent.Batch004.ray_209' depends on axioms: [propext, Quot.sound]
'Collatz.Research.CoefficientDescent.Batch004.certificate_211' does not depend on any axioms
'Collatz.Research.CoefficientDescent.Batch004.ray_211' depends on axioms: [propext, Quot.sound]
'Collatz.Research.CoefficientDescent.Batch004.certificate_213' does not depend on any axioms
'Collatz.Research.CoefficientDescent.Batch004.ray_213' depends on axioms: [propext, Quot.sound]
'Collatz.Research.CoefficientDescent.Batch004.certificate_215' does not depend on any axioms
'Collatz.Research.CoefficientDescent.Batch004.ray_215' depends on axioms: [propext, Quot.sound]
'Collatz.Research.CoefficientDescent.Batch004.certificate_217' does not depend on any axioms
'Collatz.Research.CoefficientDescent.Batch004.ray_217' depends on axioms: [propext, Quot.sound]
'Collatz.Research.CoefficientDescent.Batch004.certificate_219' does not depend on any axioms
'Collatz.Research.CoefficientDescent.Batch004.ray_219' depends on axioms: [propext, Quot.sound]
'Collatz.Research.CoefficientDescent.Batch004.certificate_221' does not depend on any axioms
'Collatz.Research.CoefficientDescent.Batch004.ray_221' depends on axioms: [propext, Quot.sound]
'Collatz.Research.CoefficientDescent.Batch004.certificate_223' does not depend on any axioms
'Collatz.Research.CoefficientDescent.Batch004.ray_223' depends on axioms: [propext, Quot.sound]
'Collatz.Research.CoefficientDescent.Batch004.certificate_225' does not depend on any axioms
'Collatz.Research.CoefficientDescent.Batch004.ray_225' depends on axioms: [propext, Quot.sound]
'Collatz.Research.CoefficientDescent.Batch004.certificate_227' does not depend on any axioms
'Collatz.Research.CoefficientDescent.Batch004.ray_227' depends on axioms: [propext, Quot.sound]
'Collatz.Research.CoefficientDescent.Batch004.certificate_229' does not depend on any axioms
'Collatz.Research.CoefficientDescent.Batch004.ray_229' depends on axioms: [propext, Quot.sound]
'Collatz.Research.CoefficientDescent.Batch004.certificate_231' does not depend on any axioms
'Collatz.Research.CoefficientDescent.Batch004.ray_231' depends on axioms: [propext, Quot.sound]
'Collatz.Research.CoefficientDescent.Batch004.certificate_233' does not depend on any axioms
'Collatz.Research.CoefficientDescent.Batch004.ray_233' depends on axioms: [propext, Quot.sound]
'Collatz.Research.CoefficientDescent.Batch004.certificate_235' does not depend on any axioms
'Collatz.Research.CoefficientDescent.Batch004.ray_235' depends on axioms: [propext, Quot.sound]
'Collatz.Research.CoefficientDescent.Batch004.certificate_237' does not depend on any axioms
'Collatz.Research.CoefficientDescent.Batch004.ray_237' depends on axioms: [propext, Quot.sound]
'Collatz.Research.CoefficientDescent.Batch004.certificate_239' does not depend on any axioms
'Collatz.Research.CoefficientDescent.Batch004.ray_239' depends on axioms: [propext, Quot.sound]
'Collatz.Research.CoefficientDescent.Batch004.certificate_241' does not depend on any axioms
'Collatz.Research.CoefficientDescent.Batch004.ray_241' depends on axioms: [propext, Quot.sound]
'Collatz.Research.CoefficientDescent.Batch004.certificate_243' does not depend on any axioms
'Collatz.Research.CoefficientDescent.Batch004.ray_243' depends on axioms: [propext, Quot.sound]
'Collatz.Research.CoefficientDescent.Batch004.certificate_245' does not depend on any axioms
'Collatz.Research.CoefficientDescent.Batch004.ray_245' depends on axioms: [propext, Quot.sound]
'Collatz.Research.CoefficientDescent.Batch004.certificate_247' does not depend on any axioms
'Collatz.Research.CoefficientDescent.Batch004.ray_247' depends on axioms: [propext, Quot.sound]
'Collatz.Research.CoefficientDescent.Batch004.certificate_249' does not depend on any axioms
'Collatz.Research.CoefficientDescent.Batch004.ray_249' depends on axioms: [propext, Quot.sound]
'Collatz.Research.CoefficientDescent.Batch004.certificate_251' does not depend on any axioms
'Collatz.Research.CoefficientDescent.Batch004.ray_251' depends on axioms: [propext, Quot.sound]
'Collatz.Research.CoefficientDescent.Batch004.certificate_253' does not depend on any axioms
'Collatz.Research.CoefficientDescent.Batch004.ray_253' depends on axioms: [propext, Quot.sound]
'Collatz.Research.CoefficientDescent.Batch004.certificate_255' does not depend on any axioms
'Collatz.Research.CoefficientDescent.Batch004.ray_255' depends on axioms: [propext, Quot.sound]
'Collatz.Research.CoefficientDescent.Batch004.certificate_257' does not depend on any axioms
'Collatz.Research.CoefficientDescent.Batch004.ray_257' depends on axioms: [propext, Quot.sound]
'Collatz.Research.CoefficientDescent.Batch004.certificate_259' does not depend on any axioms
'Collatz.Research.CoefficientDescent.Batch004.ray_259' depends on axioms: [propext, Quot.sound]
'Collatz.Research.CoefficientDescent.Batch004.certificate_261' does not depend on any axioms
'Collatz.Research.CoefficientDescent.Batch004.ray_261' depends on axioms: [propext, Quot.sound]
'Collatz.Research.CoefficientDescent.Batch004.certificate_263' does not depend on any axioms
'Collatz.Research.CoefficientDescent.Batch004.ray_263' depends on axioms: [propext, Quot.sound]
'Collatz.Research.CoefficientDescent.Batch004.certificate_265' does not depend on any axioms
'Collatz.Research.CoefficientDescent.Batch004.ray_265' depends on axioms: [propext, Quot.sound]
'Collatz.Research.CoefficientDescent.Batch004.certificate_267' does not depend on any axioms
'Collatz.Research.CoefficientDescent.Batch004.ray_267' depends on axioms: [propext, Quot.sound]
'Collatz.Research.CoefficientDescent.Batch004.coverage' depends on axioms: [propext, Quot.sound]
'Collatz.Research.CoefficientDescent.Batch005.certificate_269' does not depend on any axioms
'Collatz.Research.CoefficientDescent.Batch005.ray_269' depends on axioms: [propext, Quot.sound]
'Collatz.Research.CoefficientDescent.Batch005.certificate_271' does not depend on any axioms
'Collatz.Research.CoefficientDescent.Batch005.ray_271' depends on axioms: [propext, Quot.sound]
'Collatz.Research.CoefficientDescent.Batch005.certificate_273' does not depend on any axioms
'Collatz.Research.CoefficientDescent.Batch005.ray_273' depends on axioms: [propext, Quot.sound]
'Collatz.Research.CoefficientDescent.Batch005.certificate_275' does not depend on any axioms
'Collatz.Research.CoefficientDescent.Batch005.ray_275' depends on axioms: [propext, Quot.sound]
'Collatz.Research.CoefficientDescent.Batch005.certificate_277' does not depend on any axioms
'Collatz.Research.CoefficientDescent.Batch005.ray_277' depends on axioms: [propext, Quot.sound]
'Collatz.Research.CoefficientDescent.Batch005.certificate_279' does not depend on any axioms
'Collatz.Research.CoefficientDescent.Batch005.ray_279' depends on axioms: [propext, Quot.sound]
'Collatz.Research.CoefficientDescent.Batch005.certificate_281' does not depend on any axioms
'Collatz.Research.CoefficientDescent.Batch005.ray_281' depends on axioms: [propext, Quot.sound]
'Collatz.Research.CoefficientDescent.Batch005.certificate_283' does not depend on any axioms
'Collatz.Research.CoefficientDescent.Batch005.ray_283' depends on axioms: [propext, Quot.sound]
'Collatz.Research.CoefficientDescent.Batch005.certificate_285' does not depend on any axioms
'Collatz.Research.CoefficientDescent.Batch005.ray_285' depends on axioms: [propext, Quot.sound]
'Collatz.Research.CoefficientDescent.Batch005.certificate_287' does not depend on any axioms
'Collatz.Research.CoefficientDescent.Batch005.ray_287' depends on axioms: [propext, Quot.sound]
'Collatz.Research.CoefficientDescent.Batch005.certificate_289' does not depend on any axioms
'Collatz.Research.CoefficientDescent.Batch005.ray_289' depends on axioms: [propext, Quot.sound]
'Collatz.Research.CoefficientDescent.Batch005.certificate_291' does not depend on any axioms
'Collatz.Research.CoefficientDescent.Batch005.ray_291' depends on axioms: [propext, Quot.sound]
'Collatz.Research.CoefficientDescent.Batch005.certificate_293' does not depend on any axioms
'Collatz.Research.CoefficientDescent.Batch005.ray_293' depends on axioms: [propext, Quot.sound]
'Collatz.Research.CoefficientDescent.Batch005.certificate_295' does not depend on any axioms
'Collatz.Research.CoefficientDescent.Batch005.ray_295' depends on axioms: [propext, Quot.sound]
'Collatz.Research.CoefficientDescent.Batch005.certificate_297' does not depend on any axioms
'Collatz.Research.CoefficientDescent.Batch005.ray_297' depends on axioms: [propext, Quot.sound]
'Collatz.Research.CoefficientDescent.Batch005.certificate_299' does not depend on any axioms
'Collatz.Research.CoefficientDescent.Batch005.ray_299' depends on axioms: [propext, Quot.sound]
'Collatz.Research.CoefficientDescent.Batch005.certificate_301' does not depend on any axioms
'Collatz.Research.CoefficientDescent.Batch005.ray_301' depends on axioms: [propext, Quot.sound]
'Collatz.Research.CoefficientDescent.Batch005.certificate_303' does not depend on any axioms
'Collatz.Research.CoefficientDescent.Batch005.ray_303' depends on axioms: [propext, Quot.sound]
'Collatz.Research.CoefficientDescent.Batch005.certificate_305' does not depend on any axioms
'Collatz.Research.CoefficientDescent.Batch005.ray_305' depends on axioms: [propext, Quot.sound]
'Collatz.Research.CoefficientDescent.Batch005.certificate_307' does not depend on any axioms
'Collatz.Research.CoefficientDescent.Batch005.ray_307' depends on axioms: [propext, Quot.sound]
'Collatz.Research.CoefficientDescent.Batch005.certificate_309' does not depend on any axioms
'Collatz.Research.CoefficientDescent.Batch005.ray_309' depends on axioms: [propext, Quot.sound]
'Collatz.Research.CoefficientDescent.Batch005.certificate_311' does not depend on any axioms
'Collatz.Research.CoefficientDescent.Batch005.ray_311' depends on axioms: [propext, Quot.sound]
'Collatz.Research.CoefficientDescent.Batch005.certificate_313' does not depend on any axioms
'Collatz.Research.CoefficientDescent.Batch005.ray_313' depends on axioms: [propext, Quot.sound]
'Collatz.Research.CoefficientDescent.Batch005.certificate_315' does not depend on any axioms
'Collatz.Research.CoefficientDescent.Batch005.ray_315' depends on axioms: [propext, Quot.sound]
'Collatz.Research.CoefficientDescent.Batch005.certificate_317' does not depend on any axioms
'Collatz.Research.CoefficientDescent.Batch005.ray_317' depends on axioms: [propext, Quot.sound]
'Collatz.Research.CoefficientDescent.Batch005.certificate_319' does not depend on any axioms
'Collatz.Research.CoefficientDescent.Batch005.ray_319' depends on axioms: [propext, Quot.sound]
'Collatz.Research.CoefficientDescent.Batch005.certificate_321' does not depend on any axioms
'Collatz.Research.CoefficientDescent.Batch005.ray_321' depends on axioms: [propext, Quot.sound]
'Collatz.Research.CoefficientDescent.Batch005.certificate_323' does not depend on any axioms
'Collatz.Research.CoefficientDescent.Batch005.ray_323' depends on axioms: [propext, Quot.sound]
'Collatz.Research.CoefficientDescent.Batch005.certificate_325' does not depend on any axioms
'Collatz.Research.CoefficientDescent.Batch005.ray_325' depends on axioms: [propext, Quot.sound]
'Collatz.Research.CoefficientDescent.Batch005.certificate_327' does not depend on any axioms
'Collatz.Research.CoefficientDescent.Batch005.ray_327' depends on axioms: [propext, Quot.sound]
'Collatz.Research.CoefficientDescent.Batch005.certificate_329' does not depend on any axioms
'Collatz.Research.CoefficientDescent.Batch005.ray_329' depends on axioms: [propext, Quot.sound]
'Collatz.Research.CoefficientDescent.Batch005.certificate_331' does not depend on any axioms
'Collatz.Research.CoefficientDescent.Batch005.ray_331' depends on axioms: [propext, Quot.sound]
'Collatz.Research.CoefficientDescent.Batch005.certificate_333' does not depend on any axioms
'Collatz.Research.CoefficientDescent.Batch005.ray_333' depends on axioms: [propext, Quot.sound]
'Collatz.Research.CoefficientDescent.Batch005.certificate_335' does not depend on any axioms
'Collatz.Research.CoefficientDescent.Batch005.ray_335' depends on axioms: [propext, Quot.sound]
'Collatz.Research.CoefficientDescent.Batch005.coverage' depends on axioms: [propext, Quot.sound]
'Collatz.Research.CoefficientDescent.Batch006.certificate_337' does not depend on any axioms
'Collatz.Research.CoefficientDescent.Batch006.ray_337' depends on axioms: [propext, Quot.sound]
'Collatz.Research.CoefficientDescent.Batch006.certificate_339' does not depend on any axioms
'Collatz.Research.CoefficientDescent.Batch006.ray_339' depends on axioms: [propext, Quot.sound]
'Collatz.Research.CoefficientDescent.Batch006.certificate_341' does not depend on any axioms
'Collatz.Research.CoefficientDescent.Batch006.ray_341' depends on axioms: [propext, Quot.sound]
'Collatz.Research.CoefficientDescent.Batch006.certificate_343' does not depend on any axioms
'Collatz.Research.CoefficientDescent.Batch006.ray_343' depends on axioms: [propext, Quot.sound]
'Collatz.Research.CoefficientDescent.Batch006.certificate_345' does not depend on any axioms
'Collatz.Research.CoefficientDescent.Batch006.ray_345' depends on axioms: [propext, Quot.sound]
'Collatz.Research.CoefficientDescent.Batch006.certificate_347' does not depend on any axioms
'Collatz.Research.CoefficientDescent.Batch006.ray_347' depends on axioms: [propext, Quot.sound]
'Collatz.Research.CoefficientDescent.Batch006.certificate_349' does not depend on any axioms
'Collatz.Research.CoefficientDescent.Batch006.ray_349' depends on axioms: [propext, Quot.sound]
'Collatz.Research.CoefficientDescent.Batch006.certificate_351' does not depend on any axioms
'Collatz.Research.CoefficientDescent.Batch006.ray_351' depends on axioms: [propext, Quot.sound]
'Collatz.Research.CoefficientDescent.Batch006.certificate_353' does not depend on any axioms
'Collatz.Research.CoefficientDescent.Batch006.ray_353' depends on axioms: [propext, Quot.sound]
'Collatz.Research.CoefficientDescent.Batch006.certificate_355' does not depend on any axioms
'Collatz.Research.CoefficientDescent.Batch006.ray_355' depends on axioms: [propext, Quot.sound]
'Collatz.Research.CoefficientDescent.Batch006.certificate_357' does not depend on any axioms
'Collatz.Research.CoefficientDescent.Batch006.ray_357' depends on axioms: [propext, Quot.sound]
'Collatz.Research.CoefficientDescent.Batch006.certificate_359' does not depend on any axioms
'Collatz.Research.CoefficientDescent.Batch006.ray_359' depends on axioms: [propext, Quot.sound]
'Collatz.Research.CoefficientDescent.Batch006.certificate_361' does not depend on any axioms
'Collatz.Research.CoefficientDescent.Batch006.ray_361' depends on axioms: [propext, Quot.sound]
'Collatz.Research.CoefficientDescent.Batch006.certificate_363' does not depend on any axioms
'Collatz.Research.CoefficientDescent.Batch006.ray_363' depends on axioms: [propext, Quot.sound]
'Collatz.Research.CoefficientDescent.Batch006.certificate_365' does not depend on any axioms
'Collatz.Research.CoefficientDescent.Batch006.ray_365' depends on axioms: [propext, Quot.sound]
'Collatz.Research.CoefficientDescent.Batch006.certificate_367' does not depend on any axioms
'Collatz.Research.CoefficientDescent.Batch006.ray_367' depends on axioms: [propext, Quot.sound]
'Collatz.Research.CoefficientDescent.Batch006.certificate_369' does not depend on any axioms
'Collatz.Research.CoefficientDescent.Batch006.ray_369' depends on axioms: [propext, Quot.sound]
'Collatz.Research.CoefficientDescent.Batch006.certificate_371' does not depend on any axioms
'Collatz.Research.CoefficientDescent.Batch006.ray_371' depends on axioms: [propext, Quot.sound]
'Collatz.Research.CoefficientDescent.Batch006.certificate_373' does not depend on any axioms
'Collatz.Research.CoefficientDescent.Batch006.ray_373' depends on axioms: [propext, Quot.sound]
'Collatz.Research.CoefficientDescent.Batch006.certificate_375' does not depend on any axioms
'Collatz.Research.CoefficientDescent.Batch006.ray_375' depends on axioms: [propext, Quot.sound]
'Collatz.Research.CoefficientDescent.Batch006.certificate_377' does not depend on any axioms
'Collatz.Research.CoefficientDescent.Batch006.ray_377' depends on axioms: [propext, Quot.sound]
'Collatz.Research.CoefficientDescent.Batch006.certificate_379' does not depend on any axioms
'Collatz.Research.CoefficientDescent.Batch006.ray_379' depends on axioms: [propext, Quot.sound]
'Collatz.Research.CoefficientDescent.Batch006.certificate_381' does not depend on any axioms
'Collatz.Research.CoefficientDescent.Batch006.ray_381' depends on axioms: [propext, Quot.sound]
'Collatz.Research.CoefficientDescent.Batch006.certificate_383' does not depend on any axioms
'Collatz.Research.CoefficientDescent.Batch006.ray_383' depends on axioms: [propext, Quot.sound]
'Collatz.Research.CoefficientDescent.Batch006.certificate_385' does not depend on any axioms
'Collatz.Research.CoefficientDescent.Batch006.ray_385' depends on axioms: [propext, Quot.sound]
'Collatz.Research.CoefficientDescent.Batch006.certificate_387' does not depend on any axioms
'Collatz.Research.CoefficientDescent.Batch006.ray_387' depends on axioms: [propext, Quot.sound]
'Collatz.Research.CoefficientDescent.Batch006.certificate_389' does not depend on any axioms
'Collatz.Research.CoefficientDescent.Batch006.ray_389' depends on axioms: [propext, Quot.sound]
'Collatz.Research.CoefficientDescent.Batch006.certificate_391' does not depend on any axioms
'Collatz.Research.CoefficientDescent.Batch006.ray_391' depends on axioms: [propext, Quot.sound]
'Collatz.Research.CoefficientDescent.Batch006.certificate_393' does not depend on any axioms
'Collatz.Research.CoefficientDescent.Batch006.ray_393' depends on axioms: [propext, Quot.sound]
'Collatz.Research.CoefficientDescent.Batch006.certificate_395' does not depend on any axioms
'Collatz.Research.CoefficientDescent.Batch006.ray_395' depends on axioms: [propext, Quot.sound]
'Collatz.Research.CoefficientDescent.Batch006.certificate_397' does not depend on any axioms
'Collatz.Research.CoefficientDescent.Batch006.ray_397' depends on axioms: [propext, Quot.sound]
'Collatz.Research.CoefficientDescent.Batch006.certificate_399' does not depend on any axioms
'Collatz.Research.CoefficientDescent.Batch006.ray_399' depends on axioms: [propext, Quot.sound]
'Collatz.Research.CoefficientDescent.Batch006.certificate_401' does not depend on any axioms
'Collatz.Research.CoefficientDescent.Batch006.ray_401' depends on axioms: [propext, Quot.sound]
'Collatz.Research.CoefficientDescent.Batch006.coverage' depends on axioms: [propext, Quot.sound]
'Collatz.Research.CoefficientDescent.Batch007.certificate_403' does not depend on any axioms
'Collatz.Research.CoefficientDescent.Batch007.ray_403' depends on axioms: [propext, Quot.sound]
'Collatz.Research.CoefficientDescent.Batch007.certificate_405' does not depend on any axioms
'Collatz.Research.CoefficientDescent.Batch007.ray_405' depends on axioms: [propext, Quot.sound]
'Collatz.Research.CoefficientDescent.Batch007.certificate_407' does not depend on any axioms
'Collatz.Research.CoefficientDescent.Batch007.ray_407' depends on axioms: [propext, Quot.sound]
'Collatz.Research.CoefficientDescent.Batch007.certificate_409' does not depend on any axioms
'Collatz.Research.CoefficientDescent.Batch007.ray_409' depends on axioms: [propext, Quot.sound]
'Collatz.Research.CoefficientDescent.Batch007.certificate_411' does not depend on any axioms
'Collatz.Research.CoefficientDescent.Batch007.ray_411' depends on axioms: [propext, Quot.sound]
'Collatz.Research.CoefficientDescent.Batch007.certificate_413' does not depend on any axioms
'Collatz.Research.CoefficientDescent.Batch007.ray_413' depends on axioms: [propext, Quot.sound]
'Collatz.Research.CoefficientDescent.Batch007.certificate_415' does not depend on any axioms
'Collatz.Research.CoefficientDescent.Batch007.ray_415' depends on axioms: [propext, Quot.sound]
'Collatz.Research.CoefficientDescent.Batch007.certificate_417' does not depend on any axioms
'Collatz.Research.CoefficientDescent.Batch007.ray_417' depends on axioms: [propext, Quot.sound]
'Collatz.Research.CoefficientDescent.Batch007.certificate_419' does not depend on any axioms
'Collatz.Research.CoefficientDescent.Batch007.ray_419' depends on axioms: [propext, Quot.sound]
'Collatz.Research.CoefficientDescent.Batch007.certificate_421' does not depend on any axioms
'Collatz.Research.CoefficientDescent.Batch007.ray_421' depends on axioms: [propext, Quot.sound]
'Collatz.Research.CoefficientDescent.Batch007.certificate_423' does not depend on any axioms
'Collatz.Research.CoefficientDescent.Batch007.ray_423' depends on axioms: [propext, Quot.sound]
'Collatz.Research.CoefficientDescent.Batch007.certificate_425' does not depend on any axioms
'Collatz.Research.CoefficientDescent.Batch007.ray_425' depends on axioms: [propext, Quot.sound]
'Collatz.Research.CoefficientDescent.Batch007.certificate_427' does not depend on any axioms
'Collatz.Research.CoefficientDescent.Batch007.ray_427' depends on axioms: [propext, Quot.sound]
'Collatz.Research.CoefficientDescent.Batch007.certificate_429' does not depend on any axioms
'Collatz.Research.CoefficientDescent.Batch007.ray_429' depends on axioms: [propext, Quot.sound]
'Collatz.Research.CoefficientDescent.Batch007.certificate_431' does not depend on any axioms
'Collatz.Research.CoefficientDescent.Batch007.ray_431' depends on axioms: [propext, Quot.sound]
'Collatz.Research.CoefficientDescent.Batch007.certificate_433' does not depend on any axioms
'Collatz.Research.CoefficientDescent.Batch007.ray_433' depends on axioms: [propext, Quot.sound]
'Collatz.Research.CoefficientDescent.Batch007.certificate_435' does not depend on any axioms
'Collatz.Research.CoefficientDescent.Batch007.ray_435' depends on axioms: [propext, Quot.sound]
'Collatz.Research.CoefficientDescent.Batch007.certificate_437' does not depend on any axioms
'Collatz.Research.CoefficientDescent.Batch007.ray_437' depends on axioms: [propext, Quot.sound]
'Collatz.Research.CoefficientDescent.Batch007.certificate_439' does not depend on any axioms
'Collatz.Research.CoefficientDescent.Batch007.ray_439' depends on axioms: [propext, Quot.sound]
'Collatz.Research.CoefficientDescent.Batch007.certificate_441' does not depend on any axioms
'Collatz.Research.CoefficientDescent.Batch007.ray_441' depends on axioms: [propext, Quot.sound]
'Collatz.Research.CoefficientDescent.Batch007.certificate_443' does not depend on any axioms
'Collatz.Research.CoefficientDescent.Batch007.ray_443' depends on axioms: [propext, Quot.sound]
'Collatz.Research.CoefficientDescent.Batch007.certificate_445' does not depend on any axioms
'Collatz.Research.CoefficientDescent.Batch007.ray_445' depends on axioms: [propext, Quot.sound]
'Collatz.Research.CoefficientDescent.Batch007.certificate_447' does not depend on any axioms
'Collatz.Research.CoefficientDescent.Batch007.ray_447' depends on axioms: [propext, Quot.sound]
'Collatz.Research.CoefficientDescent.Batch007.certificate_449' does not depend on any axioms
'Collatz.Research.CoefficientDescent.Batch007.ray_449' depends on axioms: [propext, Quot.sound]
'Collatz.Research.CoefficientDescent.Batch007.certificate_451' does not depend on any axioms
'Collatz.Research.CoefficientDescent.Batch007.ray_451' depends on axioms: [propext, Quot.sound]
'Collatz.Research.CoefficientDescent.Batch007.certificate_453' does not depend on any axioms
'Collatz.Research.CoefficientDescent.Batch007.ray_453' depends on axioms: [propext, Quot.sound]
'Collatz.Research.CoefficientDescent.Batch007.certificate_455' does not depend on any axioms
'Collatz.Research.CoefficientDescent.Batch007.ray_455' depends on axioms: [propext, Quot.sound]
'Collatz.Research.CoefficientDescent.Batch007.certificate_457' does not depend on any axioms
'Collatz.Research.CoefficientDescent.Batch007.ray_457' depends on axioms: [propext, Quot.sound]
'Collatz.Research.CoefficientDescent.Batch007.certificate_459' does not depend on any axioms
'Collatz.Research.CoefficientDescent.Batch007.ray_459' depends on axioms: [propext, Quot.sound]
'Collatz.Research.CoefficientDescent.Batch007.certificate_461' does not depend on any axioms
'Collatz.Research.CoefficientDescent.Batch007.ray_461' depends on axioms: [propext, Quot.sound]
'Collatz.Research.CoefficientDescent.Batch007.certificate_463' does not depend on any axioms
'Collatz.Research.CoefficientDescent.Batch007.ray_463' depends on axioms: [propext, Quot.sound]
'Collatz.Research.CoefficientDescent.Batch007.certificate_465' does not depend on any axioms
'Collatz.Research.CoefficientDescent.Batch007.ray_465' depends on axioms: [propext, Quot.sound]
'Collatz.Research.CoefficientDescent.Batch007.certificate_467' does not depend on any axioms
'Collatz.Research.CoefficientDescent.Batch007.ray_467' depends on axioms: [propext, Quot.sound]
'Collatz.Research.CoefficientDescent.Batch007.certificate_469' does not depend on any axioms
'Collatz.Research.CoefficientDescent.Batch007.ray_469' depends on axioms: [propext, Quot.sound]
'Collatz.Research.CoefficientDescent.Batch007.coverage' depends on axioms: [propext, Quot.sound]
'Collatz.Research.CoefficientDescent.Batch008.certificate_471' does not depend on any axioms
'Collatz.Research.CoefficientDescent.Batch008.ray_471' depends on axioms: [propext, Quot.sound]
'Collatz.Research.CoefficientDescent.Batch008.certificate_473' does not depend on any axioms
'Collatz.Research.CoefficientDescent.Batch008.ray_473' depends on axioms: [propext, Quot.sound]
'Collatz.Research.CoefficientDescent.Batch008.certificate_475' does not depend on any axioms
'Collatz.Research.CoefficientDescent.Batch008.ray_475' depends on axioms: [propext, Quot.sound]
'Collatz.Research.CoefficientDescent.Batch008.certificate_477' does not depend on any axioms
'Collatz.Research.CoefficientDescent.Batch008.ray_477' depends on axioms: [propext, Quot.sound]
'Collatz.Research.CoefficientDescent.Batch008.certificate_479' does not depend on any axioms
'Collatz.Research.CoefficientDescent.Batch008.ray_479' depends on axioms: [propext, Quot.sound]
'Collatz.Research.CoefficientDescent.Batch008.certificate_481' does not depend on any axioms
'Collatz.Research.CoefficientDescent.Batch008.ray_481' depends on axioms: [propext, Quot.sound]
'Collatz.Research.CoefficientDescent.Batch008.certificate_483' does not depend on any axioms
'Collatz.Research.CoefficientDescent.Batch008.ray_483' depends on axioms: [propext, Quot.sound]
'Collatz.Research.CoefficientDescent.Batch008.certificate_485' does not depend on any axioms
'Collatz.Research.CoefficientDescent.Batch008.ray_485' depends on axioms: [propext, Quot.sound]
'Collatz.Research.CoefficientDescent.Batch008.certificate_487' does not depend on any axioms
'Collatz.Research.CoefficientDescent.Batch008.ray_487' depends on axioms: [propext, Quot.sound]
'Collatz.Research.CoefficientDescent.Batch008.certificate_489' does not depend on any axioms
'Collatz.Research.CoefficientDescent.Batch008.ray_489' depends on axioms: [propext, Quot.sound]
'Collatz.Research.CoefficientDescent.Batch008.certificate_491' does not depend on any axioms
'Collatz.Research.CoefficientDescent.Batch008.ray_491' depends on axioms: [propext, Quot.sound]
'Collatz.Research.CoefficientDescent.Batch008.certificate_493' does not depend on any axioms
'Collatz.Research.CoefficientDescent.Batch008.ray_493' depends on axioms: [propext, Quot.sound]
'Collatz.Research.CoefficientDescent.Batch008.certificate_495' does not depend on any axioms
'Collatz.Research.CoefficientDescent.Batch008.ray_495' depends on axioms: [propext, Quot.sound]
'Collatz.Research.CoefficientDescent.Batch008.certificate_497' does not depend on any axioms
'Collatz.Research.CoefficientDescent.Batch008.ray_497' depends on axioms: [propext, Quot.sound]
'Collatz.Research.CoefficientDescent.Batch008.certificate_499' does not depend on any axioms
'Collatz.Research.CoefficientDescent.Batch008.ray_499' depends on axioms: [propext, Quot.sound]
'Collatz.Research.CoefficientDescent.Batch008.certificate_501' does not depend on any axioms
'Collatz.Research.CoefficientDescent.Batch008.ray_501' depends on axioms: [propext, Quot.sound]
'Collatz.Research.CoefficientDescent.Batch008.certificate_503' does not depend on any axioms
'Collatz.Research.CoefficientDescent.Batch008.ray_503' depends on axioms: [propext, Quot.sound]
'Collatz.Research.CoefficientDescent.Batch008.certificate_505' does not depend on any axioms
'Collatz.Research.CoefficientDescent.Batch008.ray_505' depends on axioms: [propext, Quot.sound]
'Collatz.Research.CoefficientDescent.Batch008.certificate_507' does not depend on any axioms
'Collatz.Research.CoefficientDescent.Batch008.ray_507' depends on axioms: [propext, Quot.sound]
'Collatz.Research.CoefficientDescent.Batch008.certificate_509' does not depend on any axioms
'Collatz.Research.CoefficientDescent.Batch008.ray_509' depends on axioms: [propext, Quot.sound]
'Collatz.Research.CoefficientDescent.Batch008.certificate_511' does not depend on any axioms
'Collatz.Research.CoefficientDescent.Batch008.ray_511' depends on axioms: [propext, Quot.sound]
'Collatz.Research.CoefficientDescent.Batch008.certificate_513' does not depend on any axioms
'Collatz.Research.CoefficientDescent.Batch008.ray_513' depends on axioms: [propext, Quot.sound]
'Collatz.Research.CoefficientDescent.Batch008.certificate_515' does not depend on any axioms
'Collatz.Research.CoefficientDescent.Batch008.ray_515' depends on axioms: [propext, Quot.sound]
'Collatz.Research.CoefficientDescent.Batch008.certificate_517' does not depend on any axioms
'Collatz.Research.CoefficientDescent.Batch008.ray_517' depends on axioms: [propext, Quot.sound]
'Collatz.Research.CoefficientDescent.Batch008.certificate_519' does not depend on any axioms
'Collatz.Research.CoefficientDescent.Batch008.ray_519' depends on axioms: [propext, Quot.sound]
'Collatz.Research.CoefficientDescent.Batch008.certificate_521' does not depend on any axioms
'Collatz.Research.CoefficientDescent.Batch008.ray_521' depends on axioms: [propext, Quot.sound]
'Collatz.Research.CoefficientDescent.Batch008.certificate_523' does not depend on any axioms
'Collatz.Research.CoefficientDescent.Batch008.ray_523' depends on axioms: [propext, Quot.sound]
'Collatz.Research.CoefficientDescent.Batch008.certificate_525' does not depend on any axioms
'Collatz.Research.CoefficientDescent.Batch008.ray_525' depends on axioms: [propext, Quot.sound]
'Collatz.Research.CoefficientDescent.Batch008.certificate_527' does not depend on any axioms
'Collatz.Research.CoefficientDescent.Batch008.ray_527' depends on axioms: [propext, Quot.sound]
'Collatz.Research.CoefficientDescent.Batch008.certificate_529' does not depend on any axioms
'Collatz.Research.CoefficientDescent.Batch008.ray_529' depends on axioms: [propext, Quot.sound]
'Collatz.Research.CoefficientDescent.Batch008.certificate_531' does not depend on any axioms
'Collatz.Research.CoefficientDescent.Batch008.ray_531' depends on axioms: [propext, Quot.sound]
'Collatz.Research.CoefficientDescent.Batch008.certificate_533' does not depend on any axioms
'Collatz.Research.CoefficientDescent.Batch008.ray_533' depends on axioms: [propext, Quot.sound]
'Collatz.Research.CoefficientDescent.Batch008.certificate_535' does not depend on any axioms
'Collatz.Research.CoefficientDescent.Batch008.ray_535' depends on axioms: [propext, Quot.sound]
'Collatz.Research.CoefficientDescent.Batch008.coverage' depends on axioms: [propext, Quot.sound]
'Collatz.Research.CoefficientDescent.Batch009.certificate_537' does not depend on any axioms
'Collatz.Research.CoefficientDescent.Batch009.ray_537' depends on axioms: [propext, Quot.sound]
'Collatz.Research.CoefficientDescent.Batch009.certificate_539' does not depend on any axioms
'Collatz.Research.CoefficientDescent.Batch009.ray_539' depends on axioms: [propext, Quot.sound]
'Collatz.Research.CoefficientDescent.Batch009.certificate_541' does not depend on any axioms
'Collatz.Research.CoefficientDescent.Batch009.ray_541' depends on axioms: [propext, Quot.sound]
'Collatz.Research.CoefficientDescent.Batch009.certificate_543' does not depend on any axioms
'Collatz.Research.CoefficientDescent.Batch009.ray_543' depends on axioms: [propext, Quot.sound]
'Collatz.Research.CoefficientDescent.Batch009.certificate_545' does not depend on any axioms
'Collatz.Research.CoefficientDescent.Batch009.ray_545' depends on axioms: [propext, Quot.sound]
'Collatz.Research.CoefficientDescent.Batch009.certificate_547' does not depend on any axioms
'Collatz.Research.CoefficientDescent.Batch009.ray_547' depends on axioms: [propext, Quot.sound]
'Collatz.Research.CoefficientDescent.Batch009.certificate_549' does not depend on any axioms
'Collatz.Research.CoefficientDescent.Batch009.ray_549' depends on axioms: [propext, Quot.sound]
'Collatz.Research.CoefficientDescent.Batch009.certificate_551' does not depend on any axioms
'Collatz.Research.CoefficientDescent.Batch009.ray_551' depends on axioms: [propext, Quot.sound]
'Collatz.Research.CoefficientDescent.Batch009.certificate_553' does not depend on any axioms
'Collatz.Research.CoefficientDescent.Batch009.ray_553' depends on axioms: [propext, Quot.sound]
'Collatz.Research.CoefficientDescent.Batch009.certificate_555' does not depend on any axioms
'Collatz.Research.CoefficientDescent.Batch009.ray_555' depends on axioms: [propext, Quot.sound]
'Collatz.Research.CoefficientDescent.Batch009.certificate_557' does not depend on any axioms
'Collatz.Research.CoefficientDescent.Batch009.ray_557' depends on axioms: [propext, Quot.sound]
'Collatz.Research.CoefficientDescent.Batch009.certificate_559' does not depend on any axioms
'Collatz.Research.CoefficientDescent.Batch009.ray_559' depends on axioms: [propext, Quot.sound]
'Collatz.Research.CoefficientDescent.Batch009.certificate_561' does not depend on any axioms
'Collatz.Research.CoefficientDescent.Batch009.ray_561' depends on axioms: [propext, Quot.sound]
'Collatz.Research.CoefficientDescent.Batch009.certificate_563' does not depend on any axioms
'Collatz.Research.CoefficientDescent.Batch009.ray_563' depends on axioms: [propext, Quot.sound]
'Collatz.Research.CoefficientDescent.Batch009.certificate_565' does not depend on any axioms
'Collatz.Research.CoefficientDescent.Batch009.ray_565' depends on axioms: [propext, Quot.sound]
'Collatz.Research.CoefficientDescent.Batch009.certificate_567' does not depend on any axioms
'Collatz.Research.CoefficientDescent.Batch009.ray_567' depends on axioms: [propext, Quot.sound]
'Collatz.Research.CoefficientDescent.Batch009.certificate_569' does not depend on any axioms
'Collatz.Research.CoefficientDescent.Batch009.ray_569' depends on axioms: [propext, Quot.sound]
'Collatz.Research.CoefficientDescent.Batch009.certificate_571' does not depend on any axioms
'Collatz.Research.CoefficientDescent.Batch009.ray_571' depends on axioms: [propext, Quot.sound]
'Collatz.Research.CoefficientDescent.Batch009.certificate_573' does not depend on any axioms
'Collatz.Research.CoefficientDescent.Batch009.ray_573' depends on axioms: [propext, Quot.sound]
'Collatz.Research.CoefficientDescent.Batch009.certificate_575' does not depend on any axioms
'Collatz.Research.CoefficientDescent.Batch009.ray_575' depends on axioms: [propext, Quot.sound]
'Collatz.Research.CoefficientDescent.Batch009.certificate_577' does not depend on any axioms
'Collatz.Research.CoefficientDescent.Batch009.ray_577' depends on axioms: [propext, Quot.sound]
'Collatz.Research.CoefficientDescent.Batch009.certificate_579' does not depend on any axioms
'Collatz.Research.CoefficientDescent.Batch009.ray_579' depends on axioms: [propext, Quot.sound]
'Collatz.Research.CoefficientDescent.Batch009.certificate_581' does not depend on any axioms
'Collatz.Research.CoefficientDescent.Batch009.ray_581' depends on axioms: [propext, Quot.sound]
'Collatz.Research.CoefficientDescent.Batch009.certificate_583' does not depend on any axioms
'Collatz.Research.CoefficientDescent.Batch009.ray_583' depends on axioms: [propext, Quot.sound]
'Collatz.Research.CoefficientDescent.Batch009.certificate_585' does not depend on any axioms
'Collatz.Research.CoefficientDescent.Batch009.ray_585' depends on axioms: [propext, Quot.sound]
'Collatz.Research.CoefficientDescent.Batch009.certificate_587' does not depend on any axioms
'Collatz.Research.CoefficientDescent.Batch009.ray_587' depends on axioms: [propext, Quot.sound]
'Collatz.Research.CoefficientDescent.Batch009.certificate_589' does not depend on any axioms
'Collatz.Research.CoefficientDescent.Batch009.ray_589' depends on axioms: [propext, Quot.sound]
'Collatz.Research.CoefficientDescent.Batch009.certificate_591' does not depend on any axioms
'Collatz.Research.CoefficientDescent.Batch009.ray_591' depends on axioms: [propext, Quot.sound]
'Collatz.Research.CoefficientDescent.Batch009.certificate_593' does not depend on any axioms
'Collatz.Research.CoefficientDescent.Batch009.ray_593' depends on axioms: [propext, Quot.sound]
'Collatz.Research.CoefficientDescent.Batch009.certificate_595' does not depend on any axioms
'Collatz.Research.CoefficientDescent.Batch009.ray_595' depends on axioms: [propext, Quot.sound]
'Collatz.Research.CoefficientDescent.Batch009.certificate_597' does not depend on any axioms
'Collatz.Research.CoefficientDescent.Batch009.ray_597' depends on axioms: [propext, Quot.sound]
'Collatz.Research.CoefficientDescent.Batch009.certificate_599' does not depend on any axioms
'Collatz.Research.CoefficientDescent.Batch009.ray_599' depends on axioms: [propext, Quot.sound]
'Collatz.Research.CoefficientDescent.Batch009.certificate_601' does not depend on any axioms
'Collatz.Research.CoefficientDescent.Batch009.ray_601' depends on axioms: [propext, Quot.sound]
'Collatz.Research.CoefficientDescent.Batch009.certificate_603' does not depend on any axioms
'Collatz.Research.CoefficientDescent.Batch009.ray_603' depends on axioms: [propext, Quot.sound]
'Collatz.Research.CoefficientDescent.Batch009.coverage' depends on axioms: [propext, Quot.sound]
'Collatz.Research.CoefficientDescent.Batch010.certificate_605' does not depend on any axioms
'Collatz.Research.CoefficientDescent.Batch010.ray_605' depends on axioms: [propext, Quot.sound]
'Collatz.Research.CoefficientDescent.Batch010.certificate_607' does not depend on any axioms
'Collatz.Research.CoefficientDescent.Batch010.ray_607' depends on axioms: [propext, Quot.sound]
'Collatz.Research.CoefficientDescent.Batch010.certificate_609' does not depend on any axioms
'Collatz.Research.CoefficientDescent.Batch010.ray_609' depends on axioms: [propext, Quot.sound]
'Collatz.Research.CoefficientDescent.Batch010.certificate_611' does not depend on any axioms
'Collatz.Research.CoefficientDescent.Batch010.ray_611' depends on axioms: [propext, Quot.sound]
'Collatz.Research.CoefficientDescent.Batch010.certificate_613' does not depend on any axioms
'Collatz.Research.CoefficientDescent.Batch010.ray_613' depends on axioms: [propext, Quot.sound]
'Collatz.Research.CoefficientDescent.Batch010.certificate_615' does not depend on any axioms
'Collatz.Research.CoefficientDescent.Batch010.ray_615' depends on axioms: [propext, Quot.sound]
'Collatz.Research.CoefficientDescent.Batch010.certificate_617' does not depend on any axioms
'Collatz.Research.CoefficientDescent.Batch010.ray_617' depends on axioms: [propext, Quot.sound]
'Collatz.Research.CoefficientDescent.Batch010.certificate_619' does not depend on any axioms
'Collatz.Research.CoefficientDescent.Batch010.ray_619' depends on axioms: [propext, Quot.sound]
'Collatz.Research.CoefficientDescent.Batch010.certificate_621' does not depend on any axioms
'Collatz.Research.CoefficientDescent.Batch010.ray_621' depends on axioms: [propext, Quot.sound]
'Collatz.Research.CoefficientDescent.Batch010.certificate_623' does not depend on any axioms
'Collatz.Research.CoefficientDescent.Batch010.ray_623' depends on axioms: [propext, Quot.sound]
'Collatz.Research.CoefficientDescent.Batch010.certificate_625' does not depend on any axioms
'Collatz.Research.CoefficientDescent.Batch010.ray_625' depends on axioms: [propext, Quot.sound]
'Collatz.Research.CoefficientDescent.Batch010.certificate_627' does not depend on any axioms
'Collatz.Research.CoefficientDescent.Batch010.ray_627' depends on axioms: [propext, Quot.sound]
'Collatz.Research.CoefficientDescent.Batch010.certificate_629' does not depend on any axioms
'Collatz.Research.CoefficientDescent.Batch010.ray_629' depends on axioms: [propext, Quot.sound]
'Collatz.Research.CoefficientDescent.Batch010.certificate_631' does not depend on any axioms
'Collatz.Research.CoefficientDescent.Batch010.ray_631' depends on axioms: [propext, Quot.sound]
'Collatz.Research.CoefficientDescent.Batch010.certificate_633' does not depend on any axioms
'Collatz.Research.CoefficientDescent.Batch010.ray_633' depends on axioms: [propext, Quot.sound]
'Collatz.Research.CoefficientDescent.Batch010.certificate_635' does not depend on any axioms
'Collatz.Research.CoefficientDescent.Batch010.ray_635' depends on axioms: [propext, Quot.sound]
'Collatz.Research.CoefficientDescent.Batch010.certificate_637' does not depend on any axioms
'Collatz.Research.CoefficientDescent.Batch010.ray_637' depends on axioms: [propext, Quot.sound]
'Collatz.Research.CoefficientDescent.Batch010.certificate_639' does not depend on any axioms
'Collatz.Research.CoefficientDescent.Batch010.ray_639' depends on axioms: [propext, Quot.sound]
'Collatz.Research.CoefficientDescent.Batch010.certificate_641' does not depend on any axioms
'Collatz.Research.CoefficientDescent.Batch010.ray_641' depends on axioms: [propext, Quot.sound]
'Collatz.Research.CoefficientDescent.Batch010.certificate_643' does not depend on any axioms
'Collatz.Research.CoefficientDescent.Batch010.ray_643' depends on axioms: [propext, Quot.sound]
'Collatz.Research.CoefficientDescent.Batch010.certificate_645' does not depend on any axioms
'Collatz.Research.CoefficientDescent.Batch010.ray_645' depends on axioms: [propext, Quot.sound]
'Collatz.Research.CoefficientDescent.Batch010.certificate_647' does not depend on any axioms
'Collatz.Research.CoefficientDescent.Batch010.ray_647' depends on axioms: [propext, Quot.sound]
'Collatz.Research.CoefficientDescent.Batch010.certificate_649' does not depend on any axioms
'Collatz.Research.CoefficientDescent.Batch010.ray_649' depends on axioms: [propext, Quot.sound]
'Collatz.Research.CoefficientDescent.Batch010.certificate_651' does not depend on any axioms
'Collatz.Research.CoefficientDescent.Batch010.ray_651' depends on axioms: [propext, Quot.sound]
'Collatz.Research.CoefficientDescent.Batch010.certificate_653' does not depend on any axioms
'Collatz.Research.CoefficientDescent.Batch010.ray_653' depends on axioms: [propext, Quot.sound]
'Collatz.Research.CoefficientDescent.Batch010.certificate_655' does not depend on any axioms
'Collatz.Research.CoefficientDescent.Batch010.ray_655' depends on axioms: [propext, Quot.sound]
'Collatz.Research.CoefficientDescent.Batch010.certificate_657' does not depend on any axioms
'Collatz.Research.CoefficientDescent.Batch010.ray_657' depends on axioms: [propext, Quot.sound]
'Collatz.Research.CoefficientDescent.Batch010.certificate_659' does not depend on any axioms
'Collatz.Research.CoefficientDescent.Batch010.ray_659' depends on axioms: [propext, Quot.sound]
'Collatz.Research.CoefficientDescent.Batch010.certificate_661' does not depend on any axioms
'Collatz.Research.CoefficientDescent.Batch010.ray_661' depends on axioms: [propext, Quot.sound]
'Collatz.Research.CoefficientDescent.Batch010.certificate_663' does not depend on any axioms
'Collatz.Research.CoefficientDescent.Batch010.ray_663' depends on axioms: [propext, Quot.sound]
'Collatz.Research.CoefficientDescent.Batch010.certificate_665' does not depend on any axioms
'Collatz.Research.CoefficientDescent.Batch010.ray_665' depends on axioms: [propext, Quot.sound]
'Collatz.Research.CoefficientDescent.Batch010.certificate_667' does not depend on any axioms
'Collatz.Research.CoefficientDescent.Batch010.ray_667' depends on axioms: [propext, Quot.sound]
'Collatz.Research.CoefficientDescent.Batch010.certificate_669' does not depend on any axioms
'Collatz.Research.CoefficientDescent.Batch010.ray_669' depends on axioms: [propext, Quot.sound]
'Collatz.Research.CoefficientDescent.Batch010.coverage' depends on axioms: [propext, Quot.sound]
'Collatz.Research.CoefficientDescent.Batch011.certificate_671' does not depend on any axioms
'Collatz.Research.CoefficientDescent.Batch011.ray_671' depends on axioms: [propext, Quot.sound]
'Collatz.Research.CoefficientDescent.Batch011.certificate_673' does not depend on any axioms
'Collatz.Research.CoefficientDescent.Batch011.ray_673' depends on axioms: [propext, Quot.sound]
'Collatz.Research.CoefficientDescent.Batch011.certificate_675' does not depend on any axioms
'Collatz.Research.CoefficientDescent.Batch011.ray_675' depends on axioms: [propext, Quot.sound]
'Collatz.Research.CoefficientDescent.Batch011.certificate_677' does not depend on any axioms
'Collatz.Research.CoefficientDescent.Batch011.ray_677' depends on axioms: [propext, Quot.sound]
'Collatz.Research.CoefficientDescent.Batch011.certificate_679' does not depend on any axioms
'Collatz.Research.CoefficientDescent.Batch011.ray_679' depends on axioms: [propext, Quot.sound]
'Collatz.Research.CoefficientDescent.Batch011.certificate_681' does not depend on any axioms
'Collatz.Research.CoefficientDescent.Batch011.ray_681' depends on axioms: [propext, Quot.sound]
'Collatz.Research.CoefficientDescent.Batch011.certificate_683' does not depend on any axioms
'Collatz.Research.CoefficientDescent.Batch011.ray_683' depends on axioms: [propext, Quot.sound]
'Collatz.Research.CoefficientDescent.Batch011.certificate_685' does not depend on any axioms
'Collatz.Research.CoefficientDescent.Batch011.ray_685' depends on axioms: [propext, Quot.sound]
'Collatz.Research.CoefficientDescent.Batch011.certificate_687' does not depend on any axioms
'Collatz.Research.CoefficientDescent.Batch011.ray_687' depends on axioms: [propext, Quot.sound]
'Collatz.Research.CoefficientDescent.Batch011.certificate_689' does not depend on any axioms
'Collatz.Research.CoefficientDescent.Batch011.ray_689' depends on axioms: [propext, Quot.sound]
'Collatz.Research.CoefficientDescent.Batch011.certificate_691' does not depend on any axioms
'Collatz.Research.CoefficientDescent.Batch011.ray_691' depends on axioms: [propext, Quot.sound]
'Collatz.Research.CoefficientDescent.Batch011.certificate_693' does not depend on any axioms
'Collatz.Research.CoefficientDescent.Batch011.ray_693' depends on axioms: [propext, Quot.sound]
'Collatz.Research.CoefficientDescent.Batch011.certificate_695' does not depend on any axioms
'Collatz.Research.CoefficientDescent.Batch011.ray_695' depends on axioms: [propext, Quot.sound]
'Collatz.Research.CoefficientDescent.Batch011.certificate_697' does not depend on any axioms
'Collatz.Research.CoefficientDescent.Batch011.ray_697' depends on axioms: [propext, Quot.sound]
'Collatz.Research.CoefficientDescent.Batch011.certificate_699' does not depend on any axioms
'Collatz.Research.CoefficientDescent.Batch011.ray_699' depends on axioms: [propext, Quot.sound]
'Collatz.Research.CoefficientDescent.Batch011.certificate_701' does not depend on any axioms
'Collatz.Research.CoefficientDescent.Batch011.ray_701' depends on axioms: [propext, Quot.sound]
'Collatz.Research.CoefficientDescent.Batch011.certificate_703' does not depend on any axioms
'Collatz.Research.CoefficientDescent.Batch011.ray_703' depends on axioms: [propext, Quot.sound]
'Collatz.Research.CoefficientDescent.Batch011.certificate_705' does not depend on any axioms
'Collatz.Research.CoefficientDescent.Batch011.ray_705' depends on axioms: [propext, Quot.sound]
'Collatz.Research.CoefficientDescent.Batch011.certificate_707' does not depend on any axioms
'Collatz.Research.CoefficientDescent.Batch011.ray_707' depends on axioms: [propext, Quot.sound]
'Collatz.Research.CoefficientDescent.Batch011.certificate_709' does not depend on any axioms
'Collatz.Research.CoefficientDescent.Batch011.ray_709' depends on axioms: [propext, Quot.sound]
'Collatz.Research.CoefficientDescent.Batch011.certificate_711' does not depend on any axioms
'Collatz.Research.CoefficientDescent.Batch011.ray_711' depends on axioms: [propext, Quot.sound]
'Collatz.Research.CoefficientDescent.Batch011.certificate_713' does not depend on any axioms
'Collatz.Research.CoefficientDescent.Batch011.ray_713' depends on axioms: [propext, Quot.sound]
'Collatz.Research.CoefficientDescent.Batch011.certificate_715' does not depend on any axioms
'Collatz.Research.CoefficientDescent.Batch011.ray_715' depends on axioms: [propext, Quot.sound]
'Collatz.Research.CoefficientDescent.Batch011.certificate_717' does not depend on any axioms
'Collatz.Research.CoefficientDescent.Batch011.ray_717' depends on axioms: [propext, Quot.sound]
'Collatz.Research.CoefficientDescent.Batch011.certificate_719' does not depend on any axioms
'Collatz.Research.CoefficientDescent.Batch011.ray_719' depends on axioms: [propext, Quot.sound]
'Collatz.Research.CoefficientDescent.Batch011.certificate_721' does not depend on any axioms
'Collatz.Research.CoefficientDescent.Batch011.ray_721' depends on axioms: [propext, Quot.sound]
'Collatz.Research.CoefficientDescent.Batch011.certificate_723' does not depend on any axioms
'Collatz.Research.CoefficientDescent.Batch011.ray_723' depends on axioms: [propext, Quot.sound]
'Collatz.Research.CoefficientDescent.Batch011.certificate_725' does not depend on any axioms
'Collatz.Research.CoefficientDescent.Batch011.ray_725' depends on axioms: [propext, Quot.sound]
'Collatz.Research.CoefficientDescent.Batch011.certificate_727' does not depend on any axioms
'Collatz.Research.CoefficientDescent.Batch011.ray_727' depends on axioms: [propext, Quot.sound]
'Collatz.Research.CoefficientDescent.Batch011.certificate_729' does not depend on any axioms
'Collatz.Research.CoefficientDescent.Batch011.ray_729' depends on axioms: [propext, Quot.sound]
'Collatz.Research.CoefficientDescent.Batch011.certificate_731' does not depend on any axioms
'Collatz.Research.CoefficientDescent.Batch011.ray_731' depends on axioms: [propext, Quot.sound]
'Collatz.Research.CoefficientDescent.Batch011.certificate_733' does not depend on any axioms
'Collatz.Research.CoefficientDescent.Batch011.ray_733' depends on axioms: [propext, Quot.sound]
'Collatz.Research.CoefficientDescent.Batch011.certificate_735' does not depend on any axioms
'Collatz.Research.CoefficientDescent.Batch011.ray_735' depends on axioms: [propext, Quot.sound]
'Collatz.Research.CoefficientDescent.Batch011.certificate_737' does not depend on any axioms
'Collatz.Research.CoefficientDescent.Batch011.ray_737' depends on axioms: [propext, Quot.sound]
'Collatz.Research.CoefficientDescent.Batch011.coverage' depends on axioms: [propext, Quot.sound]
'Collatz.Research.CoefficientDescent.Batch012.certificate_739' does not depend on any axioms
'Collatz.Research.CoefficientDescent.Batch012.ray_739' depends on axioms: [propext, Quot.sound]
'Collatz.Research.CoefficientDescent.Batch012.certificate_741' does not depend on any axioms
'Collatz.Research.CoefficientDescent.Batch012.ray_741' depends on axioms: [propext, Quot.sound]
'Collatz.Research.CoefficientDescent.Batch012.certificate_743' does not depend on any axioms
'Collatz.Research.CoefficientDescent.Batch012.ray_743' depends on axioms: [propext, Quot.sound]
'Collatz.Research.CoefficientDescent.Batch012.certificate_745' does not depend on any axioms
'Collatz.Research.CoefficientDescent.Batch012.ray_745' depends on axioms: [propext, Quot.sound]
'Collatz.Research.CoefficientDescent.Batch012.certificate_747' does not depend on any axioms
'Collatz.Research.CoefficientDescent.Batch012.ray_747' depends on axioms: [propext, Quot.sound]
'Collatz.Research.CoefficientDescent.Batch012.certificate_749' does not depend on any axioms
'Collatz.Research.CoefficientDescent.Batch012.ray_749' depends on axioms: [propext, Quot.sound]
'Collatz.Research.CoefficientDescent.Batch012.certificate_751' does not depend on any axioms
'Collatz.Research.CoefficientDescent.Batch012.ray_751' depends on axioms: [propext, Quot.sound]
'Collatz.Research.CoefficientDescent.Batch012.certificate_753' does not depend on any axioms
'Collatz.Research.CoefficientDescent.Batch012.ray_753' depends on axioms: [propext, Quot.sound]
'Collatz.Research.CoefficientDescent.Batch012.certificate_755' does not depend on any axioms
'Collatz.Research.CoefficientDescent.Batch012.ray_755' depends on axioms: [propext, Quot.sound]
'Collatz.Research.CoefficientDescent.Batch012.certificate_757' does not depend on any axioms
'Collatz.Research.CoefficientDescent.Batch012.ray_757' depends on axioms: [propext, Quot.sound]
'Collatz.Research.CoefficientDescent.Batch012.certificate_759' does not depend on any axioms
'Collatz.Research.CoefficientDescent.Batch012.ray_759' depends on axioms: [propext, Quot.sound]
'Collatz.Research.CoefficientDescent.Batch012.certificate_761' does not depend on any axioms
'Collatz.Research.CoefficientDescent.Batch012.ray_761' depends on axioms: [propext, Quot.sound]
'Collatz.Research.CoefficientDescent.Batch012.certificate_763' does not depend on any axioms
'Collatz.Research.CoefficientDescent.Batch012.ray_763' depends on axioms: [propext, Quot.sound]
'Collatz.Research.CoefficientDescent.Batch012.certificate_765' does not depend on any axioms
'Collatz.Research.CoefficientDescent.Batch012.ray_765' depends on axioms: [propext, Quot.sound]
'Collatz.Research.CoefficientDescent.Batch012.certificate_767' does not depend on any axioms
'Collatz.Research.CoefficientDescent.Batch012.ray_767' depends on axioms: [propext, Quot.sound]
'Collatz.Research.CoefficientDescent.Batch012.certificate_769' does not depend on any axioms
'Collatz.Research.CoefficientDescent.Batch012.ray_769' depends on axioms: [propext, Quot.sound]
'Collatz.Research.CoefficientDescent.Batch012.certificate_771' does not depend on any axioms
'Collatz.Research.CoefficientDescent.Batch012.ray_771' depends on axioms: [propext, Quot.sound]
'Collatz.Research.CoefficientDescent.Batch012.certificate_773' does not depend on any axioms
'Collatz.Research.CoefficientDescent.Batch012.ray_773' depends on axioms: [propext, Quot.sound]
'Collatz.Research.CoefficientDescent.Batch012.certificate_775' does not depend on any axioms
'Collatz.Research.CoefficientDescent.Batch012.ray_775' depends on axioms: [propext, Quot.sound]
'Collatz.Research.CoefficientDescent.Batch012.certificate_777' does not depend on any axioms
'Collatz.Research.CoefficientDescent.Batch012.ray_777' depends on axioms: [propext, Quot.sound]
'Collatz.Research.CoefficientDescent.Batch012.certificate_779' does not depend on any axioms
'Collatz.Research.CoefficientDescent.Batch012.ray_779' depends on axioms: [propext, Quot.sound]
'Collatz.Research.CoefficientDescent.Batch012.certificate_781' does not depend on any axioms
'Collatz.Research.CoefficientDescent.Batch012.ray_781' depends on axioms: [propext, Quot.sound]
'Collatz.Research.CoefficientDescent.Batch012.certificate_783' does not depend on any axioms
'Collatz.Research.CoefficientDescent.Batch012.ray_783' depends on axioms: [propext, Quot.sound]
'Collatz.Research.CoefficientDescent.Batch012.certificate_785' does not depend on any axioms
'Collatz.Research.CoefficientDescent.Batch012.ray_785' depends on axioms: [propext, Quot.sound]
'Collatz.Research.CoefficientDescent.Batch012.certificate_787' does not depend on any axioms
'Collatz.Research.CoefficientDescent.Batch012.ray_787' depends on axioms: [propext, Quot.sound]
'Collatz.Research.CoefficientDescent.Batch012.certificate_789' does not depend on any axioms
'Collatz.Research.CoefficientDescent.Batch012.ray_789' depends on axioms: [propext, Quot.sound]
'Collatz.Research.CoefficientDescent.Batch012.certificate_791' does not depend on any axioms
'Collatz.Research.CoefficientDescent.Batch012.ray_791' depends on axioms: [propext, Quot.sound]
'Collatz.Research.CoefficientDescent.Batch012.certificate_793' does not depend on any axioms
'Collatz.Research.CoefficientDescent.Batch012.ray_793' depends on axioms: [propext, Quot.sound]
'Collatz.Research.CoefficientDescent.Batch012.certificate_795' does not depend on any axioms
'Collatz.Research.CoefficientDescent.Batch012.ray_795' depends on axioms: [propext, Quot.sound]
'Collatz.Research.CoefficientDescent.Batch012.certificate_797' does not depend on any axioms
'Collatz.Research.CoefficientDescent.Batch012.ray_797' depends on axioms: [propext, Quot.sound]
'Collatz.Research.CoefficientDescent.Batch012.certificate_799' does not depend on any axioms
'Collatz.Research.CoefficientDescent.Batch012.ray_799' depends on axioms: [propext, Quot.sound]
'Collatz.Research.CoefficientDescent.Batch012.certificate_801' does not depend on any axioms
'Collatz.Research.CoefficientDescent.Batch012.ray_801' depends on axioms: [propext, Quot.sound]
'Collatz.Research.CoefficientDescent.Batch012.certificate_803' does not depend on any axioms
'Collatz.Research.CoefficientDescent.Batch012.ray_803' depends on axioms: [propext, Quot.sound]
'Collatz.Research.CoefficientDescent.Batch012.coverage' depends on axioms: [propext, Quot.sound]
'Collatz.Research.CoefficientDescent.Batch013.certificate_805' does not depend on any axioms
'Collatz.Research.CoefficientDescent.Batch013.ray_805' depends on axioms: [propext, Quot.sound]
'Collatz.Research.CoefficientDescent.Batch013.certificate_807' does not depend on any axioms
'Collatz.Research.CoefficientDescent.Batch013.ray_807' depends on axioms: [propext, Quot.sound]
'Collatz.Research.CoefficientDescent.Batch013.certificate_809' does not depend on any axioms
'Collatz.Research.CoefficientDescent.Batch013.ray_809' depends on axioms: [propext, Quot.sound]
'Collatz.Research.CoefficientDescent.Batch013.certificate_811' does not depend on any axioms
'Collatz.Research.CoefficientDescent.Batch013.ray_811' depends on axioms: [propext, Quot.sound]
'Collatz.Research.CoefficientDescent.Batch013.certificate_813' does not depend on any axioms
'Collatz.Research.CoefficientDescent.Batch013.ray_813' depends on axioms: [propext, Quot.sound]
'Collatz.Research.CoefficientDescent.Batch013.certificate_815' does not depend on any axioms
'Collatz.Research.CoefficientDescent.Batch013.ray_815' depends on axioms: [propext, Quot.sound]
'Collatz.Research.CoefficientDescent.Batch013.certificate_817' does not depend on any axioms
'Collatz.Research.CoefficientDescent.Batch013.ray_817' depends on axioms: [propext, Quot.sound]
'Collatz.Research.CoefficientDescent.Batch013.certificate_819' does not depend on any axioms
'Collatz.Research.CoefficientDescent.Batch013.ray_819' depends on axioms: [propext, Quot.sound]
'Collatz.Research.CoefficientDescent.Batch013.certificate_821' does not depend on any axioms
'Collatz.Research.CoefficientDescent.Batch013.ray_821' depends on axioms: [propext, Quot.sound]
'Collatz.Research.CoefficientDescent.Batch013.certificate_823' does not depend on any axioms
'Collatz.Research.CoefficientDescent.Batch013.ray_823' depends on axioms: [propext, Quot.sound]
'Collatz.Research.CoefficientDescent.Batch013.certificate_825' does not depend on any axioms
'Collatz.Research.CoefficientDescent.Batch013.ray_825' depends on axioms: [propext, Quot.sound]
'Collatz.Research.CoefficientDescent.Batch013.certificate_827' does not depend on any axioms
'Collatz.Research.CoefficientDescent.Batch013.ray_827' depends on axioms: [propext, Quot.sound]
'Collatz.Research.CoefficientDescent.Batch013.certificate_829' does not depend on any axioms
'Collatz.Research.CoefficientDescent.Batch013.ray_829' depends on axioms: [propext, Quot.sound]
'Collatz.Research.CoefficientDescent.Batch013.certificate_831' does not depend on any axioms
'Collatz.Research.CoefficientDescent.Batch013.ray_831' depends on axioms: [propext, Quot.sound]
'Collatz.Research.CoefficientDescent.Batch013.certificate_833' does not depend on any axioms
'Collatz.Research.CoefficientDescent.Batch013.ray_833' depends on axioms: [propext, Quot.sound]
'Collatz.Research.CoefficientDescent.Batch013.certificate_835' does not depend on any axioms
'Collatz.Research.CoefficientDescent.Batch013.ray_835' depends on axioms: [propext, Quot.sound]
'Collatz.Research.CoefficientDescent.Batch013.certificate_837' does not depend on any axioms
'Collatz.Research.CoefficientDescent.Batch013.ray_837' depends on axioms: [propext, Quot.sound]
'Collatz.Research.CoefficientDescent.Batch013.certificate_839' does not depend on any axioms
'Collatz.Research.CoefficientDescent.Batch013.ray_839' depends on axioms: [propext, Quot.sound]
'Collatz.Research.CoefficientDescent.Batch013.certificate_841' does not depend on any axioms
'Collatz.Research.CoefficientDescent.Batch013.ray_841' depends on axioms: [propext, Quot.sound]
'Collatz.Research.CoefficientDescent.Batch013.certificate_843' does not depend on any axioms
'Collatz.Research.CoefficientDescent.Batch013.ray_843' depends on axioms: [propext, Quot.sound]
'Collatz.Research.CoefficientDescent.Batch013.certificate_845' does not depend on any axioms
'Collatz.Research.CoefficientDescent.Batch013.ray_845' depends on axioms: [propext, Quot.sound]
'Collatz.Research.CoefficientDescent.Batch013.certificate_847' does not depend on any axioms
'Collatz.Research.CoefficientDescent.Batch013.ray_847' depends on axioms: [propext, Quot.sound]
'Collatz.Research.CoefficientDescent.Batch013.certificate_849' does not depend on any axioms
'Collatz.Research.CoefficientDescent.Batch013.ray_849' depends on axioms: [propext, Quot.sound]
'Collatz.Research.CoefficientDescent.Batch013.certificate_851' does not depend on any axioms
'Collatz.Research.CoefficientDescent.Batch013.ray_851' depends on axioms: [propext, Quot.sound]
'Collatz.Research.CoefficientDescent.Batch013.certificate_853' does not depend on any axioms
'Collatz.Research.CoefficientDescent.Batch013.ray_853' depends on axioms: [propext, Quot.sound]
'Collatz.Research.CoefficientDescent.Batch013.certificate_855' does not depend on any axioms
'Collatz.Research.CoefficientDescent.Batch013.ray_855' depends on axioms: [propext, Quot.sound]
'Collatz.Research.CoefficientDescent.Batch013.certificate_857' does not depend on any axioms
'Collatz.Research.CoefficientDescent.Batch013.ray_857' depends on axioms: [propext, Quot.sound]
'Collatz.Research.CoefficientDescent.Batch013.certificate_859' does not depend on any axioms
'Collatz.Research.CoefficientDescent.Batch013.ray_859' depends on axioms: [propext, Quot.sound]
'Collatz.Research.CoefficientDescent.Batch013.certificate_861' does not depend on any axioms
'Collatz.Research.CoefficientDescent.Batch013.ray_861' depends on axioms: [propext, Quot.sound]
'Collatz.Research.CoefficientDescent.Batch013.certificate_863' does not depend on any axioms
'Collatz.Research.CoefficientDescent.Batch013.ray_863' depends on axioms: [propext, Quot.sound]
'Collatz.Research.CoefficientDescent.Batch013.certificate_865' does not depend on any axioms
'Collatz.Research.CoefficientDescent.Batch013.ray_865' depends on axioms: [propext, Quot.sound]
'Collatz.Research.CoefficientDescent.Batch013.certificate_867' does not depend on any axioms
'Collatz.Research.CoefficientDescent.Batch013.ray_867' depends on axioms: [propext, Quot.sound]
'Collatz.Research.CoefficientDescent.Batch013.certificate_869' does not depend on any axioms
'Collatz.Research.CoefficientDescent.Batch013.ray_869' depends on axioms: [propext, Quot.sound]
'Collatz.Research.CoefficientDescent.Batch013.certificate_871' does not depend on any axioms
'Collatz.Research.CoefficientDescent.Batch013.ray_871' depends on axioms: [propext, Quot.sound]
'Collatz.Research.CoefficientDescent.Batch013.coverage' depends on axioms: [propext, Quot.sound]
'Collatz.Research.CoefficientDescent.Batch014.certificate_873' does not depend on any axioms
'Collatz.Research.CoefficientDescent.Batch014.ray_873' depends on axioms: [propext, Quot.sound]
'Collatz.Research.CoefficientDescent.Batch014.certificate_875' does not depend on any axioms
'Collatz.Research.CoefficientDescent.Batch014.ray_875' depends on axioms: [propext, Quot.sound]
'Collatz.Research.CoefficientDescent.Batch014.certificate_877' does not depend on any axioms
'Collatz.Research.CoefficientDescent.Batch014.ray_877' depends on axioms: [propext, Quot.sound]
'Collatz.Research.CoefficientDescent.Batch014.certificate_879' does not depend on any axioms
'Collatz.Research.CoefficientDescent.Batch014.ray_879' depends on axioms: [propext, Quot.sound]
'Collatz.Research.CoefficientDescent.Batch014.certificate_881' does not depend on any axioms
'Collatz.Research.CoefficientDescent.Batch014.ray_881' depends on axioms: [propext, Quot.sound]
'Collatz.Research.CoefficientDescent.Batch014.certificate_883' does not depend on any axioms
'Collatz.Research.CoefficientDescent.Batch014.ray_883' depends on axioms: [propext, Quot.sound]
'Collatz.Research.CoefficientDescent.Batch014.certificate_885' does not depend on any axioms
'Collatz.Research.CoefficientDescent.Batch014.ray_885' depends on axioms: [propext, Quot.sound]
'Collatz.Research.CoefficientDescent.Batch014.certificate_887' does not depend on any axioms
'Collatz.Research.CoefficientDescent.Batch014.ray_887' depends on axioms: [propext, Quot.sound]
'Collatz.Research.CoefficientDescent.Batch014.certificate_889' does not depend on any axioms
'Collatz.Research.CoefficientDescent.Batch014.ray_889' depends on axioms: [propext, Quot.sound]
'Collatz.Research.CoefficientDescent.Batch014.certificate_891' does not depend on any axioms
'Collatz.Research.CoefficientDescent.Batch014.ray_891' depends on axioms: [propext, Quot.sound]
'Collatz.Research.CoefficientDescent.Batch014.certificate_893' does not depend on any axioms
'Collatz.Research.CoefficientDescent.Batch014.ray_893' depends on axioms: [propext, Quot.sound]
'Collatz.Research.CoefficientDescent.Batch014.certificate_895' does not depend on any axioms
'Collatz.Research.CoefficientDescent.Batch014.ray_895' depends on axioms: [propext, Quot.sound]
'Collatz.Research.CoefficientDescent.Batch014.certificate_897' does not depend on any axioms
'Collatz.Research.CoefficientDescent.Batch014.ray_897' depends on axioms: [propext, Quot.sound]
'Collatz.Research.CoefficientDescent.Batch014.certificate_899' does not depend on any axioms
'Collatz.Research.CoefficientDescent.Batch014.ray_899' depends on axioms: [propext, Quot.sound]
'Collatz.Research.CoefficientDescent.Batch014.certificate_901' does not depend on any axioms
'Collatz.Research.CoefficientDescent.Batch014.ray_901' depends on axioms: [propext, Quot.sound]
'Collatz.Research.CoefficientDescent.Batch014.certificate_903' does not depend on any axioms
'Collatz.Research.CoefficientDescent.Batch014.ray_903' depends on axioms: [propext, Quot.sound]
'Collatz.Research.CoefficientDescent.Batch014.certificate_905' does not depend on any axioms
'Collatz.Research.CoefficientDescent.Batch014.ray_905' depends on axioms: [propext, Quot.sound]
'Collatz.Research.CoefficientDescent.Batch014.certificate_907' does not depend on any axioms
'Collatz.Research.CoefficientDescent.Batch014.ray_907' depends on axioms: [propext, Quot.sound]
'Collatz.Research.CoefficientDescent.Batch014.certificate_909' does not depend on any axioms
'Collatz.Research.CoefficientDescent.Batch014.ray_909' depends on axioms: [propext, Quot.sound]
'Collatz.Research.CoefficientDescent.Batch014.certificate_911' does not depend on any axioms
'Collatz.Research.CoefficientDescent.Batch014.ray_911' depends on axioms: [propext, Quot.sound]
'Collatz.Research.CoefficientDescent.Batch014.certificate_913' does not depend on any axioms
'Collatz.Research.CoefficientDescent.Batch014.ray_913' depends on axioms: [propext, Quot.sound]
'Collatz.Research.CoefficientDescent.Batch014.certificate_915' does not depend on any axioms
'Collatz.Research.CoefficientDescent.Batch014.ray_915' depends on axioms: [propext, Quot.sound]
'Collatz.Research.CoefficientDescent.Batch014.certificate_917' does not depend on any axioms
'Collatz.Research.CoefficientDescent.Batch014.ray_917' depends on axioms: [propext, Quot.sound]
'Collatz.Research.CoefficientDescent.Batch014.certificate_919' does not depend on any axioms
'Collatz.Research.CoefficientDescent.Batch014.ray_919' depends on axioms: [propext, Quot.sound]
'Collatz.Research.CoefficientDescent.Batch014.certificate_921' does not depend on any axioms
'Collatz.Research.CoefficientDescent.Batch014.ray_921' depends on axioms: [propext, Quot.sound]
'Collatz.Research.CoefficientDescent.Batch014.certificate_923' does not depend on any axioms
'Collatz.Research.CoefficientDescent.Batch014.ray_923' depends on axioms: [propext, Quot.sound]
'Collatz.Research.CoefficientDescent.Batch014.certificate_925' does not depend on any axioms
'Collatz.Research.CoefficientDescent.Batch014.ray_925' depends on axioms: [propext, Quot.sound]
'Collatz.Research.CoefficientDescent.Batch014.certificate_927' does not depend on any axioms
'Collatz.Research.CoefficientDescent.Batch014.ray_927' depends on axioms: [propext, Quot.sound]
'Collatz.Research.CoefficientDescent.Batch014.certificate_929' does not depend on any axioms
'Collatz.Research.CoefficientDescent.Batch014.ray_929' depends on axioms: [propext, Quot.sound]
'Collatz.Research.CoefficientDescent.Batch014.certificate_931' does not depend on any axioms
'Collatz.Research.CoefficientDescent.Batch014.ray_931' depends on axioms: [propext, Quot.sound]
'Collatz.Research.CoefficientDescent.Batch014.certificate_933' does not depend on any axioms
'Collatz.Research.CoefficientDescent.Batch014.ray_933' depends on axioms: [propext, Quot.sound]
'Collatz.Research.CoefficientDescent.Batch014.certificate_935' does not depend on any axioms
'Collatz.Research.CoefficientDescent.Batch014.ray_935' depends on axioms: [propext, Quot.sound]
'Collatz.Research.CoefficientDescent.Batch014.certificate_937' does not depend on any axioms
'Collatz.Research.CoefficientDescent.Batch014.ray_937' depends on axioms: [propext, Quot.sound]
'Collatz.Research.CoefficientDescent.Batch014.coverage' depends on axioms: [propext, Quot.sound]
'Collatz.Research.CoefficientDescent.Batch015.certificate_939' does not depend on any axioms
'Collatz.Research.CoefficientDescent.Batch015.ray_939' depends on axioms: [propext, Quot.sound]
'Collatz.Research.CoefficientDescent.Batch015.certificate_941' does not depend on any axioms
'Collatz.Research.CoefficientDescent.Batch015.ray_941' depends on axioms: [propext, Quot.sound]
'Collatz.Research.CoefficientDescent.Batch015.certificate_943' does not depend on any axioms
'Collatz.Research.CoefficientDescent.Batch015.ray_943' depends on axioms: [propext, Quot.sound]
'Collatz.Research.CoefficientDescent.Batch015.certificate_945' does not depend on any axioms
'Collatz.Research.CoefficientDescent.Batch015.ray_945' depends on axioms: [propext, Quot.sound]
'Collatz.Research.CoefficientDescent.Batch015.certificate_947' does not depend on any axioms
'Collatz.Research.CoefficientDescent.Batch015.ray_947' depends on axioms: [propext, Quot.sound]
'Collatz.Research.CoefficientDescent.Batch015.certificate_949' does not depend on any axioms
'Collatz.Research.CoefficientDescent.Batch015.ray_949' depends on axioms: [propext, Quot.sound]
'Collatz.Research.CoefficientDescent.Batch015.certificate_951' does not depend on any axioms
'Collatz.Research.CoefficientDescent.Batch015.ray_951' depends on axioms: [propext, Quot.sound]
'Collatz.Research.CoefficientDescent.Batch015.certificate_953' does not depend on any axioms
'Collatz.Research.CoefficientDescent.Batch015.ray_953' depends on axioms: [propext, Quot.sound]
'Collatz.Research.CoefficientDescent.Batch015.certificate_955' does not depend on any axioms
'Collatz.Research.CoefficientDescent.Batch015.ray_955' depends on axioms: [propext, Quot.sound]
'Collatz.Research.CoefficientDescent.Batch015.certificate_957' does not depend on any axioms
'Collatz.Research.CoefficientDescent.Batch015.ray_957' depends on axioms: [propext, Quot.sound]
'Collatz.Research.CoefficientDescent.Batch015.certificate_959' does not depend on any axioms
'Collatz.Research.CoefficientDescent.Batch015.ray_959' depends on axioms: [propext, Quot.sound]
'Collatz.Research.CoefficientDescent.Batch015.certificate_961' does not depend on any axioms
'Collatz.Research.CoefficientDescent.Batch015.ray_961' depends on axioms: [propext, Quot.sound]
'Collatz.Research.CoefficientDescent.Batch015.certificate_963' does not depend on any axioms
'Collatz.Research.CoefficientDescent.Batch015.ray_963' depends on axioms: [propext, Quot.sound]
'Collatz.Research.CoefficientDescent.Batch015.certificate_965' does not depend on any axioms
'Collatz.Research.CoefficientDescent.Batch015.ray_965' depends on axioms: [propext, Quot.sound]
'Collatz.Research.CoefficientDescent.Batch015.certificate_967' does not depend on any axioms
'Collatz.Research.CoefficientDescent.Batch015.ray_967' depends on axioms: [propext, Quot.sound]
'Collatz.Research.CoefficientDescent.Batch015.certificate_969' does not depend on any axioms
'Collatz.Research.CoefficientDescent.Batch015.ray_969' depends on axioms: [propext, Quot.sound]
'Collatz.Research.CoefficientDescent.Batch015.certificate_971' does not depend on any axioms
'Collatz.Research.CoefficientDescent.Batch015.ray_971' depends on axioms: [propext, Quot.sound]
'Collatz.Research.CoefficientDescent.Batch015.certificate_973' does not depend on any axioms
'Collatz.Research.CoefficientDescent.Batch015.ray_973' depends on axioms: [propext, Quot.sound]
'Collatz.Research.CoefficientDescent.Batch015.certificate_975' does not depend on any axioms
'Collatz.Research.CoefficientDescent.Batch015.ray_975' depends on axioms: [propext, Quot.sound]
'Collatz.Research.CoefficientDescent.Batch015.certificate_977' does not depend on any axioms
'Collatz.Research.CoefficientDescent.Batch015.ray_977' depends on axioms: [propext, Quot.sound]
'Collatz.Research.CoefficientDescent.Batch015.certificate_979' does not depend on any axioms
'Collatz.Research.CoefficientDescent.Batch015.ray_979' depends on axioms: [propext, Quot.sound]
'Collatz.Research.CoefficientDescent.Batch015.certificate_981' does not depend on any axioms
'Collatz.Research.CoefficientDescent.Batch015.ray_981' depends on axioms: [propext, Quot.sound]
'Collatz.Research.CoefficientDescent.Batch015.certificate_983' does not depend on any axioms
'Collatz.Research.CoefficientDescent.Batch015.ray_983' depends on axioms: [propext, Quot.sound]
'Collatz.Research.CoefficientDescent.Batch015.certificate_985' does not depend on any axioms
'Collatz.Research.CoefficientDescent.Batch015.ray_985' depends on axioms: [propext, Quot.sound]
'Collatz.Research.CoefficientDescent.Batch015.certificate_987' does not depend on any axioms
'Collatz.Research.CoefficientDescent.Batch015.ray_987' depends on axioms: [propext, Quot.sound]
'Collatz.Research.CoefficientDescent.Batch015.certificate_989' does not depend on any axioms
'Collatz.Research.CoefficientDescent.Batch015.ray_989' depends on axioms: [propext, Quot.sound]
'Collatz.Research.CoefficientDescent.Batch015.certificate_991' does not depend on any axioms
'Collatz.Research.CoefficientDescent.Batch015.ray_991' depends on axioms: [propext, Quot.sound]
'Collatz.Research.CoefficientDescent.Batch015.certificate_993' does not depend on any axioms
'Collatz.Research.CoefficientDescent.Batch015.ray_993' depends on axioms: [propext, Quot.sound]
'Collatz.Research.CoefficientDescent.Batch015.certificate_995' does not depend on any axioms
'Collatz.Research.CoefficientDescent.Batch015.ray_995' depends on axioms: [propext, Quot.sound]
'Collatz.Research.CoefficientDescent.Batch015.certificate_997' does not depend on any axioms
'Collatz.Research.CoefficientDescent.Batch015.ray_997' depends on axioms: [propext, Quot.sound]
'Collatz.Research.CoefficientDescent.Batch015.certificate_999' does not depend on any axioms
'Collatz.Research.CoefficientDescent.Batch015.ray_999' depends on axioms: [propext, Quot.sound]
'Collatz.Research.CoefficientDescent.Batch015.certificate_1001' does not depend on any axioms
'Collatz.Research.CoefficientDescent.Batch015.ray_1001' depends on axioms: [propext, Quot.sound]
'Collatz.Research.CoefficientDescent.Batch015.certificate_1003' does not depend on any axioms
'Collatz.Research.CoefficientDescent.Batch015.ray_1003' depends on axioms: [propext, Quot.sound]
'Collatz.Research.CoefficientDescent.Batch015.certificate_1005' does not depend on any axioms
'Collatz.Research.CoefficientDescent.Batch015.ray_1005' depends on axioms: [propext, Quot.sound]
'Collatz.Research.CoefficientDescent.Batch015.coverage' depends on axioms: [propext, Quot.sound]
'Collatz.Research.CoefficientDescent.Batch016.certificate_1007' does not depend on any axioms
'Collatz.Research.CoefficientDescent.Batch016.ray_1007' depends on axioms: [propext, Quot.sound]
'Collatz.Research.CoefficientDescent.Batch016.certificate_1009' does not depend on any axioms
'Collatz.Research.CoefficientDescent.Batch016.ray_1009' depends on axioms: [propext, Quot.sound]
'Collatz.Research.CoefficientDescent.Batch016.certificate_1011' does not depend on any axioms
'Collatz.Research.CoefficientDescent.Batch016.ray_1011' depends on axioms: [propext, Quot.sound]
'Collatz.Research.CoefficientDescent.Batch016.certificate_1013' does not depend on any axioms
'Collatz.Research.CoefficientDescent.Batch016.ray_1013' depends on axioms: [propext, Quot.sound]
'Collatz.Research.CoefficientDescent.Batch016.certificate_1015' does not depend on any axioms
'Collatz.Research.CoefficientDescent.Batch016.ray_1015' depends on axioms: [propext, Quot.sound]
'Collatz.Research.CoefficientDescent.Batch016.certificate_1017' does not depend on any axioms
'Collatz.Research.CoefficientDescent.Batch016.ray_1017' depends on axioms: [propext, Quot.sound]
'Collatz.Research.CoefficientDescent.Batch016.certificate_1019' does not depend on any axioms
'Collatz.Research.CoefficientDescent.Batch016.ray_1019' depends on axioms: [propext, Quot.sound]
'Collatz.Research.CoefficientDescent.Batch016.certificate_1021' does not depend on any axioms
'Collatz.Research.CoefficientDescent.Batch016.ray_1021' depends on axioms: [propext, Quot.sound]
'Collatz.Research.CoefficientDescent.Batch016.certificate_1023' does not depend on any axioms
'Collatz.Research.CoefficientDescent.Batch016.ray_1023' depends on axioms: [propext, Quot.sound]
'Collatz.Research.CoefficientDescent.Batch016.certificate_1025' does not depend on any axioms
'Collatz.Research.CoefficientDescent.Batch016.ray_1025' depends on axioms: [propext, Quot.sound]
'Collatz.Research.CoefficientDescent.Batch016.certificate_1027' does not depend on any axioms
'Collatz.Research.CoefficientDescent.Batch016.ray_1027' depends on axioms: [propext, Quot.sound]
'Collatz.Research.CoefficientDescent.Batch016.certificate_1029' does not depend on any axioms
'Collatz.Research.CoefficientDescent.Batch016.ray_1029' depends on axioms: [propext, Quot.sound]
'Collatz.Research.CoefficientDescent.Batch016.certificate_1031' does not depend on any axioms
'Collatz.Research.CoefficientDescent.Batch016.ray_1031' depends on axioms: [propext, Quot.sound]
'Collatz.Research.CoefficientDescent.Batch016.certificate_1033' does not depend on any axioms
'Collatz.Research.CoefficientDescent.Batch016.ray_1033' depends on axioms: [propext, Quot.sound]
'Collatz.Research.CoefficientDescent.Batch016.certificate_1035' does not depend on any axioms
'Collatz.Research.CoefficientDescent.Batch016.ray_1035' depends on axioms: [propext, Quot.sound]
'Collatz.Research.CoefficientDescent.Batch016.certificate_1037' does not depend on any axioms
'Collatz.Research.CoefficientDescent.Batch016.ray_1037' depends on axioms: [propext, Quot.sound]
'Collatz.Research.CoefficientDescent.Batch016.certificate_1039' does not depend on any axioms
'Collatz.Research.CoefficientDescent.Batch016.ray_1039' depends on axioms: [propext, Quot.sound]
'Collatz.Research.CoefficientDescent.Batch016.certificate_1041' does not depend on any axioms
'Collatz.Research.CoefficientDescent.Batch016.ray_1041' depends on axioms: [propext, Quot.sound]
'Collatz.Research.CoefficientDescent.Batch016.certificate_1043' does not depend on any axioms
'Collatz.Research.CoefficientDescent.Batch016.ray_1043' depends on axioms: [propext, Quot.sound]
'Collatz.Research.CoefficientDescent.Batch016.certificate_1045' does not depend on any axioms
'Collatz.Research.CoefficientDescent.Batch016.ray_1045' depends on axioms: [propext, Quot.sound]
'Collatz.Research.CoefficientDescent.Batch016.certificate_1047' does not depend on any axioms
'Collatz.Research.CoefficientDescent.Batch016.ray_1047' depends on axioms: [propext, Quot.sound]
'Collatz.Research.CoefficientDescent.Batch016.certificate_1049' does not depend on any axioms
'Collatz.Research.CoefficientDescent.Batch016.ray_1049' depends on axioms: [propext, Quot.sound]
'Collatz.Research.CoefficientDescent.Batch016.certificate_1051' does not depend on any axioms
'Collatz.Research.CoefficientDescent.Batch016.ray_1051' depends on axioms: [propext, Quot.sound]
'Collatz.Research.CoefficientDescent.Batch016.certificate_1053' does not depend on any axioms
'Collatz.Research.CoefficientDescent.Batch016.ray_1053' depends on axioms: [propext, Quot.sound]
'Collatz.Research.CoefficientDescent.Batch016.certificate_1055' does not depend on any axioms
'Collatz.Research.CoefficientDescent.Batch016.ray_1055' depends on axioms: [propext, Quot.sound]
'Collatz.Research.CoefficientDescent.Batch016.certificate_1057' does not depend on any axioms
'Collatz.Research.CoefficientDescent.Batch016.ray_1057' depends on axioms: [propext, Quot.sound]
'Collatz.Research.CoefficientDescent.Batch016.certificate_1059' does not depend on any axioms
'Collatz.Research.CoefficientDescent.Batch016.ray_1059' depends on axioms: [propext, Quot.sound]
'Collatz.Research.CoefficientDescent.Batch016.certificate_1061' does not depend on any axioms
'Collatz.Research.CoefficientDescent.Batch016.ray_1061' depends on axioms: [propext, Quot.sound]
'Collatz.Research.CoefficientDescent.Batch016.certificate_1063' does not depend on any axioms
'Collatz.Research.CoefficientDescent.Batch016.ray_1063' depends on axioms: [propext, Quot.sound]
'Collatz.Research.CoefficientDescent.Batch016.certificate_1065' does not depend on any axioms
'Collatz.Research.CoefficientDescent.Batch016.ray_1065' depends on axioms: [propext, Quot.sound]
'Collatz.Research.CoefficientDescent.Batch016.certificate_1067' does not depend on any axioms
'Collatz.Research.CoefficientDescent.Batch016.ray_1067' depends on axioms: [propext, Quot.sound]
'Collatz.Research.CoefficientDescent.Batch016.certificate_1069' does not depend on any axioms
'Collatz.Research.CoefficientDescent.Batch016.ray_1069' depends on axioms: [propext, Quot.sound]
'Collatz.Research.CoefficientDescent.Batch016.certificate_1071' does not depend on any axioms
'Collatz.Research.CoefficientDescent.Batch016.ray_1071' depends on axioms: [propext, Quot.sound]
'Collatz.Research.CoefficientDescent.Batch016.coverage' depends on axioms: [propext, Quot.sound]
'Collatz.Research.CoefficientDescent.Batch017.certificate_1073' does not depend on any axioms
'Collatz.Research.CoefficientDescent.Batch017.ray_1073' depends on axioms: [propext, Quot.sound]
'Collatz.Research.CoefficientDescent.Batch017.certificate_1075' does not depend on any axioms
'Collatz.Research.CoefficientDescent.Batch017.ray_1075' depends on axioms: [propext, Quot.sound]
'Collatz.Research.CoefficientDescent.Batch017.certificate_1077' does not depend on any axioms
'Collatz.Research.CoefficientDescent.Batch017.ray_1077' depends on axioms: [propext, Quot.sound]
'Collatz.Research.CoefficientDescent.Batch017.certificate_1079' does not depend on any axioms
'Collatz.Research.CoefficientDescent.Batch017.ray_1079' depends on axioms: [propext, Quot.sound]
'Collatz.Research.CoefficientDescent.Batch017.certificate_1081' does not depend on any axioms
'Collatz.Research.CoefficientDescent.Batch017.ray_1081' depends on axioms: [propext, Quot.sound]
'Collatz.Research.CoefficientDescent.Batch017.certificate_1083' does not depend on any axioms
'Collatz.Research.CoefficientDescent.Batch017.ray_1083' depends on axioms: [propext, Quot.sound]
'Collatz.Research.CoefficientDescent.Batch017.certificate_1085' does not depend on any axioms
'Collatz.Research.CoefficientDescent.Batch017.ray_1085' depends on axioms: [propext, Quot.sound]
'Collatz.Research.CoefficientDescent.Batch017.certificate_1087' does not depend on any axioms
'Collatz.Research.CoefficientDescent.Batch017.ray_1087' depends on axioms: [propext, Quot.sound]
'Collatz.Research.CoefficientDescent.Batch017.certificate_1089' does not depend on any axioms
'Collatz.Research.CoefficientDescent.Batch017.ray_1089' depends on axioms: [propext, Quot.sound]
'Collatz.Research.CoefficientDescent.Batch017.certificate_1091' does not depend on any axioms
'Collatz.Research.CoefficientDescent.Batch017.ray_1091' depends on axioms: [propext, Quot.sound]
'Collatz.Research.CoefficientDescent.Batch017.certificate_1093' does not depend on any axioms
'Collatz.Research.CoefficientDescent.Batch017.ray_1093' depends on axioms: [propext, Quot.sound]
'Collatz.Research.CoefficientDescent.Batch017.certificate_1095' does not depend on any axioms
'Collatz.Research.CoefficientDescent.Batch017.ray_1095' depends on axioms: [propext, Quot.sound]
'Collatz.Research.CoefficientDescent.Batch017.certificate_1097' does not depend on any axioms
'Collatz.Research.CoefficientDescent.Batch017.ray_1097' depends on axioms: [propext, Quot.sound]
'Collatz.Research.CoefficientDescent.Batch017.certificate_1099' does not depend on any axioms
'Collatz.Research.CoefficientDescent.Batch017.ray_1099' depends on axioms: [propext, Quot.sound]
'Collatz.Research.CoefficientDescent.Batch017.certificate_1101' does not depend on any axioms
'Collatz.Research.CoefficientDescent.Batch017.ray_1101' depends on axioms: [propext, Quot.sound]
'Collatz.Research.CoefficientDescent.Batch017.certificate_1103' does not depend on any axioms
'Collatz.Research.CoefficientDescent.Batch017.ray_1103' depends on axioms: [propext, Quot.sound]
'Collatz.Research.CoefficientDescent.Batch017.certificate_1105' does not depend on any axioms
'Collatz.Research.CoefficientDescent.Batch017.ray_1105' depends on axioms: [propext, Quot.sound]
'Collatz.Research.CoefficientDescent.Batch017.certificate_1107' does not depend on any axioms
'Collatz.Research.CoefficientDescent.Batch017.ray_1107' depends on axioms: [propext, Quot.sound]
'Collatz.Research.CoefficientDescent.Batch017.certificate_1109' does not depend on any axioms
'Collatz.Research.CoefficientDescent.Batch017.ray_1109' depends on axioms: [propext, Quot.sound]
'Collatz.Research.CoefficientDescent.Batch017.certificate_1111' does not depend on any axioms
'Collatz.Research.CoefficientDescent.Batch017.ray_1111' depends on axioms: [propext, Quot.sound]
'Collatz.Research.CoefficientDescent.Batch017.certificate_1113' does not depend on any axioms
'Collatz.Research.CoefficientDescent.Batch017.ray_1113' depends on axioms: [propext, Quot.sound]
'Collatz.Research.CoefficientDescent.Batch017.certificate_1115' does not depend on any axioms
'Collatz.Research.CoefficientDescent.Batch017.ray_1115' depends on axioms: [propext, Quot.sound]
'Collatz.Research.CoefficientDescent.Batch017.certificate_1117' does not depend on any axioms
'Collatz.Research.CoefficientDescent.Batch017.ray_1117' depends on axioms: [propext, Quot.sound]
'Collatz.Research.CoefficientDescent.Batch017.certificate_1119' does not depend on any axioms
'Collatz.Research.CoefficientDescent.Batch017.ray_1119' depends on axioms: [propext, Quot.sound]
'Collatz.Research.CoefficientDescent.Batch017.certificate_1121' does not depend on any axioms
'Collatz.Research.CoefficientDescent.Batch017.ray_1121' depends on axioms: [propext, Quot.sound]
'Collatz.Research.CoefficientDescent.Batch017.certificate_1123' does not depend on any axioms
'Collatz.Research.CoefficientDescent.Batch017.ray_1123' depends on axioms: [propext, Quot.sound]
'Collatz.Research.CoefficientDescent.Batch017.certificate_1125' does not depend on any axioms
'Collatz.Research.CoefficientDescent.Batch017.ray_1125' depends on axioms: [propext, Quot.sound]
'Collatz.Research.CoefficientDescent.Batch017.certificate_1127' does not depend on any axioms
'Collatz.Research.CoefficientDescent.Batch017.ray_1127' depends on axioms: [propext, Quot.sound]
'Collatz.Research.CoefficientDescent.Batch017.certificate_1129' does not depend on any axioms
'Collatz.Research.CoefficientDescent.Batch017.ray_1129' depends on axioms: [propext, Quot.sound]
'Collatz.Research.CoefficientDescent.Batch017.certificate_1131' does not depend on any axioms
'Collatz.Research.CoefficientDescent.Batch017.ray_1131' depends on axioms: [propext, Quot.sound]
'Collatz.Research.CoefficientDescent.Batch017.certificate_1133' does not depend on any axioms
'Collatz.Research.CoefficientDescent.Batch017.ray_1133' depends on axioms: [propext, Quot.sound]
'Collatz.Research.CoefficientDescent.Batch017.certificate_1135' does not depend on any axioms
'Collatz.Research.CoefficientDescent.Batch017.ray_1135' depends on axioms: [propext, Quot.sound]
'Collatz.Research.CoefficientDescent.Batch017.certificate_1137' does not depend on any axioms
'Collatz.Research.CoefficientDescent.Batch017.ray_1137' depends on axioms: [propext, Quot.sound]
'Collatz.Research.CoefficientDescent.Batch017.certificate_1139' does not depend on any axioms
'Collatz.Research.CoefficientDescent.Batch017.ray_1139' depends on axioms: [propext, Quot.sound]
'Collatz.Research.CoefficientDescent.Batch017.coverage' depends on axioms: [propext, Quot.sound]
'Collatz.Research.CoefficientDescent.Batch018.certificate_1141' does not depend on any axioms
'Collatz.Research.CoefficientDescent.Batch018.ray_1141' depends on axioms: [propext, Quot.sound]
'Collatz.Research.CoefficientDescent.Batch018.certificate_1143' does not depend on any axioms
'Collatz.Research.CoefficientDescent.Batch018.ray_1143' depends on axioms: [propext, Quot.sound]
'Collatz.Research.CoefficientDescent.Batch018.certificate_1145' does not depend on any axioms
'Collatz.Research.CoefficientDescent.Batch018.ray_1145' depends on axioms: [propext, Quot.sound]
'Collatz.Research.CoefficientDescent.Batch018.certificate_1147' does not depend on any axioms
'Collatz.Research.CoefficientDescent.Batch018.ray_1147' depends on axioms: [propext, Quot.sound]
'Collatz.Research.CoefficientDescent.Batch018.certificate_1149' does not depend on any axioms
'Collatz.Research.CoefficientDescent.Batch018.ray_1149' depends on axioms: [propext, Quot.sound]
'Collatz.Research.CoefficientDescent.Batch018.certificate_1151' does not depend on any axioms
'Collatz.Research.CoefficientDescent.Batch018.ray_1151' depends on axioms: [propext, Quot.sound]
'Collatz.Research.CoefficientDescent.Batch018.certificate_1153' does not depend on any axioms
'Collatz.Research.CoefficientDescent.Batch018.ray_1153' depends on axioms: [propext, Quot.sound]
'Collatz.Research.CoefficientDescent.Batch018.certificate_1155' does not depend on any axioms
'Collatz.Research.CoefficientDescent.Batch018.ray_1155' depends on axioms: [propext, Quot.sound]
'Collatz.Research.CoefficientDescent.Batch018.certificate_1157' does not depend on any axioms
'Collatz.Research.CoefficientDescent.Batch018.ray_1157' depends on axioms: [propext, Quot.sound]
'Collatz.Research.CoefficientDescent.Batch018.certificate_1159' does not depend on any axioms
'Collatz.Research.CoefficientDescent.Batch018.ray_1159' depends on axioms: [propext, Quot.sound]
'Collatz.Research.CoefficientDescent.Batch018.certificate_1161' does not depend on any axioms
'Collatz.Research.CoefficientDescent.Batch018.ray_1161' depends on axioms: [propext, Quot.sound]
'Collatz.Research.CoefficientDescent.Batch018.certificate_1163' does not depend on any axioms
'Collatz.Research.CoefficientDescent.Batch018.ray_1163' depends on axioms: [propext, Quot.sound]
'Collatz.Research.CoefficientDescent.Batch018.certificate_1165' does not depend on any axioms
'Collatz.Research.CoefficientDescent.Batch018.ray_1165' depends on axioms: [propext, Quot.sound]
'Collatz.Research.CoefficientDescent.Batch018.certificate_1167' does not depend on any axioms
'Collatz.Research.CoefficientDescent.Batch018.ray_1167' depends on axioms: [propext, Quot.sound]
'Collatz.Research.CoefficientDescent.Batch018.certificate_1169' does not depend on any axioms
'Collatz.Research.CoefficientDescent.Batch018.ray_1169' depends on axioms: [propext, Quot.sound]
'Collatz.Research.CoefficientDescent.Batch018.certificate_1171' does not depend on any axioms
'Collatz.Research.CoefficientDescent.Batch018.ray_1171' depends on axioms: [propext, Quot.sound]
'Collatz.Research.CoefficientDescent.Batch018.certificate_1173' does not depend on any axioms
'Collatz.Research.CoefficientDescent.Batch018.ray_1173' depends on axioms: [propext, Quot.sound]
'Collatz.Research.CoefficientDescent.Batch018.certificate_1175' does not depend on any axioms
'Collatz.Research.CoefficientDescent.Batch018.ray_1175' depends on axioms: [propext, Quot.sound]
'Collatz.Research.CoefficientDescent.Batch018.certificate_1177' does not depend on any axioms
'Collatz.Research.CoefficientDescent.Batch018.ray_1177' depends on axioms: [propext, Quot.sound]
'Collatz.Research.CoefficientDescent.Batch018.certificate_1179' does not depend on any axioms
'Collatz.Research.CoefficientDescent.Batch018.ray_1179' depends on axioms: [propext, Quot.sound]
'Collatz.Research.CoefficientDescent.Batch018.certificate_1181' does not depend on any axioms
'Collatz.Research.CoefficientDescent.Batch018.ray_1181' depends on axioms: [propext, Quot.sound]
'Collatz.Research.CoefficientDescent.Batch018.certificate_1183' does not depend on any axioms
'Collatz.Research.CoefficientDescent.Batch018.ray_1183' depends on axioms: [propext, Quot.sound]
'Collatz.Research.CoefficientDescent.Batch018.certificate_1185' does not depend on any axioms
'Collatz.Research.CoefficientDescent.Batch018.ray_1185' depends on axioms: [propext, Quot.sound]
'Collatz.Research.CoefficientDescent.Batch018.certificate_1187' does not depend on any axioms
'Collatz.Research.CoefficientDescent.Batch018.ray_1187' depends on axioms: [propext, Quot.sound]
'Collatz.Research.CoefficientDescent.Batch018.certificate_1189' does not depend on any axioms
'Collatz.Research.CoefficientDescent.Batch018.ray_1189' depends on axioms: [propext, Quot.sound]
'Collatz.Research.CoefficientDescent.Batch018.certificate_1191' does not depend on any axioms
'Collatz.Research.CoefficientDescent.Batch018.ray_1191' depends on axioms: [propext, Quot.sound]
'Collatz.Research.CoefficientDescent.Batch018.certificate_1193' does not depend on any axioms
'Collatz.Research.CoefficientDescent.Batch018.ray_1193' depends on axioms: [propext, Quot.sound]
'Collatz.Research.CoefficientDescent.Batch018.certificate_1195' does not depend on any axioms
'Collatz.Research.CoefficientDescent.Batch018.ray_1195' depends on axioms: [propext, Quot.sound]
'Collatz.Research.CoefficientDescent.Batch018.certificate_1197' does not depend on any axioms
'Collatz.Research.CoefficientDescent.Batch018.ray_1197' depends on axioms: [propext, Quot.sound]
'Collatz.Research.CoefficientDescent.Batch018.certificate_1199' does not depend on any axioms
'Collatz.Research.CoefficientDescent.Batch018.ray_1199' depends on axioms: [propext, Quot.sound]
'Collatz.Research.CoefficientDescent.Batch018.certificate_1201' does not depend on any axioms
'Collatz.Research.CoefficientDescent.Batch018.ray_1201' depends on axioms: [propext, Quot.sound]
'Collatz.Research.CoefficientDescent.Batch018.certificate_1203' does not depend on any axioms
'Collatz.Research.CoefficientDescent.Batch018.ray_1203' depends on axioms: [propext, Quot.sound]
'Collatz.Research.CoefficientDescent.Batch018.certificate_1205' does not depend on any axioms
'Collatz.Research.CoefficientDescent.Batch018.ray_1205' depends on axioms: [propext, Quot.sound]
'Collatz.Research.CoefficientDescent.Batch018.coverage' depends on axioms: [propext, Quot.sound]
'Collatz.Research.CoefficientDescent.Batch019.certificate_1207' does not depend on any axioms
'Collatz.Research.CoefficientDescent.Batch019.ray_1207' depends on axioms: [propext, Quot.sound]
'Collatz.Research.CoefficientDescent.Batch019.certificate_1209' does not depend on any axioms
'Collatz.Research.CoefficientDescent.Batch019.ray_1209' depends on axioms: [propext, Quot.sound]
'Collatz.Research.CoefficientDescent.Batch019.certificate_1211' does not depend on any axioms
'Collatz.Research.CoefficientDescent.Batch019.ray_1211' depends on axioms: [propext, Quot.sound]
'Collatz.Research.CoefficientDescent.Batch019.certificate_1213' does not depend on any axioms
'Collatz.Research.CoefficientDescent.Batch019.ray_1213' depends on axioms: [propext, Quot.sound]
'Collatz.Research.CoefficientDescent.Batch019.certificate_1215' does not depend on any axioms
'Collatz.Research.CoefficientDescent.Batch019.ray_1215' depends on axioms: [propext, Quot.sound]
'Collatz.Research.CoefficientDescent.Batch019.certificate_1217' does not depend on any axioms
'Collatz.Research.CoefficientDescent.Batch019.ray_1217' depends on axioms: [propext, Quot.sound]
'Collatz.Research.CoefficientDescent.Batch019.certificate_1219' does not depend on any axioms
'Collatz.Research.CoefficientDescent.Batch019.ray_1219' depends on axioms: [propext, Quot.sound]
'Collatz.Research.CoefficientDescent.Batch019.certificate_1221' does not depend on any axioms
'Collatz.Research.CoefficientDescent.Batch019.ray_1221' depends on axioms: [propext, Quot.sound]
'Collatz.Research.CoefficientDescent.Batch019.certificate_1223' does not depend on any axioms
'Collatz.Research.CoefficientDescent.Batch019.ray_1223' depends on axioms: [propext, Quot.sound]
'Collatz.Research.CoefficientDescent.Batch019.certificate_1225' does not depend on any axioms
'Collatz.Research.CoefficientDescent.Batch019.ray_1225' depends on axioms: [propext, Quot.sound]
'Collatz.Research.CoefficientDescent.Batch019.certificate_1227' does not depend on any axioms
'Collatz.Research.CoefficientDescent.Batch019.ray_1227' depends on axioms: [propext, Quot.sound]
'Collatz.Research.CoefficientDescent.Batch019.certificate_1229' does not depend on any axioms
'Collatz.Research.CoefficientDescent.Batch019.ray_1229' depends on axioms: [propext, Quot.sound]
'Collatz.Research.CoefficientDescent.Batch019.certificate_1231' does not depend on any axioms
'Collatz.Research.CoefficientDescent.Batch019.ray_1231' depends on axioms: [propext, Quot.sound]
'Collatz.Research.CoefficientDescent.Batch019.certificate_1233' does not depend on any axioms
'Collatz.Research.CoefficientDescent.Batch019.ray_1233' depends on axioms: [propext, Quot.sound]
'Collatz.Research.CoefficientDescent.Batch019.certificate_1235' does not depend on any axioms
'Collatz.Research.CoefficientDescent.Batch019.ray_1235' depends on axioms: [propext, Quot.sound]
'Collatz.Research.CoefficientDescent.Batch019.certificate_1237' does not depend on any axioms
'Collatz.Research.CoefficientDescent.Batch019.ray_1237' depends on axioms: [propext, Quot.sound]
'Collatz.Research.CoefficientDescent.Batch019.certificate_1239' does not depend on any axioms
'Collatz.Research.CoefficientDescent.Batch019.ray_1239' depends on axioms: [propext, Quot.sound]
'Collatz.Research.CoefficientDescent.Batch019.certificate_1241' does not depend on any axioms
'Collatz.Research.CoefficientDescent.Batch019.ray_1241' depends on axioms: [propext, Quot.sound]
'Collatz.Research.CoefficientDescent.Batch019.certificate_1243' does not depend on any axioms
'Collatz.Research.CoefficientDescent.Batch019.ray_1243' depends on axioms: [propext, Quot.sound]
'Collatz.Research.CoefficientDescent.Batch019.certificate_1245' does not depend on any axioms
'Collatz.Research.CoefficientDescent.Batch019.ray_1245' depends on axioms: [propext, Quot.sound]
'Collatz.Research.CoefficientDescent.Batch019.certificate_1247' does not depend on any axioms
'Collatz.Research.CoefficientDescent.Batch019.ray_1247' depends on axioms: [propext, Quot.sound]
'Collatz.Research.CoefficientDescent.Batch019.certificate_1249' does not depend on any axioms
'Collatz.Research.CoefficientDescent.Batch019.ray_1249' depends on axioms: [propext, Quot.sound]
'Collatz.Research.CoefficientDescent.Batch019.certificate_1251' does not depend on any axioms
'Collatz.Research.CoefficientDescent.Batch019.ray_1251' depends on axioms: [propext, Quot.sound]
'Collatz.Research.CoefficientDescent.Batch019.certificate_1253' does not depend on any axioms
'Collatz.Research.CoefficientDescent.Batch019.ray_1253' depends on axioms: [propext, Quot.sound]
'Collatz.Research.CoefficientDescent.Batch019.certificate_1255' does not depend on any axioms
'Collatz.Research.CoefficientDescent.Batch019.ray_1255' depends on axioms: [propext, Quot.sound]
'Collatz.Research.CoefficientDescent.Batch019.certificate_1257' does not depend on any axioms
'Collatz.Research.CoefficientDescent.Batch019.ray_1257' depends on axioms: [propext, Quot.sound]
'Collatz.Research.CoefficientDescent.Batch019.certificate_1259' does not depend on any axioms
'Collatz.Research.CoefficientDescent.Batch019.ray_1259' depends on axioms: [propext, Quot.sound]
'Collatz.Research.CoefficientDescent.Batch019.certificate_1261' does not depend on any axioms
'Collatz.Research.CoefficientDescent.Batch019.ray_1261' depends on axioms: [propext, Quot.sound]
'Collatz.Research.CoefficientDescent.Batch019.certificate_1263' does not depend on any axioms
'Collatz.Research.CoefficientDescent.Batch019.ray_1263' depends on axioms: [propext, Quot.sound]
'Collatz.Research.CoefficientDescent.Batch019.certificate_1265' does not depend on any axioms
'Collatz.Research.CoefficientDescent.Batch019.ray_1265' depends on axioms: [propext, Quot.sound]
'Collatz.Research.CoefficientDescent.Batch019.certificate_1267' does not depend on any axioms
'Collatz.Research.CoefficientDescent.Batch019.ray_1267' depends on axioms: [propext, Quot.sound]
'Collatz.Research.CoefficientDescent.Batch019.certificate_1269' does not depend on any axioms
'Collatz.Research.CoefficientDescent.Batch019.ray_1269' depends on axioms: [propext, Quot.sound]
'Collatz.Research.CoefficientDescent.Batch019.certificate_1271' does not depend on any axioms
'Collatz.Research.CoefficientDescent.Batch019.ray_1271' depends on axioms: [propext, Quot.sound]
'Collatz.Research.CoefficientDescent.Batch019.certificate_1273' does not depend on any axioms
'Collatz.Research.CoefficientDescent.Batch019.ray_1273' depends on axioms: [propext, Quot.sound]
'Collatz.Research.CoefficientDescent.Batch019.coverage' depends on axioms: [propext, Quot.sound]
'Collatz.Research.CoefficientDescent.Batch020.certificate_1275' does not depend on any axioms
'Collatz.Research.CoefficientDescent.Batch020.ray_1275' depends on axioms: [propext, Quot.sound]
'Collatz.Research.CoefficientDescent.Batch020.certificate_1277' does not depend on any axioms
'Collatz.Research.CoefficientDescent.Batch020.ray_1277' depends on axioms: [propext, Quot.sound]
'Collatz.Research.CoefficientDescent.Batch020.certificate_1279' does not depend on any axioms
'Collatz.Research.CoefficientDescent.Batch020.ray_1279' depends on axioms: [propext, Quot.sound]
'Collatz.Research.CoefficientDescent.Batch020.certificate_1281' does not depend on any axioms
'Collatz.Research.CoefficientDescent.Batch020.ray_1281' depends on axioms: [propext, Quot.sound]
'Collatz.Research.CoefficientDescent.Batch020.certificate_1283' does not depend on any axioms
'Collatz.Research.CoefficientDescent.Batch020.ray_1283' depends on axioms: [propext, Quot.sound]
'Collatz.Research.CoefficientDescent.Batch020.certificate_1285' does not depend on any axioms
'Collatz.Research.CoefficientDescent.Batch020.ray_1285' depends on axioms: [propext, Quot.sound]
'Collatz.Research.CoefficientDescent.Batch020.certificate_1287' does not depend on any axioms
'Collatz.Research.CoefficientDescent.Batch020.ray_1287' depends on axioms: [propext, Quot.sound]
'Collatz.Research.CoefficientDescent.Batch020.certificate_1289' does not depend on any axioms
'Collatz.Research.CoefficientDescent.Batch020.ray_1289' depends on axioms: [propext, Quot.sound]
'Collatz.Research.CoefficientDescent.Batch020.certificate_1291' does not depend on any axioms
'Collatz.Research.CoefficientDescent.Batch020.ray_1291' depends on axioms: [propext, Quot.sound]
'Collatz.Research.CoefficientDescent.Batch020.certificate_1293' does not depend on any axioms
'Collatz.Research.CoefficientDescent.Batch020.ray_1293' depends on axioms: [propext, Quot.sound]
'Collatz.Research.CoefficientDescent.Batch020.certificate_1295' does not depend on any axioms
'Collatz.Research.CoefficientDescent.Batch020.ray_1295' depends on axioms: [propext, Quot.sound]
'Collatz.Research.CoefficientDescent.Batch020.certificate_1297' does not depend on any axioms
'Collatz.Research.CoefficientDescent.Batch020.ray_1297' depends on axioms: [propext, Quot.sound]
'Collatz.Research.CoefficientDescent.Batch020.certificate_1299' does not depend on any axioms
'Collatz.Research.CoefficientDescent.Batch020.ray_1299' depends on axioms: [propext, Quot.sound]
'Collatz.Research.CoefficientDescent.Batch020.certificate_1301' does not depend on any axioms
'Collatz.Research.CoefficientDescent.Batch020.ray_1301' depends on axioms: [propext, Quot.sound]
'Collatz.Research.CoefficientDescent.Batch020.certificate_1303' does not depend on any axioms
'Collatz.Research.CoefficientDescent.Batch020.ray_1303' depends on axioms: [propext, Quot.sound]
'Collatz.Research.CoefficientDescent.Batch020.certificate_1305' does not depend on any axioms
'Collatz.Research.CoefficientDescent.Batch020.ray_1305' depends on axioms: [propext, Quot.sound]
'Collatz.Research.CoefficientDescent.Batch020.certificate_1307' does not depend on any axioms
'Collatz.Research.CoefficientDescent.Batch020.ray_1307' depends on axioms: [propext, Quot.sound]
'Collatz.Research.CoefficientDescent.Batch020.certificate_1309' does not depend on any axioms
'Collatz.Research.CoefficientDescent.Batch020.ray_1309' depends on axioms: [propext, Quot.sound]
'Collatz.Research.CoefficientDescent.Batch020.certificate_1311' does not depend on any axioms
'Collatz.Research.CoefficientDescent.Batch020.ray_1311' depends on axioms: [propext, Quot.sound]
'Collatz.Research.CoefficientDescent.Batch020.certificate_1313' does not depend on any axioms
'Collatz.Research.CoefficientDescent.Batch020.ray_1313' depends on axioms: [propext, Quot.sound]
'Collatz.Research.CoefficientDescent.Batch020.certificate_1315' does not depend on any axioms
'Collatz.Research.CoefficientDescent.Batch020.ray_1315' depends on axioms: [propext, Quot.sound]
'Collatz.Research.CoefficientDescent.Batch020.certificate_1317' does not depend on any axioms
'Collatz.Research.CoefficientDescent.Batch020.ray_1317' depends on axioms: [propext, Quot.sound]
'Collatz.Research.CoefficientDescent.Batch020.certificate_1319' does not depend on any axioms
'Collatz.Research.CoefficientDescent.Batch020.ray_1319' depends on axioms: [propext, Quot.sound]
'Collatz.Research.CoefficientDescent.Batch020.certificate_1321' does not depend on any axioms
'Collatz.Research.CoefficientDescent.Batch020.ray_1321' depends on axioms: [propext, Quot.sound]
'Collatz.Research.CoefficientDescent.Batch020.certificate_1323' does not depend on any axioms
'Collatz.Research.CoefficientDescent.Batch020.ray_1323' depends on axioms: [propext, Quot.sound]
'Collatz.Research.CoefficientDescent.Batch020.certificate_1325' does not depend on any axioms
'Collatz.Research.CoefficientDescent.Batch020.ray_1325' depends on axioms: [propext, Quot.sound]
'Collatz.Research.CoefficientDescent.Batch020.certificate_1327' does not depend on any axioms
'Collatz.Research.CoefficientDescent.Batch020.ray_1327' depends on axioms: [propext, Quot.sound]
'Collatz.Research.CoefficientDescent.Batch020.certificate_1329' does not depend on any axioms
'Collatz.Research.CoefficientDescent.Batch020.ray_1329' depends on axioms: [propext, Quot.sound]
'Collatz.Research.CoefficientDescent.Batch020.certificate_1331' does not depend on any axioms
'Collatz.Research.CoefficientDescent.Batch020.ray_1331' depends on axioms: [propext, Quot.sound]
'Collatz.Research.CoefficientDescent.Batch020.certificate_1333' does not depend on any axioms
'Collatz.Research.CoefficientDescent.Batch020.ray_1333' depends on axioms: [propext, Quot.sound]
'Collatz.Research.CoefficientDescent.Batch020.certificate_1335' does not depend on any axioms
'Collatz.Research.CoefficientDescent.Batch020.ray_1335' depends on axioms: [propext, Quot.sound]
'Collatz.Research.CoefficientDescent.Batch020.certificate_1337' does not depend on any axioms
'Collatz.Research.CoefficientDescent.Batch020.ray_1337' depends on axioms: [propext, Quot.sound]
'Collatz.Research.CoefficientDescent.Batch020.certificate_1339' does not depend on any axioms
'Collatz.Research.CoefficientDescent.Batch020.ray_1339' depends on axioms: [propext, Quot.sound]
'Collatz.Research.CoefficientDescent.Batch020.coverage' depends on axioms: [propext, Quot.sound]
'Collatz.Research.CoefficientDescent.Batch021.certificate_1341' does not depend on any axioms
'Collatz.Research.CoefficientDescent.Batch021.ray_1341' depends on axioms: [propext, Quot.sound]
'Collatz.Research.CoefficientDescent.Batch021.certificate_1343' does not depend on any axioms
'Collatz.Research.CoefficientDescent.Batch021.ray_1343' depends on axioms: [propext, Quot.sound]
'Collatz.Research.CoefficientDescent.Batch021.certificate_1345' does not depend on any axioms
'Collatz.Research.CoefficientDescent.Batch021.ray_1345' depends on axioms: [propext, Quot.sound]
'Collatz.Research.CoefficientDescent.Batch021.certificate_1347' does not depend on any axioms
'Collatz.Research.CoefficientDescent.Batch021.ray_1347' depends on axioms: [propext, Quot.sound]
'Collatz.Research.CoefficientDescent.Batch021.certificate_1349' does not depend on any axioms
'Collatz.Research.CoefficientDescent.Batch021.ray_1349' depends on axioms: [propext, Quot.sound]
'Collatz.Research.CoefficientDescent.Batch021.certificate_1351' does not depend on any axioms
'Collatz.Research.CoefficientDescent.Batch021.ray_1351' depends on axioms: [propext, Quot.sound]
'Collatz.Research.CoefficientDescent.Batch021.certificate_1353' does not depend on any axioms
'Collatz.Research.CoefficientDescent.Batch021.ray_1353' depends on axioms: [propext, Quot.sound]
'Collatz.Research.CoefficientDescent.Batch021.certificate_1355' does not depend on any axioms
'Collatz.Research.CoefficientDescent.Batch021.ray_1355' depends on axioms: [propext, Quot.sound]
'Collatz.Research.CoefficientDescent.Batch021.certificate_1357' does not depend on any axioms
'Collatz.Research.CoefficientDescent.Batch021.ray_1357' depends on axioms: [propext, Quot.sound]
'Collatz.Research.CoefficientDescent.Batch021.certificate_1359' does not depend on any axioms
'Collatz.Research.CoefficientDescent.Batch021.ray_1359' depends on axioms: [propext, Quot.sound]
'Collatz.Research.CoefficientDescent.Batch021.certificate_1361' does not depend on any axioms
'Collatz.Research.CoefficientDescent.Batch021.ray_1361' depends on axioms: [propext, Quot.sound]
'Collatz.Research.CoefficientDescent.Batch021.certificate_1363' does not depend on any axioms
'Collatz.Research.CoefficientDescent.Batch021.ray_1363' depends on axioms: [propext, Quot.sound]
'Collatz.Research.CoefficientDescent.Batch021.certificate_1365' does not depend on any axioms
'Collatz.Research.CoefficientDescent.Batch021.ray_1365' depends on axioms: [propext, Quot.sound]
'Collatz.Research.CoefficientDescent.Batch021.certificate_1367' does not depend on any axioms
'Collatz.Research.CoefficientDescent.Batch021.ray_1367' depends on axioms: [propext, Quot.sound]
'Collatz.Research.CoefficientDescent.Batch021.certificate_1369' does not depend on any axioms
'Collatz.Research.CoefficientDescent.Batch021.ray_1369' depends on axioms: [propext, Quot.sound]
'Collatz.Research.CoefficientDescent.Batch021.certificate_1371' does not depend on any axioms
'Collatz.Research.CoefficientDescent.Batch021.ray_1371' depends on axioms: [propext, Quot.sound]
'Collatz.Research.CoefficientDescent.Batch021.certificate_1373' does not depend on any axioms
'Collatz.Research.CoefficientDescent.Batch021.ray_1373' depends on axioms: [propext, Quot.sound]
'Collatz.Research.CoefficientDescent.Batch021.certificate_1375' does not depend on any axioms
'Collatz.Research.CoefficientDescent.Batch021.ray_1375' depends on axioms: [propext, Quot.sound]
'Collatz.Research.CoefficientDescent.Batch021.certificate_1377' does not depend on any axioms
'Collatz.Research.CoefficientDescent.Batch021.ray_1377' depends on axioms: [propext, Quot.sound]
'Collatz.Research.CoefficientDescent.Batch021.certificate_1379' does not depend on any axioms
'Collatz.Research.CoefficientDescent.Batch021.ray_1379' depends on axioms: [propext, Quot.sound]
'Collatz.Research.CoefficientDescent.Batch021.certificate_1381' does not depend on any axioms
'Collatz.Research.CoefficientDescent.Batch021.ray_1381' depends on axioms: [propext, Quot.sound]
'Collatz.Research.CoefficientDescent.Batch021.certificate_1383' does not depend on any axioms
'Collatz.Research.CoefficientDescent.Batch021.ray_1383' depends on axioms: [propext, Quot.sound]
'Collatz.Research.CoefficientDescent.Batch021.certificate_1385' does not depend on any axioms
'Collatz.Research.CoefficientDescent.Batch021.ray_1385' depends on axioms: [propext, Quot.sound]
'Collatz.Research.CoefficientDescent.Batch021.certificate_1387' does not depend on any axioms
'Collatz.Research.CoefficientDescent.Batch021.ray_1387' depends on axioms: [propext, Quot.sound]
'Collatz.Research.CoefficientDescent.Batch021.certificate_1389' does not depend on any axioms
'Collatz.Research.CoefficientDescent.Batch021.ray_1389' depends on axioms: [propext, Quot.sound]
'Collatz.Research.CoefficientDescent.Batch021.certificate_1391' does not depend on any axioms
'Collatz.Research.CoefficientDescent.Batch021.ray_1391' depends on axioms: [propext, Quot.sound]
'Collatz.Research.CoefficientDescent.Batch021.certificate_1393' does not depend on any axioms
'Collatz.Research.CoefficientDescent.Batch021.ray_1393' depends on axioms: [propext, Quot.sound]
'Collatz.Research.CoefficientDescent.Batch021.certificate_1395' does not depend on any axioms
'Collatz.Research.CoefficientDescent.Batch021.ray_1395' depends on axioms: [propext, Quot.sound]
'Collatz.Research.CoefficientDescent.Batch021.certificate_1397' does not depend on any axioms
'Collatz.Research.CoefficientDescent.Batch021.ray_1397' depends on axioms: [propext, Quot.sound]
'Collatz.Research.CoefficientDescent.Batch021.certificate_1399' does not depend on any axioms
'Collatz.Research.CoefficientDescent.Batch021.ray_1399' depends on axioms: [propext, Quot.sound]
'Collatz.Research.CoefficientDescent.Batch021.certificate_1401' does not depend on any axioms
'Collatz.Research.CoefficientDescent.Batch021.ray_1401' depends on axioms: [propext, Quot.sound]
'Collatz.Research.CoefficientDescent.Batch021.certificate_1403' does not depend on any axioms
'Collatz.Research.CoefficientDescent.Batch021.ray_1403' depends on axioms: [propext, Quot.sound]
'Collatz.Research.CoefficientDescent.Batch021.certificate_1405' does not depend on any axioms
'Collatz.Research.CoefficientDescent.Batch021.ray_1405' depends on axioms: [propext, Quot.sound]
'Collatz.Research.CoefficientDescent.Batch021.certificate_1407' does not depend on any axioms
'Collatz.Research.CoefficientDescent.Batch021.ray_1407' depends on axioms: [propext, Quot.sound]
'Collatz.Research.CoefficientDescent.Batch021.coverage' depends on axioms: [propext, Quot.sound]
'Collatz.Research.CoefficientDescent.Batch022.certificate_1409' does not depend on any axioms
'Collatz.Research.CoefficientDescent.Batch022.ray_1409' depends on axioms: [propext, Quot.sound]
'Collatz.Research.CoefficientDescent.Batch022.certificate_1411' does not depend on any axioms
'Collatz.Research.CoefficientDescent.Batch022.ray_1411' depends on axioms: [propext, Quot.sound]
'Collatz.Research.CoefficientDescent.Batch022.certificate_1413' does not depend on any axioms
'Collatz.Research.CoefficientDescent.Batch022.ray_1413' depends on axioms: [propext, Quot.sound]
'Collatz.Research.CoefficientDescent.Batch022.certificate_1415' does not depend on any axioms
'Collatz.Research.CoefficientDescent.Batch022.ray_1415' depends on axioms: [propext, Quot.sound]
'Collatz.Research.CoefficientDescent.Batch022.certificate_1417' does not depend on any axioms
'Collatz.Research.CoefficientDescent.Batch022.ray_1417' depends on axioms: [propext, Quot.sound]
'Collatz.Research.CoefficientDescent.Batch022.certificate_1419' does not depend on any axioms
'Collatz.Research.CoefficientDescent.Batch022.ray_1419' depends on axioms: [propext, Quot.sound]
'Collatz.Research.CoefficientDescent.Batch022.certificate_1421' does not depend on any axioms
'Collatz.Research.CoefficientDescent.Batch022.ray_1421' depends on axioms: [propext, Quot.sound]
'Collatz.Research.CoefficientDescent.Batch022.certificate_1423' does not depend on any axioms
'Collatz.Research.CoefficientDescent.Batch022.ray_1423' depends on axioms: [propext, Quot.sound]
'Collatz.Research.CoefficientDescent.Batch022.certificate_1425' does not depend on any axioms
'Collatz.Research.CoefficientDescent.Batch022.ray_1425' depends on axioms: [propext, Quot.sound]
'Collatz.Research.CoefficientDescent.Batch022.certificate_1427' does not depend on any axioms
'Collatz.Research.CoefficientDescent.Batch022.ray_1427' depends on axioms: [propext, Quot.sound]
'Collatz.Research.CoefficientDescent.Batch022.certificate_1429' does not depend on any axioms
'Collatz.Research.CoefficientDescent.Batch022.ray_1429' depends on axioms: [propext, Quot.sound]
'Collatz.Research.CoefficientDescent.Batch022.certificate_1431' does not depend on any axioms
'Collatz.Research.CoefficientDescent.Batch022.ray_1431' depends on axioms: [propext, Quot.sound]
'Collatz.Research.CoefficientDescent.Batch022.certificate_1433' does not depend on any axioms
'Collatz.Research.CoefficientDescent.Batch022.ray_1433' depends on axioms: [propext, Quot.sound]
'Collatz.Research.CoefficientDescent.Batch022.certificate_1435' does not depend on any axioms
'Collatz.Research.CoefficientDescent.Batch022.ray_1435' depends on axioms: [propext, Quot.sound]
'Collatz.Research.CoefficientDescent.Batch022.certificate_1437' does not depend on any axioms
'Collatz.Research.CoefficientDescent.Batch022.ray_1437' depends on axioms: [propext, Quot.sound]
'Collatz.Research.CoefficientDescent.Batch022.certificate_1439' does not depend on any axioms
'Collatz.Research.CoefficientDescent.Batch022.ray_1439' depends on axioms: [propext, Quot.sound]
'Collatz.Research.CoefficientDescent.Batch022.certificate_1441' does not depend on any axioms
'Collatz.Research.CoefficientDescent.Batch022.ray_1441' depends on axioms: [propext, Quot.sound]
'Collatz.Research.CoefficientDescent.Batch022.certificate_1443' does not depend on any axioms
'Collatz.Research.CoefficientDescent.Batch022.ray_1443' depends on axioms: [propext, Quot.sound]
'Collatz.Research.CoefficientDescent.Batch022.certificate_1445' does not depend on any axioms
'Collatz.Research.CoefficientDescent.Batch022.ray_1445' depends on axioms: [propext, Quot.sound]
'Collatz.Research.CoefficientDescent.Batch022.certificate_1447' does not depend on any axioms
'Collatz.Research.CoefficientDescent.Batch022.ray_1447' depends on axioms: [propext, Quot.sound]
'Collatz.Research.CoefficientDescent.Batch022.certificate_1449' does not depend on any axioms
'Collatz.Research.CoefficientDescent.Batch022.ray_1449' depends on axioms: [propext, Quot.sound]
'Collatz.Research.CoefficientDescent.Batch022.certificate_1451' does not depend on any axioms
'Collatz.Research.CoefficientDescent.Batch022.ray_1451' depends on axioms: [propext, Quot.sound]
'Collatz.Research.CoefficientDescent.Batch022.certificate_1453' does not depend on any axioms
'Collatz.Research.CoefficientDescent.Batch022.ray_1453' depends on axioms: [propext, Quot.sound]
'Collatz.Research.CoefficientDescent.Batch022.certificate_1455' does not depend on any axioms
'Collatz.Research.CoefficientDescent.Batch022.ray_1455' depends on axioms: [propext, Quot.sound]
'Collatz.Research.CoefficientDescent.Batch022.certificate_1457' does not depend on any axioms
'Collatz.Research.CoefficientDescent.Batch022.ray_1457' depends on axioms: [propext, Quot.sound]
'Collatz.Research.CoefficientDescent.Batch022.certificate_1459' does not depend on any axioms
'Collatz.Research.CoefficientDescent.Batch022.ray_1459' depends on axioms: [propext, Quot.sound]
'Collatz.Research.CoefficientDescent.Batch022.certificate_1461' does not depend on any axioms
'Collatz.Research.CoefficientDescent.Batch022.ray_1461' depends on axioms: [propext, Quot.sound]
'Collatz.Research.CoefficientDescent.Batch022.certificate_1463' does not depend on any axioms
'Collatz.Research.CoefficientDescent.Batch022.ray_1463' depends on axioms: [propext, Quot.sound]
'Collatz.Research.CoefficientDescent.Batch022.certificate_1465' does not depend on any axioms
'Collatz.Research.CoefficientDescent.Batch022.ray_1465' depends on axioms: [propext, Quot.sound]
'Collatz.Research.CoefficientDescent.Batch022.certificate_1467' does not depend on any axioms
'Collatz.Research.CoefficientDescent.Batch022.ray_1467' depends on axioms: [propext, Quot.sound]
'Collatz.Research.CoefficientDescent.Batch022.certificate_1469' does not depend on any axioms
'Collatz.Research.CoefficientDescent.Batch022.ray_1469' depends on axioms: [propext, Quot.sound]
'Collatz.Research.CoefficientDescent.Batch022.certificate_1471' does not depend on any axioms
'Collatz.Research.CoefficientDescent.Batch022.ray_1471' depends on axioms: [propext, Quot.sound]
'Collatz.Research.CoefficientDescent.Batch022.certificate_1473' does not depend on any axioms
'Collatz.Research.CoefficientDescent.Batch022.ray_1473' depends on axioms: [propext, Quot.sound]
'Collatz.Research.CoefficientDescent.Batch022.coverage' depends on axioms: [propext, Quot.sound]
'Collatz.Research.CoefficientDescent.Batch023.certificate_1475' does not depend on any axioms
'Collatz.Research.CoefficientDescent.Batch023.ray_1475' depends on axioms: [propext, Quot.sound]
'Collatz.Research.CoefficientDescent.Batch023.certificate_1477' does not depend on any axioms
'Collatz.Research.CoefficientDescent.Batch023.ray_1477' depends on axioms: [propext, Quot.sound]
'Collatz.Research.CoefficientDescent.Batch023.certificate_1479' does not depend on any axioms
'Collatz.Research.CoefficientDescent.Batch023.ray_1479' depends on axioms: [propext, Quot.sound]
'Collatz.Research.CoefficientDescent.Batch023.certificate_1481' does not depend on any axioms
'Collatz.Research.CoefficientDescent.Batch023.ray_1481' depends on axioms: [propext, Quot.sound]
'Collatz.Research.CoefficientDescent.Batch023.certificate_1483' does not depend on any axioms
'Collatz.Research.CoefficientDescent.Batch023.ray_1483' depends on axioms: [propext, Quot.sound]
'Collatz.Research.CoefficientDescent.Batch023.certificate_1485' does not depend on any axioms
'Collatz.Research.CoefficientDescent.Batch023.ray_1485' depends on axioms: [propext, Quot.sound]
'Collatz.Research.CoefficientDescent.Batch023.certificate_1487' does not depend on any axioms
'Collatz.Research.CoefficientDescent.Batch023.ray_1487' depends on axioms: [propext, Quot.sound]
'Collatz.Research.CoefficientDescent.Batch023.certificate_1489' does not depend on any axioms
'Collatz.Research.CoefficientDescent.Batch023.ray_1489' depends on axioms: [propext, Quot.sound]
'Collatz.Research.CoefficientDescent.Batch023.certificate_1491' does not depend on any axioms
'Collatz.Research.CoefficientDescent.Batch023.ray_1491' depends on axioms: [propext, Quot.sound]
'Collatz.Research.CoefficientDescent.Batch023.certificate_1493' does not depend on any axioms
'Collatz.Research.CoefficientDescent.Batch023.ray_1493' depends on axioms: [propext, Quot.sound]
'Collatz.Research.CoefficientDescent.Batch023.certificate_1495' does not depend on any axioms
'Collatz.Research.CoefficientDescent.Batch023.ray_1495' depends on axioms: [propext, Quot.sound]
'Collatz.Research.CoefficientDescent.Batch023.certificate_1497' does not depend on any axioms
'Collatz.Research.CoefficientDescent.Batch023.ray_1497' depends on axioms: [propext, Quot.sound]
'Collatz.Research.CoefficientDescent.Batch023.certificate_1499' does not depend on any axioms
'Collatz.Research.CoefficientDescent.Batch023.ray_1499' depends on axioms: [propext, Quot.sound]
'Collatz.Research.CoefficientDescent.Batch023.certificate_1501' does not depend on any axioms
'Collatz.Research.CoefficientDescent.Batch023.ray_1501' depends on axioms: [propext, Quot.sound]
'Collatz.Research.CoefficientDescent.Batch023.certificate_1503' does not depend on any axioms
'Collatz.Research.CoefficientDescent.Batch023.ray_1503' depends on axioms: [propext, Quot.sound]
'Collatz.Research.CoefficientDescent.Batch023.certificate_1505' does not depend on any axioms
'Collatz.Research.CoefficientDescent.Batch023.ray_1505' depends on axioms: [propext, Quot.sound]
'Collatz.Research.CoefficientDescent.Batch023.certificate_1507' does not depend on any axioms
'Collatz.Research.CoefficientDescent.Batch023.ray_1507' depends on axioms: [propext, Quot.sound]
'Collatz.Research.CoefficientDescent.Batch023.certificate_1509' does not depend on any axioms
'Collatz.Research.CoefficientDescent.Batch023.ray_1509' depends on axioms: [propext, Quot.sound]
'Collatz.Research.CoefficientDescent.Batch023.certificate_1511' does not depend on any axioms
'Collatz.Research.CoefficientDescent.Batch023.ray_1511' depends on axioms: [propext, Quot.sound]
'Collatz.Research.CoefficientDescent.Batch023.certificate_1513' does not depend on any axioms
'Collatz.Research.CoefficientDescent.Batch023.ray_1513' depends on axioms: [propext, Quot.sound]
'Collatz.Research.CoefficientDescent.Batch023.certificate_1515' does not depend on any axioms
'Collatz.Research.CoefficientDescent.Batch023.ray_1515' depends on axioms: [propext, Quot.sound]
'Collatz.Research.CoefficientDescent.Batch023.certificate_1517' does not depend on any axioms
'Collatz.Research.CoefficientDescent.Batch023.ray_1517' depends on axioms: [propext, Quot.sound]
'Collatz.Research.CoefficientDescent.Batch023.certificate_1519' does not depend on any axioms
'Collatz.Research.CoefficientDescent.Batch023.ray_1519' depends on axioms: [propext, Quot.sound]
'Collatz.Research.CoefficientDescent.Batch023.certificate_1521' does not depend on any axioms
'Collatz.Research.CoefficientDescent.Batch023.ray_1521' depends on axioms: [propext, Quot.sound]
'Collatz.Research.CoefficientDescent.Batch023.certificate_1523' does not depend on any axioms
'Collatz.Research.CoefficientDescent.Batch023.ray_1523' depends on axioms: [propext, Quot.sound]
'Collatz.Research.CoefficientDescent.Batch023.certificate_1525' does not depend on any axioms
'Collatz.Research.CoefficientDescent.Batch023.ray_1525' depends on axioms: [propext, Quot.sound]
'Collatz.Research.CoefficientDescent.Batch023.certificate_1527' does not depend on any axioms
'Collatz.Research.CoefficientDescent.Batch023.ray_1527' depends on axioms: [propext, Quot.sound]
'Collatz.Research.CoefficientDescent.Batch023.certificate_1529' does not depend on any axioms
'Collatz.Research.CoefficientDescent.Batch023.ray_1529' depends on axioms: [propext, Quot.sound]
'Collatz.Research.CoefficientDescent.Batch023.certificate_1531' does not depend on any axioms
'Collatz.Research.CoefficientDescent.Batch023.ray_1531' depends on axioms: [propext, Quot.sound]
'Collatz.Research.CoefficientDescent.Batch023.certificate_1533' does not depend on any axioms
'Collatz.Research.CoefficientDescent.Batch023.ray_1533' depends on axioms: [propext, Quot.sound]
'Collatz.Research.CoefficientDescent.Batch023.certificate_1535' does not depend on any axioms
'Collatz.Research.CoefficientDescent.Batch023.ray_1535' depends on axioms: [propext, Quot.sound]
'Collatz.Research.CoefficientDescent.Batch023.certificate_1537' does not depend on any axioms
'Collatz.Research.CoefficientDescent.Batch023.ray_1537' depends on axioms: [propext, Quot.sound]
'Collatz.Research.CoefficientDescent.Batch023.certificate_1539' does not depend on any axioms
'Collatz.Research.CoefficientDescent.Batch023.ray_1539' depends on axioms: [propext, Quot.sound]
'Collatz.Research.CoefficientDescent.Batch023.certificate_1541' does not depend on any axioms
'Collatz.Research.CoefficientDescent.Batch023.ray_1541' depends on axioms: [propext, Quot.sound]
'Collatz.Research.CoefficientDescent.Batch023.coverage' depends on axioms: [propext, Quot.sound]
'Collatz.Research.CoefficientDescent.Batch024.certificate_1543' does not depend on any axioms
'Collatz.Research.CoefficientDescent.Batch024.ray_1543' depends on axioms: [propext, Quot.sound]
'Collatz.Research.CoefficientDescent.Batch024.certificate_1545' does not depend on any axioms
'Collatz.Research.CoefficientDescent.Batch024.ray_1545' depends on axioms: [propext, Quot.sound]
'Collatz.Research.CoefficientDescent.Batch024.certificate_1547' does not depend on any axioms
'Collatz.Research.CoefficientDescent.Batch024.ray_1547' depends on axioms: [propext, Quot.sound]
'Collatz.Research.CoefficientDescent.Batch024.certificate_1549' does not depend on any axioms
'Collatz.Research.CoefficientDescent.Batch024.ray_1549' depends on axioms: [propext, Quot.sound]
'Collatz.Research.CoefficientDescent.Batch024.certificate_1551' does not depend on any axioms
'Collatz.Research.CoefficientDescent.Batch024.ray_1551' depends on axioms: [propext, Quot.sound]
'Collatz.Research.CoefficientDescent.Batch024.certificate_1553' does not depend on any axioms
'Collatz.Research.CoefficientDescent.Batch024.ray_1553' depends on axioms: [propext, Quot.sound]
'Collatz.Research.CoefficientDescent.Batch024.certificate_1555' does not depend on any axioms
'Collatz.Research.CoefficientDescent.Batch024.ray_1555' depends on axioms: [propext, Quot.sound]
'Collatz.Research.CoefficientDescent.Batch024.certificate_1557' does not depend on any axioms
'Collatz.Research.CoefficientDescent.Batch024.ray_1557' depends on axioms: [propext, Quot.sound]
'Collatz.Research.CoefficientDescent.Batch024.certificate_1559' does not depend on any axioms
'Collatz.Research.CoefficientDescent.Batch024.ray_1559' depends on axioms: [propext, Quot.sound]
'Collatz.Research.CoefficientDescent.Batch024.certificate_1561' does not depend on any axioms
'Collatz.Research.CoefficientDescent.Batch024.ray_1561' depends on axioms: [propext, Quot.sound]
'Collatz.Research.CoefficientDescent.Batch024.certificate_1563' does not depend on any axioms
'Collatz.Research.CoefficientDescent.Batch024.ray_1563' depends on axioms: [propext, Quot.sound]
'Collatz.Research.CoefficientDescent.Batch024.certificate_1565' does not depend on any axioms
'Collatz.Research.CoefficientDescent.Batch024.ray_1565' depends on axioms: [propext, Quot.sound]
'Collatz.Research.CoefficientDescent.Batch024.certificate_1567' does not depend on any axioms
'Collatz.Research.CoefficientDescent.Batch024.ray_1567' depends on axioms: [propext, Quot.sound]
'Collatz.Research.CoefficientDescent.Batch024.certificate_1569' does not depend on any axioms
'Collatz.Research.CoefficientDescent.Batch024.ray_1569' depends on axioms: [propext, Quot.sound]
'Collatz.Research.CoefficientDescent.Batch024.certificate_1571' does not depend on any axioms
'Collatz.Research.CoefficientDescent.Batch024.ray_1571' depends on axioms: [propext, Quot.sound]
'Collatz.Research.CoefficientDescent.Batch024.certificate_1573' does not depend on any axioms
'Collatz.Research.CoefficientDescent.Batch024.ray_1573' depends on axioms: [propext, Quot.sound]
'Collatz.Research.CoefficientDescent.Batch024.certificate_1575' does not depend on any axioms
'Collatz.Research.CoefficientDescent.Batch024.ray_1575' depends on axioms: [propext, Quot.sound]
'Collatz.Research.CoefficientDescent.Batch024.certificate_1577' does not depend on any axioms
'Collatz.Research.CoefficientDescent.Batch024.ray_1577' depends on axioms: [propext, Quot.sound]
'Collatz.Research.CoefficientDescent.Batch024.certificate_1579' does not depend on any axioms
'Collatz.Research.CoefficientDescent.Batch024.ray_1579' depends on axioms: [propext, Quot.sound]
'Collatz.Research.CoefficientDescent.Batch024.certificate_1581' does not depend on any axioms
'Collatz.Research.CoefficientDescent.Batch024.ray_1581' depends on axioms: [propext, Quot.sound]
'Collatz.Research.CoefficientDescent.Batch024.certificate_1583' does not depend on any axioms
'Collatz.Research.CoefficientDescent.Batch024.ray_1583' depends on axioms: [propext, Quot.sound]
'Collatz.Research.CoefficientDescent.Batch024.certificate_1585' does not depend on any axioms
'Collatz.Research.CoefficientDescent.Batch024.ray_1585' depends on axioms: [propext, Quot.sound]
'Collatz.Research.CoefficientDescent.Batch024.certificate_1587' does not depend on any axioms
'Collatz.Research.CoefficientDescent.Batch024.ray_1587' depends on axioms: [propext, Quot.sound]
'Collatz.Research.CoefficientDescent.Batch024.certificate_1589' does not depend on any axioms
'Collatz.Research.CoefficientDescent.Batch024.ray_1589' depends on axioms: [propext, Quot.sound]
'Collatz.Research.CoefficientDescent.Batch024.certificate_1591' does not depend on any axioms
'Collatz.Research.CoefficientDescent.Batch024.ray_1591' depends on axioms: [propext, Quot.sound]
'Collatz.Research.CoefficientDescent.Batch024.certificate_1593' does not depend on any axioms
'Collatz.Research.CoefficientDescent.Batch024.ray_1593' depends on axioms: [propext, Quot.sound]
'Collatz.Research.CoefficientDescent.Batch024.certificate_1595' does not depend on any axioms
'Collatz.Research.CoefficientDescent.Batch024.ray_1595' depends on axioms: [propext, Quot.sound]
'Collatz.Research.CoefficientDescent.Batch024.certificate_1597' does not depend on any axioms
'Collatz.Research.CoefficientDescent.Batch024.ray_1597' depends on axioms: [propext, Quot.sound]
'Collatz.Research.CoefficientDescent.Batch024.certificate_1599' does not depend on any axioms
'Collatz.Research.CoefficientDescent.Batch024.ray_1599' depends on axioms: [propext, Quot.sound]
'Collatz.Research.CoefficientDescent.Batch024.certificate_1601' does not depend on any axioms
'Collatz.Research.CoefficientDescent.Batch024.ray_1601' depends on axioms: [propext, Quot.sound]
'Collatz.Research.CoefficientDescent.Batch024.certificate_1603' does not depend on any axioms
'Collatz.Research.CoefficientDescent.Batch024.ray_1603' depends on axioms: [propext, Quot.sound]
'Collatz.Research.CoefficientDescent.Batch024.certificate_1605' does not depend on any axioms
'Collatz.Research.CoefficientDescent.Batch024.ray_1605' depends on axioms: [propext, Quot.sound]
'Collatz.Research.CoefficientDescent.Batch024.certificate_1607' does not depend on any axioms
'Collatz.Research.CoefficientDescent.Batch024.ray_1607' depends on axioms: [propext, Quot.sound]
'Collatz.Research.CoefficientDescent.Batch024.coverage' depends on axioms: [propext, Quot.sound]
'Collatz.Research.CoefficientDescent.Batch025.certificate_1609' does not depend on any axioms
'Collatz.Research.CoefficientDescent.Batch025.ray_1609' depends on axioms: [propext, Quot.sound]
'Collatz.Research.CoefficientDescent.Batch025.certificate_1611' does not depend on any axioms
'Collatz.Research.CoefficientDescent.Batch025.ray_1611' depends on axioms: [propext, Quot.sound]
'Collatz.Research.CoefficientDescent.Batch025.certificate_1613' does not depend on any axioms
'Collatz.Research.CoefficientDescent.Batch025.ray_1613' depends on axioms: [propext, Quot.sound]
'Collatz.Research.CoefficientDescent.Batch025.certificate_1615' does not depend on any axioms
'Collatz.Research.CoefficientDescent.Batch025.ray_1615' depends on axioms: [propext, Quot.sound]
'Collatz.Research.CoefficientDescent.Batch025.certificate_1617' does not depend on any axioms
'Collatz.Research.CoefficientDescent.Batch025.ray_1617' depends on axioms: [propext, Quot.sound]
'Collatz.Research.CoefficientDescent.Batch025.certificate_1619' does not depend on any axioms
'Collatz.Research.CoefficientDescent.Batch025.ray_1619' depends on axioms: [propext, Quot.sound]
'Collatz.Research.CoefficientDescent.Batch025.certificate_1621' does not depend on any axioms
'Collatz.Research.CoefficientDescent.Batch025.ray_1621' depends on axioms: [propext, Quot.sound]
'Collatz.Research.CoefficientDescent.Batch025.certificate_1623' does not depend on any axioms
'Collatz.Research.CoefficientDescent.Batch025.ray_1623' depends on axioms: [propext, Quot.sound]
'Collatz.Research.CoefficientDescent.Batch025.certificate_1625' does not depend on any axioms
'Collatz.Research.CoefficientDescent.Batch025.ray_1625' depends on axioms: [propext, Quot.sound]
'Collatz.Research.CoefficientDescent.Batch025.certificate_1627' does not depend on any axioms
'Collatz.Research.CoefficientDescent.Batch025.ray_1627' depends on axioms: [propext, Quot.sound]
'Collatz.Research.CoefficientDescent.Batch025.certificate_1629' does not depend on any axioms
'Collatz.Research.CoefficientDescent.Batch025.ray_1629' depends on axioms: [propext, Quot.sound]
'Collatz.Research.CoefficientDescent.Batch025.certificate_1631' does not depend on any axioms
'Collatz.Research.CoefficientDescent.Batch025.ray_1631' depends on axioms: [propext, Quot.sound]
'Collatz.Research.CoefficientDescent.Batch025.certificate_1633' does not depend on any axioms
'Collatz.Research.CoefficientDescent.Batch025.ray_1633' depends on axioms: [propext, Quot.sound]
'Collatz.Research.CoefficientDescent.Batch025.certificate_1635' does not depend on any axioms
'Collatz.Research.CoefficientDescent.Batch025.ray_1635' depends on axioms: [propext, Quot.sound]
'Collatz.Research.CoefficientDescent.Batch025.certificate_1637' does not depend on any axioms
'Collatz.Research.CoefficientDescent.Batch025.ray_1637' depends on axioms: [propext, Quot.sound]
'Collatz.Research.CoefficientDescent.Batch025.certificate_1639' does not depend on any axioms
'Collatz.Research.CoefficientDescent.Batch025.ray_1639' depends on axioms: [propext, Quot.sound]
'Collatz.Research.CoefficientDescent.Batch025.certificate_1641' does not depend on any axioms
'Collatz.Research.CoefficientDescent.Batch025.ray_1641' depends on axioms: [propext, Quot.sound]
'Collatz.Research.CoefficientDescent.Batch025.certificate_1643' does not depend on any axioms
'Collatz.Research.CoefficientDescent.Batch025.ray_1643' depends on axioms: [propext, Quot.sound]
'Collatz.Research.CoefficientDescent.Batch025.certificate_1645' does not depend on any axioms
'Collatz.Research.CoefficientDescent.Batch025.ray_1645' depends on axioms: [propext, Quot.sound]
'Collatz.Research.CoefficientDescent.Batch025.certificate_1647' does not depend on any axioms
'Collatz.Research.CoefficientDescent.Batch025.ray_1647' depends on axioms: [propext, Quot.sound]
'Collatz.Research.CoefficientDescent.Batch025.certificate_1649' does not depend on any axioms
'Collatz.Research.CoefficientDescent.Batch025.ray_1649' depends on axioms: [propext, Quot.sound]
'Collatz.Research.CoefficientDescent.Batch025.certificate_1651' does not depend on any axioms
'Collatz.Research.CoefficientDescent.Batch025.ray_1651' depends on axioms: [propext, Quot.sound]
'Collatz.Research.CoefficientDescent.Batch025.certificate_1653' does not depend on any axioms
'Collatz.Research.CoefficientDescent.Batch025.ray_1653' depends on axioms: [propext, Quot.sound]
'Collatz.Research.CoefficientDescent.Batch025.certificate_1655' does not depend on any axioms
'Collatz.Research.CoefficientDescent.Batch025.ray_1655' depends on axioms: [propext, Quot.sound]
'Collatz.Research.CoefficientDescent.Batch025.certificate_1657' does not depend on any axioms
'Collatz.Research.CoefficientDescent.Batch025.ray_1657' depends on axioms: [propext, Quot.sound]
'Collatz.Research.CoefficientDescent.Batch025.certificate_1659' does not depend on any axioms
'Collatz.Research.CoefficientDescent.Batch025.ray_1659' depends on axioms: [propext, Quot.sound]
'Collatz.Research.CoefficientDescent.Batch025.certificate_1661' does not depend on any axioms
'Collatz.Research.CoefficientDescent.Batch025.ray_1661' depends on axioms: [propext, Quot.sound]
'Collatz.Research.CoefficientDescent.Batch025.certificate_1663' does not depend on any axioms
'Collatz.Research.CoefficientDescent.Batch025.ray_1663' depends on axioms: [propext, Quot.sound]
'Collatz.Research.CoefficientDescent.Batch025.certificate_1665' does not depend on any axioms
'Collatz.Research.CoefficientDescent.Batch025.ray_1665' depends on axioms: [propext, Quot.sound]
'Collatz.Research.CoefficientDescent.Batch025.certificate_1667' does not depend on any axioms
'Collatz.Research.CoefficientDescent.Batch025.ray_1667' depends on axioms: [propext, Quot.sound]
'Collatz.Research.CoefficientDescent.Batch025.certificate_1669' does not depend on any axioms
'Collatz.Research.CoefficientDescent.Batch025.ray_1669' depends on axioms: [propext, Quot.sound]
'Collatz.Research.CoefficientDescent.Batch025.certificate_1671' does not depend on any axioms
'Collatz.Research.CoefficientDescent.Batch025.ray_1671' depends on axioms: [propext, Quot.sound]
'Collatz.Research.CoefficientDescent.Batch025.certificate_1673' does not depend on any axioms
'Collatz.Research.CoefficientDescent.Batch025.ray_1673' depends on axioms: [propext, Quot.sound]
'Collatz.Research.CoefficientDescent.Batch025.certificate_1675' does not depend on any axioms
'Collatz.Research.CoefficientDescent.Batch025.ray_1675' depends on axioms: [propext, Quot.sound]
'Collatz.Research.CoefficientDescent.Batch025.coverage' depends on axioms: [propext, Quot.sound]
'Collatz.Research.CoefficientDescent.Batch026.certificate_1677' does not depend on any axioms
'Collatz.Research.CoefficientDescent.Batch026.ray_1677' depends on axioms: [propext, Quot.sound]
'Collatz.Research.CoefficientDescent.Batch026.certificate_1679' does not depend on any axioms
'Collatz.Research.CoefficientDescent.Batch026.ray_1679' depends on axioms: [propext, Quot.sound]
'Collatz.Research.CoefficientDescent.Batch026.certificate_1681' does not depend on any axioms
'Collatz.Research.CoefficientDescent.Batch026.ray_1681' depends on axioms: [propext, Quot.sound]
'Collatz.Research.CoefficientDescent.Batch026.certificate_1683' does not depend on any axioms
'Collatz.Research.CoefficientDescent.Batch026.ray_1683' depends on axioms: [propext, Quot.sound]
'Collatz.Research.CoefficientDescent.Batch026.certificate_1685' does not depend on any axioms
'Collatz.Research.CoefficientDescent.Batch026.ray_1685' depends on axioms: [propext, Quot.sound]
'Collatz.Research.CoefficientDescent.Batch026.certificate_1687' does not depend on any axioms
'Collatz.Research.CoefficientDescent.Batch026.ray_1687' depends on axioms: [propext, Quot.sound]
'Collatz.Research.CoefficientDescent.Batch026.certificate_1689' does not depend on any axioms
'Collatz.Research.CoefficientDescent.Batch026.ray_1689' depends on axioms: [propext, Quot.sound]
'Collatz.Research.CoefficientDescent.Batch026.certificate_1691' does not depend on any axioms
'Collatz.Research.CoefficientDescent.Batch026.ray_1691' depends on axioms: [propext, Quot.sound]
'Collatz.Research.CoefficientDescent.Batch026.certificate_1693' does not depend on any axioms
'Collatz.Research.CoefficientDescent.Batch026.ray_1693' depends on axioms: [propext, Quot.sound]
'Collatz.Research.CoefficientDescent.Batch026.certificate_1695' does not depend on any axioms
'Collatz.Research.CoefficientDescent.Batch026.ray_1695' depends on axioms: [propext, Quot.sound]
'Collatz.Research.CoefficientDescent.Batch026.certificate_1697' does not depend on any axioms
'Collatz.Research.CoefficientDescent.Batch026.ray_1697' depends on axioms: [propext, Quot.sound]
'Collatz.Research.CoefficientDescent.Batch026.certificate_1699' does not depend on any axioms
'Collatz.Research.CoefficientDescent.Batch026.ray_1699' depends on axioms: [propext, Quot.sound]
'Collatz.Research.CoefficientDescent.Batch026.certificate_1701' does not depend on any axioms
'Collatz.Research.CoefficientDescent.Batch026.ray_1701' depends on axioms: [propext, Quot.sound]
'Collatz.Research.CoefficientDescent.Batch026.certificate_1703' does not depend on any axioms
'Collatz.Research.CoefficientDescent.Batch026.ray_1703' depends on axioms: [propext, Quot.sound]
'Collatz.Research.CoefficientDescent.Batch026.certificate_1705' does not depend on any axioms
'Collatz.Research.CoefficientDescent.Batch026.ray_1705' depends on axioms: [propext, Quot.sound]
'Collatz.Research.CoefficientDescent.Batch026.certificate_1707' does not depend on any axioms
'Collatz.Research.CoefficientDescent.Batch026.ray_1707' depends on axioms: [propext, Quot.sound]
'Collatz.Research.CoefficientDescent.Batch026.certificate_1709' does not depend on any axioms
'Collatz.Research.CoefficientDescent.Batch026.ray_1709' depends on axioms: [propext, Quot.sound]
'Collatz.Research.CoefficientDescent.Batch026.certificate_1711' does not depend on any axioms
'Collatz.Research.CoefficientDescent.Batch026.ray_1711' depends on axioms: [propext, Quot.sound]
'Collatz.Research.CoefficientDescent.Batch026.certificate_1713' does not depend on any axioms
'Collatz.Research.CoefficientDescent.Batch026.ray_1713' depends on axioms: [propext, Quot.sound]
'Collatz.Research.CoefficientDescent.Batch026.certificate_1715' does not depend on any axioms
'Collatz.Research.CoefficientDescent.Batch026.ray_1715' depends on axioms: [propext, Quot.sound]
'Collatz.Research.CoefficientDescent.Batch026.certificate_1717' does not depend on any axioms
'Collatz.Research.CoefficientDescent.Batch026.ray_1717' depends on axioms: [propext, Quot.sound]
'Collatz.Research.CoefficientDescent.Batch026.certificate_1719' does not depend on any axioms
'Collatz.Research.CoefficientDescent.Batch026.ray_1719' depends on axioms: [propext, Quot.sound]
'Collatz.Research.CoefficientDescent.Batch026.certificate_1721' does not depend on any axioms
'Collatz.Research.CoefficientDescent.Batch026.ray_1721' depends on axioms: [propext, Quot.sound]
'Collatz.Research.CoefficientDescent.Batch026.certificate_1723' does not depend on any axioms
'Collatz.Research.CoefficientDescent.Batch026.ray_1723' depends on axioms: [propext, Quot.sound]
'Collatz.Research.CoefficientDescent.Batch026.certificate_1725' does not depend on any axioms
'Collatz.Research.CoefficientDescent.Batch026.ray_1725' depends on axioms: [propext, Quot.sound]
'Collatz.Research.CoefficientDescent.Batch026.certificate_1727' does not depend on any axioms
'Collatz.Research.CoefficientDescent.Batch026.ray_1727' depends on axioms: [propext, Quot.sound]
'Collatz.Research.CoefficientDescent.Batch026.certificate_1729' does not depend on any axioms
'Collatz.Research.CoefficientDescent.Batch026.ray_1729' depends on axioms: [propext, Quot.sound]
'Collatz.Research.CoefficientDescent.Batch026.certificate_1731' does not depend on any axioms
'Collatz.Research.CoefficientDescent.Batch026.ray_1731' depends on axioms: [propext, Quot.sound]
'Collatz.Research.CoefficientDescent.Batch026.certificate_1733' does not depend on any axioms
'Collatz.Research.CoefficientDescent.Batch026.ray_1733' depends on axioms: [propext, Quot.sound]
'Collatz.Research.CoefficientDescent.Batch026.certificate_1735' does not depend on any axioms
'Collatz.Research.CoefficientDescent.Batch026.ray_1735' depends on axioms: [propext, Quot.sound]
'Collatz.Research.CoefficientDescent.Batch026.certificate_1737' does not depend on any axioms
'Collatz.Research.CoefficientDescent.Batch026.ray_1737' depends on axioms: [propext, Quot.sound]
'Collatz.Research.CoefficientDescent.Batch026.certificate_1739' does not depend on any axioms
'Collatz.Research.CoefficientDescent.Batch026.ray_1739' depends on axioms: [propext, Quot.sound]
'Collatz.Research.CoefficientDescent.Batch026.certificate_1741' does not depend on any axioms
'Collatz.Research.CoefficientDescent.Batch026.ray_1741' depends on axioms: [propext, Quot.sound]
'Collatz.Research.CoefficientDescent.Batch026.coverage' depends on axioms: [propext, Quot.sound]
'Collatz.Research.CoefficientDescent.Batch027.certificate_1743' does not depend on any axioms
'Collatz.Research.CoefficientDescent.Batch027.ray_1743' depends on axioms: [propext, Quot.sound]
'Collatz.Research.CoefficientDescent.Batch027.certificate_1745' does not depend on any axioms
'Collatz.Research.CoefficientDescent.Batch027.ray_1745' depends on axioms: [propext, Quot.sound]
'Collatz.Research.CoefficientDescent.Batch027.certificate_1747' does not depend on any axioms
'Collatz.Research.CoefficientDescent.Batch027.ray_1747' depends on axioms: [propext, Quot.sound]
'Collatz.Research.CoefficientDescent.Batch027.certificate_1749' does not depend on any axioms
'Collatz.Research.CoefficientDescent.Batch027.ray_1749' depends on axioms: [propext, Quot.sound]
'Collatz.Research.CoefficientDescent.Batch027.certificate_1751' does not depend on any axioms
'Collatz.Research.CoefficientDescent.Batch027.ray_1751' depends on axioms: [propext, Quot.sound]
'Collatz.Research.CoefficientDescent.Batch027.certificate_1753' does not depend on any axioms
'Collatz.Research.CoefficientDescent.Batch027.ray_1753' depends on axioms: [propext, Quot.sound]
'Collatz.Research.CoefficientDescent.Batch027.certificate_1755' does not depend on any axioms
'Collatz.Research.CoefficientDescent.Batch027.ray_1755' depends on axioms: [propext, Quot.sound]
'Collatz.Research.CoefficientDescent.Batch027.certificate_1757' does not depend on any axioms
'Collatz.Research.CoefficientDescent.Batch027.ray_1757' depends on axioms: [propext, Quot.sound]
'Collatz.Research.CoefficientDescent.Batch027.certificate_1759' does not depend on any axioms
'Collatz.Research.CoefficientDescent.Batch027.ray_1759' depends on axioms: [propext, Quot.sound]
'Collatz.Research.CoefficientDescent.Batch027.certificate_1761' does not depend on any axioms
'Collatz.Research.CoefficientDescent.Batch027.ray_1761' depends on axioms: [propext, Quot.sound]
'Collatz.Research.CoefficientDescent.Batch027.certificate_1763' does not depend on any axioms
'Collatz.Research.CoefficientDescent.Batch027.ray_1763' depends on axioms: [propext, Quot.sound]
'Collatz.Research.CoefficientDescent.Batch027.certificate_1765' does not depend on any axioms
'Collatz.Research.CoefficientDescent.Batch027.ray_1765' depends on axioms: [propext, Quot.sound]
'Collatz.Research.CoefficientDescent.Batch027.certificate_1767' does not depend on any axioms
'Collatz.Research.CoefficientDescent.Batch027.ray_1767' depends on axioms: [propext, Quot.sound]
'Collatz.Research.CoefficientDescent.Batch027.certificate_1769' does not depend on any axioms
'Collatz.Research.CoefficientDescent.Batch027.ray_1769' depends on axioms: [propext, Quot.sound]
'Collatz.Research.CoefficientDescent.Batch027.certificate_1771' does not depend on any axioms
'Collatz.Research.CoefficientDescent.Batch027.ray_1771' depends on axioms: [propext, Quot.sound]
'Collatz.Research.CoefficientDescent.Batch027.certificate_1773' does not depend on any axioms
'Collatz.Research.CoefficientDescent.Batch027.ray_1773' depends on axioms: [propext, Quot.sound]
'Collatz.Research.CoefficientDescent.Batch027.certificate_1775' does not depend on any axioms
'Collatz.Research.CoefficientDescent.Batch027.ray_1775' depends on axioms: [propext, Quot.sound]
'Collatz.Research.CoefficientDescent.Batch027.certificate_1777' does not depend on any axioms
'Collatz.Research.CoefficientDescent.Batch027.ray_1777' depends on axioms: [propext, Quot.sound]
'Collatz.Research.CoefficientDescent.Batch027.certificate_1779' does not depend on any axioms
'Collatz.Research.CoefficientDescent.Batch027.ray_1779' depends on axioms: [propext, Quot.sound]
'Collatz.Research.CoefficientDescent.Batch027.certificate_1781' does not depend on any axioms
'Collatz.Research.CoefficientDescent.Batch027.ray_1781' depends on axioms: [propext, Quot.sound]
'Collatz.Research.CoefficientDescent.Batch027.certificate_1783' does not depend on any axioms
'Collatz.Research.CoefficientDescent.Batch027.ray_1783' depends on axioms: [propext, Quot.sound]
'Collatz.Research.CoefficientDescent.Batch027.certificate_1785' does not depend on any axioms
'Collatz.Research.CoefficientDescent.Batch027.ray_1785' depends on axioms: [propext, Quot.sound]
'Collatz.Research.CoefficientDescent.Batch027.certificate_1787' does not depend on any axioms
'Collatz.Research.CoefficientDescent.Batch027.ray_1787' depends on axioms: [propext, Quot.sound]
'Collatz.Research.CoefficientDescent.Batch027.certificate_1789' does not depend on any axioms
'Collatz.Research.CoefficientDescent.Batch027.ray_1789' depends on axioms: [propext, Quot.sound]
'Collatz.Research.CoefficientDescent.Batch027.certificate_1791' does not depend on any axioms
'Collatz.Research.CoefficientDescent.Batch027.ray_1791' depends on axioms: [propext, Quot.sound]
'Collatz.Research.CoefficientDescent.Batch027.certificate_1793' does not depend on any axioms
'Collatz.Research.CoefficientDescent.Batch027.ray_1793' depends on axioms: [propext, Quot.sound]
'Collatz.Research.CoefficientDescent.Batch027.certificate_1795' does not depend on any axioms
'Collatz.Research.CoefficientDescent.Batch027.ray_1795' depends on axioms: [propext, Quot.sound]
'Collatz.Research.CoefficientDescent.Batch027.certificate_1797' does not depend on any axioms
'Collatz.Research.CoefficientDescent.Batch027.ray_1797' depends on axioms: [propext, Quot.sound]
'Collatz.Research.CoefficientDescent.Batch027.certificate_1799' does not depend on any axioms
'Collatz.Research.CoefficientDescent.Batch027.ray_1799' depends on axioms: [propext, Quot.sound]
'Collatz.Research.CoefficientDescent.Batch027.certificate_1801' does not depend on any axioms
'Collatz.Research.CoefficientDescent.Batch027.ray_1801' depends on axioms: [propext, Quot.sound]
'Collatz.Research.CoefficientDescent.Batch027.certificate_1803' does not depend on any axioms
'Collatz.Research.CoefficientDescent.Batch027.ray_1803' depends on axioms: [propext, Quot.sound]
'Collatz.Research.CoefficientDescent.Batch027.certificate_1805' does not depend on any axioms
'Collatz.Research.CoefficientDescent.Batch027.ray_1805' depends on axioms: [propext, Quot.sound]
'Collatz.Research.CoefficientDescent.Batch027.certificate_1807' does not depend on any axioms
'Collatz.Research.CoefficientDescent.Batch027.ray_1807' depends on axioms: [propext, Quot.sound]
'Collatz.Research.CoefficientDescent.Batch027.certificate_1809' does not depend on any axioms
'Collatz.Research.CoefficientDescent.Batch027.ray_1809' depends on axioms: [propext, Quot.sound]
'Collatz.Research.CoefficientDescent.Batch027.coverage' depends on axioms: [propext, Quot.sound]
'Collatz.Research.CoefficientDescent.Batch028.certificate_1811' does not depend on any axioms
'Collatz.Research.CoefficientDescent.Batch028.ray_1811' depends on axioms: [propext, Quot.sound]
'Collatz.Research.CoefficientDescent.Batch028.certificate_1813' does not depend on any axioms
'Collatz.Research.CoefficientDescent.Batch028.ray_1813' depends on axioms: [propext, Quot.sound]
'Collatz.Research.CoefficientDescent.Batch028.certificate_1815' does not depend on any axioms
'Collatz.Research.CoefficientDescent.Batch028.ray_1815' depends on axioms: [propext, Quot.sound]
'Collatz.Research.CoefficientDescent.Batch028.certificate_1817' does not depend on any axioms
'Collatz.Research.CoefficientDescent.Batch028.ray_1817' depends on axioms: [propext, Quot.sound]
'Collatz.Research.CoefficientDescent.Batch028.certificate_1819' does not depend on any axioms
'Collatz.Research.CoefficientDescent.Batch028.ray_1819' depends on axioms: [propext, Quot.sound]
'Collatz.Research.CoefficientDescent.Batch028.certificate_1821' does not depend on any axioms
'Collatz.Research.CoefficientDescent.Batch028.ray_1821' depends on axioms: [propext, Quot.sound]
'Collatz.Research.CoefficientDescent.Batch028.certificate_1823' does not depend on any axioms
'Collatz.Research.CoefficientDescent.Batch028.ray_1823' depends on axioms: [propext, Quot.sound]
'Collatz.Research.CoefficientDescent.Batch028.certificate_1825' does not depend on any axioms
'Collatz.Research.CoefficientDescent.Batch028.ray_1825' depends on axioms: [propext, Quot.sound]
'Collatz.Research.CoefficientDescent.Batch028.certificate_1827' does not depend on any axioms
'Collatz.Research.CoefficientDescent.Batch028.ray_1827' depends on axioms: [propext, Quot.sound]
'Collatz.Research.CoefficientDescent.Batch028.certificate_1829' does not depend on any axioms
'Collatz.Research.CoefficientDescent.Batch028.ray_1829' depends on axioms: [propext, Quot.sound]
'Collatz.Research.CoefficientDescent.Batch028.certificate_1831' does not depend on any axioms
'Collatz.Research.CoefficientDescent.Batch028.ray_1831' depends on axioms: [propext, Quot.sound]
'Collatz.Research.CoefficientDescent.Batch028.certificate_1833' does not depend on any axioms
'Collatz.Research.CoefficientDescent.Batch028.ray_1833' depends on axioms: [propext, Quot.sound]
'Collatz.Research.CoefficientDescent.Batch028.certificate_1835' does not depend on any axioms
'Collatz.Research.CoefficientDescent.Batch028.ray_1835' depends on axioms: [propext, Quot.sound]
'Collatz.Research.CoefficientDescent.Batch028.certificate_1837' does not depend on any axioms
'Collatz.Research.CoefficientDescent.Batch028.ray_1837' depends on axioms: [propext, Quot.sound]
'Collatz.Research.CoefficientDescent.Batch028.certificate_1839' does not depend on any axioms
'Collatz.Research.CoefficientDescent.Batch028.ray_1839' depends on axioms: [propext, Quot.sound]
'Collatz.Research.CoefficientDescent.Batch028.certificate_1841' does not depend on any axioms
'Collatz.Research.CoefficientDescent.Batch028.ray_1841' depends on axioms: [propext, Quot.sound]
'Collatz.Research.CoefficientDescent.Batch028.certificate_1843' does not depend on any axioms
'Collatz.Research.CoefficientDescent.Batch028.ray_1843' depends on axioms: [propext, Quot.sound]
'Collatz.Research.CoefficientDescent.Batch028.certificate_1845' does not depend on any axioms
'Collatz.Research.CoefficientDescent.Batch028.ray_1845' depends on axioms: [propext, Quot.sound]
'Collatz.Research.CoefficientDescent.Batch028.certificate_1847' does not depend on any axioms
'Collatz.Research.CoefficientDescent.Batch028.ray_1847' depends on axioms: [propext, Quot.sound]
'Collatz.Research.CoefficientDescent.Batch028.certificate_1849' does not depend on any axioms
'Collatz.Research.CoefficientDescent.Batch028.ray_1849' depends on axioms: [propext, Quot.sound]
'Collatz.Research.CoefficientDescent.Batch028.certificate_1851' does not depend on any axioms
'Collatz.Research.CoefficientDescent.Batch028.ray_1851' depends on axioms: [propext, Quot.sound]
'Collatz.Research.CoefficientDescent.Batch028.certificate_1853' does not depend on any axioms
'Collatz.Research.CoefficientDescent.Batch028.ray_1853' depends on axioms: [propext, Quot.sound]
'Collatz.Research.CoefficientDescent.Batch028.certificate_1855' does not depend on any axioms
'Collatz.Research.CoefficientDescent.Batch028.ray_1855' depends on axioms: [propext, Quot.sound]
'Collatz.Research.CoefficientDescent.Batch028.certificate_1857' does not depend on any axioms
'Collatz.Research.CoefficientDescent.Batch028.ray_1857' depends on axioms: [propext, Quot.sound]
'Collatz.Research.CoefficientDescent.Batch028.certificate_1859' does not depend on any axioms
'Collatz.Research.CoefficientDescent.Batch028.ray_1859' depends on axioms: [propext, Quot.sound]
'Collatz.Research.CoefficientDescent.Batch028.certificate_1861' does not depend on any axioms
'Collatz.Research.CoefficientDescent.Batch028.ray_1861' depends on axioms: [propext, Quot.sound]
'Collatz.Research.CoefficientDescent.Batch028.certificate_1863' does not depend on any axioms
'Collatz.Research.CoefficientDescent.Batch028.ray_1863' depends on axioms: [propext, Quot.sound]
'Collatz.Research.CoefficientDescent.Batch028.certificate_1865' does not depend on any axioms
'Collatz.Research.CoefficientDescent.Batch028.ray_1865' depends on axioms: [propext, Quot.sound]
'Collatz.Research.CoefficientDescent.Batch028.certificate_1867' does not depend on any axioms
'Collatz.Research.CoefficientDescent.Batch028.ray_1867' depends on axioms: [propext, Quot.sound]
'Collatz.Research.CoefficientDescent.Batch028.certificate_1869' does not depend on any axioms
'Collatz.Research.CoefficientDescent.Batch028.ray_1869' depends on axioms: [propext, Quot.sound]
'Collatz.Research.CoefficientDescent.Batch028.certificate_1871' does not depend on any axioms
'Collatz.Research.CoefficientDescent.Batch028.ray_1871' depends on axioms: [propext, Quot.sound]
'Collatz.Research.CoefficientDescent.Batch028.certificate_1873' does not depend on any axioms
'Collatz.Research.CoefficientDescent.Batch028.ray_1873' depends on axioms: [propext, Quot.sound]
'Collatz.Research.CoefficientDescent.Batch028.certificate_1875' does not depend on any axioms
'Collatz.Research.CoefficientDescent.Batch028.ray_1875' depends on axioms: [propext, Quot.sound]
'Collatz.Research.CoefficientDescent.Batch028.coverage' depends on axioms: [propext, Quot.sound]
'Collatz.Research.CoefficientDescent.Batch029.certificate_1877' does not depend on any axioms
'Collatz.Research.CoefficientDescent.Batch029.ray_1877' depends on axioms: [propext, Quot.sound]
'Collatz.Research.CoefficientDescent.Batch029.certificate_1879' does not depend on any axioms
'Collatz.Research.CoefficientDescent.Batch029.ray_1879' depends on axioms: [propext, Quot.sound]
'Collatz.Research.CoefficientDescent.Batch029.certificate_1881' does not depend on any axioms
'Collatz.Research.CoefficientDescent.Batch029.ray_1881' depends on axioms: [propext, Quot.sound]
'Collatz.Research.CoefficientDescent.Batch029.certificate_1883' does not depend on any axioms
'Collatz.Research.CoefficientDescent.Batch029.ray_1883' depends on axioms: [propext, Quot.sound]
'Collatz.Research.CoefficientDescent.Batch029.certificate_1885' does not depend on any axioms
'Collatz.Research.CoefficientDescent.Batch029.ray_1885' depends on axioms: [propext, Quot.sound]
'Collatz.Research.CoefficientDescent.Batch029.certificate_1887' does not depend on any axioms
'Collatz.Research.CoefficientDescent.Batch029.ray_1887' depends on axioms: [propext, Quot.sound]
'Collatz.Research.CoefficientDescent.Batch029.certificate_1889' does not depend on any axioms
'Collatz.Research.CoefficientDescent.Batch029.ray_1889' depends on axioms: [propext, Quot.sound]
'Collatz.Research.CoefficientDescent.Batch029.certificate_1891' does not depend on any axioms
'Collatz.Research.CoefficientDescent.Batch029.ray_1891' depends on axioms: [propext, Quot.sound]
'Collatz.Research.CoefficientDescent.Batch029.certificate_1893' does not depend on any axioms
'Collatz.Research.CoefficientDescent.Batch029.ray_1893' depends on axioms: [propext, Quot.sound]
'Collatz.Research.CoefficientDescent.Batch029.certificate_1895' does not depend on any axioms
'Collatz.Research.CoefficientDescent.Batch029.ray_1895' depends on axioms: [propext, Quot.sound]
'Collatz.Research.CoefficientDescent.Batch029.certificate_1897' does not depend on any axioms
'Collatz.Research.CoefficientDescent.Batch029.ray_1897' depends on axioms: [propext, Quot.sound]
'Collatz.Research.CoefficientDescent.Batch029.certificate_1899' does not depend on any axioms
'Collatz.Research.CoefficientDescent.Batch029.ray_1899' depends on axioms: [propext, Quot.sound]
'Collatz.Research.CoefficientDescent.Batch029.certificate_1901' does not depend on any axioms
'Collatz.Research.CoefficientDescent.Batch029.ray_1901' depends on axioms: [propext, Quot.sound]
'Collatz.Research.CoefficientDescent.Batch029.certificate_1903' does not depend on any axioms
'Collatz.Research.CoefficientDescent.Batch029.ray_1903' depends on axioms: [propext, Quot.sound]
'Collatz.Research.CoefficientDescent.Batch029.certificate_1905' does not depend on any axioms
'Collatz.Research.CoefficientDescent.Batch029.ray_1905' depends on axioms: [propext, Quot.sound]
'Collatz.Research.CoefficientDescent.Batch029.certificate_1907' does not depend on any axioms
'Collatz.Research.CoefficientDescent.Batch029.ray_1907' depends on axioms: [propext, Quot.sound]
'Collatz.Research.CoefficientDescent.Batch029.certificate_1909' does not depend on any axioms
'Collatz.Research.CoefficientDescent.Batch029.ray_1909' depends on axioms: [propext, Quot.sound]
'Collatz.Research.CoefficientDescent.Batch029.certificate_1911' does not depend on any axioms
'Collatz.Research.CoefficientDescent.Batch029.ray_1911' depends on axioms: [propext, Quot.sound]
'Collatz.Research.CoefficientDescent.Batch029.certificate_1913' does not depend on any axioms
'Collatz.Research.CoefficientDescent.Batch029.ray_1913' depends on axioms: [propext, Quot.sound]
'Collatz.Research.CoefficientDescent.Batch029.certificate_1915' does not depend on any axioms
'Collatz.Research.CoefficientDescent.Batch029.ray_1915' depends on axioms: [propext, Quot.sound]
'Collatz.Research.CoefficientDescent.Batch029.certificate_1917' does not depend on any axioms
'Collatz.Research.CoefficientDescent.Batch029.ray_1917' depends on axioms: [propext, Quot.sound]
'Collatz.Research.CoefficientDescent.Batch029.certificate_1919' does not depend on any axioms
'Collatz.Research.CoefficientDescent.Batch029.ray_1919' depends on axioms: [propext, Quot.sound]
'Collatz.Research.CoefficientDescent.Batch029.certificate_1921' does not depend on any axioms
'Collatz.Research.CoefficientDescent.Batch029.ray_1921' depends on axioms: [propext, Quot.sound]
'Collatz.Research.CoefficientDescent.Batch029.certificate_1923' does not depend on any axioms
'Collatz.Research.CoefficientDescent.Batch029.ray_1923' depends on axioms: [propext, Quot.sound]
'Collatz.Research.CoefficientDescent.Batch029.certificate_1925' does not depend on any axioms
'Collatz.Research.CoefficientDescent.Batch029.ray_1925' depends on axioms: [propext, Quot.sound]
'Collatz.Research.CoefficientDescent.Batch029.certificate_1927' does not depend on any axioms
'Collatz.Research.CoefficientDescent.Batch029.ray_1927' depends on axioms: [propext, Quot.sound]
'Collatz.Research.CoefficientDescent.Batch029.certificate_1929' does not depend on any axioms
'Collatz.Research.CoefficientDescent.Batch029.ray_1929' depends on axioms: [propext, Quot.sound]
'Collatz.Research.CoefficientDescent.Batch029.certificate_1931' does not depend on any axioms
'Collatz.Research.CoefficientDescent.Batch029.ray_1931' depends on axioms: [propext, Quot.sound]
'Collatz.Research.CoefficientDescent.Batch029.certificate_1933' does not depend on any axioms
'Collatz.Research.CoefficientDescent.Batch029.ray_1933' depends on axioms: [propext, Quot.sound]
'Collatz.Research.CoefficientDescent.Batch029.certificate_1935' does not depend on any axioms
'Collatz.Research.CoefficientDescent.Batch029.ray_1935' depends on axioms: [propext, Quot.sound]
'Collatz.Research.CoefficientDescent.Batch029.certificate_1937' does not depend on any axioms
'Collatz.Research.CoefficientDescent.Batch029.ray_1937' depends on axioms: [propext, Quot.sound]
'Collatz.Research.CoefficientDescent.Batch029.certificate_1939' does not depend on any axioms
'Collatz.Research.CoefficientDescent.Batch029.ray_1939' depends on axioms: [propext, Quot.sound]
'Collatz.Research.CoefficientDescent.Batch029.certificate_1941' does not depend on any axioms
'Collatz.Research.CoefficientDescent.Batch029.ray_1941' depends on axioms: [propext, Quot.sound]
'Collatz.Research.CoefficientDescent.Batch029.certificate_1943' does not depend on any axioms
'Collatz.Research.CoefficientDescent.Batch029.ray_1943' depends on axioms: [propext, Quot.sound]
'Collatz.Research.CoefficientDescent.Batch029.coverage' depends on axioms: [propext, Quot.sound]
'Collatz.Research.CoefficientDescent.Batch030.certificate_1945' does not depend on any axioms
'Collatz.Research.CoefficientDescent.Batch030.ray_1945' depends on axioms: [propext, Quot.sound]
'Collatz.Research.CoefficientDescent.Batch030.certificate_1947' does not depend on any axioms
'Collatz.Research.CoefficientDescent.Batch030.ray_1947' depends on axioms: [propext, Quot.sound]
'Collatz.Research.CoefficientDescent.Batch030.certificate_1949' does not depend on any axioms
'Collatz.Research.CoefficientDescent.Batch030.ray_1949' depends on axioms: [propext, Quot.sound]
'Collatz.Research.CoefficientDescent.Batch030.certificate_1951' does not depend on any axioms
'Collatz.Research.CoefficientDescent.Batch030.ray_1951' depends on axioms: [propext, Quot.sound]
'Collatz.Research.CoefficientDescent.Batch030.certificate_1953' does not depend on any axioms
'Collatz.Research.CoefficientDescent.Batch030.ray_1953' depends on axioms: [propext, Quot.sound]
'Collatz.Research.CoefficientDescent.Batch030.certificate_1955' does not depend on any axioms
'Collatz.Research.CoefficientDescent.Batch030.ray_1955' depends on axioms: [propext, Quot.sound]
'Collatz.Research.CoefficientDescent.Batch030.certificate_1957' does not depend on any axioms
'Collatz.Research.CoefficientDescent.Batch030.ray_1957' depends on axioms: [propext, Quot.sound]
'Collatz.Research.CoefficientDescent.Batch030.certificate_1959' does not depend on any axioms
'Collatz.Research.CoefficientDescent.Batch030.ray_1959' depends on axioms: [propext, Quot.sound]
'Collatz.Research.CoefficientDescent.Batch030.certificate_1961' does not depend on any axioms
'Collatz.Research.CoefficientDescent.Batch030.ray_1961' depends on axioms: [propext, Quot.sound]
'Collatz.Research.CoefficientDescent.Batch030.certificate_1963' does not depend on any axioms
'Collatz.Research.CoefficientDescent.Batch030.ray_1963' depends on axioms: [propext, Quot.sound]
'Collatz.Research.CoefficientDescent.Batch030.certificate_1965' does not depend on any axioms
'Collatz.Research.CoefficientDescent.Batch030.ray_1965' depends on axioms: [propext, Quot.sound]
'Collatz.Research.CoefficientDescent.Batch030.certificate_1967' does not depend on any axioms
'Collatz.Research.CoefficientDescent.Batch030.ray_1967' depends on axioms: [propext, Quot.sound]
'Collatz.Research.CoefficientDescent.Batch030.certificate_1969' does not depend on any axioms
'Collatz.Research.CoefficientDescent.Batch030.ray_1969' depends on axioms: [propext, Quot.sound]
'Collatz.Research.CoefficientDescent.Batch030.certificate_1971' does not depend on any axioms
'Collatz.Research.CoefficientDescent.Batch030.ray_1971' depends on axioms: [propext, Quot.sound]
'Collatz.Research.CoefficientDescent.Batch030.certificate_1973' does not depend on any axioms
'Collatz.Research.CoefficientDescent.Batch030.ray_1973' depends on axioms: [propext, Quot.sound]
'Collatz.Research.CoefficientDescent.Batch030.certificate_1975' does not depend on any axioms
'Collatz.Research.CoefficientDescent.Batch030.ray_1975' depends on axioms: [propext, Quot.sound]
'Collatz.Research.CoefficientDescent.Batch030.certificate_1977' does not depend on any axioms
'Collatz.Research.CoefficientDescent.Batch030.ray_1977' depends on axioms: [propext, Quot.sound]
'Collatz.Research.CoefficientDescent.Batch030.certificate_1979' does not depend on any axioms
'Collatz.Research.CoefficientDescent.Batch030.ray_1979' depends on axioms: [propext, Quot.sound]
'Collatz.Research.CoefficientDescent.Batch030.certificate_1981' does not depend on any axioms
'Collatz.Research.CoefficientDescent.Batch030.ray_1981' depends on axioms: [propext, Quot.sound]
'Collatz.Research.CoefficientDescent.Batch030.certificate_1983' does not depend on any axioms
'Collatz.Research.CoefficientDescent.Batch030.ray_1983' depends on axioms: [propext, Quot.sound]
'Collatz.Research.CoefficientDescent.Batch030.certificate_1985' does not depend on any axioms
'Collatz.Research.CoefficientDescent.Batch030.ray_1985' depends on axioms: [propext, Quot.sound]
'Collatz.Research.CoefficientDescent.Batch030.certificate_1987' does not depend on any axioms
'Collatz.Research.CoefficientDescent.Batch030.ray_1987' depends on axioms: [propext, Quot.sound]
'Collatz.Research.CoefficientDescent.Batch030.certificate_1989' does not depend on any axioms
'Collatz.Research.CoefficientDescent.Batch030.ray_1989' depends on axioms: [propext, Quot.sound]
'Collatz.Research.CoefficientDescent.Batch030.certificate_1991' does not depend on any axioms
'Collatz.Research.CoefficientDescent.Batch030.ray_1991' depends on axioms: [propext, Quot.sound]
'Collatz.Research.CoefficientDescent.Batch030.certificate_1993' does not depend on any axioms
'Collatz.Research.CoefficientDescent.Batch030.ray_1993' depends on axioms: [propext, Quot.sound]
'Collatz.Research.CoefficientDescent.Batch030.certificate_1995' does not depend on any axioms
'Collatz.Research.CoefficientDescent.Batch030.ray_1995' depends on axioms: [propext, Quot.sound]
'Collatz.Research.CoefficientDescent.Batch030.certificate_1997' does not depend on any axioms
'Collatz.Research.CoefficientDescent.Batch030.ray_1997' depends on axioms: [propext, Quot.sound]
'Collatz.Research.CoefficientDescent.Batch030.certificate_1999' does not depend on any axioms
'Collatz.Research.CoefficientDescent.Batch030.ray_1999' depends on axioms: [propext, Quot.sound]
'Collatz.Research.CoefficientDescent.Batch030.certificate_2001' does not depend on any axioms
'Collatz.Research.CoefficientDescent.Batch030.ray_2001' depends on axioms: [propext, Quot.sound]
'Collatz.Research.CoefficientDescent.Batch030.certificate_2003' does not depend on any axioms
'Collatz.Research.CoefficientDescent.Batch030.ray_2003' depends on axioms: [propext, Quot.sound]
'Collatz.Research.CoefficientDescent.Batch030.certificate_2005' does not depend on any axioms
'Collatz.Research.CoefficientDescent.Batch030.ray_2005' depends on axioms: [propext, Quot.sound]
'Collatz.Research.CoefficientDescent.Batch030.certificate_2007' does not depend on any axioms
'Collatz.Research.CoefficientDescent.Batch030.ray_2007' depends on axioms: [propext, Quot.sound]
'Collatz.Research.CoefficientDescent.Batch030.certificate_2009' does not depend on any axioms
'Collatz.Research.CoefficientDescent.Batch030.ray_2009' depends on axioms: [propext, Quot.sound]
'Collatz.Research.CoefficientDescent.Batch030.coverage' depends on axioms: [propext, Quot.sound]
'Collatz.Research.CoefficientDescent.Batch031.certificate_2011' does not depend on any axioms
'Collatz.Research.CoefficientDescent.Batch031.ray_2011' depends on axioms: [propext, Quot.sound]
'Collatz.Research.CoefficientDescent.Batch031.certificate_2013' does not depend on any axioms
'Collatz.Research.CoefficientDescent.Batch031.ray_2013' depends on axioms: [propext, Quot.sound]
'Collatz.Research.CoefficientDescent.Batch031.certificate_2015' does not depend on any axioms
'Collatz.Research.CoefficientDescent.Batch031.ray_2015' depends on axioms: [propext, Quot.sound]
'Collatz.Research.CoefficientDescent.Batch031.certificate_2017' does not depend on any axioms
'Collatz.Research.CoefficientDescent.Batch031.ray_2017' depends on axioms: [propext, Quot.sound]
'Collatz.Research.CoefficientDescent.Batch031.certificate_2019' does not depend on any axioms
'Collatz.Research.CoefficientDescent.Batch031.ray_2019' depends on axioms: [propext, Quot.sound]
'Collatz.Research.CoefficientDescent.Batch031.certificate_2021' does not depend on any axioms
'Collatz.Research.CoefficientDescent.Batch031.ray_2021' depends on axioms: [propext, Quot.sound]
'Collatz.Research.CoefficientDescent.Batch031.certificate_2023' does not depend on any axioms
'Collatz.Research.CoefficientDescent.Batch031.ray_2023' depends on axioms: [propext, Quot.sound]
'Collatz.Research.CoefficientDescent.Batch031.certificate_2025' does not depend on any axioms
'Collatz.Research.CoefficientDescent.Batch031.ray_2025' depends on axioms: [propext, Quot.sound]
'Collatz.Research.CoefficientDescent.Batch031.certificate_2027' does not depend on any axioms
'Collatz.Research.CoefficientDescent.Batch031.ray_2027' depends on axioms: [propext, Quot.sound]
'Collatz.Research.CoefficientDescent.Batch031.certificate_2029' does not depend on any axioms
'Collatz.Research.CoefficientDescent.Batch031.ray_2029' depends on axioms: [propext, Quot.sound]
'Collatz.Research.CoefficientDescent.Batch031.certificate_2031' does not depend on any axioms
'Collatz.Research.CoefficientDescent.Batch031.ray_2031' depends on axioms: [propext, Quot.sound]
'Collatz.Research.CoefficientDescent.Batch031.certificate_2033' does not depend on any axioms
'Collatz.Research.CoefficientDescent.Batch031.ray_2033' depends on axioms: [propext, Quot.sound]
'Collatz.Research.CoefficientDescent.Batch031.certificate_2035' does not depend on any axioms
'Collatz.Research.CoefficientDescent.Batch031.ray_2035' depends on axioms: [propext, Quot.sound]
'Collatz.Research.CoefficientDescent.Batch031.certificate_2037' does not depend on any axioms
'Collatz.Research.CoefficientDescent.Batch031.ray_2037' depends on axioms: [propext, Quot.sound]
'Collatz.Research.CoefficientDescent.Batch031.certificate_2039' does not depend on any axioms
'Collatz.Research.CoefficientDescent.Batch031.ray_2039' depends on axioms: [propext, Quot.sound]
'Collatz.Research.CoefficientDescent.Batch031.certificate_2041' does not depend on any axioms
'Collatz.Research.CoefficientDescent.Batch031.ray_2041' depends on axioms: [propext, Quot.sound]
'Collatz.Research.CoefficientDescent.Batch031.certificate_2043' does not depend on any axioms
'Collatz.Research.CoefficientDescent.Batch031.ray_2043' depends on axioms: [propext, Quot.sound]
'Collatz.Research.CoefficientDescent.Batch031.certificate_2045' does not depend on any axioms
'Collatz.Research.CoefficientDescent.Batch031.ray_2045' depends on axioms: [propext, Quot.sound]
'Collatz.Research.CoefficientDescent.Batch031.certificate_2047' does not depend on any axioms
'Collatz.Research.CoefficientDescent.Batch031.ray_2047' depends on axioms: [propext, Quot.sound]
'Collatz.Research.CoefficientDescent.Batch031.certificate_2049' does not depend on any axioms
'Collatz.Research.CoefficientDescent.Batch031.ray_2049' depends on axioms: [propext, Quot.sound]
'Collatz.Research.CoefficientDescent.Batch031.certificate_2051' does not depend on any axioms
'Collatz.Research.CoefficientDescent.Batch031.ray_2051' depends on axioms: [propext, Quot.sound]
'Collatz.Research.CoefficientDescent.Batch031.certificate_2053' does not depend on any axioms
'Collatz.Research.CoefficientDescent.Batch031.ray_2053' depends on axioms: [propext, Quot.sound]
'Collatz.Research.CoefficientDescent.Batch031.certificate_2055' does not depend on any axioms
'Collatz.Research.CoefficientDescent.Batch031.ray_2055' depends on axioms: [propext, Quot.sound]
'Collatz.Research.CoefficientDescent.Batch031.certificate_2057' does not depend on any axioms
'Collatz.Research.CoefficientDescent.Batch031.ray_2057' depends on axioms: [propext, Quot.sound]
'Collatz.Research.CoefficientDescent.Batch031.certificate_2059' does not depend on any axioms
'Collatz.Research.CoefficientDescent.Batch031.ray_2059' depends on axioms: [propext, Quot.sound]
'Collatz.Research.CoefficientDescent.Batch031.certificate_2061' does not depend on any axioms
'Collatz.Research.CoefficientDescent.Batch031.ray_2061' depends on axioms: [propext, Quot.sound]
'Collatz.Research.CoefficientDescent.Batch031.certificate_2063' does not depend on any axioms
'Collatz.Research.CoefficientDescent.Batch031.ray_2063' depends on axioms: [propext, Quot.sound]
'Collatz.Research.CoefficientDescent.Batch031.certificate_2065' does not depend on any axioms
'Collatz.Research.CoefficientDescent.Batch031.ray_2065' depends on axioms: [propext, Quot.sound]
'Collatz.Research.CoefficientDescent.Batch031.certificate_2067' does not depend on any axioms
'Collatz.Research.CoefficientDescent.Batch031.ray_2067' depends on axioms: [propext, Quot.sound]
'Collatz.Research.CoefficientDescent.Batch031.certificate_2069' does not depend on any axioms
'Collatz.Research.CoefficientDescent.Batch031.ray_2069' depends on axioms: [propext, Quot.sound]
'Collatz.Research.CoefficientDescent.Batch031.certificate_2071' does not depend on any axioms
'Collatz.Research.CoefficientDescent.Batch031.ray_2071' depends on axioms: [propext, Quot.sound]
'Collatz.Research.CoefficientDescent.Batch031.certificate_2073' does not depend on any axioms
'Collatz.Research.CoefficientDescent.Batch031.ray_2073' depends on axioms: [propext, Quot.sound]
'Collatz.Research.CoefficientDescent.Batch031.certificate_2075' does not depend on any axioms
'Collatz.Research.CoefficientDescent.Batch031.ray_2075' depends on axioms: [propext, Quot.sound]
'Collatz.Research.CoefficientDescent.Batch031.certificate_2077' does not depend on any axioms
'Collatz.Research.CoefficientDescent.Batch031.ray_2077' depends on axioms: [propext, Quot.sound]
'Collatz.Research.CoefficientDescent.Batch031.coverage' depends on axioms: [propext, Quot.sound]
'Collatz.Research.CoefficientDescent.Batch032.certificate_2079' does not depend on any axioms
'Collatz.Research.CoefficientDescent.Batch032.ray_2079' depends on axioms: [propext, Quot.sound]
'Collatz.Research.CoefficientDescent.Batch032.certificate_2081' does not depend on any axioms
'Collatz.Research.CoefficientDescent.Batch032.ray_2081' depends on axioms: [propext, Quot.sound]
'Collatz.Research.CoefficientDescent.Batch032.certificate_2083' does not depend on any axioms
'Collatz.Research.CoefficientDescent.Batch032.ray_2083' depends on axioms: [propext, Quot.sound]
'Collatz.Research.CoefficientDescent.Batch032.certificate_2085' does not depend on any axioms
'Collatz.Research.CoefficientDescent.Batch032.ray_2085' depends on axioms: [propext, Quot.sound]
'Collatz.Research.CoefficientDescent.Batch032.certificate_2087' does not depend on any axioms
'Collatz.Research.CoefficientDescent.Batch032.ray_2087' depends on axioms: [propext, Quot.sound]
'Collatz.Research.CoefficientDescent.Batch032.certificate_2089' does not depend on any axioms
'Collatz.Research.CoefficientDescent.Batch032.ray_2089' depends on axioms: [propext, Quot.sound]
'Collatz.Research.CoefficientDescent.Batch032.certificate_2091' does not depend on any axioms
'Collatz.Research.CoefficientDescent.Batch032.ray_2091' depends on axioms: [propext, Quot.sound]
'Collatz.Research.CoefficientDescent.Batch032.certificate_2093' does not depend on any axioms
'Collatz.Research.CoefficientDescent.Batch032.ray_2093' depends on axioms: [propext, Quot.sound]
'Collatz.Research.CoefficientDescent.Batch032.certificate_2095' does not depend on any axioms
'Collatz.Research.CoefficientDescent.Batch032.ray_2095' depends on axioms: [propext, Quot.sound]
'Collatz.Research.CoefficientDescent.Batch032.certificate_2097' does not depend on any axioms
'Collatz.Research.CoefficientDescent.Batch032.ray_2097' depends on axioms: [propext, Quot.sound]
'Collatz.Research.CoefficientDescent.Batch032.certificate_2099' does not depend on any axioms
'Collatz.Research.CoefficientDescent.Batch032.ray_2099' depends on axioms: [propext, Quot.sound]
'Collatz.Research.CoefficientDescent.Batch032.certificate_2101' does not depend on any axioms
'Collatz.Research.CoefficientDescent.Batch032.ray_2101' depends on axioms: [propext, Quot.sound]
'Collatz.Research.CoefficientDescent.Batch032.certificate_2103' does not depend on any axioms
'Collatz.Research.CoefficientDescent.Batch032.ray_2103' depends on axioms: [propext, Quot.sound]
'Collatz.Research.CoefficientDescent.Batch032.certificate_2105' does not depend on any axioms
'Collatz.Research.CoefficientDescent.Batch032.ray_2105' depends on axioms: [propext, Quot.sound]
'Collatz.Research.CoefficientDescent.Batch032.certificate_2107' does not depend on any axioms
'Collatz.Research.CoefficientDescent.Batch032.ray_2107' depends on axioms: [propext, Quot.sound]
'Collatz.Research.CoefficientDescent.Batch032.certificate_2109' does not depend on any axioms
'Collatz.Research.CoefficientDescent.Batch032.ray_2109' depends on axioms: [propext, Quot.sound]
'Collatz.Research.CoefficientDescent.Batch032.certificate_2111' does not depend on any axioms
'Collatz.Research.CoefficientDescent.Batch032.ray_2111' depends on axioms: [propext, Quot.sound]
'Collatz.Research.CoefficientDescent.Batch032.certificate_2113' does not depend on any axioms
'Collatz.Research.CoefficientDescent.Batch032.ray_2113' depends on axioms: [propext, Quot.sound]
'Collatz.Research.CoefficientDescent.Batch032.certificate_2115' does not depend on any axioms
'Collatz.Research.CoefficientDescent.Batch032.ray_2115' depends on axioms: [propext, Quot.sound]
'Collatz.Research.CoefficientDescent.Batch032.certificate_2117' does not depend on any axioms
'Collatz.Research.CoefficientDescent.Batch032.ray_2117' depends on axioms: [propext, Quot.sound]
'Collatz.Research.CoefficientDescent.Batch032.certificate_2119' does not depend on any axioms
'Collatz.Research.CoefficientDescent.Batch032.ray_2119' depends on axioms: [propext, Quot.sound]
'Collatz.Research.CoefficientDescent.Batch032.certificate_2121' does not depend on any axioms
'Collatz.Research.CoefficientDescent.Batch032.ray_2121' depends on axioms: [propext, Quot.sound]
'Collatz.Research.CoefficientDescent.Batch032.certificate_2123' does not depend on any axioms
'Collatz.Research.CoefficientDescent.Batch032.ray_2123' depends on axioms: [propext, Quot.sound]
'Collatz.Research.CoefficientDescent.Batch032.certificate_2125' does not depend on any axioms
'Collatz.Research.CoefficientDescent.Batch032.ray_2125' depends on axioms: [propext, Quot.sound]
'Collatz.Research.CoefficientDescent.Batch032.certificate_2127' does not depend on any axioms
'Collatz.Research.CoefficientDescent.Batch032.ray_2127' depends on axioms: [propext, Quot.sound]
'Collatz.Research.CoefficientDescent.Batch032.certificate_2129' does not depend on any axioms
'Collatz.Research.CoefficientDescent.Batch032.ray_2129' depends on axioms: [propext, Quot.sound]
'Collatz.Research.CoefficientDescent.Batch032.certificate_2131' does not depend on any axioms
'Collatz.Research.CoefficientDescent.Batch032.ray_2131' depends on axioms: [propext, Quot.sound]
'Collatz.Research.CoefficientDescent.Batch032.certificate_2133' does not depend on any axioms
'Collatz.Research.CoefficientDescent.Batch032.ray_2133' depends on axioms: [propext, Quot.sound]
'Collatz.Research.CoefficientDescent.Batch032.certificate_2135' does not depend on any axioms
'Collatz.Research.CoefficientDescent.Batch032.ray_2135' depends on axioms: [propext, Quot.sound]
'Collatz.Research.CoefficientDescent.Batch032.certificate_2137' does not depend on any axioms
'Collatz.Research.CoefficientDescent.Batch032.ray_2137' depends on axioms: [propext, Quot.sound]
'Collatz.Research.CoefficientDescent.Batch032.certificate_2139' does not depend on any axioms
'Collatz.Research.CoefficientDescent.Batch032.ray_2139' depends on axioms: [propext, Quot.sound]
'Collatz.Research.CoefficientDescent.Batch032.certificate_2141' does not depend on any axioms
'Collatz.Research.CoefficientDescent.Batch032.ray_2141' depends on axioms: [propext, Quot.sound]
'Collatz.Research.CoefficientDescent.Batch032.certificate_2143' does not depend on any axioms
'Collatz.Research.CoefficientDescent.Batch032.ray_2143' depends on axioms: [propext, Quot.sound]
'Collatz.Research.CoefficientDescent.Batch032.coverage' depends on axioms: [propext, Quot.sound]
'Collatz.Research.CoefficientDescent.Batch033.certificate_2145' does not depend on any axioms
'Collatz.Research.CoefficientDescent.Batch033.ray_2145' depends on axioms: [propext, Quot.sound]
'Collatz.Research.CoefficientDescent.Batch033.certificate_2147' does not depend on any axioms
'Collatz.Research.CoefficientDescent.Batch033.ray_2147' depends on axioms: [propext, Quot.sound]
'Collatz.Research.CoefficientDescent.Batch033.certificate_2149' does not depend on any axioms
'Collatz.Research.CoefficientDescent.Batch033.ray_2149' depends on axioms: [propext, Quot.sound]
'Collatz.Research.CoefficientDescent.Batch033.certificate_2151' does not depend on any axioms
'Collatz.Research.CoefficientDescent.Batch033.ray_2151' depends on axioms: [propext, Quot.sound]
'Collatz.Research.CoefficientDescent.Batch033.certificate_2153' does not depend on any axioms
'Collatz.Research.CoefficientDescent.Batch033.ray_2153' depends on axioms: [propext, Quot.sound]
'Collatz.Research.CoefficientDescent.Batch033.certificate_2155' does not depend on any axioms
'Collatz.Research.CoefficientDescent.Batch033.ray_2155' depends on axioms: [propext, Quot.sound]
'Collatz.Research.CoefficientDescent.Batch033.certificate_2157' does not depend on any axioms
'Collatz.Research.CoefficientDescent.Batch033.ray_2157' depends on axioms: [propext, Quot.sound]
'Collatz.Research.CoefficientDescent.Batch033.certificate_2159' does not depend on any axioms
'Collatz.Research.CoefficientDescent.Batch033.ray_2159' depends on axioms: [propext, Quot.sound]
'Collatz.Research.CoefficientDescent.Batch033.certificate_2161' does not depend on any axioms
'Collatz.Research.CoefficientDescent.Batch033.ray_2161' depends on axioms: [propext, Quot.sound]
'Collatz.Research.CoefficientDescent.Batch033.certificate_2163' does not depend on any axioms
'Collatz.Research.CoefficientDescent.Batch033.ray_2163' depends on axioms: [propext, Quot.sound]
'Collatz.Research.CoefficientDescent.Batch033.certificate_2165' does not depend on any axioms
'Collatz.Research.CoefficientDescent.Batch033.ray_2165' depends on axioms: [propext, Quot.sound]
'Collatz.Research.CoefficientDescent.Batch033.certificate_2167' does not depend on any axioms
'Collatz.Research.CoefficientDescent.Batch033.ray_2167' depends on axioms: [propext, Quot.sound]
'Collatz.Research.CoefficientDescent.Batch033.certificate_2169' does not depend on any axioms
'Collatz.Research.CoefficientDescent.Batch033.ray_2169' depends on axioms: [propext, Quot.sound]
'Collatz.Research.CoefficientDescent.Batch033.certificate_2171' does not depend on any axioms
'Collatz.Research.CoefficientDescent.Batch033.ray_2171' depends on axioms: [propext, Quot.sound]
'Collatz.Research.CoefficientDescent.Batch033.certificate_2173' does not depend on any axioms
'Collatz.Research.CoefficientDescent.Batch033.ray_2173' depends on axioms: [propext, Quot.sound]
'Collatz.Research.CoefficientDescent.Batch033.certificate_2175' does not depend on any axioms
'Collatz.Research.CoefficientDescent.Batch033.ray_2175' depends on axioms: [propext, Quot.sound]
'Collatz.Research.CoefficientDescent.Batch033.certificate_2177' does not depend on any axioms
'Collatz.Research.CoefficientDescent.Batch033.ray_2177' depends on axioms: [propext, Quot.sound]
'Collatz.Research.CoefficientDescent.Batch033.certificate_2179' does not depend on any axioms
'Collatz.Research.CoefficientDescent.Batch033.ray_2179' depends on axioms: [propext, Quot.sound]
'Collatz.Research.CoefficientDescent.Batch033.certificate_2181' does not depend on any axioms
'Collatz.Research.CoefficientDescent.Batch033.ray_2181' depends on axioms: [propext, Quot.sound]
'Collatz.Research.CoefficientDescent.Batch033.certificate_2183' does not depend on any axioms
'Collatz.Research.CoefficientDescent.Batch033.ray_2183' depends on axioms: [propext, Quot.sound]
'Collatz.Research.CoefficientDescent.Batch033.certificate_2185' does not depend on any axioms
'Collatz.Research.CoefficientDescent.Batch033.ray_2185' depends on axioms: [propext, Quot.sound]
'Collatz.Research.CoefficientDescent.Batch033.certificate_2187' does not depend on any axioms
'Collatz.Research.CoefficientDescent.Batch033.ray_2187' depends on axioms: [propext, Quot.sound]
'Collatz.Research.CoefficientDescent.Batch033.certificate_2189' does not depend on any axioms
'Collatz.Research.CoefficientDescent.Batch033.ray_2189' depends on axioms: [propext, Quot.sound]
'Collatz.Research.CoefficientDescent.Batch033.certificate_2191' does not depend on any axioms
'Collatz.Research.CoefficientDescent.Batch033.ray_2191' depends on axioms: [propext, Quot.sound]
'Collatz.Research.CoefficientDescent.Batch033.certificate_2193' does not depend on any axioms
'Collatz.Research.CoefficientDescent.Batch033.ray_2193' depends on axioms: [propext, Quot.sound]
'Collatz.Research.CoefficientDescent.Batch033.certificate_2195' does not depend on any axioms
'Collatz.Research.CoefficientDescent.Batch033.ray_2195' depends on axioms: [propext, Quot.sound]
'Collatz.Research.CoefficientDescent.Batch033.certificate_2197' does not depend on any axioms
'Collatz.Research.CoefficientDescent.Batch033.ray_2197' depends on axioms: [propext, Quot.sound]
'Collatz.Research.CoefficientDescent.Batch033.certificate_2199' does not depend on any axioms
'Collatz.Research.CoefficientDescent.Batch033.ray_2199' depends on axioms: [propext, Quot.sound]
'Collatz.Research.CoefficientDescent.Batch033.certificate_2201' does not depend on any axioms
'Collatz.Research.CoefficientDescent.Batch033.ray_2201' depends on axioms: [propext, Quot.sound]
'Collatz.Research.CoefficientDescent.Batch033.certificate_2203' does not depend on any axioms
'Collatz.Research.CoefficientDescent.Batch033.ray_2203' depends on axioms: [propext, Quot.sound]
'Collatz.Research.CoefficientDescent.Batch033.certificate_2205' does not depend on any axioms
'Collatz.Research.CoefficientDescent.Batch033.ray_2205' depends on axioms: [propext, Quot.sound]
'Collatz.Research.CoefficientDescent.Batch033.certificate_2207' does not depend on any axioms
'Collatz.Research.CoefficientDescent.Batch033.ray_2207' depends on axioms: [propext, Quot.sound]
'Collatz.Research.CoefficientDescent.Batch033.certificate_2209' does not depend on any axioms
'Collatz.Research.CoefficientDescent.Batch033.ray_2209' depends on axioms: [propext, Quot.sound]
'Collatz.Research.CoefficientDescent.Batch033.certificate_2211' does not depend on any axioms
'Collatz.Research.CoefficientDescent.Batch033.ray_2211' depends on axioms: [propext, Quot.sound]
'Collatz.Research.CoefficientDescent.Batch033.coverage' depends on axioms: [propext, Quot.sound]
'Collatz.Research.CoefficientDescent.Batch034.certificate_2213' does not depend on any axioms
'Collatz.Research.CoefficientDescent.Batch034.ray_2213' depends on axioms: [propext, Quot.sound]
'Collatz.Research.CoefficientDescent.Batch034.certificate_2215' does not depend on any axioms
'Collatz.Research.CoefficientDescent.Batch034.ray_2215' depends on axioms: [propext, Quot.sound]
'Collatz.Research.CoefficientDescent.Batch034.certificate_2217' does not depend on any axioms
'Collatz.Research.CoefficientDescent.Batch034.ray_2217' depends on axioms: [propext, Quot.sound]
'Collatz.Research.CoefficientDescent.Batch034.certificate_2219' does not depend on any axioms
'Collatz.Research.CoefficientDescent.Batch034.ray_2219' depends on axioms: [propext, Quot.sound]
'Collatz.Research.CoefficientDescent.Batch034.certificate_2221' does not depend on any axioms
'Collatz.Research.CoefficientDescent.Batch034.ray_2221' depends on axioms: [propext, Quot.sound]
'Collatz.Research.CoefficientDescent.Batch034.certificate_2223' does not depend on any axioms
'Collatz.Research.CoefficientDescent.Batch034.ray_2223' depends on axioms: [propext, Quot.sound]
'Collatz.Research.CoefficientDescent.Batch034.certificate_2225' does not depend on any axioms
'Collatz.Research.CoefficientDescent.Batch034.ray_2225' depends on axioms: [propext, Quot.sound]
'Collatz.Research.CoefficientDescent.Batch034.certificate_2227' does not depend on any axioms
'Collatz.Research.CoefficientDescent.Batch034.ray_2227' depends on axioms: [propext, Quot.sound]
'Collatz.Research.CoefficientDescent.Batch034.certificate_2229' does not depend on any axioms
'Collatz.Research.CoefficientDescent.Batch034.ray_2229' depends on axioms: [propext, Quot.sound]
'Collatz.Research.CoefficientDescent.Batch034.certificate_2231' does not depend on any axioms
'Collatz.Research.CoefficientDescent.Batch034.ray_2231' depends on axioms: [propext, Quot.sound]
'Collatz.Research.CoefficientDescent.Batch034.certificate_2233' does not depend on any axioms
'Collatz.Research.CoefficientDescent.Batch034.ray_2233' depends on axioms: [propext, Quot.sound]
'Collatz.Research.CoefficientDescent.Batch034.certificate_2235' does not depend on any axioms
'Collatz.Research.CoefficientDescent.Batch034.ray_2235' depends on axioms: [propext, Quot.sound]
'Collatz.Research.CoefficientDescent.Batch034.certificate_2237' does not depend on any axioms
'Collatz.Research.CoefficientDescent.Batch034.ray_2237' depends on axioms: [propext, Quot.sound]
'Collatz.Research.CoefficientDescent.Batch034.certificate_2239' does not depend on any axioms
'Collatz.Research.CoefficientDescent.Batch034.ray_2239' depends on axioms: [propext, Quot.sound]
'Collatz.Research.CoefficientDescent.Batch034.certificate_2241' does not depend on any axioms
'Collatz.Research.CoefficientDescent.Batch034.ray_2241' depends on axioms: [propext, Quot.sound]
'Collatz.Research.CoefficientDescent.Batch034.certificate_2243' does not depend on any axioms
'Collatz.Research.CoefficientDescent.Batch034.ray_2243' depends on axioms: [propext, Quot.sound]
'Collatz.Research.CoefficientDescent.Batch034.certificate_2245' does not depend on any axioms
'Collatz.Research.CoefficientDescent.Batch034.ray_2245' depends on axioms: [propext, Quot.sound]
'Collatz.Research.CoefficientDescent.Batch034.certificate_2247' does not depend on any axioms
'Collatz.Research.CoefficientDescent.Batch034.ray_2247' depends on axioms: [propext, Quot.sound]
'Collatz.Research.CoefficientDescent.Batch034.certificate_2249' does not depend on any axioms
'Collatz.Research.CoefficientDescent.Batch034.ray_2249' depends on axioms: [propext, Quot.sound]
'Collatz.Research.CoefficientDescent.Batch034.certificate_2251' does not depend on any axioms
'Collatz.Research.CoefficientDescent.Batch034.ray_2251' depends on axioms: [propext, Quot.sound]
'Collatz.Research.CoefficientDescent.Batch034.certificate_2253' does not depend on any axioms
'Collatz.Research.CoefficientDescent.Batch034.ray_2253' depends on axioms: [propext, Quot.sound]
'Collatz.Research.CoefficientDescent.Batch034.certificate_2255' does not depend on any axioms
'Collatz.Research.CoefficientDescent.Batch034.ray_2255' depends on axioms: [propext, Quot.sound]
'Collatz.Research.CoefficientDescent.Batch034.certificate_2257' does not depend on any axioms
'Collatz.Research.CoefficientDescent.Batch034.ray_2257' depends on axioms: [propext, Quot.sound]
'Collatz.Research.CoefficientDescent.Batch034.certificate_2259' does not depend on any axioms
'Collatz.Research.CoefficientDescent.Batch034.ray_2259' depends on axioms: [propext, Quot.sound]
'Collatz.Research.CoefficientDescent.Batch034.certificate_2261' does not depend on any axioms
'Collatz.Research.CoefficientDescent.Batch034.ray_2261' depends on axioms: [propext, Quot.sound]
'Collatz.Research.CoefficientDescent.Batch034.certificate_2263' does not depend on any axioms
'Collatz.Research.CoefficientDescent.Batch034.ray_2263' depends on axioms: [propext, Quot.sound]
'Collatz.Research.CoefficientDescent.Batch034.certificate_2265' does not depend on any axioms
'Collatz.Research.CoefficientDescent.Batch034.ray_2265' depends on axioms: [propext, Quot.sound]
'Collatz.Research.CoefficientDescent.Batch034.certificate_2267' does not depend on any axioms
'Collatz.Research.CoefficientDescent.Batch034.ray_2267' depends on axioms: [propext, Quot.sound]
'Collatz.Research.CoefficientDescent.Batch034.certificate_2269' does not depend on any axioms
'Collatz.Research.CoefficientDescent.Batch034.ray_2269' depends on axioms: [propext, Quot.sound]
'Collatz.Research.CoefficientDescent.Batch034.certificate_2271' does not depend on any axioms
'Collatz.Research.CoefficientDescent.Batch034.ray_2271' depends on axioms: [propext, Quot.sound]
'Collatz.Research.CoefficientDescent.Batch034.certificate_2273' does not depend on any axioms
'Collatz.Research.CoefficientDescent.Batch034.ray_2273' depends on axioms: [propext, Quot.sound]
'Collatz.Research.CoefficientDescent.Batch034.certificate_2275' does not depend on any axioms
'Collatz.Research.CoefficientDescent.Batch034.ray_2275' depends on axioms: [propext, Quot.sound]
'Collatz.Research.CoefficientDescent.Batch034.certificate_2277' does not depend on any axioms
'Collatz.Research.CoefficientDescent.Batch034.ray_2277' depends on axioms: [propext, Quot.sound]
'Collatz.Research.CoefficientDescent.Batch034.coverage' depends on axioms: [propext, Quot.sound]
'Collatz.Research.CoefficientDescent.Batch035.certificate_2279' does not depend on any axioms
'Collatz.Research.CoefficientDescent.Batch035.ray_2279' depends on axioms: [propext, Quot.sound]
'Collatz.Research.CoefficientDescent.Batch035.certificate_2281' does not depend on any axioms
'Collatz.Research.CoefficientDescent.Batch035.ray_2281' depends on axioms: [propext, Quot.sound]
'Collatz.Research.CoefficientDescent.Batch035.certificate_2283' does not depend on any axioms
'Collatz.Research.CoefficientDescent.Batch035.ray_2283' depends on axioms: [propext, Quot.sound]
'Collatz.Research.CoefficientDescent.Batch035.certificate_2285' does not depend on any axioms
'Collatz.Research.CoefficientDescent.Batch035.ray_2285' depends on axioms: [propext, Quot.sound]
'Collatz.Research.CoefficientDescent.Batch035.certificate_2287' does not depend on any axioms
'Collatz.Research.CoefficientDescent.Batch035.ray_2287' depends on axioms: [propext, Quot.sound]
'Collatz.Research.CoefficientDescent.Batch035.certificate_2289' does not depend on any axioms
'Collatz.Research.CoefficientDescent.Batch035.ray_2289' depends on axioms: [propext, Quot.sound]
'Collatz.Research.CoefficientDescent.Batch035.certificate_2291' does not depend on any axioms
'Collatz.Research.CoefficientDescent.Batch035.ray_2291' depends on axioms: [propext, Quot.sound]
'Collatz.Research.CoefficientDescent.Batch035.certificate_2293' does not depend on any axioms
'Collatz.Research.CoefficientDescent.Batch035.ray_2293' depends on axioms: [propext, Quot.sound]
'Collatz.Research.CoefficientDescent.Batch035.certificate_2295' does not depend on any axioms
'Collatz.Research.CoefficientDescent.Batch035.ray_2295' depends on axioms: [propext, Quot.sound]
'Collatz.Research.CoefficientDescent.Batch035.certificate_2297' does not depend on any axioms
'Collatz.Research.CoefficientDescent.Batch035.ray_2297' depends on axioms: [propext, Quot.sound]
'Collatz.Research.CoefficientDescent.Batch035.certificate_2299' does not depend on any axioms
'Collatz.Research.CoefficientDescent.Batch035.ray_2299' depends on axioms: [propext, Quot.sound]
'Collatz.Research.CoefficientDescent.Batch035.certificate_2301' does not depend on any axioms
'Collatz.Research.CoefficientDescent.Batch035.ray_2301' depends on axioms: [propext, Quot.sound]
'Collatz.Research.CoefficientDescent.Batch035.certificate_2303' does not depend on any axioms
'Collatz.Research.CoefficientDescent.Batch035.ray_2303' depends on axioms: [propext, Quot.sound]
'Collatz.Research.CoefficientDescent.Batch035.certificate_2305' does not depend on any axioms
'Collatz.Research.CoefficientDescent.Batch035.ray_2305' depends on axioms: [propext, Quot.sound]
'Collatz.Research.CoefficientDescent.Batch035.certificate_2307' does not depend on any axioms
'Collatz.Research.CoefficientDescent.Batch035.ray_2307' depends on axioms: [propext, Quot.sound]
'Collatz.Research.CoefficientDescent.Batch035.certificate_2309' does not depend on any axioms
'Collatz.Research.CoefficientDescent.Batch035.ray_2309' depends on axioms: [propext, Quot.sound]
'Collatz.Research.CoefficientDescent.Batch035.certificate_2311' does not depend on any axioms
'Collatz.Research.CoefficientDescent.Batch035.ray_2311' depends on axioms: [propext, Quot.sound]
'Collatz.Research.CoefficientDescent.Batch035.certificate_2313' does not depend on any axioms
'Collatz.Research.CoefficientDescent.Batch035.ray_2313' depends on axioms: [propext, Quot.sound]
'Collatz.Research.CoefficientDescent.Batch035.certificate_2315' does not depend on any axioms
'Collatz.Research.CoefficientDescent.Batch035.ray_2315' depends on axioms: [propext, Quot.sound]
'Collatz.Research.CoefficientDescent.Batch035.certificate_2317' does not depend on any axioms
'Collatz.Research.CoefficientDescent.Batch035.ray_2317' depends on axioms: [propext, Quot.sound]
'Collatz.Research.CoefficientDescent.Batch035.certificate_2319' does not depend on any axioms
'Collatz.Research.CoefficientDescent.Batch035.ray_2319' depends on axioms: [propext, Quot.sound]
'Collatz.Research.CoefficientDescent.Batch035.certificate_2321' does not depend on any axioms
'Collatz.Research.CoefficientDescent.Batch035.ray_2321' depends on axioms: [propext, Quot.sound]
'Collatz.Research.CoefficientDescent.Batch035.certificate_2323' does not depend on any axioms
'Collatz.Research.CoefficientDescent.Batch035.ray_2323' depends on axioms: [propext, Quot.sound]
'Collatz.Research.CoefficientDescent.Batch035.certificate_2325' does not depend on any axioms
'Collatz.Research.CoefficientDescent.Batch035.ray_2325' depends on axioms: [propext, Quot.sound]
'Collatz.Research.CoefficientDescent.Batch035.certificate_2327' does not depend on any axioms
'Collatz.Research.CoefficientDescent.Batch035.ray_2327' depends on axioms: [propext, Quot.sound]
'Collatz.Research.CoefficientDescent.Batch035.certificate_2329' does not depend on any axioms
'Collatz.Research.CoefficientDescent.Batch035.ray_2329' depends on axioms: [propext, Quot.sound]
'Collatz.Research.CoefficientDescent.Batch035.certificate_2331' does not depend on any axioms
'Collatz.Research.CoefficientDescent.Batch035.ray_2331' depends on axioms: [propext, Quot.sound]
'Collatz.Research.CoefficientDescent.Batch035.certificate_2333' does not depend on any axioms
'Collatz.Research.CoefficientDescent.Batch035.ray_2333' depends on axioms: [propext, Quot.sound]
'Collatz.Research.CoefficientDescent.Batch035.certificate_2335' does not depend on any axioms
'Collatz.Research.CoefficientDescent.Batch035.ray_2335' depends on axioms: [propext, Quot.sound]
'Collatz.Research.CoefficientDescent.Batch035.certificate_2337' does not depend on any axioms
'Collatz.Research.CoefficientDescent.Batch035.ray_2337' depends on axioms: [propext, Quot.sound]
'Collatz.Research.CoefficientDescent.Batch035.certificate_2339' does not depend on any axioms
'Collatz.Research.CoefficientDescent.Batch035.ray_2339' depends on axioms: [propext, Quot.sound]
'Collatz.Research.CoefficientDescent.Batch035.certificate_2341' does not depend on any axioms
'Collatz.Research.CoefficientDescent.Batch035.ray_2341' depends on axioms: [propext, Quot.sound]
'Collatz.Research.CoefficientDescent.Batch035.certificate_2343' does not depend on any axioms
'Collatz.Research.CoefficientDescent.Batch035.ray_2343' depends on axioms: [propext, Quot.sound]
'Collatz.Research.CoefficientDescent.Batch035.certificate_2345' does not depend on any axioms
'Collatz.Research.CoefficientDescent.Batch035.ray_2345' depends on axioms: [propext, Quot.sound]
'Collatz.Research.CoefficientDescent.Batch035.coverage' depends on axioms: [propext, Quot.sound]
'Collatz.Research.CoefficientDescent.Batch036.certificate_2347' does not depend on any axioms
'Collatz.Research.CoefficientDescent.Batch036.ray_2347' depends on axioms: [propext, Quot.sound]
'Collatz.Research.CoefficientDescent.Batch036.certificate_2349' does not depend on any axioms
'Collatz.Research.CoefficientDescent.Batch036.ray_2349' depends on axioms: [propext, Quot.sound]
'Collatz.Research.CoefficientDescent.Batch036.certificate_2351' does not depend on any axioms
'Collatz.Research.CoefficientDescent.Batch036.ray_2351' depends on axioms: [propext, Quot.sound]
'Collatz.Research.CoefficientDescent.Batch036.certificate_2353' does not depend on any axioms
'Collatz.Research.CoefficientDescent.Batch036.ray_2353' depends on axioms: [propext, Quot.sound]
'Collatz.Research.CoefficientDescent.Batch036.certificate_2355' does not depend on any axioms
'Collatz.Research.CoefficientDescent.Batch036.ray_2355' depends on axioms: [propext, Quot.sound]
'Collatz.Research.CoefficientDescent.Batch036.certificate_2357' does not depend on any axioms
'Collatz.Research.CoefficientDescent.Batch036.ray_2357' depends on axioms: [propext, Quot.sound]
'Collatz.Research.CoefficientDescent.Batch036.certificate_2359' does not depend on any axioms
'Collatz.Research.CoefficientDescent.Batch036.ray_2359' depends on axioms: [propext, Quot.sound]
'Collatz.Research.CoefficientDescent.Batch036.certificate_2361' does not depend on any axioms
'Collatz.Research.CoefficientDescent.Batch036.ray_2361' depends on axioms: [propext, Quot.sound]
'Collatz.Research.CoefficientDescent.Batch036.certificate_2363' does not depend on any axioms
'Collatz.Research.CoefficientDescent.Batch036.ray_2363' depends on axioms: [propext, Quot.sound]
'Collatz.Research.CoefficientDescent.Batch036.certificate_2365' does not depend on any axioms
'Collatz.Research.CoefficientDescent.Batch036.ray_2365' depends on axioms: [propext, Quot.sound]
'Collatz.Research.CoefficientDescent.Batch036.certificate_2367' does not depend on any axioms
'Collatz.Research.CoefficientDescent.Batch036.ray_2367' depends on axioms: [propext, Quot.sound]
'Collatz.Research.CoefficientDescent.Batch036.certificate_2369' does not depend on any axioms
'Collatz.Research.CoefficientDescent.Batch036.ray_2369' depends on axioms: [propext, Quot.sound]
'Collatz.Research.CoefficientDescent.Batch036.certificate_2371' does not depend on any axioms
'Collatz.Research.CoefficientDescent.Batch036.ray_2371' depends on axioms: [propext, Quot.sound]
'Collatz.Research.CoefficientDescent.Batch036.certificate_2373' does not depend on any axioms
'Collatz.Research.CoefficientDescent.Batch036.ray_2373' depends on axioms: [propext, Quot.sound]
'Collatz.Research.CoefficientDescent.Batch036.certificate_2375' does not depend on any axioms
'Collatz.Research.CoefficientDescent.Batch036.ray_2375' depends on axioms: [propext, Quot.sound]
'Collatz.Research.CoefficientDescent.Batch036.certificate_2377' does not depend on any axioms
'Collatz.Research.CoefficientDescent.Batch036.ray_2377' depends on axioms: [propext, Quot.sound]
'Collatz.Research.CoefficientDescent.Batch036.certificate_2379' does not depend on any axioms
'Collatz.Research.CoefficientDescent.Batch036.ray_2379' depends on axioms: [propext, Quot.sound]
'Collatz.Research.CoefficientDescent.Batch036.certificate_2381' does not depend on any axioms
'Collatz.Research.CoefficientDescent.Batch036.ray_2381' depends on axioms: [propext, Quot.sound]
'Collatz.Research.CoefficientDescent.Batch036.certificate_2383' does not depend on any axioms
'Collatz.Research.CoefficientDescent.Batch036.ray_2383' depends on axioms: [propext, Quot.sound]
'Collatz.Research.CoefficientDescent.Batch036.certificate_2385' does not depend on any axioms
'Collatz.Research.CoefficientDescent.Batch036.ray_2385' depends on axioms: [propext, Quot.sound]
'Collatz.Research.CoefficientDescent.Batch036.certificate_2387' does not depend on any axioms
'Collatz.Research.CoefficientDescent.Batch036.ray_2387' depends on axioms: [propext, Quot.sound]
'Collatz.Research.CoefficientDescent.Batch036.certificate_2389' does not depend on any axioms
'Collatz.Research.CoefficientDescent.Batch036.ray_2389' depends on axioms: [propext, Quot.sound]
'Collatz.Research.CoefficientDescent.Batch036.certificate_2391' does not depend on any axioms
'Collatz.Research.CoefficientDescent.Batch036.ray_2391' depends on axioms: [propext, Quot.sound]
'Collatz.Research.CoefficientDescent.Batch036.certificate_2393' does not depend on any axioms
'Collatz.Research.CoefficientDescent.Batch036.ray_2393' depends on axioms: [propext, Quot.sound]
'Collatz.Research.CoefficientDescent.Batch036.certificate_2395' does not depend on any axioms
'Collatz.Research.CoefficientDescent.Batch036.ray_2395' depends on axioms: [propext, Quot.sound]
'Collatz.Research.CoefficientDescent.Batch036.certificate_2397' does not depend on any axioms
'Collatz.Research.CoefficientDescent.Batch036.ray_2397' depends on axioms: [propext, Quot.sound]
'Collatz.Research.CoefficientDescent.Batch036.certificate_2399' does not depend on any axioms
'Collatz.Research.CoefficientDescent.Batch036.ray_2399' depends on axioms: [propext, Quot.sound]
'Collatz.Research.CoefficientDescent.Batch036.certificate_2401' does not depend on any axioms
'Collatz.Research.CoefficientDescent.Batch036.ray_2401' depends on axioms: [propext, Quot.sound]
'Collatz.Research.CoefficientDescent.Batch036.certificate_2403' does not depend on any axioms
'Collatz.Research.CoefficientDescent.Batch036.ray_2403' depends on axioms: [propext, Quot.sound]
'Collatz.Research.CoefficientDescent.Batch036.certificate_2405' does not depend on any axioms
'Collatz.Research.CoefficientDescent.Batch036.ray_2405' depends on axioms: [propext, Quot.sound]
'Collatz.Research.CoefficientDescent.Batch036.certificate_2407' does not depend on any axioms
'Collatz.Research.CoefficientDescent.Batch036.ray_2407' depends on axioms: [propext, Quot.sound]
'Collatz.Research.CoefficientDescent.Batch036.certificate_2409' does not depend on any axioms
'Collatz.Research.CoefficientDescent.Batch036.ray_2409' depends on axioms: [propext, Quot.sound]
'Collatz.Research.CoefficientDescent.Batch036.certificate_2411' does not depend on any axioms
'Collatz.Research.CoefficientDescent.Batch036.ray_2411' depends on axioms: [propext, Quot.sound]
'Collatz.Research.CoefficientDescent.Batch036.coverage' depends on axioms: [propext, Quot.sound]
'Collatz.Research.CoefficientDescent.Batch037.certificate_2413' does not depend on any axioms
'Collatz.Research.CoefficientDescent.Batch037.ray_2413' depends on axioms: [propext, Quot.sound]
'Collatz.Research.CoefficientDescent.Batch037.certificate_2415' does not depend on any axioms
'Collatz.Research.CoefficientDescent.Batch037.ray_2415' depends on axioms: [propext, Quot.sound]
'Collatz.Research.CoefficientDescent.Batch037.certificate_2417' does not depend on any axioms
'Collatz.Research.CoefficientDescent.Batch037.ray_2417' depends on axioms: [propext, Quot.sound]
'Collatz.Research.CoefficientDescent.Batch037.certificate_2419' does not depend on any axioms
'Collatz.Research.CoefficientDescent.Batch037.ray_2419' depends on axioms: [propext, Quot.sound]
'Collatz.Research.CoefficientDescent.Batch037.certificate_2421' does not depend on any axioms
'Collatz.Research.CoefficientDescent.Batch037.ray_2421' depends on axioms: [propext, Quot.sound]
'Collatz.Research.CoefficientDescent.Batch037.certificate_2423' does not depend on any axioms
'Collatz.Research.CoefficientDescent.Batch037.ray_2423' depends on axioms: [propext, Quot.sound]
'Collatz.Research.CoefficientDescent.Batch037.certificate_2425' does not depend on any axioms
'Collatz.Research.CoefficientDescent.Batch037.ray_2425' depends on axioms: [propext, Quot.sound]
'Collatz.Research.CoefficientDescent.Batch037.certificate_2427' does not depend on any axioms
'Collatz.Research.CoefficientDescent.Batch037.ray_2427' depends on axioms: [propext, Quot.sound]
'Collatz.Research.CoefficientDescent.Batch037.certificate_2429' does not depend on any axioms
'Collatz.Research.CoefficientDescent.Batch037.ray_2429' depends on axioms: [propext, Quot.sound]
'Collatz.Research.CoefficientDescent.Batch037.certificate_2431' does not depend on any axioms
'Collatz.Research.CoefficientDescent.Batch037.ray_2431' depends on axioms: [propext, Quot.sound]
'Collatz.Research.CoefficientDescent.Batch037.certificate_2433' does not depend on any axioms
'Collatz.Research.CoefficientDescent.Batch037.ray_2433' depends on axioms: [propext, Quot.sound]
'Collatz.Research.CoefficientDescent.Batch037.certificate_2435' does not depend on any axioms
'Collatz.Research.CoefficientDescent.Batch037.ray_2435' depends on axioms: [propext, Quot.sound]
'Collatz.Research.CoefficientDescent.Batch037.certificate_2437' does not depend on any axioms
'Collatz.Research.CoefficientDescent.Batch037.ray_2437' depends on axioms: [propext, Quot.sound]
'Collatz.Research.CoefficientDescent.Batch037.certificate_2439' does not depend on any axioms
'Collatz.Research.CoefficientDescent.Batch037.ray_2439' depends on axioms: [propext, Quot.sound]
'Collatz.Research.CoefficientDescent.Batch037.certificate_2441' does not depend on any axioms
'Collatz.Research.CoefficientDescent.Batch037.ray_2441' depends on axioms: [propext, Quot.sound]
'Collatz.Research.CoefficientDescent.Batch037.certificate_2443' does not depend on any axioms
'Collatz.Research.CoefficientDescent.Batch037.ray_2443' depends on axioms: [propext, Quot.sound]
'Collatz.Research.CoefficientDescent.Batch037.certificate_2445' does not depend on any axioms
'Collatz.Research.CoefficientDescent.Batch037.ray_2445' depends on axioms: [propext, Quot.sound]
'Collatz.Research.CoefficientDescent.Batch037.certificate_2447' does not depend on any axioms
'Collatz.Research.CoefficientDescent.Batch037.ray_2447' depends on axioms: [propext, Quot.sound]
'Collatz.Research.CoefficientDescent.Batch037.certificate_2449' does not depend on any axioms
'Collatz.Research.CoefficientDescent.Batch037.ray_2449' depends on axioms: [propext, Quot.sound]
'Collatz.Research.CoefficientDescent.Batch037.certificate_2451' does not depend on any axioms
'Collatz.Research.CoefficientDescent.Batch037.ray_2451' depends on axioms: [propext, Quot.sound]
'Collatz.Research.CoefficientDescent.Batch037.certificate_2453' does not depend on any axioms
'Collatz.Research.CoefficientDescent.Batch037.ray_2453' depends on axioms: [propext, Quot.sound]
'Collatz.Research.CoefficientDescent.Batch037.certificate_2455' does not depend on any axioms
'Collatz.Research.CoefficientDescent.Batch037.ray_2455' depends on axioms: [propext, Quot.sound]
'Collatz.Research.CoefficientDescent.Batch037.certificate_2457' does not depend on any axioms
'Collatz.Research.CoefficientDescent.Batch037.ray_2457' depends on axioms: [propext, Quot.sound]
'Collatz.Research.CoefficientDescent.Batch037.certificate_2459' does not depend on any axioms
'Collatz.Research.CoefficientDescent.Batch037.ray_2459' depends on axioms: [propext, Quot.sound]
'Collatz.Research.CoefficientDescent.Batch037.certificate_2461' does not depend on any axioms
'Collatz.Research.CoefficientDescent.Batch037.ray_2461' depends on axioms: [propext, Quot.sound]
'Collatz.Research.CoefficientDescent.Batch037.certificate_2463' does not depend on any axioms
'Collatz.Research.CoefficientDescent.Batch037.ray_2463' depends on axioms: [propext, Quot.sound]
'Collatz.Research.CoefficientDescent.Batch037.certificate_2465' does not depend on any axioms
'Collatz.Research.CoefficientDescent.Batch037.ray_2465' depends on axioms: [propext, Quot.sound]
'Collatz.Research.CoefficientDescent.Batch037.certificate_2467' does not depend on any axioms
'Collatz.Research.CoefficientDescent.Batch037.ray_2467' depends on axioms: [propext, Quot.sound]
'Collatz.Research.CoefficientDescent.Batch037.certificate_2469' does not depend on any axioms
'Collatz.Research.CoefficientDescent.Batch037.ray_2469' depends on axioms: [propext, Quot.sound]
'Collatz.Research.CoefficientDescent.Batch037.certificate_2471' does not depend on any axioms
'Collatz.Research.CoefficientDescent.Batch037.ray_2471' depends on axioms: [propext, Quot.sound]
'Collatz.Research.CoefficientDescent.Batch037.certificate_2473' does not depend on any axioms
'Collatz.Research.CoefficientDescent.Batch037.ray_2473' depends on axioms: [propext, Quot.sound]
'Collatz.Research.CoefficientDescent.Batch037.certificate_2475' does not depend on any axioms
'Collatz.Research.CoefficientDescent.Batch037.ray_2475' depends on axioms: [propext, Quot.sound]
'Collatz.Research.CoefficientDescent.Batch037.certificate_2477' does not depend on any axioms
'Collatz.Research.CoefficientDescent.Batch037.ray_2477' depends on axioms: [propext, Quot.sound]
'Collatz.Research.CoefficientDescent.Batch037.certificate_2479' does not depend on any axioms
'Collatz.Research.CoefficientDescent.Batch037.ray_2479' depends on axioms: [propext, Quot.sound]
'Collatz.Research.CoefficientDescent.Batch037.coverage' depends on axioms: [propext, Quot.sound]
'Collatz.Research.CoefficientDescent.Batch038.certificate_2481' does not depend on any axioms
'Collatz.Research.CoefficientDescent.Batch038.ray_2481' depends on axioms: [propext, Quot.sound]
'Collatz.Research.CoefficientDescent.Batch038.certificate_2483' does not depend on any axioms
'Collatz.Research.CoefficientDescent.Batch038.ray_2483' depends on axioms: [propext, Quot.sound]
'Collatz.Research.CoefficientDescent.Batch038.certificate_2485' does not depend on any axioms
'Collatz.Research.CoefficientDescent.Batch038.ray_2485' depends on axioms: [propext, Quot.sound]
'Collatz.Research.CoefficientDescent.Batch038.certificate_2487' does not depend on any axioms
'Collatz.Research.CoefficientDescent.Batch038.ray_2487' depends on axioms: [propext, Quot.sound]
'Collatz.Research.CoefficientDescent.Batch038.certificate_2489' does not depend on any axioms
'Collatz.Research.CoefficientDescent.Batch038.ray_2489' depends on axioms: [propext, Quot.sound]
'Collatz.Research.CoefficientDescent.Batch038.certificate_2491' does not depend on any axioms
'Collatz.Research.CoefficientDescent.Batch038.ray_2491' depends on axioms: [propext, Quot.sound]
'Collatz.Research.CoefficientDescent.Batch038.certificate_2493' does not depend on any axioms
'Collatz.Research.CoefficientDescent.Batch038.ray_2493' depends on axioms: [propext, Quot.sound]
'Collatz.Research.CoefficientDescent.Batch038.certificate_2495' does not depend on any axioms
'Collatz.Research.CoefficientDescent.Batch038.ray_2495' depends on axioms: [propext, Quot.sound]
'Collatz.Research.CoefficientDescent.Batch038.certificate_2497' does not depend on any axioms
'Collatz.Research.CoefficientDescent.Batch038.ray_2497' depends on axioms: [propext, Quot.sound]
'Collatz.Research.CoefficientDescent.Batch038.certificate_2499' does not depend on any axioms
'Collatz.Research.CoefficientDescent.Batch038.ray_2499' depends on axioms: [propext, Quot.sound]
'Collatz.Research.CoefficientDescent.Batch038.certificate_2501' does not depend on any axioms
'Collatz.Research.CoefficientDescent.Batch038.ray_2501' depends on axioms: [propext, Quot.sound]
'Collatz.Research.CoefficientDescent.Batch038.certificate_2503' does not depend on any axioms
'Collatz.Research.CoefficientDescent.Batch038.ray_2503' depends on axioms: [propext, Quot.sound]
'Collatz.Research.CoefficientDescent.Batch038.certificate_2505' does not depend on any axioms
'Collatz.Research.CoefficientDescent.Batch038.ray_2505' depends on axioms: [propext, Quot.sound]
'Collatz.Research.CoefficientDescent.Batch038.certificate_2507' does not depend on any axioms
'Collatz.Research.CoefficientDescent.Batch038.ray_2507' depends on axioms: [propext, Quot.sound]
'Collatz.Research.CoefficientDescent.Batch038.certificate_2509' does not depend on any axioms
'Collatz.Research.CoefficientDescent.Batch038.ray_2509' depends on axioms: [propext, Quot.sound]
'Collatz.Research.CoefficientDescent.Batch038.certificate_2511' does not depend on any axioms
'Collatz.Research.CoefficientDescent.Batch038.ray_2511' depends on axioms: [propext, Quot.sound]
'Collatz.Research.CoefficientDescent.Batch038.certificate_2513' does not depend on any axioms
'Collatz.Research.CoefficientDescent.Batch038.ray_2513' depends on axioms: [propext, Quot.sound]
'Collatz.Research.CoefficientDescent.Batch038.certificate_2515' does not depend on any axioms
'Collatz.Research.CoefficientDescent.Batch038.ray_2515' depends on axioms: [propext, Quot.sound]
'Collatz.Research.CoefficientDescent.Batch038.certificate_2517' does not depend on any axioms
'Collatz.Research.CoefficientDescent.Batch038.ray_2517' depends on axioms: [propext, Quot.sound]
'Collatz.Research.CoefficientDescent.Batch038.certificate_2519' does not depend on any axioms
'Collatz.Research.CoefficientDescent.Batch038.ray_2519' depends on axioms: [propext, Quot.sound]
'Collatz.Research.CoefficientDescent.Batch038.certificate_2521' does not depend on any axioms
'Collatz.Research.CoefficientDescent.Batch038.ray_2521' depends on axioms: [propext, Quot.sound]
'Collatz.Research.CoefficientDescent.Batch038.certificate_2523' does not depend on any axioms
'Collatz.Research.CoefficientDescent.Batch038.ray_2523' depends on axioms: [propext, Quot.sound]
'Collatz.Research.CoefficientDescent.Batch038.certificate_2525' does not depend on any axioms
'Collatz.Research.CoefficientDescent.Batch038.ray_2525' depends on axioms: [propext, Quot.sound]
'Collatz.Research.CoefficientDescent.Batch038.certificate_2527' does not depend on any axioms
'Collatz.Research.CoefficientDescent.Batch038.ray_2527' depends on axioms: [propext, Quot.sound]
'Collatz.Research.CoefficientDescent.Batch038.certificate_2529' does not depend on any axioms
'Collatz.Research.CoefficientDescent.Batch038.ray_2529' depends on axioms: [propext, Quot.sound]
'Collatz.Research.CoefficientDescent.Batch038.certificate_2531' does not depend on any axioms
'Collatz.Research.CoefficientDescent.Batch038.ray_2531' depends on axioms: [propext, Quot.sound]
'Collatz.Research.CoefficientDescent.Batch038.certificate_2533' does not depend on any axioms
'Collatz.Research.CoefficientDescent.Batch038.ray_2533' depends on axioms: [propext, Quot.sound]
'Collatz.Research.CoefficientDescent.Batch038.certificate_2535' does not depend on any axioms
'Collatz.Research.CoefficientDescent.Batch038.ray_2535' depends on axioms: [propext, Quot.sound]
'Collatz.Research.CoefficientDescent.Batch038.certificate_2537' does not depend on any axioms
'Collatz.Research.CoefficientDescent.Batch038.ray_2537' depends on axioms: [propext, Quot.sound]
'Collatz.Research.CoefficientDescent.Batch038.certificate_2539' does not depend on any axioms
'Collatz.Research.CoefficientDescent.Batch038.ray_2539' depends on axioms: [propext, Quot.sound]
'Collatz.Research.CoefficientDescent.Batch038.certificate_2541' does not depend on any axioms
'Collatz.Research.CoefficientDescent.Batch038.ray_2541' depends on axioms: [propext, Quot.sound]
'Collatz.Research.CoefficientDescent.Batch038.certificate_2543' does not depend on any axioms
'Collatz.Research.CoefficientDescent.Batch038.ray_2543' depends on axioms: [propext, Quot.sound]
'Collatz.Research.CoefficientDescent.Batch038.certificate_2545' does not depend on any axioms
'Collatz.Research.CoefficientDescent.Batch038.ray_2545' depends on axioms: [propext, Quot.sound]
'Collatz.Research.CoefficientDescent.Batch038.coverage' depends on axioms: [propext, Quot.sound]
'Collatz.Research.CoefficientDescent.Batch039.certificate_2547' does not depend on any axioms
'Collatz.Research.CoefficientDescent.Batch039.ray_2547' depends on axioms: [propext, Quot.sound]
'Collatz.Research.CoefficientDescent.Batch039.certificate_2549' does not depend on any axioms
'Collatz.Research.CoefficientDescent.Batch039.ray_2549' depends on axioms: [propext, Quot.sound]
'Collatz.Research.CoefficientDescent.Batch039.certificate_2551' does not depend on any axioms
'Collatz.Research.CoefficientDescent.Batch039.ray_2551' depends on axioms: [propext, Quot.sound]
'Collatz.Research.CoefficientDescent.Batch039.certificate_2553' does not depend on any axioms
'Collatz.Research.CoefficientDescent.Batch039.ray_2553' depends on axioms: [propext, Quot.sound]
'Collatz.Research.CoefficientDescent.Batch039.certificate_2555' does not depend on any axioms
'Collatz.Research.CoefficientDescent.Batch039.ray_2555' depends on axioms: [propext, Quot.sound]
'Collatz.Research.CoefficientDescent.Batch039.certificate_2557' does not depend on any axioms
'Collatz.Research.CoefficientDescent.Batch039.ray_2557' depends on axioms: [propext, Quot.sound]
'Collatz.Research.CoefficientDescent.Batch039.certificate_2559' does not depend on any axioms
'Collatz.Research.CoefficientDescent.Batch039.ray_2559' depends on axioms: [propext, Quot.sound]
'Collatz.Research.CoefficientDescent.Batch039.certificate_2561' does not depend on any axioms
'Collatz.Research.CoefficientDescent.Batch039.ray_2561' depends on axioms: [propext, Quot.sound]
'Collatz.Research.CoefficientDescent.Batch039.certificate_2563' does not depend on any axioms
'Collatz.Research.CoefficientDescent.Batch039.ray_2563' depends on axioms: [propext, Quot.sound]
'Collatz.Research.CoefficientDescent.Batch039.certificate_2565' does not depend on any axioms
'Collatz.Research.CoefficientDescent.Batch039.ray_2565' depends on axioms: [propext, Quot.sound]
'Collatz.Research.CoefficientDescent.Batch039.certificate_2567' does not depend on any axioms
'Collatz.Research.CoefficientDescent.Batch039.ray_2567' depends on axioms: [propext, Quot.sound]
'Collatz.Research.CoefficientDescent.Batch039.certificate_2569' does not depend on any axioms
'Collatz.Research.CoefficientDescent.Batch039.ray_2569' depends on axioms: [propext, Quot.sound]
'Collatz.Research.CoefficientDescent.Batch039.certificate_2571' does not depend on any axioms
'Collatz.Research.CoefficientDescent.Batch039.ray_2571' depends on axioms: [propext, Quot.sound]
'Collatz.Research.CoefficientDescent.Batch039.certificate_2573' does not depend on any axioms
'Collatz.Research.CoefficientDescent.Batch039.ray_2573' depends on axioms: [propext, Quot.sound]
'Collatz.Research.CoefficientDescent.Batch039.certificate_2575' does not depend on any axioms
'Collatz.Research.CoefficientDescent.Batch039.ray_2575' depends on axioms: [propext, Quot.sound]
'Collatz.Research.CoefficientDescent.Batch039.certificate_2577' does not depend on any axioms
'Collatz.Research.CoefficientDescent.Batch039.ray_2577' depends on axioms: [propext, Quot.sound]
'Collatz.Research.CoefficientDescent.Batch039.certificate_2579' does not depend on any axioms
'Collatz.Research.CoefficientDescent.Batch039.ray_2579' depends on axioms: [propext, Quot.sound]
'Collatz.Research.CoefficientDescent.Batch039.certificate_2581' does not depend on any axioms
'Collatz.Research.CoefficientDescent.Batch039.ray_2581' depends on axioms: [propext, Quot.sound]
'Collatz.Research.CoefficientDescent.Batch039.certificate_2583' does not depend on any axioms
'Collatz.Research.CoefficientDescent.Batch039.ray_2583' depends on axioms: [propext, Quot.sound]
'Collatz.Research.CoefficientDescent.Batch039.certificate_2585' does not depend on any axioms
'Collatz.Research.CoefficientDescent.Batch039.ray_2585' depends on axioms: [propext, Quot.sound]
'Collatz.Research.CoefficientDescent.Batch039.certificate_2587' does not depend on any axioms
'Collatz.Research.CoefficientDescent.Batch039.ray_2587' depends on axioms: [propext, Quot.sound]
'Collatz.Research.CoefficientDescent.Batch039.certificate_2589' does not depend on any axioms
'Collatz.Research.CoefficientDescent.Batch039.ray_2589' depends on axioms: [propext, Quot.sound]
'Collatz.Research.CoefficientDescent.Batch039.certificate_2591' does not depend on any axioms
'Collatz.Research.CoefficientDescent.Batch039.ray_2591' depends on axioms: [propext, Quot.sound]
'Collatz.Research.CoefficientDescent.Batch039.certificate_2593' does not depend on any axioms
'Collatz.Research.CoefficientDescent.Batch039.ray_2593' depends on axioms: [propext, Quot.sound]
'Collatz.Research.CoefficientDescent.Batch039.certificate_2595' does not depend on any axioms
'Collatz.Research.CoefficientDescent.Batch039.ray_2595' depends on axioms: [propext, Quot.sound]
'Collatz.Research.CoefficientDescent.Batch039.certificate_2597' does not depend on any axioms
'Collatz.Research.CoefficientDescent.Batch039.ray_2597' depends on axioms: [propext, Quot.sound]
'Collatz.Research.CoefficientDescent.Batch039.certificate_2599' does not depend on any axioms
'Collatz.Research.CoefficientDescent.Batch039.ray_2599' depends on axioms: [propext, Quot.sound]
'Collatz.Research.CoefficientDescent.Batch039.certificate_2601' does not depend on any axioms
'Collatz.Research.CoefficientDescent.Batch039.ray_2601' depends on axioms: [propext, Quot.sound]
'Collatz.Research.CoefficientDescent.Batch039.certificate_2603' does not depend on any axioms
'Collatz.Research.CoefficientDescent.Batch039.ray_2603' depends on axioms: [propext, Quot.sound]
'Collatz.Research.CoefficientDescent.Batch039.certificate_2605' does not depend on any axioms
'Collatz.Research.CoefficientDescent.Batch039.ray_2605' depends on axioms: [propext, Quot.sound]
'Collatz.Research.CoefficientDescent.Batch039.certificate_2607' does not depend on any axioms
'Collatz.Research.CoefficientDescent.Batch039.ray_2607' depends on axioms: [propext, Quot.sound]
'Collatz.Research.CoefficientDescent.Batch039.certificate_2609' does not depend on any axioms
'Collatz.Research.CoefficientDescent.Batch039.ray_2609' depends on axioms: [propext, Quot.sound]
'Collatz.Research.CoefficientDescent.Batch039.certificate_2611' does not depend on any axioms
'Collatz.Research.CoefficientDescent.Batch039.ray_2611' depends on axioms: [propext, Quot.sound]
'Collatz.Research.CoefficientDescent.Batch039.certificate_2613' does not depend on any axioms
'Collatz.Research.CoefficientDescent.Batch039.ray_2613' depends on axioms: [propext, Quot.sound]
'Collatz.Research.CoefficientDescent.Batch039.coverage' depends on axioms: [propext, Quot.sound]
'Collatz.Research.CoefficientDescent.Batch040.certificate_2615' does not depend on any axioms
'Collatz.Research.CoefficientDescent.Batch040.ray_2615' depends on axioms: [propext, Quot.sound]
'Collatz.Research.CoefficientDescent.Batch040.certificate_2617' does not depend on any axioms
'Collatz.Research.CoefficientDescent.Batch040.ray_2617' depends on axioms: [propext, Quot.sound]
'Collatz.Research.CoefficientDescent.Batch040.certificate_2619' does not depend on any axioms
'Collatz.Research.CoefficientDescent.Batch040.ray_2619' depends on axioms: [propext, Quot.sound]
'Collatz.Research.CoefficientDescent.Batch040.certificate_2621' does not depend on any axioms
'Collatz.Research.CoefficientDescent.Batch040.ray_2621' depends on axioms: [propext, Quot.sound]
'Collatz.Research.CoefficientDescent.Batch040.certificate_2623' does not depend on any axioms
'Collatz.Research.CoefficientDescent.Batch040.ray_2623' depends on axioms: [propext, Quot.sound]
'Collatz.Research.CoefficientDescent.Batch040.certificate_2625' does not depend on any axioms
'Collatz.Research.CoefficientDescent.Batch040.ray_2625' depends on axioms: [propext, Quot.sound]
'Collatz.Research.CoefficientDescent.Batch040.certificate_2627' does not depend on any axioms
'Collatz.Research.CoefficientDescent.Batch040.ray_2627' depends on axioms: [propext, Quot.sound]
'Collatz.Research.CoefficientDescent.Batch040.certificate_2629' does not depend on any axioms
'Collatz.Research.CoefficientDescent.Batch040.ray_2629' depends on axioms: [propext, Quot.sound]
'Collatz.Research.CoefficientDescent.Batch040.certificate_2631' does not depend on any axioms
'Collatz.Research.CoefficientDescent.Batch040.ray_2631' depends on axioms: [propext, Quot.sound]
'Collatz.Research.CoefficientDescent.Batch040.certificate_2633' does not depend on any axioms
'Collatz.Research.CoefficientDescent.Batch040.ray_2633' depends on axioms: [propext, Quot.sound]
'Collatz.Research.CoefficientDescent.Batch040.certificate_2635' does not depend on any axioms
'Collatz.Research.CoefficientDescent.Batch040.ray_2635' depends on axioms: [propext, Quot.sound]
'Collatz.Research.CoefficientDescent.Batch040.certificate_2637' does not depend on any axioms
'Collatz.Research.CoefficientDescent.Batch040.ray_2637' depends on axioms: [propext, Quot.sound]
'Collatz.Research.CoefficientDescent.Batch040.certificate_2639' does not depend on any axioms
'Collatz.Research.CoefficientDescent.Batch040.ray_2639' depends on axioms: [propext, Quot.sound]
'Collatz.Research.CoefficientDescent.Batch040.certificate_2641' does not depend on any axioms
'Collatz.Research.CoefficientDescent.Batch040.ray_2641' depends on axioms: [propext, Quot.sound]
'Collatz.Research.CoefficientDescent.Batch040.certificate_2643' does not depend on any axioms
'Collatz.Research.CoefficientDescent.Batch040.ray_2643' depends on axioms: [propext, Quot.sound]
'Collatz.Research.CoefficientDescent.Batch040.certificate_2645' does not depend on any axioms
'Collatz.Research.CoefficientDescent.Batch040.ray_2645' depends on axioms: [propext, Quot.sound]
'Collatz.Research.CoefficientDescent.Batch040.certificate_2647' does not depend on any axioms
'Collatz.Research.CoefficientDescent.Batch040.ray_2647' depends on axioms: [propext, Quot.sound]
'Collatz.Research.CoefficientDescent.Batch040.certificate_2649' does not depend on any axioms
'Collatz.Research.CoefficientDescent.Batch040.ray_2649' depends on axioms: [propext, Quot.sound]
'Collatz.Research.CoefficientDescent.Batch040.certificate_2651' does not depend on any axioms
'Collatz.Research.CoefficientDescent.Batch040.ray_2651' depends on axioms: [propext, Quot.sound]
'Collatz.Research.CoefficientDescent.Batch040.certificate_2653' does not depend on any axioms
'Collatz.Research.CoefficientDescent.Batch040.ray_2653' depends on axioms: [propext, Quot.sound]
'Collatz.Research.CoefficientDescent.Batch040.certificate_2655' does not depend on any axioms
'Collatz.Research.CoefficientDescent.Batch040.ray_2655' depends on axioms: [propext, Quot.sound]
'Collatz.Research.CoefficientDescent.Batch040.certificate_2657' does not depend on any axioms
'Collatz.Research.CoefficientDescent.Batch040.ray_2657' depends on axioms: [propext, Quot.sound]
'Collatz.Research.CoefficientDescent.Batch040.certificate_2659' does not depend on any axioms
'Collatz.Research.CoefficientDescent.Batch040.ray_2659' depends on axioms: [propext, Quot.sound]
'Collatz.Research.CoefficientDescent.Batch040.certificate_2661' does not depend on any axioms
'Collatz.Research.CoefficientDescent.Batch040.ray_2661' depends on axioms: [propext, Quot.sound]
'Collatz.Research.CoefficientDescent.Batch040.certificate_2663' does not depend on any axioms
'Collatz.Research.CoefficientDescent.Batch040.ray_2663' depends on axioms: [propext, Quot.sound]
'Collatz.Research.CoefficientDescent.Batch040.certificate_2665' does not depend on any axioms
'Collatz.Research.CoefficientDescent.Batch040.ray_2665' depends on axioms: [propext, Quot.sound]
'Collatz.Research.CoefficientDescent.Batch040.certificate_2667' does not depend on any axioms
'Collatz.Research.CoefficientDescent.Batch040.ray_2667' depends on axioms: [propext, Quot.sound]
'Collatz.Research.CoefficientDescent.Batch040.certificate_2669' does not depend on any axioms
'Collatz.Research.CoefficientDescent.Batch040.ray_2669' depends on axioms: [propext, Quot.sound]
'Collatz.Research.CoefficientDescent.Batch040.certificate_2671' does not depend on any axioms
'Collatz.Research.CoefficientDescent.Batch040.ray_2671' depends on axioms: [propext, Quot.sound]
'Collatz.Research.CoefficientDescent.Batch040.certificate_2673' does not depend on any axioms
'Collatz.Research.CoefficientDescent.Batch040.ray_2673' depends on axioms: [propext, Quot.sound]
'Collatz.Research.CoefficientDescent.Batch040.certificate_2675' does not depend on any axioms
'Collatz.Research.CoefficientDescent.Batch040.ray_2675' depends on axioms: [propext, Quot.sound]
'Collatz.Research.CoefficientDescent.Batch040.certificate_2677' does not depend on any axioms
'Collatz.Research.CoefficientDescent.Batch040.ray_2677' depends on axioms: [propext, Quot.sound]
'Collatz.Research.CoefficientDescent.Batch040.certificate_2679' does not depend on any axioms
'Collatz.Research.CoefficientDescent.Batch040.ray_2679' depends on axioms: [propext, Quot.sound]
'Collatz.Research.CoefficientDescent.Batch040.coverage' depends on axioms: [propext, Quot.sound]
'Collatz.Research.CoefficientDescent.Batch041.certificate_2681' does not depend on any axioms
'Collatz.Research.CoefficientDescent.Batch041.ray_2681' depends on axioms: [propext, Quot.sound]
'Collatz.Research.CoefficientDescent.Batch041.certificate_2683' does not depend on any axioms
'Collatz.Research.CoefficientDescent.Batch041.ray_2683' depends on axioms: [propext, Quot.sound]
'Collatz.Research.CoefficientDescent.Batch041.certificate_2685' does not depend on any axioms
'Collatz.Research.CoefficientDescent.Batch041.ray_2685' depends on axioms: [propext, Quot.sound]
'Collatz.Research.CoefficientDescent.Batch041.certificate_2687' does not depend on any axioms
'Collatz.Research.CoefficientDescent.Batch041.ray_2687' depends on axioms: [propext, Quot.sound]
'Collatz.Research.CoefficientDescent.Batch041.certificate_2689' does not depend on any axioms
'Collatz.Research.CoefficientDescent.Batch041.ray_2689' depends on axioms: [propext, Quot.sound]
'Collatz.Research.CoefficientDescent.Batch041.certificate_2691' does not depend on any axioms
'Collatz.Research.CoefficientDescent.Batch041.ray_2691' depends on axioms: [propext, Quot.sound]
'Collatz.Research.CoefficientDescent.Batch041.certificate_2693' does not depend on any axioms
'Collatz.Research.CoefficientDescent.Batch041.ray_2693' depends on axioms: [propext, Quot.sound]
'Collatz.Research.CoefficientDescent.Batch041.certificate_2695' does not depend on any axioms
'Collatz.Research.CoefficientDescent.Batch041.ray_2695' depends on axioms: [propext, Quot.sound]
'Collatz.Research.CoefficientDescent.Batch041.certificate_2697' does not depend on any axioms
'Collatz.Research.CoefficientDescent.Batch041.ray_2697' depends on axioms: [propext, Quot.sound]
'Collatz.Research.CoefficientDescent.Batch041.certificate_2699' does not depend on any axioms
'Collatz.Research.CoefficientDescent.Batch041.ray_2699' depends on axioms: [propext, Quot.sound]
'Collatz.Research.CoefficientDescent.Batch041.certificate_2701' does not depend on any axioms
'Collatz.Research.CoefficientDescent.Batch041.ray_2701' depends on axioms: [propext, Quot.sound]
'Collatz.Research.CoefficientDescent.Batch041.certificate_2703' does not depend on any axioms
'Collatz.Research.CoefficientDescent.Batch041.ray_2703' depends on axioms: [propext, Quot.sound]
'Collatz.Research.CoefficientDescent.Batch041.certificate_2705' does not depend on any axioms
'Collatz.Research.CoefficientDescent.Batch041.ray_2705' depends on axioms: [propext, Quot.sound]
'Collatz.Research.CoefficientDescent.Batch041.certificate_2707' does not depend on any axioms
'Collatz.Research.CoefficientDescent.Batch041.ray_2707' depends on axioms: [propext, Quot.sound]
'Collatz.Research.CoefficientDescent.Batch041.certificate_2709' does not depend on any axioms
'Collatz.Research.CoefficientDescent.Batch041.ray_2709' depends on axioms: [propext, Quot.sound]
'Collatz.Research.CoefficientDescent.Batch041.certificate_2711' does not depend on any axioms
'Collatz.Research.CoefficientDescent.Batch041.ray_2711' depends on axioms: [propext, Quot.sound]
'Collatz.Research.CoefficientDescent.Batch041.certificate_2713' does not depend on any axioms
'Collatz.Research.CoefficientDescent.Batch041.ray_2713' depends on axioms: [propext, Quot.sound]
'Collatz.Research.CoefficientDescent.Batch041.certificate_2715' does not depend on any axioms
'Collatz.Research.CoefficientDescent.Batch041.ray_2715' depends on axioms: [propext, Quot.sound]
'Collatz.Research.CoefficientDescent.Batch041.certificate_2717' does not depend on any axioms
'Collatz.Research.CoefficientDescent.Batch041.ray_2717' depends on axioms: [propext, Quot.sound]
'Collatz.Research.CoefficientDescent.Batch041.certificate_2719' does not depend on any axioms
'Collatz.Research.CoefficientDescent.Batch041.ray_2719' depends on axioms: [propext, Quot.sound]
'Collatz.Research.CoefficientDescent.Batch041.certificate_2721' does not depend on any axioms
'Collatz.Research.CoefficientDescent.Batch041.ray_2721' depends on axioms: [propext, Quot.sound]
'Collatz.Research.CoefficientDescent.Batch041.certificate_2723' does not depend on any axioms
'Collatz.Research.CoefficientDescent.Batch041.ray_2723' depends on axioms: [propext, Quot.sound]
'Collatz.Research.CoefficientDescent.Batch041.certificate_2725' does not depend on any axioms
'Collatz.Research.CoefficientDescent.Batch041.ray_2725' depends on axioms: [propext, Quot.sound]
'Collatz.Research.CoefficientDescent.Batch041.certificate_2727' does not depend on any axioms
'Collatz.Research.CoefficientDescent.Batch041.ray_2727' depends on axioms: [propext, Quot.sound]
'Collatz.Research.CoefficientDescent.Batch041.certificate_2729' does not depend on any axioms
'Collatz.Research.CoefficientDescent.Batch041.ray_2729' depends on axioms: [propext, Quot.sound]
'Collatz.Research.CoefficientDescent.Batch041.certificate_2731' does not depend on any axioms
'Collatz.Research.CoefficientDescent.Batch041.ray_2731' depends on axioms: [propext, Quot.sound]
'Collatz.Research.CoefficientDescent.Batch041.certificate_2733' does not depend on any axioms
'Collatz.Research.CoefficientDescent.Batch041.ray_2733' depends on axioms: [propext, Quot.sound]
'Collatz.Research.CoefficientDescent.Batch041.certificate_2735' does not depend on any axioms
'Collatz.Research.CoefficientDescent.Batch041.ray_2735' depends on axioms: [propext, Quot.sound]
'Collatz.Research.CoefficientDescent.Batch041.certificate_2737' does not depend on any axioms
'Collatz.Research.CoefficientDescent.Batch041.ray_2737' depends on axioms: [propext, Quot.sound]
'Collatz.Research.CoefficientDescent.Batch041.certificate_2739' does not depend on any axioms
'Collatz.Research.CoefficientDescent.Batch041.ray_2739' depends on axioms: [propext, Quot.sound]
'Collatz.Research.CoefficientDescent.Batch041.certificate_2741' does not depend on any axioms
'Collatz.Research.CoefficientDescent.Batch041.ray_2741' depends on axioms: [propext, Quot.sound]
'Collatz.Research.CoefficientDescent.Batch041.certificate_2743' does not depend on any axioms
'Collatz.Research.CoefficientDescent.Batch041.ray_2743' depends on axioms: [propext, Quot.sound]
'Collatz.Research.CoefficientDescent.Batch041.certificate_2745' does not depend on any axioms
'Collatz.Research.CoefficientDescent.Batch041.ray_2745' depends on axioms: [propext, Quot.sound]
'Collatz.Research.CoefficientDescent.Batch041.certificate_2747' does not depend on any axioms
'Collatz.Research.CoefficientDescent.Batch041.ray_2747' depends on axioms: [propext, Quot.sound]
'Collatz.Research.CoefficientDescent.Batch041.coverage' depends on axioms: [propext, Quot.sound]
'Collatz.Research.CoefficientDescent.Batch042.certificate_2749' does not depend on any axioms
'Collatz.Research.CoefficientDescent.Batch042.ray_2749' depends on axioms: [propext, Quot.sound]
'Collatz.Research.CoefficientDescent.Batch042.certificate_2751' does not depend on any axioms
'Collatz.Research.CoefficientDescent.Batch042.ray_2751' depends on axioms: [propext, Quot.sound]
'Collatz.Research.CoefficientDescent.Batch042.certificate_2753' does not depend on any axioms
'Collatz.Research.CoefficientDescent.Batch042.ray_2753' depends on axioms: [propext, Quot.sound]
'Collatz.Research.CoefficientDescent.Batch042.certificate_2755' does not depend on any axioms
'Collatz.Research.CoefficientDescent.Batch042.ray_2755' depends on axioms: [propext, Quot.sound]
'Collatz.Research.CoefficientDescent.Batch042.certificate_2757' does not depend on any axioms
'Collatz.Research.CoefficientDescent.Batch042.ray_2757' depends on axioms: [propext, Quot.sound]
'Collatz.Research.CoefficientDescent.Batch042.certificate_2759' does not depend on any axioms
'Collatz.Research.CoefficientDescent.Batch042.ray_2759' depends on axioms: [propext, Quot.sound]
'Collatz.Research.CoefficientDescent.Batch042.certificate_2761' does not depend on any axioms
'Collatz.Research.CoefficientDescent.Batch042.ray_2761' depends on axioms: [propext, Quot.sound]
'Collatz.Research.CoefficientDescent.Batch042.certificate_2763' does not depend on any axioms
'Collatz.Research.CoefficientDescent.Batch042.ray_2763' depends on axioms: [propext, Quot.sound]
'Collatz.Research.CoefficientDescent.Batch042.certificate_2765' does not depend on any axioms
'Collatz.Research.CoefficientDescent.Batch042.ray_2765' depends on axioms: [propext, Quot.sound]
'Collatz.Research.CoefficientDescent.Batch042.certificate_2767' does not depend on any axioms
'Collatz.Research.CoefficientDescent.Batch042.ray_2767' depends on axioms: [propext, Quot.sound]
'Collatz.Research.CoefficientDescent.Batch042.certificate_2769' does not depend on any axioms
'Collatz.Research.CoefficientDescent.Batch042.ray_2769' depends on axioms: [propext, Quot.sound]
'Collatz.Research.CoefficientDescent.Batch042.certificate_2771' does not depend on any axioms
'Collatz.Research.CoefficientDescent.Batch042.ray_2771' depends on axioms: [propext, Quot.sound]
'Collatz.Research.CoefficientDescent.Batch042.certificate_2773' does not depend on any axioms
'Collatz.Research.CoefficientDescent.Batch042.ray_2773' depends on axioms: [propext, Quot.sound]
'Collatz.Research.CoefficientDescent.Batch042.certificate_2775' does not depend on any axioms
'Collatz.Research.CoefficientDescent.Batch042.ray_2775' depends on axioms: [propext, Quot.sound]
'Collatz.Research.CoefficientDescent.Batch042.certificate_2777' does not depend on any axioms
'Collatz.Research.CoefficientDescent.Batch042.ray_2777' depends on axioms: [propext, Quot.sound]
'Collatz.Research.CoefficientDescent.Batch042.certificate_2779' does not depend on any axioms
'Collatz.Research.CoefficientDescent.Batch042.ray_2779' depends on axioms: [propext, Quot.sound]
'Collatz.Research.CoefficientDescent.Batch042.certificate_2781' does not depend on any axioms
'Collatz.Research.CoefficientDescent.Batch042.ray_2781' depends on axioms: [propext, Quot.sound]
'Collatz.Research.CoefficientDescent.Batch042.certificate_2783' does not depend on any axioms
'Collatz.Research.CoefficientDescent.Batch042.ray_2783' depends on axioms: [propext, Quot.sound]
'Collatz.Research.CoefficientDescent.Batch042.certificate_2785' does not depend on any axioms
'Collatz.Research.CoefficientDescent.Batch042.ray_2785' depends on axioms: [propext, Quot.sound]
'Collatz.Research.CoefficientDescent.Batch042.certificate_2787' does not depend on any axioms
'Collatz.Research.CoefficientDescent.Batch042.ray_2787' depends on axioms: [propext, Quot.sound]
'Collatz.Research.CoefficientDescent.Batch042.certificate_2789' does not depend on any axioms
'Collatz.Research.CoefficientDescent.Batch042.ray_2789' depends on axioms: [propext, Quot.sound]
'Collatz.Research.CoefficientDescent.Batch042.certificate_2791' does not depend on any axioms
'Collatz.Research.CoefficientDescent.Batch042.ray_2791' depends on axioms: [propext, Quot.sound]
'Collatz.Research.CoefficientDescent.Batch042.certificate_2793' does not depend on any axioms
'Collatz.Research.CoefficientDescent.Batch042.ray_2793' depends on axioms: [propext, Quot.sound]
'Collatz.Research.CoefficientDescent.Batch042.certificate_2795' does not depend on any axioms
'Collatz.Research.CoefficientDescent.Batch042.ray_2795' depends on axioms: [propext, Quot.sound]
'Collatz.Research.CoefficientDescent.Batch042.certificate_2797' does not depend on any axioms
'Collatz.Research.CoefficientDescent.Batch042.ray_2797' depends on axioms: [propext, Quot.sound]
'Collatz.Research.CoefficientDescent.Batch042.certificate_2799' does not depend on any axioms
'Collatz.Research.CoefficientDescent.Batch042.ray_2799' depends on axioms: [propext, Quot.sound]
'Collatz.Research.CoefficientDescent.Batch042.certificate_2801' does not depend on any axioms
'Collatz.Research.CoefficientDescent.Batch042.ray_2801' depends on axioms: [propext, Quot.sound]
'Collatz.Research.CoefficientDescent.Batch042.certificate_2803' does not depend on any axioms
'Collatz.Research.CoefficientDescent.Batch042.ray_2803' depends on axioms: [propext, Quot.sound]
'Collatz.Research.CoefficientDescent.Batch042.certificate_2805' does not depend on any axioms
'Collatz.Research.CoefficientDescent.Batch042.ray_2805' depends on axioms: [propext, Quot.sound]
'Collatz.Research.CoefficientDescent.Batch042.certificate_2807' does not depend on any axioms
'Collatz.Research.CoefficientDescent.Batch042.ray_2807' depends on axioms: [propext, Quot.sound]
'Collatz.Research.CoefficientDescent.Batch042.certificate_2809' does not depend on any axioms
'Collatz.Research.CoefficientDescent.Batch042.ray_2809' depends on axioms: [propext, Quot.sound]
'Collatz.Research.CoefficientDescent.Batch042.certificate_2811' does not depend on any axioms
'Collatz.Research.CoefficientDescent.Batch042.ray_2811' depends on axioms: [propext, Quot.sound]
'Collatz.Research.CoefficientDescent.Batch042.certificate_2813' does not depend on any axioms
'Collatz.Research.CoefficientDescent.Batch042.ray_2813' depends on axioms: [propext, Quot.sound]
'Collatz.Research.CoefficientDescent.Batch042.coverage' depends on axioms: [propext, Quot.sound]
'Collatz.Research.CoefficientDescent.Batch043.certificate_2815' does not depend on any axioms
'Collatz.Research.CoefficientDescent.Batch043.ray_2815' depends on axioms: [propext, Quot.sound]
'Collatz.Research.CoefficientDescent.Batch043.certificate_2817' does not depend on any axioms
'Collatz.Research.CoefficientDescent.Batch043.ray_2817' depends on axioms: [propext, Quot.sound]
'Collatz.Research.CoefficientDescent.Batch043.certificate_2819' does not depend on any axioms
'Collatz.Research.CoefficientDescent.Batch043.ray_2819' depends on axioms: [propext, Quot.sound]
'Collatz.Research.CoefficientDescent.Batch043.certificate_2821' does not depend on any axioms
'Collatz.Research.CoefficientDescent.Batch043.ray_2821' depends on axioms: [propext, Quot.sound]
'Collatz.Research.CoefficientDescent.Batch043.certificate_2823' does not depend on any axioms
'Collatz.Research.CoefficientDescent.Batch043.ray_2823' depends on axioms: [propext, Quot.sound]
'Collatz.Research.CoefficientDescent.Batch043.certificate_2825' does not depend on any axioms
'Collatz.Research.CoefficientDescent.Batch043.ray_2825' depends on axioms: [propext, Quot.sound]
'Collatz.Research.CoefficientDescent.Batch043.certificate_2827' does not depend on any axioms
'Collatz.Research.CoefficientDescent.Batch043.ray_2827' depends on axioms: [propext, Quot.sound]
'Collatz.Research.CoefficientDescent.Batch043.certificate_2829' does not depend on any axioms
'Collatz.Research.CoefficientDescent.Batch043.ray_2829' depends on axioms: [propext, Quot.sound]
'Collatz.Research.CoefficientDescent.Batch043.certificate_2831' does not depend on any axioms
'Collatz.Research.CoefficientDescent.Batch043.ray_2831' depends on axioms: [propext, Quot.sound]
'Collatz.Research.CoefficientDescent.Batch043.certificate_2833' does not depend on any axioms
'Collatz.Research.CoefficientDescent.Batch043.ray_2833' depends on axioms: [propext, Quot.sound]
'Collatz.Research.CoefficientDescent.Batch043.certificate_2835' does not depend on any axioms
'Collatz.Research.CoefficientDescent.Batch043.ray_2835' depends on axioms: [propext, Quot.sound]
'Collatz.Research.CoefficientDescent.Batch043.certificate_2837' does not depend on any axioms
'Collatz.Research.CoefficientDescent.Batch043.ray_2837' depends on axioms: [propext, Quot.sound]
'Collatz.Research.CoefficientDescent.Batch043.certificate_2839' does not depend on any axioms
'Collatz.Research.CoefficientDescent.Batch043.ray_2839' depends on axioms: [propext, Quot.sound]
'Collatz.Research.CoefficientDescent.Batch043.certificate_2841' does not depend on any axioms
'Collatz.Research.CoefficientDescent.Batch043.ray_2841' depends on axioms: [propext, Quot.sound]
'Collatz.Research.CoefficientDescent.Batch043.certificate_2843' does not depend on any axioms
'Collatz.Research.CoefficientDescent.Batch043.ray_2843' depends on axioms: [propext, Quot.sound]
'Collatz.Research.CoefficientDescent.Batch043.certificate_2845' does not depend on any axioms
'Collatz.Research.CoefficientDescent.Batch043.ray_2845' depends on axioms: [propext, Quot.sound]
'Collatz.Research.CoefficientDescent.Batch043.certificate_2847' does not depend on any axioms
'Collatz.Research.CoefficientDescent.Batch043.ray_2847' depends on axioms: [propext, Quot.sound]
'Collatz.Research.CoefficientDescent.Batch043.certificate_2849' does not depend on any axioms
'Collatz.Research.CoefficientDescent.Batch043.ray_2849' depends on axioms: [propext, Quot.sound]
'Collatz.Research.CoefficientDescent.Batch043.certificate_2851' does not depend on any axioms
'Collatz.Research.CoefficientDescent.Batch043.ray_2851' depends on axioms: [propext, Quot.sound]
'Collatz.Research.CoefficientDescent.Batch043.certificate_2853' does not depend on any axioms
'Collatz.Research.CoefficientDescent.Batch043.ray_2853' depends on axioms: [propext, Quot.sound]
'Collatz.Research.CoefficientDescent.Batch043.certificate_2855' does not depend on any axioms
'Collatz.Research.CoefficientDescent.Batch043.ray_2855' depends on axioms: [propext, Quot.sound]
'Collatz.Research.CoefficientDescent.Batch043.certificate_2857' does not depend on any axioms
'Collatz.Research.CoefficientDescent.Batch043.ray_2857' depends on axioms: [propext, Quot.sound]
'Collatz.Research.CoefficientDescent.Batch043.certificate_2859' does not depend on any axioms
'Collatz.Research.CoefficientDescent.Batch043.ray_2859' depends on axioms: [propext, Quot.sound]
'Collatz.Research.CoefficientDescent.Batch043.certificate_2861' does not depend on any axioms
'Collatz.Research.CoefficientDescent.Batch043.ray_2861' depends on axioms: [propext, Quot.sound]
'Collatz.Research.CoefficientDescent.Batch043.certificate_2863' does not depend on any axioms
'Collatz.Research.CoefficientDescent.Batch043.ray_2863' depends on axioms: [propext, Quot.sound]
'Collatz.Research.CoefficientDescent.Batch043.certificate_2865' does not depend on any axioms
'Collatz.Research.CoefficientDescent.Batch043.ray_2865' depends on axioms: [propext, Quot.sound]
'Collatz.Research.CoefficientDescent.Batch043.certificate_2867' does not depend on any axioms
'Collatz.Research.CoefficientDescent.Batch043.ray_2867' depends on axioms: [propext, Quot.sound]
'Collatz.Research.CoefficientDescent.Batch043.certificate_2869' does not depend on any axioms
'Collatz.Research.CoefficientDescent.Batch043.ray_2869' depends on axioms: [propext, Quot.sound]
'Collatz.Research.CoefficientDescent.Batch043.certificate_2871' does not depend on any axioms
'Collatz.Research.CoefficientDescent.Batch043.ray_2871' depends on axioms: [propext, Quot.sound]
'Collatz.Research.CoefficientDescent.Batch043.certificate_2873' does not depend on any axioms
'Collatz.Research.CoefficientDescent.Batch043.ray_2873' depends on axioms: [propext, Quot.sound]
'Collatz.Research.CoefficientDescent.Batch043.certificate_2875' does not depend on any axioms
'Collatz.Research.CoefficientDescent.Batch043.ray_2875' depends on axioms: [propext, Quot.sound]
'Collatz.Research.CoefficientDescent.Batch043.certificate_2877' does not depend on any axioms
'Collatz.Research.CoefficientDescent.Batch043.ray_2877' depends on axioms: [propext, Quot.sound]
'Collatz.Research.CoefficientDescent.Batch043.certificate_2879' does not depend on any axioms
'Collatz.Research.CoefficientDescent.Batch043.ray_2879' depends on axioms: [propext, Quot.sound]
'Collatz.Research.CoefficientDescent.Batch043.certificate_2881' does not depend on any axioms
'Collatz.Research.CoefficientDescent.Batch043.ray_2881' depends on axioms: [propext, Quot.sound]
'Collatz.Research.CoefficientDescent.Batch043.coverage' depends on axioms: [propext, Quot.sound]
'Collatz.Research.CoefficientDescent.Batch044.certificate_2883' does not depend on any axioms
'Collatz.Research.CoefficientDescent.Batch044.ray_2883' depends on axioms: [propext, Quot.sound]
'Collatz.Research.CoefficientDescent.Batch044.certificate_2885' does not depend on any axioms
'Collatz.Research.CoefficientDescent.Batch044.ray_2885' depends on axioms: [propext, Quot.sound]
'Collatz.Research.CoefficientDescent.Batch044.certificate_2887' does not depend on any axioms
'Collatz.Research.CoefficientDescent.Batch044.ray_2887' depends on axioms: [propext, Quot.sound]
'Collatz.Research.CoefficientDescent.Batch044.certificate_2889' does not depend on any axioms
'Collatz.Research.CoefficientDescent.Batch044.ray_2889' depends on axioms: [propext, Quot.sound]
'Collatz.Research.CoefficientDescent.Batch044.certificate_2891' does not depend on any axioms
'Collatz.Research.CoefficientDescent.Batch044.ray_2891' depends on axioms: [propext, Quot.sound]
'Collatz.Research.CoefficientDescent.Batch044.certificate_2893' does not depend on any axioms
'Collatz.Research.CoefficientDescent.Batch044.ray_2893' depends on axioms: [propext, Quot.sound]
'Collatz.Research.CoefficientDescent.Batch044.certificate_2895' does not depend on any axioms
'Collatz.Research.CoefficientDescent.Batch044.ray_2895' depends on axioms: [propext, Quot.sound]
'Collatz.Research.CoefficientDescent.Batch044.certificate_2897' does not depend on any axioms
'Collatz.Research.CoefficientDescent.Batch044.ray_2897' depends on axioms: [propext, Quot.sound]
'Collatz.Research.CoefficientDescent.Batch044.certificate_2899' does not depend on any axioms
'Collatz.Research.CoefficientDescent.Batch044.ray_2899' depends on axioms: [propext, Quot.sound]
'Collatz.Research.CoefficientDescent.Batch044.certificate_2901' does not depend on any axioms
'Collatz.Research.CoefficientDescent.Batch044.ray_2901' depends on axioms: [propext, Quot.sound]
'Collatz.Research.CoefficientDescent.Batch044.certificate_2903' does not depend on any axioms
'Collatz.Research.CoefficientDescent.Batch044.ray_2903' depends on axioms: [propext, Quot.sound]
'Collatz.Research.CoefficientDescent.Batch044.certificate_2905' does not depend on any axioms
'Collatz.Research.CoefficientDescent.Batch044.ray_2905' depends on axioms: [propext, Quot.sound]
'Collatz.Research.CoefficientDescent.Batch044.certificate_2907' does not depend on any axioms
'Collatz.Research.CoefficientDescent.Batch044.ray_2907' depends on axioms: [propext, Quot.sound]
'Collatz.Research.CoefficientDescent.Batch044.certificate_2909' does not depend on any axioms
'Collatz.Research.CoefficientDescent.Batch044.ray_2909' depends on axioms: [propext, Quot.sound]
'Collatz.Research.CoefficientDescent.Batch044.certificate_2911' does not depend on any axioms
'Collatz.Research.CoefficientDescent.Batch044.ray_2911' depends on axioms: [propext, Quot.sound]
'Collatz.Research.CoefficientDescent.Batch044.certificate_2913' does not depend on any axioms
'Collatz.Research.CoefficientDescent.Batch044.ray_2913' depends on axioms: [propext, Quot.sound]
'Collatz.Research.CoefficientDescent.Batch044.certificate_2915' does not depend on any axioms
'Collatz.Research.CoefficientDescent.Batch044.ray_2915' depends on axioms: [propext, Quot.sound]
'Collatz.Research.CoefficientDescent.Batch044.certificate_2917' does not depend on any axioms
'Collatz.Research.CoefficientDescent.Batch044.ray_2917' depends on axioms: [propext, Quot.sound]
'Collatz.Research.CoefficientDescent.Batch044.certificate_2919' does not depend on any axioms
'Collatz.Research.CoefficientDescent.Batch044.ray_2919' depends on axioms: [propext, Quot.sound]
'Collatz.Research.CoefficientDescent.Batch044.certificate_2921' does not depend on any axioms
'Collatz.Research.CoefficientDescent.Batch044.ray_2921' depends on axioms: [propext, Quot.sound]
'Collatz.Research.CoefficientDescent.Batch044.certificate_2923' does not depend on any axioms
'Collatz.Research.CoefficientDescent.Batch044.ray_2923' depends on axioms: [propext, Quot.sound]
'Collatz.Research.CoefficientDescent.Batch044.certificate_2925' does not depend on any axioms
'Collatz.Research.CoefficientDescent.Batch044.ray_2925' depends on axioms: [propext, Quot.sound]
'Collatz.Research.CoefficientDescent.Batch044.certificate_2927' does not depend on any axioms
'Collatz.Research.CoefficientDescent.Batch044.ray_2927' depends on axioms: [propext, Quot.sound]
'Collatz.Research.CoefficientDescent.Batch044.certificate_2929' does not depend on any axioms
'Collatz.Research.CoefficientDescent.Batch044.ray_2929' depends on axioms: [propext, Quot.sound]
'Collatz.Research.CoefficientDescent.Batch044.certificate_2931' does not depend on any axioms
'Collatz.Research.CoefficientDescent.Batch044.ray_2931' depends on axioms: [propext, Quot.sound]
'Collatz.Research.CoefficientDescent.Batch044.certificate_2933' does not depend on any axioms
'Collatz.Research.CoefficientDescent.Batch044.ray_2933' depends on axioms: [propext, Quot.sound]
'Collatz.Research.CoefficientDescent.Batch044.certificate_2935' does not depend on any axioms
'Collatz.Research.CoefficientDescent.Batch044.ray_2935' depends on axioms: [propext, Quot.sound]
'Collatz.Research.CoefficientDescent.Batch044.certificate_2937' does not depend on any axioms
'Collatz.Research.CoefficientDescent.Batch044.ray_2937' depends on axioms: [propext, Quot.sound]
'Collatz.Research.CoefficientDescent.Batch044.certificate_2939' does not depend on any axioms
'Collatz.Research.CoefficientDescent.Batch044.ray_2939' depends on axioms: [propext, Quot.sound]
'Collatz.Research.CoefficientDescent.Batch044.certificate_2941' does not depend on any axioms
'Collatz.Research.CoefficientDescent.Batch044.ray_2941' depends on axioms: [propext, Quot.sound]
'Collatz.Research.CoefficientDescent.Batch044.certificate_2943' does not depend on any axioms
'Collatz.Research.CoefficientDescent.Batch044.ray_2943' depends on axioms: [propext, Quot.sound]
'Collatz.Research.CoefficientDescent.Batch044.certificate_2945' does not depend on any axioms
'Collatz.Research.CoefficientDescent.Batch044.ray_2945' depends on axioms: [propext, Quot.sound]
'Collatz.Research.CoefficientDescent.Batch044.certificate_2947' does not depend on any axioms
'Collatz.Research.CoefficientDescent.Batch044.ray_2947' depends on axioms: [propext, Quot.sound]
'Collatz.Research.CoefficientDescent.Batch044.coverage' depends on axioms: [propext, Quot.sound]
'Collatz.Research.CoefficientDescent.Batch045.certificate_2949' does not depend on any axioms
'Collatz.Research.CoefficientDescent.Batch045.ray_2949' depends on axioms: [propext, Quot.sound]
'Collatz.Research.CoefficientDescent.Batch045.certificate_2951' does not depend on any axioms
'Collatz.Research.CoefficientDescent.Batch045.ray_2951' depends on axioms: [propext, Quot.sound]
'Collatz.Research.CoefficientDescent.Batch045.certificate_2953' does not depend on any axioms
'Collatz.Research.CoefficientDescent.Batch045.ray_2953' depends on axioms: [propext, Quot.sound]
'Collatz.Research.CoefficientDescent.Batch045.certificate_2955' does not depend on any axioms
'Collatz.Research.CoefficientDescent.Batch045.ray_2955' depends on axioms: [propext, Quot.sound]
'Collatz.Research.CoefficientDescent.Batch045.certificate_2957' does not depend on any axioms
'Collatz.Research.CoefficientDescent.Batch045.ray_2957' depends on axioms: [propext, Quot.sound]
'Collatz.Research.CoefficientDescent.Batch045.certificate_2959' does not depend on any axioms
'Collatz.Research.CoefficientDescent.Batch045.ray_2959' depends on axioms: [propext, Quot.sound]
'Collatz.Research.CoefficientDescent.Batch045.certificate_2961' does not depend on any axioms
'Collatz.Research.CoefficientDescent.Batch045.ray_2961' depends on axioms: [propext, Quot.sound]
'Collatz.Research.CoefficientDescent.Batch045.certificate_2963' does not depend on any axioms
'Collatz.Research.CoefficientDescent.Batch045.ray_2963' depends on axioms: [propext, Quot.sound]
'Collatz.Research.CoefficientDescent.Batch045.certificate_2965' does not depend on any axioms
'Collatz.Research.CoefficientDescent.Batch045.ray_2965' depends on axioms: [propext, Quot.sound]
'Collatz.Research.CoefficientDescent.Batch045.certificate_2967' does not depend on any axioms
'Collatz.Research.CoefficientDescent.Batch045.ray_2967' depends on axioms: [propext, Quot.sound]
'Collatz.Research.CoefficientDescent.Batch045.certificate_2969' does not depend on any axioms
'Collatz.Research.CoefficientDescent.Batch045.ray_2969' depends on axioms: [propext, Quot.sound]
'Collatz.Research.CoefficientDescent.Batch045.certificate_2971' does not depend on any axioms
'Collatz.Research.CoefficientDescent.Batch045.ray_2971' depends on axioms: [propext, Quot.sound]
'Collatz.Research.CoefficientDescent.Batch045.certificate_2973' does not depend on any axioms
'Collatz.Research.CoefficientDescent.Batch045.ray_2973' depends on axioms: [propext, Quot.sound]
'Collatz.Research.CoefficientDescent.Batch045.certificate_2975' does not depend on any axioms
'Collatz.Research.CoefficientDescent.Batch045.ray_2975' depends on axioms: [propext, Quot.sound]
'Collatz.Research.CoefficientDescent.Batch045.certificate_2977' does not depend on any axioms
'Collatz.Research.CoefficientDescent.Batch045.ray_2977' depends on axioms: [propext, Quot.sound]
'Collatz.Research.CoefficientDescent.Batch045.certificate_2979' does not depend on any axioms
'Collatz.Research.CoefficientDescent.Batch045.ray_2979' depends on axioms: [propext, Quot.sound]
'Collatz.Research.CoefficientDescent.Batch045.certificate_2981' does not depend on any axioms
'Collatz.Research.CoefficientDescent.Batch045.ray_2981' depends on axioms: [propext, Quot.sound]
'Collatz.Research.CoefficientDescent.Batch045.certificate_2983' does not depend on any axioms
'Collatz.Research.CoefficientDescent.Batch045.ray_2983' depends on axioms: [propext, Quot.sound]
'Collatz.Research.CoefficientDescent.Batch045.certificate_2985' does not depend on any axioms
'Collatz.Research.CoefficientDescent.Batch045.ray_2985' depends on axioms: [propext, Quot.sound]
'Collatz.Research.CoefficientDescent.Batch045.certificate_2987' does not depend on any axioms
'Collatz.Research.CoefficientDescent.Batch045.ray_2987' depends on axioms: [propext, Quot.sound]
'Collatz.Research.CoefficientDescent.Batch045.certificate_2989' does not depend on any axioms
'Collatz.Research.CoefficientDescent.Batch045.ray_2989' depends on axioms: [propext, Quot.sound]
'Collatz.Research.CoefficientDescent.Batch045.certificate_2991' does not depend on any axioms
'Collatz.Research.CoefficientDescent.Batch045.ray_2991' depends on axioms: [propext, Quot.sound]
'Collatz.Research.CoefficientDescent.Batch045.certificate_2993' does not depend on any axioms
'Collatz.Research.CoefficientDescent.Batch045.ray_2993' depends on axioms: [propext, Quot.sound]
'Collatz.Research.CoefficientDescent.Batch045.certificate_2995' does not depend on any axioms
'Collatz.Research.CoefficientDescent.Batch045.ray_2995' depends on axioms: [propext, Quot.sound]
'Collatz.Research.CoefficientDescent.Batch045.certificate_2997' does not depend on any axioms
'Collatz.Research.CoefficientDescent.Batch045.ray_2997' depends on axioms: [propext, Quot.sound]
'Collatz.Research.CoefficientDescent.Batch045.certificate_2999' does not depend on any axioms
'Collatz.Research.CoefficientDescent.Batch045.ray_2999' depends on axioms: [propext, Quot.sound]
'Collatz.Research.CoefficientDescent.Batch045.certificate_3001' does not depend on any axioms
'Collatz.Research.CoefficientDescent.Batch045.ray_3001' depends on axioms: [propext, Quot.sound]
'Collatz.Research.CoefficientDescent.Batch045.certificate_3003' does not depend on any axioms
'Collatz.Research.CoefficientDescent.Batch045.ray_3003' depends on axioms: [propext, Quot.sound]
'Collatz.Research.CoefficientDescent.Batch045.certificate_3005' does not depend on any axioms
'Collatz.Research.CoefficientDescent.Batch045.ray_3005' depends on axioms: [propext, Quot.sound]
'Collatz.Research.CoefficientDescent.Batch045.certificate_3007' does not depend on any axioms
'Collatz.Research.CoefficientDescent.Batch045.ray_3007' depends on axioms: [propext, Quot.sound]
'Collatz.Research.CoefficientDescent.Batch045.certificate_3009' does not depend on any axioms
'Collatz.Research.CoefficientDescent.Batch045.ray_3009' depends on axioms: [propext, Quot.sound]
'Collatz.Research.CoefficientDescent.Batch045.certificate_3011' does not depend on any axioms
'Collatz.Research.CoefficientDescent.Batch045.ray_3011' depends on axioms: [propext, Quot.sound]
'Collatz.Research.CoefficientDescent.Batch045.certificate_3013' does not depend on any axioms
'Collatz.Research.CoefficientDescent.Batch045.ray_3013' depends on axioms: [propext, Quot.sound]
'Collatz.Research.CoefficientDescent.Batch045.certificate_3015' does not depend on any axioms
'Collatz.Research.CoefficientDescent.Batch045.ray_3015' depends on axioms: [propext, Quot.sound]
'Collatz.Research.CoefficientDescent.Batch045.coverage' depends on axioms: [propext, Quot.sound]
'Collatz.Research.CoefficientDescent.Batch046.certificate_3017' does not depend on any axioms
'Collatz.Research.CoefficientDescent.Batch046.ray_3017' depends on axioms: [propext, Quot.sound]
'Collatz.Research.CoefficientDescent.Batch046.certificate_3019' does not depend on any axioms
'Collatz.Research.CoefficientDescent.Batch046.ray_3019' depends on axioms: [propext, Quot.sound]
'Collatz.Research.CoefficientDescent.Batch046.certificate_3021' does not depend on any axioms
'Collatz.Research.CoefficientDescent.Batch046.ray_3021' depends on axioms: [propext, Quot.sound]
'Collatz.Research.CoefficientDescent.Batch046.certificate_3023' does not depend on any axioms
'Collatz.Research.CoefficientDescent.Batch046.ray_3023' depends on axioms: [propext, Quot.sound]
'Collatz.Research.CoefficientDescent.Batch046.certificate_3025' does not depend on any axioms
'Collatz.Research.CoefficientDescent.Batch046.ray_3025' depends on axioms: [propext, Quot.sound]
'Collatz.Research.CoefficientDescent.Batch046.certificate_3027' does not depend on any axioms
'Collatz.Research.CoefficientDescent.Batch046.ray_3027' depends on axioms: [propext, Quot.sound]
'Collatz.Research.CoefficientDescent.Batch046.certificate_3029' does not depend on any axioms
'Collatz.Research.CoefficientDescent.Batch046.ray_3029' depends on axioms: [propext, Quot.sound]
'Collatz.Research.CoefficientDescent.Batch046.certificate_3031' does not depend on any axioms
'Collatz.Research.CoefficientDescent.Batch046.ray_3031' depends on axioms: [propext, Quot.sound]
'Collatz.Research.CoefficientDescent.Batch046.certificate_3033' does not depend on any axioms
'Collatz.Research.CoefficientDescent.Batch046.ray_3033' depends on axioms: [propext, Quot.sound]
'Collatz.Research.CoefficientDescent.Batch046.certificate_3035' does not depend on any axioms
'Collatz.Research.CoefficientDescent.Batch046.ray_3035' depends on axioms: [propext, Quot.sound]
'Collatz.Research.CoefficientDescent.Batch046.certificate_3037' does not depend on any axioms
'Collatz.Research.CoefficientDescent.Batch046.ray_3037' depends on axioms: [propext, Quot.sound]
'Collatz.Research.CoefficientDescent.Batch046.certificate_3039' does not depend on any axioms
'Collatz.Research.CoefficientDescent.Batch046.ray_3039' depends on axioms: [propext, Quot.sound]
'Collatz.Research.CoefficientDescent.Batch046.certificate_3041' does not depend on any axioms
'Collatz.Research.CoefficientDescent.Batch046.ray_3041' depends on axioms: [propext, Quot.sound]
'Collatz.Research.CoefficientDescent.Batch046.certificate_3043' does not depend on any axioms
'Collatz.Research.CoefficientDescent.Batch046.ray_3043' depends on axioms: [propext, Quot.sound]
'Collatz.Research.CoefficientDescent.Batch046.certificate_3045' does not depend on any axioms
'Collatz.Research.CoefficientDescent.Batch046.ray_3045' depends on axioms: [propext, Quot.sound]
'Collatz.Research.CoefficientDescent.Batch046.certificate_3047' does not depend on any axioms
'Collatz.Research.CoefficientDescent.Batch046.ray_3047' depends on axioms: [propext, Quot.sound]
'Collatz.Research.CoefficientDescent.Batch046.certificate_3049' does not depend on any axioms
'Collatz.Research.CoefficientDescent.Batch046.ray_3049' depends on axioms: [propext, Quot.sound]
'Collatz.Research.CoefficientDescent.Batch046.certificate_3051' does not depend on any axioms
'Collatz.Research.CoefficientDescent.Batch046.ray_3051' depends on axioms: [propext, Quot.sound]
'Collatz.Research.CoefficientDescent.Batch046.certificate_3053' does not depend on any axioms
'Collatz.Research.CoefficientDescent.Batch046.ray_3053' depends on axioms: [propext, Quot.sound]
'Collatz.Research.CoefficientDescent.Batch046.certificate_3055' does not depend on any axioms
'Collatz.Research.CoefficientDescent.Batch046.ray_3055' depends on axioms: [propext, Quot.sound]
'Collatz.Research.CoefficientDescent.Batch046.certificate_3057' does not depend on any axioms
'Collatz.Research.CoefficientDescent.Batch046.ray_3057' depends on axioms: [propext, Quot.sound]
'Collatz.Research.CoefficientDescent.Batch046.certificate_3059' does not depend on any axioms
'Collatz.Research.CoefficientDescent.Batch046.ray_3059' depends on axioms: [propext, Quot.sound]
'Collatz.Research.CoefficientDescent.Batch046.certificate_3061' does not depend on any axioms
'Collatz.Research.CoefficientDescent.Batch046.ray_3061' depends on axioms: [propext, Quot.sound]
'Collatz.Research.CoefficientDescent.Batch046.certificate_3063' does not depend on any axioms
'Collatz.Research.CoefficientDescent.Batch046.ray_3063' depends on axioms: [propext, Quot.sound]
'Collatz.Research.CoefficientDescent.Batch046.certificate_3065' does not depend on any axioms
'Collatz.Research.CoefficientDescent.Batch046.ray_3065' depends on axioms: [propext, Quot.sound]
'Collatz.Research.CoefficientDescent.Batch046.certificate_3067' does not depend on any axioms
'Collatz.Research.CoefficientDescent.Batch046.ray_3067' depends on axioms: [propext, Quot.sound]
'Collatz.Research.CoefficientDescent.Batch046.certificate_3069' does not depend on any axioms
'Collatz.Research.CoefficientDescent.Batch046.ray_3069' depends on axioms: [propext, Quot.sound]
'Collatz.Research.CoefficientDescent.Batch046.certificate_3071' does not depend on any axioms
'Collatz.Research.CoefficientDescent.Batch046.ray_3071' depends on axioms: [propext, Quot.sound]
'Collatz.Research.CoefficientDescent.Batch046.certificate_3073' does not depend on any axioms
'Collatz.Research.CoefficientDescent.Batch046.ray_3073' depends on axioms: [propext, Quot.sound]
'Collatz.Research.CoefficientDescent.Batch046.certificate_3075' does not depend on any axioms
'Collatz.Research.CoefficientDescent.Batch046.ray_3075' depends on axioms: [propext, Quot.sound]
'Collatz.Research.CoefficientDescent.Batch046.certificate_3077' does not depend on any axioms
'Collatz.Research.CoefficientDescent.Batch046.ray_3077' depends on axioms: [propext, Quot.sound]
'Collatz.Research.CoefficientDescent.Batch046.certificate_3079' does not depend on any axioms
'Collatz.Research.CoefficientDescent.Batch046.ray_3079' depends on axioms: [propext, Quot.sound]
'Collatz.Research.CoefficientDescent.Batch046.certificate_3081' does not depend on any axioms
'Collatz.Research.CoefficientDescent.Batch046.ray_3081' depends on axioms: [propext, Quot.sound]
'Collatz.Research.CoefficientDescent.Batch046.coverage' depends on axioms: [propext, Quot.sound]
'Collatz.Research.CoefficientDescent.Batch047.certificate_3083' does not depend on any axioms
'Collatz.Research.CoefficientDescent.Batch047.ray_3083' depends on axioms: [propext, Quot.sound]
'Collatz.Research.CoefficientDescent.Batch047.certificate_3085' does not depend on any axioms
'Collatz.Research.CoefficientDescent.Batch047.ray_3085' depends on axioms: [propext, Quot.sound]
'Collatz.Research.CoefficientDescent.Batch047.certificate_3087' does not depend on any axioms
'Collatz.Research.CoefficientDescent.Batch047.ray_3087' depends on axioms: [propext, Quot.sound]
'Collatz.Research.CoefficientDescent.Batch047.certificate_3089' does not depend on any axioms
'Collatz.Research.CoefficientDescent.Batch047.ray_3089' depends on axioms: [propext, Quot.sound]
'Collatz.Research.CoefficientDescent.Batch047.certificate_3091' does not depend on any axioms
'Collatz.Research.CoefficientDescent.Batch047.ray_3091' depends on axioms: [propext, Quot.sound]
'Collatz.Research.CoefficientDescent.Batch047.certificate_3093' does not depend on any axioms
'Collatz.Research.CoefficientDescent.Batch047.ray_3093' depends on axioms: [propext, Quot.sound]
'Collatz.Research.CoefficientDescent.Batch047.certificate_3095' does not depend on any axioms
'Collatz.Research.CoefficientDescent.Batch047.ray_3095' depends on axioms: [propext, Quot.sound]
'Collatz.Research.CoefficientDescent.Batch047.certificate_3097' does not depend on any axioms
'Collatz.Research.CoefficientDescent.Batch047.ray_3097' depends on axioms: [propext, Quot.sound]
'Collatz.Research.CoefficientDescent.Batch047.certificate_3099' does not depend on any axioms
'Collatz.Research.CoefficientDescent.Batch047.ray_3099' depends on axioms: [propext, Quot.sound]
'Collatz.Research.CoefficientDescent.Batch047.certificate_3101' does not depend on any axioms
'Collatz.Research.CoefficientDescent.Batch047.ray_3101' depends on axioms: [propext, Quot.sound]
'Collatz.Research.CoefficientDescent.Batch047.certificate_3103' does not depend on any axioms
'Collatz.Research.CoefficientDescent.Batch047.ray_3103' depends on axioms: [propext, Quot.sound]
'Collatz.Research.CoefficientDescent.Batch047.certificate_3105' does not depend on any axioms
'Collatz.Research.CoefficientDescent.Batch047.ray_3105' depends on axioms: [propext, Quot.sound]
'Collatz.Research.CoefficientDescent.Batch047.certificate_3107' does not depend on any axioms
'Collatz.Research.CoefficientDescent.Batch047.ray_3107' depends on axioms: [propext, Quot.sound]
'Collatz.Research.CoefficientDescent.Batch047.certificate_3109' does not depend on any axioms
'Collatz.Research.CoefficientDescent.Batch047.ray_3109' depends on axioms: [propext, Quot.sound]
'Collatz.Research.CoefficientDescent.Batch047.certificate_3111' does not depend on any axioms
'Collatz.Research.CoefficientDescent.Batch047.ray_3111' depends on axioms: [propext, Quot.sound]
'Collatz.Research.CoefficientDescent.Batch047.certificate_3113' does not depend on any axioms
'Collatz.Research.CoefficientDescent.Batch047.ray_3113' depends on axioms: [propext, Quot.sound]
'Collatz.Research.CoefficientDescent.Batch047.certificate_3115' does not depend on any axioms
'Collatz.Research.CoefficientDescent.Batch047.ray_3115' depends on axioms: [propext, Quot.sound]
'Collatz.Research.CoefficientDescent.Batch047.certificate_3117' does not depend on any axioms
'Collatz.Research.CoefficientDescent.Batch047.ray_3117' depends on axioms: [propext, Quot.sound]
'Collatz.Research.CoefficientDescent.Batch047.certificate_3119' does not depend on any axioms
'Collatz.Research.CoefficientDescent.Batch047.ray_3119' depends on axioms: [propext, Quot.sound]
'Collatz.Research.CoefficientDescent.Batch047.certificate_3121' does not depend on any axioms
'Collatz.Research.CoefficientDescent.Batch047.ray_3121' depends on axioms: [propext, Quot.sound]
'Collatz.Research.CoefficientDescent.Batch047.certificate_3123' does not depend on any axioms
'Collatz.Research.CoefficientDescent.Batch047.ray_3123' depends on axioms: [propext, Quot.sound]
'Collatz.Research.CoefficientDescent.Batch047.certificate_3125' does not depend on any axioms
'Collatz.Research.CoefficientDescent.Batch047.ray_3125' depends on axioms: [propext, Quot.sound]
'Collatz.Research.CoefficientDescent.Batch047.certificate_3127' does not depend on any axioms
'Collatz.Research.CoefficientDescent.Batch047.ray_3127' depends on axioms: [propext, Quot.sound]
'Collatz.Research.CoefficientDescent.Batch047.certificate_3129' does not depend on any axioms
'Collatz.Research.CoefficientDescent.Batch047.ray_3129' depends on axioms: [propext, Quot.sound]
'Collatz.Research.CoefficientDescent.Batch047.certificate_3131' does not depend on any axioms
'Collatz.Research.CoefficientDescent.Batch047.ray_3131' depends on axioms: [propext, Quot.sound]
'Collatz.Research.CoefficientDescent.Batch047.certificate_3133' does not depend on any axioms
'Collatz.Research.CoefficientDescent.Batch047.ray_3133' depends on axioms: [propext, Quot.sound]
'Collatz.Research.CoefficientDescent.Batch047.certificate_3135' does not depend on any axioms
'Collatz.Research.CoefficientDescent.Batch047.ray_3135' depends on axioms: [propext, Quot.sound]
'Collatz.Research.CoefficientDescent.Batch047.certificate_3137' does not depend on any axioms
'Collatz.Research.CoefficientDescent.Batch047.ray_3137' depends on axioms: [propext, Quot.sound]
'Collatz.Research.CoefficientDescent.Batch047.certificate_3139' does not depend on any axioms
'Collatz.Research.CoefficientDescent.Batch047.ray_3139' depends on axioms: [propext, Quot.sound]
'Collatz.Research.CoefficientDescent.Batch047.certificate_3141' does not depend on any axioms
'Collatz.Research.CoefficientDescent.Batch047.ray_3141' depends on axioms: [propext, Quot.sound]
'Collatz.Research.CoefficientDescent.Batch047.certificate_3143' does not depend on any axioms
'Collatz.Research.CoefficientDescent.Batch047.ray_3143' depends on axioms: [propext, Quot.sound]
'Collatz.Research.CoefficientDescent.Batch047.certificate_3145' does not depend on any axioms
'Collatz.Research.CoefficientDescent.Batch047.ray_3145' depends on axioms: [propext, Quot.sound]
'Collatz.Research.CoefficientDescent.Batch047.certificate_3147' does not depend on any axioms
'Collatz.Research.CoefficientDescent.Batch047.ray_3147' depends on axioms: [propext, Quot.sound]
'Collatz.Research.CoefficientDescent.Batch047.certificate_3149' does not depend on any axioms
'Collatz.Research.CoefficientDescent.Batch047.ray_3149' depends on axioms: [propext, Quot.sound]
'Collatz.Research.CoefficientDescent.Batch047.coverage' depends on axioms: [propext, Quot.sound]
'Collatz.Research.CoefficientDescent.Batch048.certificate_3151' does not depend on any axioms
'Collatz.Research.CoefficientDescent.Batch048.ray_3151' depends on axioms: [propext, Quot.sound]
'Collatz.Research.CoefficientDescent.Batch048.certificate_3153' does not depend on any axioms
'Collatz.Research.CoefficientDescent.Batch048.ray_3153' depends on axioms: [propext, Quot.sound]
'Collatz.Research.CoefficientDescent.Batch048.certificate_3155' does not depend on any axioms
'Collatz.Research.CoefficientDescent.Batch048.ray_3155' depends on axioms: [propext, Quot.sound]
'Collatz.Research.CoefficientDescent.Batch048.certificate_3157' does not depend on any axioms
'Collatz.Research.CoefficientDescent.Batch048.ray_3157' depends on axioms: [propext, Quot.sound]
'Collatz.Research.CoefficientDescent.Batch048.certificate_3159' does not depend on any axioms
'Collatz.Research.CoefficientDescent.Batch048.ray_3159' depends on axioms: [propext, Quot.sound]
'Collatz.Research.CoefficientDescent.Batch048.certificate_3161' does not depend on any axioms
'Collatz.Research.CoefficientDescent.Batch048.ray_3161' depends on axioms: [propext, Quot.sound]
'Collatz.Research.CoefficientDescent.Batch048.certificate_3163' does not depend on any axioms
'Collatz.Research.CoefficientDescent.Batch048.ray_3163' depends on axioms: [propext, Quot.sound]
'Collatz.Research.CoefficientDescent.Batch048.certificate_3165' does not depend on any axioms
'Collatz.Research.CoefficientDescent.Batch048.ray_3165' depends on axioms: [propext, Quot.sound]
'Collatz.Research.CoefficientDescent.Batch048.certificate_3167' does not depend on any axioms
'Collatz.Research.CoefficientDescent.Batch048.ray_3167' depends on axioms: [propext, Quot.sound]
'Collatz.Research.CoefficientDescent.Batch048.certificate_3169' does not depend on any axioms
'Collatz.Research.CoefficientDescent.Batch048.ray_3169' depends on axioms: [propext, Quot.sound]
'Collatz.Research.CoefficientDescent.Batch048.certificate_3171' does not depend on any axioms
'Collatz.Research.CoefficientDescent.Batch048.ray_3171' depends on axioms: [propext, Quot.sound]
'Collatz.Research.CoefficientDescent.Batch048.certificate_3173' does not depend on any axioms
'Collatz.Research.CoefficientDescent.Batch048.ray_3173' depends on axioms: [propext, Quot.sound]
'Collatz.Research.CoefficientDescent.Batch048.certificate_3175' does not depend on any axioms
'Collatz.Research.CoefficientDescent.Batch048.ray_3175' depends on axioms: [propext, Quot.sound]
'Collatz.Research.CoefficientDescent.Batch048.certificate_3177' does not depend on any axioms
'Collatz.Research.CoefficientDescent.Batch048.ray_3177' depends on axioms: [propext, Quot.sound]
'Collatz.Research.CoefficientDescent.Batch048.certificate_3179' does not depend on any axioms
'Collatz.Research.CoefficientDescent.Batch048.ray_3179' depends on axioms: [propext, Quot.sound]
'Collatz.Research.CoefficientDescent.Batch048.certificate_3181' does not depend on any axioms
'Collatz.Research.CoefficientDescent.Batch048.ray_3181' depends on axioms: [propext, Quot.sound]
'Collatz.Research.CoefficientDescent.Batch048.certificate_3183' does not depend on any axioms
'Collatz.Research.CoefficientDescent.Batch048.ray_3183' depends on axioms: [propext, Quot.sound]
'Collatz.Research.CoefficientDescent.Batch048.certificate_3185' does not depend on any axioms
'Collatz.Research.CoefficientDescent.Batch048.ray_3185' depends on axioms: [propext, Quot.sound]
'Collatz.Research.CoefficientDescent.Batch048.certificate_3187' does not depend on any axioms
'Collatz.Research.CoefficientDescent.Batch048.ray_3187' depends on axioms: [propext, Quot.sound]
'Collatz.Research.CoefficientDescent.Batch048.certificate_3189' does not depend on any axioms
'Collatz.Research.CoefficientDescent.Batch048.ray_3189' depends on axioms: [propext, Quot.sound]
'Collatz.Research.CoefficientDescent.Batch048.certificate_3191' does not depend on any axioms
'Collatz.Research.CoefficientDescent.Batch048.ray_3191' depends on axioms: [propext, Quot.sound]
'Collatz.Research.CoefficientDescent.Batch048.certificate_3193' does not depend on any axioms
'Collatz.Research.CoefficientDescent.Batch048.ray_3193' depends on axioms: [propext, Quot.sound]
'Collatz.Research.CoefficientDescent.Batch048.certificate_3195' does not depend on any axioms
'Collatz.Research.CoefficientDescent.Batch048.ray_3195' depends on axioms: [propext, Quot.sound]
'Collatz.Research.CoefficientDescent.Batch048.certificate_3197' does not depend on any axioms
'Collatz.Research.CoefficientDescent.Batch048.ray_3197' depends on axioms: [propext, Quot.sound]
'Collatz.Research.CoefficientDescent.Batch048.certificate_3199' does not depend on any axioms
'Collatz.Research.CoefficientDescent.Batch048.ray_3199' depends on axioms: [propext, Quot.sound]
'Collatz.Research.CoefficientDescent.Batch048.certificate_3201' does not depend on any axioms
'Collatz.Research.CoefficientDescent.Batch048.ray_3201' depends on axioms: [propext, Quot.sound]
'Collatz.Research.CoefficientDescent.Batch048.certificate_3203' does not depend on any axioms
'Collatz.Research.CoefficientDescent.Batch048.ray_3203' depends on axioms: [propext, Quot.sound]
'Collatz.Research.CoefficientDescent.Batch048.certificate_3205' does not depend on any axioms
'Collatz.Research.CoefficientDescent.Batch048.ray_3205' depends on axioms: [propext, Quot.sound]
'Collatz.Research.CoefficientDescent.Batch048.certificate_3207' does not depend on any axioms
'Collatz.Research.CoefficientDescent.Batch048.ray_3207' depends on axioms: [propext, Quot.sound]
'Collatz.Research.CoefficientDescent.Batch048.certificate_3209' does not depend on any axioms
'Collatz.Research.CoefficientDescent.Batch048.ray_3209' depends on axioms: [propext, Quot.sound]
'Collatz.Research.CoefficientDescent.Batch048.certificate_3211' does not depend on any axioms
'Collatz.Research.CoefficientDescent.Batch048.ray_3211' depends on axioms: [propext, Quot.sound]
'Collatz.Research.CoefficientDescent.Batch048.certificate_3213' does not depend on any axioms
'Collatz.Research.CoefficientDescent.Batch048.ray_3213' depends on axioms: [propext, Quot.sound]
'Collatz.Research.CoefficientDescent.Batch048.certificate_3215' does not depend on any axioms
'Collatz.Research.CoefficientDescent.Batch048.ray_3215' depends on axioms: [propext, Quot.sound]
'Collatz.Research.CoefficientDescent.Batch048.coverage' depends on axioms: [propext, Quot.sound]
'Collatz.Research.CoefficientDescent.Batch049.certificate_3217' does not depend on any axioms
'Collatz.Research.CoefficientDescent.Batch049.ray_3217' depends on axioms: [propext, Quot.sound]
'Collatz.Research.CoefficientDescent.Batch049.certificate_3219' does not depend on any axioms
'Collatz.Research.CoefficientDescent.Batch049.ray_3219' depends on axioms: [propext, Quot.sound]
'Collatz.Research.CoefficientDescent.Batch049.certificate_3221' does not depend on any axioms
'Collatz.Research.CoefficientDescent.Batch049.ray_3221' depends on axioms: [propext, Quot.sound]
'Collatz.Research.CoefficientDescent.Batch049.certificate_3223' does not depend on any axioms
'Collatz.Research.CoefficientDescent.Batch049.ray_3223' depends on axioms: [propext, Quot.sound]
'Collatz.Research.CoefficientDescent.Batch049.certificate_3225' does not depend on any axioms
'Collatz.Research.CoefficientDescent.Batch049.ray_3225' depends on axioms: [propext, Quot.sound]
'Collatz.Research.CoefficientDescent.Batch049.certificate_3227' does not depend on any axioms
'Collatz.Research.CoefficientDescent.Batch049.ray_3227' depends on axioms: [propext, Quot.sound]
'Collatz.Research.CoefficientDescent.Batch049.certificate_3229' does not depend on any axioms
'Collatz.Research.CoefficientDescent.Batch049.ray_3229' depends on axioms: [propext, Quot.sound]
'Collatz.Research.CoefficientDescent.Batch049.certificate_3231' does not depend on any axioms
'Collatz.Research.CoefficientDescent.Batch049.ray_3231' depends on axioms: [propext, Quot.sound]
'Collatz.Research.CoefficientDescent.Batch049.certificate_3233' does not depend on any axioms
'Collatz.Research.CoefficientDescent.Batch049.ray_3233' depends on axioms: [propext, Quot.sound]
'Collatz.Research.CoefficientDescent.Batch049.certificate_3235' does not depend on any axioms
'Collatz.Research.CoefficientDescent.Batch049.ray_3235' depends on axioms: [propext, Quot.sound]
'Collatz.Research.CoefficientDescent.Batch049.certificate_3237' does not depend on any axioms
'Collatz.Research.CoefficientDescent.Batch049.ray_3237' depends on axioms: [propext, Quot.sound]
'Collatz.Research.CoefficientDescent.Batch049.certificate_3239' does not depend on any axioms
'Collatz.Research.CoefficientDescent.Batch049.ray_3239' depends on axioms: [propext, Quot.sound]
'Collatz.Research.CoefficientDescent.Batch049.certificate_3241' does not depend on any axioms
'Collatz.Research.CoefficientDescent.Batch049.ray_3241' depends on axioms: [propext, Quot.sound]
'Collatz.Research.CoefficientDescent.Batch049.certificate_3243' does not depend on any axioms
'Collatz.Research.CoefficientDescent.Batch049.ray_3243' depends on axioms: [propext, Quot.sound]
'Collatz.Research.CoefficientDescent.Batch049.certificate_3245' does not depend on any axioms
'Collatz.Research.CoefficientDescent.Batch049.ray_3245' depends on axioms: [propext, Quot.sound]
'Collatz.Research.CoefficientDescent.Batch049.certificate_3247' does not depend on any axioms
'Collatz.Research.CoefficientDescent.Batch049.ray_3247' depends on axioms: [propext, Quot.sound]
'Collatz.Research.CoefficientDescent.Batch049.certificate_3249' does not depend on any axioms
'Collatz.Research.CoefficientDescent.Batch049.ray_3249' depends on axioms: [propext, Quot.sound]
'Collatz.Research.CoefficientDescent.Batch049.certificate_3251' does not depend on any axioms
'Collatz.Research.CoefficientDescent.Batch049.ray_3251' depends on axioms: [propext, Quot.sound]
'Collatz.Research.CoefficientDescent.Batch049.certificate_3253' does not depend on any axioms
'Collatz.Research.CoefficientDescent.Batch049.ray_3253' depends on axioms: [propext, Quot.sound]
'Collatz.Research.CoefficientDescent.Batch049.certificate_3255' does not depend on any axioms
'Collatz.Research.CoefficientDescent.Batch049.ray_3255' depends on axioms: [propext, Quot.sound]
'Collatz.Research.CoefficientDescent.Batch049.certificate_3257' does not depend on any axioms
'Collatz.Research.CoefficientDescent.Batch049.ray_3257' depends on axioms: [propext, Quot.sound]
'Collatz.Research.CoefficientDescent.Batch049.certificate_3259' does not depend on any axioms
'Collatz.Research.CoefficientDescent.Batch049.ray_3259' depends on axioms: [propext, Quot.sound]
'Collatz.Research.CoefficientDescent.Batch049.certificate_3261' does not depend on any axioms
'Collatz.Research.CoefficientDescent.Batch049.ray_3261' depends on axioms: [propext, Quot.sound]
'Collatz.Research.CoefficientDescent.Batch049.certificate_3263' does not depend on any axioms
'Collatz.Research.CoefficientDescent.Batch049.ray_3263' depends on axioms: [propext, Quot.sound]
'Collatz.Research.CoefficientDescent.Batch049.certificate_3265' does not depend on any axioms
'Collatz.Research.CoefficientDescent.Batch049.ray_3265' depends on axioms: [propext, Quot.sound]
'Collatz.Research.CoefficientDescent.Batch049.certificate_3267' does not depend on any axioms
'Collatz.Research.CoefficientDescent.Batch049.ray_3267' depends on axioms: [propext, Quot.sound]
'Collatz.Research.CoefficientDescent.Batch049.certificate_3269' does not depend on any axioms
'Collatz.Research.CoefficientDescent.Batch049.ray_3269' depends on axioms: [propext, Quot.sound]
'Collatz.Research.CoefficientDescent.Batch049.certificate_3271' does not depend on any axioms
'Collatz.Research.CoefficientDescent.Batch049.ray_3271' depends on axioms: [propext, Quot.sound]
'Collatz.Research.CoefficientDescent.Batch049.certificate_3273' does not depend on any axioms
'Collatz.Research.CoefficientDescent.Batch049.ray_3273' depends on axioms: [propext, Quot.sound]
'Collatz.Research.CoefficientDescent.Batch049.certificate_3275' does not depend on any axioms
'Collatz.Research.CoefficientDescent.Batch049.ray_3275' depends on axioms: [propext, Quot.sound]
'Collatz.Research.CoefficientDescent.Batch049.certificate_3277' does not depend on any axioms
'Collatz.Research.CoefficientDescent.Batch049.ray_3277' depends on axioms: [propext, Quot.sound]
'Collatz.Research.CoefficientDescent.Batch049.certificate_3279' does not depend on any axioms
'Collatz.Research.CoefficientDescent.Batch049.ray_3279' depends on axioms: [propext, Quot.sound]
'Collatz.Research.CoefficientDescent.Batch049.certificate_3281' does not depend on any axioms
'Collatz.Research.CoefficientDescent.Batch049.ray_3281' depends on axioms: [propext, Quot.sound]
'Collatz.Research.CoefficientDescent.Batch049.certificate_3283' does not depend on any axioms
'Collatz.Research.CoefficientDescent.Batch049.ray_3283' depends on axioms: [propext, Quot.sound]
'Collatz.Research.CoefficientDescent.Batch049.coverage' depends on axioms: [propext, Quot.sound]
'Collatz.Research.CoefficientDescent.Batch050.certificate_3285' does not depend on any axioms
'Collatz.Research.CoefficientDescent.Batch050.ray_3285' depends on axioms: [propext, Quot.sound]
'Collatz.Research.CoefficientDescent.Batch050.certificate_3287' does not depend on any axioms
'Collatz.Research.CoefficientDescent.Batch050.ray_3287' depends on axioms: [propext, Quot.sound]
'Collatz.Research.CoefficientDescent.Batch050.certificate_3289' does not depend on any axioms
'Collatz.Research.CoefficientDescent.Batch050.ray_3289' depends on axioms: [propext, Quot.sound]
'Collatz.Research.CoefficientDescent.Batch050.certificate_3291' does not depend on any axioms
'Collatz.Research.CoefficientDescent.Batch050.ray_3291' depends on axioms: [propext, Quot.sound]
'Collatz.Research.CoefficientDescent.Batch050.certificate_3293' does not depend on any axioms
'Collatz.Research.CoefficientDescent.Batch050.ray_3293' depends on axioms: [propext, Quot.sound]
'Collatz.Research.CoefficientDescent.Batch050.certificate_3295' does not depend on any axioms
'Collatz.Research.CoefficientDescent.Batch050.ray_3295' depends on axioms: [propext, Quot.sound]
'Collatz.Research.CoefficientDescent.Batch050.certificate_3297' does not depend on any axioms
'Collatz.Research.CoefficientDescent.Batch050.ray_3297' depends on axioms: [propext, Quot.sound]
'Collatz.Research.CoefficientDescent.Batch050.certificate_3299' does not depend on any axioms
'Collatz.Research.CoefficientDescent.Batch050.ray_3299' depends on axioms: [propext, Quot.sound]
'Collatz.Research.CoefficientDescent.Batch050.certificate_3301' does not depend on any axioms
'Collatz.Research.CoefficientDescent.Batch050.ray_3301' depends on axioms: [propext, Quot.sound]
'Collatz.Research.CoefficientDescent.Batch050.certificate_3303' does not depend on any axioms
'Collatz.Research.CoefficientDescent.Batch050.ray_3303' depends on axioms: [propext, Quot.sound]
'Collatz.Research.CoefficientDescent.Batch050.certificate_3305' does not depend on any axioms
'Collatz.Research.CoefficientDescent.Batch050.ray_3305' depends on axioms: [propext, Quot.sound]
'Collatz.Research.CoefficientDescent.Batch050.certificate_3307' does not depend on any axioms
'Collatz.Research.CoefficientDescent.Batch050.ray_3307' depends on axioms: [propext, Quot.sound]
'Collatz.Research.CoefficientDescent.Batch050.certificate_3309' does not depend on any axioms
'Collatz.Research.CoefficientDescent.Batch050.ray_3309' depends on axioms: [propext, Quot.sound]
'Collatz.Research.CoefficientDescent.Batch050.certificate_3311' does not depend on any axioms
'Collatz.Research.CoefficientDescent.Batch050.ray_3311' depends on axioms: [propext, Quot.sound]
'Collatz.Research.CoefficientDescent.Batch050.certificate_3313' does not depend on any axioms
'Collatz.Research.CoefficientDescent.Batch050.ray_3313' depends on axioms: [propext, Quot.sound]
'Collatz.Research.CoefficientDescent.Batch050.certificate_3315' does not depend on any axioms
'Collatz.Research.CoefficientDescent.Batch050.ray_3315' depends on axioms: [propext, Quot.sound]
'Collatz.Research.CoefficientDescent.Batch050.certificate_3317' does not depend on any axioms
'Collatz.Research.CoefficientDescent.Batch050.ray_3317' depends on axioms: [propext, Quot.sound]
'Collatz.Research.CoefficientDescent.Batch050.certificate_3319' does not depend on any axioms
'Collatz.Research.CoefficientDescent.Batch050.ray_3319' depends on axioms: [propext, Quot.sound]
'Collatz.Research.CoefficientDescent.Batch050.certificate_3321' does not depend on any axioms
'Collatz.Research.CoefficientDescent.Batch050.ray_3321' depends on axioms: [propext, Quot.sound]
'Collatz.Research.CoefficientDescent.Batch050.certificate_3323' does not depend on any axioms
'Collatz.Research.CoefficientDescent.Batch050.ray_3323' depends on axioms: [propext, Quot.sound]
'Collatz.Research.CoefficientDescent.Batch050.certificate_3325' does not depend on any axioms
'Collatz.Research.CoefficientDescent.Batch050.ray_3325' depends on axioms: [propext, Quot.sound]
'Collatz.Research.CoefficientDescent.Batch050.certificate_3327' does not depend on any axioms
'Collatz.Research.CoefficientDescent.Batch050.ray_3327' depends on axioms: [propext, Quot.sound]
'Collatz.Research.CoefficientDescent.Batch050.certificate_3329' does not depend on any axioms
'Collatz.Research.CoefficientDescent.Batch050.ray_3329' depends on axioms: [propext, Quot.sound]
'Collatz.Research.CoefficientDescent.Batch050.certificate_3331' does not depend on any axioms
'Collatz.Research.CoefficientDescent.Batch050.ray_3331' depends on axioms: [propext, Quot.sound]
'Collatz.Research.CoefficientDescent.Batch050.certificate_3333' does not depend on any axioms
'Collatz.Research.CoefficientDescent.Batch050.ray_3333' depends on axioms: [propext, Quot.sound]
'Collatz.Research.CoefficientDescent.Batch050.certificate_3335' does not depend on any axioms
'Collatz.Research.CoefficientDescent.Batch050.ray_3335' depends on axioms: [propext, Quot.sound]
'Collatz.Research.CoefficientDescent.Batch050.certificate_3337' does not depend on any axioms
'Collatz.Research.CoefficientDescent.Batch050.ray_3337' depends on axioms: [propext, Quot.sound]
'Collatz.Research.CoefficientDescent.Batch050.certificate_3339' does not depend on any axioms
'Collatz.Research.CoefficientDescent.Batch050.ray_3339' depends on axioms: [propext, Quot.sound]
'Collatz.Research.CoefficientDescent.Batch050.certificate_3341' does not depend on any axioms
'Collatz.Research.CoefficientDescent.Batch050.ray_3341' depends on axioms: [propext, Quot.sound]
'Collatz.Research.CoefficientDescent.Batch050.certificate_3343' does not depend on any axioms
'Collatz.Research.CoefficientDescent.Batch050.ray_3343' depends on axioms: [propext, Quot.sound]
'Collatz.Research.CoefficientDescent.Batch050.certificate_3345' does not depend on any axioms
'Collatz.Research.CoefficientDescent.Batch050.ray_3345' depends on axioms: [propext, Quot.sound]
'Collatz.Research.CoefficientDescent.Batch050.certificate_3347' does not depend on any axioms
'Collatz.Research.CoefficientDescent.Batch050.ray_3347' depends on axioms: [propext, Quot.sound]
'Collatz.Research.CoefficientDescent.Batch050.certificate_3349' does not depend on any axioms
'Collatz.Research.CoefficientDescent.Batch050.ray_3349' depends on axioms: [propext, Quot.sound]
'Collatz.Research.CoefficientDescent.Batch050.coverage' depends on axioms: [propext, Quot.sound]
'Collatz.Research.CoefficientDescent.Batch051.certificate_3351' does not depend on any axioms
'Collatz.Research.CoefficientDescent.Batch051.ray_3351' depends on axioms: [propext, Quot.sound]
'Collatz.Research.CoefficientDescent.Batch051.certificate_3353' does not depend on any axioms
'Collatz.Research.CoefficientDescent.Batch051.ray_3353' depends on axioms: [propext, Quot.sound]
'Collatz.Research.CoefficientDescent.Batch051.certificate_3355' does not depend on any axioms
'Collatz.Research.CoefficientDescent.Batch051.ray_3355' depends on axioms: [propext, Quot.sound]
'Collatz.Research.CoefficientDescent.Batch051.certificate_3357' does not depend on any axioms
'Collatz.Research.CoefficientDescent.Batch051.ray_3357' depends on axioms: [propext, Quot.sound]
'Collatz.Research.CoefficientDescent.Batch051.certificate_3359' does not depend on any axioms
'Collatz.Research.CoefficientDescent.Batch051.ray_3359' depends on axioms: [propext, Quot.sound]
'Collatz.Research.CoefficientDescent.Batch051.certificate_3361' does not depend on any axioms
'Collatz.Research.CoefficientDescent.Batch051.ray_3361' depends on axioms: [propext, Quot.sound]
'Collatz.Research.CoefficientDescent.Batch051.certificate_3363' does not depend on any axioms
'Collatz.Research.CoefficientDescent.Batch051.ray_3363' depends on axioms: [propext, Quot.sound]
'Collatz.Research.CoefficientDescent.Batch051.certificate_3365' does not depend on any axioms
'Collatz.Research.CoefficientDescent.Batch051.ray_3365' depends on axioms: [propext, Quot.sound]
'Collatz.Research.CoefficientDescent.Batch051.certificate_3367' does not depend on any axioms
'Collatz.Research.CoefficientDescent.Batch051.ray_3367' depends on axioms: [propext, Quot.sound]
'Collatz.Research.CoefficientDescent.Batch051.certificate_3369' does not depend on any axioms
'Collatz.Research.CoefficientDescent.Batch051.ray_3369' depends on axioms: [propext, Quot.sound]
'Collatz.Research.CoefficientDescent.Batch051.certificate_3371' does not depend on any axioms
'Collatz.Research.CoefficientDescent.Batch051.ray_3371' depends on axioms: [propext, Quot.sound]
'Collatz.Research.CoefficientDescent.Batch051.certificate_3373' does not depend on any axioms
'Collatz.Research.CoefficientDescent.Batch051.ray_3373' depends on axioms: [propext, Quot.sound]
'Collatz.Research.CoefficientDescent.Batch051.certificate_3375' does not depend on any axioms
'Collatz.Research.CoefficientDescent.Batch051.ray_3375' depends on axioms: [propext, Quot.sound]
'Collatz.Research.CoefficientDescent.Batch051.certificate_3377' does not depend on any axioms
'Collatz.Research.CoefficientDescent.Batch051.ray_3377' depends on axioms: [propext, Quot.sound]
'Collatz.Research.CoefficientDescent.Batch051.certificate_3379' does not depend on any axioms
'Collatz.Research.CoefficientDescent.Batch051.ray_3379' depends on axioms: [propext, Quot.sound]
'Collatz.Research.CoefficientDescent.Batch051.certificate_3381' does not depend on any axioms
'Collatz.Research.CoefficientDescent.Batch051.ray_3381' depends on axioms: [propext, Quot.sound]
'Collatz.Research.CoefficientDescent.Batch051.certificate_3383' does not depend on any axioms
'Collatz.Research.CoefficientDescent.Batch051.ray_3383' depends on axioms: [propext, Quot.sound]
'Collatz.Research.CoefficientDescent.Batch051.certificate_3385' does not depend on any axioms
'Collatz.Research.CoefficientDescent.Batch051.ray_3385' depends on axioms: [propext, Quot.sound]
'Collatz.Research.CoefficientDescent.Batch051.certificate_3387' does not depend on any axioms
'Collatz.Research.CoefficientDescent.Batch051.ray_3387' depends on axioms: [propext, Quot.sound]
'Collatz.Research.CoefficientDescent.Batch051.certificate_3389' does not depend on any axioms
'Collatz.Research.CoefficientDescent.Batch051.ray_3389' depends on axioms: [propext, Quot.sound]
'Collatz.Research.CoefficientDescent.Batch051.certificate_3391' does not depend on any axioms
'Collatz.Research.CoefficientDescent.Batch051.ray_3391' depends on axioms: [propext, Quot.sound]
'Collatz.Research.CoefficientDescent.Batch051.certificate_3393' does not depend on any axioms
'Collatz.Research.CoefficientDescent.Batch051.ray_3393' depends on axioms: [propext, Quot.sound]
'Collatz.Research.CoefficientDescent.Batch051.certificate_3395' does not depend on any axioms
'Collatz.Research.CoefficientDescent.Batch051.ray_3395' depends on axioms: [propext, Quot.sound]
'Collatz.Research.CoefficientDescent.Batch051.certificate_3397' does not depend on any axioms
'Collatz.Research.CoefficientDescent.Batch051.ray_3397' depends on axioms: [propext, Quot.sound]
'Collatz.Research.CoefficientDescent.Batch051.certificate_3399' does not depend on any axioms
'Collatz.Research.CoefficientDescent.Batch051.ray_3399' depends on axioms: [propext, Quot.sound]
'Collatz.Research.CoefficientDescent.Batch051.certificate_3401' does not depend on any axioms
'Collatz.Research.CoefficientDescent.Batch051.ray_3401' depends on axioms: [propext, Quot.sound]
'Collatz.Research.CoefficientDescent.Batch051.certificate_3403' does not depend on any axioms
'Collatz.Research.CoefficientDescent.Batch051.ray_3403' depends on axioms: [propext, Quot.sound]
'Collatz.Research.CoefficientDescent.Batch051.certificate_3405' does not depend on any axioms
'Collatz.Research.CoefficientDescent.Batch051.ray_3405' depends on axioms: [propext, Quot.sound]
'Collatz.Research.CoefficientDescent.Batch051.certificate_3407' does not depend on any axioms
'Collatz.Research.CoefficientDescent.Batch051.ray_3407' depends on axioms: [propext, Quot.sound]
'Collatz.Research.CoefficientDescent.Batch051.certificate_3409' does not depend on any axioms
'Collatz.Research.CoefficientDescent.Batch051.ray_3409' depends on axioms: [propext, Quot.sound]
'Collatz.Research.CoefficientDescent.Batch051.certificate_3411' does not depend on any axioms
'Collatz.Research.CoefficientDescent.Batch051.ray_3411' depends on axioms: [propext, Quot.sound]
'Collatz.Research.CoefficientDescent.Batch051.certificate_3413' does not depend on any axioms
'Collatz.Research.CoefficientDescent.Batch051.ray_3413' depends on axioms: [propext, Quot.sound]
'Collatz.Research.CoefficientDescent.Batch051.certificate_3415' does not depend on any axioms
'Collatz.Research.CoefficientDescent.Batch051.ray_3415' depends on axioms: [propext, Quot.sound]
'Collatz.Research.CoefficientDescent.Batch051.coverage' depends on axioms: [propext, Quot.sound]
'Collatz.Research.CoefficientDescent.Batch052.certificate_3417' does not depend on any axioms
'Collatz.Research.CoefficientDescent.Batch052.ray_3417' depends on axioms: [propext, Quot.sound]
'Collatz.Research.CoefficientDescent.Batch052.certificate_3419' does not depend on any axioms
'Collatz.Research.CoefficientDescent.Batch052.ray_3419' depends on axioms: [propext, Quot.sound]
'Collatz.Research.CoefficientDescent.Batch052.certificate_3421' does not depend on any axioms
'Collatz.Research.CoefficientDescent.Batch052.ray_3421' depends on axioms: [propext, Quot.sound]
'Collatz.Research.CoefficientDescent.Batch052.certificate_3423' does not depend on any axioms
'Collatz.Research.CoefficientDescent.Batch052.ray_3423' depends on axioms: [propext, Quot.sound]
'Collatz.Research.CoefficientDescent.Batch052.certificate_3425' does not depend on any axioms
'Collatz.Research.CoefficientDescent.Batch052.ray_3425' depends on axioms: [propext, Quot.sound]
'Collatz.Research.CoefficientDescent.Batch052.certificate_3427' does not depend on any axioms
'Collatz.Research.CoefficientDescent.Batch052.ray_3427' depends on axioms: [propext, Quot.sound]
'Collatz.Research.CoefficientDescent.Batch052.certificate_3429' does not depend on any axioms
'Collatz.Research.CoefficientDescent.Batch052.ray_3429' depends on axioms: [propext, Quot.sound]
'Collatz.Research.CoefficientDescent.Batch052.certificate_3431' does not depend on any axioms
'Collatz.Research.CoefficientDescent.Batch052.ray_3431' depends on axioms: [propext, Quot.sound]
'Collatz.Research.CoefficientDescent.Batch052.certificate_3433' does not depend on any axioms
'Collatz.Research.CoefficientDescent.Batch052.ray_3433' depends on axioms: [propext, Quot.sound]
'Collatz.Research.CoefficientDescent.Batch052.certificate_3435' does not depend on any axioms
'Collatz.Research.CoefficientDescent.Batch052.ray_3435' depends on axioms: [propext, Quot.sound]
'Collatz.Research.CoefficientDescent.Batch052.certificate_3437' does not depend on any axioms
'Collatz.Research.CoefficientDescent.Batch052.ray_3437' depends on axioms: [propext, Quot.sound]
'Collatz.Research.CoefficientDescent.Batch052.certificate_3439' does not depend on any axioms
'Collatz.Research.CoefficientDescent.Batch052.ray_3439' depends on axioms: [propext, Quot.sound]
'Collatz.Research.CoefficientDescent.Batch052.certificate_3441' does not depend on any axioms
'Collatz.Research.CoefficientDescent.Batch052.ray_3441' depends on axioms: [propext, Quot.sound]
'Collatz.Research.CoefficientDescent.Batch052.certificate_3443' does not depend on any axioms
'Collatz.Research.CoefficientDescent.Batch052.ray_3443' depends on axioms: [propext, Quot.sound]
'Collatz.Research.CoefficientDescent.Batch052.certificate_3445' does not depend on any axioms
'Collatz.Research.CoefficientDescent.Batch052.ray_3445' depends on axioms: [propext, Quot.sound]
'Collatz.Research.CoefficientDescent.Batch052.certificate_3447' does not depend on any axioms
'Collatz.Research.CoefficientDescent.Batch052.ray_3447' depends on axioms: [propext, Quot.sound]
'Collatz.Research.CoefficientDescent.Batch052.certificate_3449' does not depend on any axioms
'Collatz.Research.CoefficientDescent.Batch052.ray_3449' depends on axioms: [propext, Quot.sound]
'Collatz.Research.CoefficientDescent.Batch052.certificate_3451' does not depend on any axioms
'Collatz.Research.CoefficientDescent.Batch052.ray_3451' depends on axioms: [propext, Quot.sound]
'Collatz.Research.CoefficientDescent.Batch052.certificate_3453' does not depend on any axioms
'Collatz.Research.CoefficientDescent.Batch052.ray_3453' depends on axioms: [propext, Quot.sound]
'Collatz.Research.CoefficientDescent.Batch052.certificate_3455' does not depend on any axioms
'Collatz.Research.CoefficientDescent.Batch052.ray_3455' depends on axioms: [propext, Quot.sound]
'Collatz.Research.CoefficientDescent.Batch052.certificate_3457' does not depend on any axioms
'Collatz.Research.CoefficientDescent.Batch052.ray_3457' depends on axioms: [propext, Quot.sound]
'Collatz.Research.CoefficientDescent.Batch052.certificate_3459' does not depend on any axioms
'Collatz.Research.CoefficientDescent.Batch052.ray_3459' depends on axioms: [propext, Quot.sound]
'Collatz.Research.CoefficientDescent.Batch052.certificate_3461' does not depend on any axioms
'Collatz.Research.CoefficientDescent.Batch052.ray_3461' depends on axioms: [propext, Quot.sound]
'Collatz.Research.CoefficientDescent.Batch052.certificate_3463' does not depend on any axioms
'Collatz.Research.CoefficientDescent.Batch052.ray_3463' depends on axioms: [propext, Quot.sound]
'Collatz.Research.CoefficientDescent.Batch052.certificate_3465' does not depend on any axioms
'Collatz.Research.CoefficientDescent.Batch052.ray_3465' depends on axioms: [propext, Quot.sound]
'Collatz.Research.CoefficientDescent.Batch052.certificate_3467' does not depend on any axioms
'Collatz.Research.CoefficientDescent.Batch052.ray_3467' depends on axioms: [propext, Quot.sound]
'Collatz.Research.CoefficientDescent.Batch052.certificate_3469' does not depend on any axioms
'Collatz.Research.CoefficientDescent.Batch052.ray_3469' depends on axioms: [propext, Quot.sound]
'Collatz.Research.CoefficientDescent.Batch052.certificate_3471' does not depend on any axioms
'Collatz.Research.CoefficientDescent.Batch052.ray_3471' depends on axioms: [propext, Quot.sound]
'Collatz.Research.CoefficientDescent.Batch052.certificate_3473' does not depend on any axioms
'Collatz.Research.CoefficientDescent.Batch052.ray_3473' depends on axioms: [propext, Quot.sound]
'Collatz.Research.CoefficientDescent.Batch052.certificate_3475' does not depend on any axioms
'Collatz.Research.CoefficientDescent.Batch052.ray_3475' depends on axioms: [propext, Quot.sound]
'Collatz.Research.CoefficientDescent.Batch052.certificate_3477' does not depend on any axioms
'Collatz.Research.CoefficientDescent.Batch052.ray_3477' depends on axioms: [propext, Quot.sound]
'Collatz.Research.CoefficientDescent.Batch052.certificate_3479' does not depend on any axioms
'Collatz.Research.CoefficientDescent.Batch052.ray_3479' depends on axioms: [propext, Quot.sound]
'Collatz.Research.CoefficientDescent.Batch052.certificate_3481' does not depend on any axioms
'Collatz.Research.CoefficientDescent.Batch052.ray_3481' depends on axioms: [propext, Quot.sound]
'Collatz.Research.CoefficientDescent.Batch052.certificate_3483' does not depend on any axioms
'Collatz.Research.CoefficientDescent.Batch052.ray_3483' depends on axioms: [propext, Quot.sound]
'Collatz.Research.CoefficientDescent.Batch052.coverage' depends on axioms: [propext, Quot.sound]
'Collatz.Research.CoefficientDescent.Batch053.certificate_3485' does not depend on any axioms
'Collatz.Research.CoefficientDescent.Batch053.ray_3485' depends on axioms: [propext, Quot.sound]
'Collatz.Research.CoefficientDescent.Batch053.certificate_3487' does not depend on any axioms
'Collatz.Research.CoefficientDescent.Batch053.ray_3487' depends on axioms: [propext, Quot.sound]
'Collatz.Research.CoefficientDescent.Batch053.certificate_3489' does not depend on any axioms
'Collatz.Research.CoefficientDescent.Batch053.ray_3489' depends on axioms: [propext, Quot.sound]
'Collatz.Research.CoefficientDescent.Batch053.certificate_3491' does not depend on any axioms
'Collatz.Research.CoefficientDescent.Batch053.ray_3491' depends on axioms: [propext, Quot.sound]
'Collatz.Research.CoefficientDescent.Batch053.certificate_3493' does not depend on any axioms
'Collatz.Research.CoefficientDescent.Batch053.ray_3493' depends on axioms: [propext, Quot.sound]
'Collatz.Research.CoefficientDescent.Batch053.certificate_3495' does not depend on any axioms
'Collatz.Research.CoefficientDescent.Batch053.ray_3495' depends on axioms: [propext, Quot.sound]
'Collatz.Research.CoefficientDescent.Batch053.certificate_3497' does not depend on any axioms
'Collatz.Research.CoefficientDescent.Batch053.ray_3497' depends on axioms: [propext, Quot.sound]
'Collatz.Research.CoefficientDescent.Batch053.certificate_3499' does not depend on any axioms
'Collatz.Research.CoefficientDescent.Batch053.ray_3499' depends on axioms: [propext, Quot.sound]
'Collatz.Research.CoefficientDescent.Batch053.certificate_3501' does not depend on any axioms
'Collatz.Research.CoefficientDescent.Batch053.ray_3501' depends on axioms: [propext, Quot.sound]
'Collatz.Research.CoefficientDescent.Batch053.certificate_3503' does not depend on any axioms
'Collatz.Research.CoefficientDescent.Batch053.ray_3503' depends on axioms: [propext, Quot.sound]
'Collatz.Research.CoefficientDescent.Batch053.certificate_3505' does not depend on any axioms
'Collatz.Research.CoefficientDescent.Batch053.ray_3505' depends on axioms: [propext, Quot.sound]
'Collatz.Research.CoefficientDescent.Batch053.certificate_3507' does not depend on any axioms
'Collatz.Research.CoefficientDescent.Batch053.ray_3507' depends on axioms: [propext, Quot.sound]
'Collatz.Research.CoefficientDescent.Batch053.certificate_3509' does not depend on any axioms
'Collatz.Research.CoefficientDescent.Batch053.ray_3509' depends on axioms: [propext, Quot.sound]
'Collatz.Research.CoefficientDescent.Batch053.certificate_3511' does not depend on any axioms
'Collatz.Research.CoefficientDescent.Batch053.ray_3511' depends on axioms: [propext, Quot.sound]
'Collatz.Research.CoefficientDescent.Batch053.certificate_3513' does not depend on any axioms
'Collatz.Research.CoefficientDescent.Batch053.ray_3513' depends on axioms: [propext, Quot.sound]
'Collatz.Research.CoefficientDescent.Batch053.certificate_3515' does not depend on any axioms
'Collatz.Research.CoefficientDescent.Batch053.ray_3515' depends on axioms: [propext, Quot.sound]
'Collatz.Research.CoefficientDescent.Batch053.certificate_3517' does not depend on any axioms
'Collatz.Research.CoefficientDescent.Batch053.ray_3517' depends on axioms: [propext, Quot.sound]
'Collatz.Research.CoefficientDescent.Batch053.certificate_3519' does not depend on any axioms
'Collatz.Research.CoefficientDescent.Batch053.ray_3519' depends on axioms: [propext, Quot.sound]
'Collatz.Research.CoefficientDescent.Batch053.certificate_3521' does not depend on any axioms
'Collatz.Research.CoefficientDescent.Batch053.ray_3521' depends on axioms: [propext, Quot.sound]
'Collatz.Research.CoefficientDescent.Batch053.certificate_3523' does not depend on any axioms
'Collatz.Research.CoefficientDescent.Batch053.ray_3523' depends on axioms: [propext, Quot.sound]
'Collatz.Research.CoefficientDescent.Batch053.certificate_3525' does not depend on any axioms
'Collatz.Research.CoefficientDescent.Batch053.ray_3525' depends on axioms: [propext, Quot.sound]
'Collatz.Research.CoefficientDescent.Batch053.certificate_3527' does not depend on any axioms
'Collatz.Research.CoefficientDescent.Batch053.ray_3527' depends on axioms: [propext, Quot.sound]
'Collatz.Research.CoefficientDescent.Batch053.certificate_3529' does not depend on any axioms
'Collatz.Research.CoefficientDescent.Batch053.ray_3529' depends on axioms: [propext, Quot.sound]
'Collatz.Research.CoefficientDescent.Batch053.certificate_3531' does not depend on any axioms
'Collatz.Research.CoefficientDescent.Batch053.ray_3531' depends on axioms: [propext, Quot.sound]
'Collatz.Research.CoefficientDescent.Batch053.certificate_3533' does not depend on any axioms
'Collatz.Research.CoefficientDescent.Batch053.ray_3533' depends on axioms: [propext, Quot.sound]
'Collatz.Research.CoefficientDescent.Batch053.certificate_3535' does not depend on any axioms
'Collatz.Research.CoefficientDescent.Batch053.ray_3535' depends on axioms: [propext, Quot.sound]
'Collatz.Research.CoefficientDescent.Batch053.certificate_3537' does not depend on any axioms
'Collatz.Research.CoefficientDescent.Batch053.ray_3537' depends on axioms: [propext, Quot.sound]
'Collatz.Research.CoefficientDescent.Batch053.certificate_3539' does not depend on any axioms
'Collatz.Research.CoefficientDescent.Batch053.ray_3539' depends on axioms: [propext, Quot.sound]
'Collatz.Research.CoefficientDescent.Batch053.certificate_3541' does not depend on any axioms
'Collatz.Research.CoefficientDescent.Batch053.ray_3541' depends on axioms: [propext, Quot.sound]
'Collatz.Research.CoefficientDescent.Batch053.certificate_3543' does not depend on any axioms
'Collatz.Research.CoefficientDescent.Batch053.ray_3543' depends on axioms: [propext, Quot.sound]
'Collatz.Research.CoefficientDescent.Batch053.certificate_3545' does not depend on any axioms
'Collatz.Research.CoefficientDescent.Batch053.ray_3545' depends on axioms: [propext, Quot.sound]
'Collatz.Research.CoefficientDescent.Batch053.certificate_3547' does not depend on any axioms
'Collatz.Research.CoefficientDescent.Batch053.ray_3547' depends on axioms: [propext, Quot.sound]
'Collatz.Research.CoefficientDescent.Batch053.certificate_3549' does not depend on any axioms
'Collatz.Research.CoefficientDescent.Batch053.ray_3549' depends on axioms: [propext, Quot.sound]
'Collatz.Research.CoefficientDescent.Batch053.coverage' depends on axioms: [propext, Quot.sound]
'Collatz.Research.CoefficientDescent.Batch054.certificate_3551' does not depend on any axioms
'Collatz.Research.CoefficientDescent.Batch054.ray_3551' depends on axioms: [propext, Quot.sound]
'Collatz.Research.CoefficientDescent.Batch054.certificate_3553' does not depend on any axioms
'Collatz.Research.CoefficientDescent.Batch054.ray_3553' depends on axioms: [propext, Quot.sound]
'Collatz.Research.CoefficientDescent.Batch054.certificate_3555' does not depend on any axioms
'Collatz.Research.CoefficientDescent.Batch054.ray_3555' depends on axioms: [propext, Quot.sound]
'Collatz.Research.CoefficientDescent.Batch054.certificate_3557' does not depend on any axioms
'Collatz.Research.CoefficientDescent.Batch054.ray_3557' depends on axioms: [propext, Quot.sound]
'Collatz.Research.CoefficientDescent.Batch054.certificate_3559' does not depend on any axioms
'Collatz.Research.CoefficientDescent.Batch054.ray_3559' depends on axioms: [propext, Quot.sound]
'Collatz.Research.CoefficientDescent.Batch054.certificate_3561' does not depend on any axioms
'Collatz.Research.CoefficientDescent.Batch054.ray_3561' depends on axioms: [propext, Quot.sound]
'Collatz.Research.CoefficientDescent.Batch054.certificate_3563' does not depend on any axioms
'Collatz.Research.CoefficientDescent.Batch054.ray_3563' depends on axioms: [propext, Quot.sound]
'Collatz.Research.CoefficientDescent.Batch054.certificate_3565' does not depend on any axioms
'Collatz.Research.CoefficientDescent.Batch054.ray_3565' depends on axioms: [propext, Quot.sound]
'Collatz.Research.CoefficientDescent.Batch054.certificate_3567' does not depend on any axioms
'Collatz.Research.CoefficientDescent.Batch054.ray_3567' depends on axioms: [propext, Quot.sound]
'Collatz.Research.CoefficientDescent.Batch054.certificate_3569' does not depend on any axioms
'Collatz.Research.CoefficientDescent.Batch054.ray_3569' depends on axioms: [propext, Quot.sound]
'Collatz.Research.CoefficientDescent.Batch054.certificate_3571' does not depend on any axioms
'Collatz.Research.CoefficientDescent.Batch054.ray_3571' depends on axioms: [propext, Quot.sound]
'Collatz.Research.CoefficientDescent.Batch054.certificate_3573' does not depend on any axioms
'Collatz.Research.CoefficientDescent.Batch054.ray_3573' depends on axioms: [propext, Quot.sound]
'Collatz.Research.CoefficientDescent.Batch054.certificate_3575' does not depend on any axioms
'Collatz.Research.CoefficientDescent.Batch054.ray_3575' depends on axioms: [propext, Quot.sound]
'Collatz.Research.CoefficientDescent.Batch054.certificate_3577' does not depend on any axioms
'Collatz.Research.CoefficientDescent.Batch054.ray_3577' depends on axioms: [propext, Quot.sound]
'Collatz.Research.CoefficientDescent.Batch054.certificate_3579' does not depend on any axioms
'Collatz.Research.CoefficientDescent.Batch054.ray_3579' depends on axioms: [propext, Quot.sound]
'Collatz.Research.CoefficientDescent.Batch054.certificate_3581' does not depend on any axioms
'Collatz.Research.CoefficientDescent.Batch054.ray_3581' depends on axioms: [propext, Quot.sound]
'Collatz.Research.CoefficientDescent.Batch054.certificate_3583' does not depend on any axioms
'Collatz.Research.CoefficientDescent.Batch054.ray_3583' depends on axioms: [propext, Quot.sound]
'Collatz.Research.CoefficientDescent.Batch054.certificate_3585' does not depend on any axioms
'Collatz.Research.CoefficientDescent.Batch054.ray_3585' depends on axioms: [propext, Quot.sound]
'Collatz.Research.CoefficientDescent.Batch054.certificate_3587' does not depend on any axioms
'Collatz.Research.CoefficientDescent.Batch054.ray_3587' depends on axioms: [propext, Quot.sound]
'Collatz.Research.CoefficientDescent.Batch054.certificate_3589' does not depend on any axioms
'Collatz.Research.CoefficientDescent.Batch054.ray_3589' depends on axioms: [propext, Quot.sound]
'Collatz.Research.CoefficientDescent.Batch054.certificate_3591' does not depend on any axioms
'Collatz.Research.CoefficientDescent.Batch054.ray_3591' depends on axioms: [propext, Quot.sound]
'Collatz.Research.CoefficientDescent.Batch054.certificate_3593' does not depend on any axioms
'Collatz.Research.CoefficientDescent.Batch054.ray_3593' depends on axioms: [propext, Quot.sound]
'Collatz.Research.CoefficientDescent.Batch054.certificate_3595' does not depend on any axioms
'Collatz.Research.CoefficientDescent.Batch054.ray_3595' depends on axioms: [propext, Quot.sound]
'Collatz.Research.CoefficientDescent.Batch054.certificate_3597' does not depend on any axioms
'Collatz.Research.CoefficientDescent.Batch054.ray_3597' depends on axioms: [propext, Quot.sound]
'Collatz.Research.CoefficientDescent.Batch054.certificate_3599' does not depend on any axioms
'Collatz.Research.CoefficientDescent.Batch054.ray_3599' depends on axioms: [propext, Quot.sound]
'Collatz.Research.CoefficientDescent.Batch054.certificate_3601' does not depend on any axioms
'Collatz.Research.CoefficientDescent.Batch054.ray_3601' depends on axioms: [propext, Quot.sound]
'Collatz.Research.CoefficientDescent.Batch054.certificate_3603' does not depend on any axioms
'Collatz.Research.CoefficientDescent.Batch054.ray_3603' depends on axioms: [propext, Quot.sound]
'Collatz.Research.CoefficientDescent.Batch054.certificate_3605' does not depend on any axioms
'Collatz.Research.CoefficientDescent.Batch054.ray_3605' depends on axioms: [propext, Quot.sound]
'Collatz.Research.CoefficientDescent.Batch054.certificate_3607' does not depend on any axioms
'Collatz.Research.CoefficientDescent.Batch054.ray_3607' depends on axioms: [propext, Quot.sound]
'Collatz.Research.CoefficientDescent.Batch054.certificate_3609' does not depend on any axioms
'Collatz.Research.CoefficientDescent.Batch054.ray_3609' depends on axioms: [propext, Quot.sound]
'Collatz.Research.CoefficientDescent.Batch054.certificate_3611' does not depend on any axioms
'Collatz.Research.CoefficientDescent.Batch054.ray_3611' depends on axioms: [propext, Quot.sound]
'Collatz.Research.CoefficientDescent.Batch054.certificate_3613' does not depend on any axioms
'Collatz.Research.CoefficientDescent.Batch054.ray_3613' depends on axioms: [propext, Quot.sound]
'Collatz.Research.CoefficientDescent.Batch054.certificate_3615' does not depend on any axioms
'Collatz.Research.CoefficientDescent.Batch054.ray_3615' depends on axioms: [propext, Quot.sound]
'Collatz.Research.CoefficientDescent.Batch054.certificate_3617' does not depend on any axioms
'Collatz.Research.CoefficientDescent.Batch054.ray_3617' depends on axioms: [propext, Quot.sound]
'Collatz.Research.CoefficientDescent.Batch054.coverage' depends on axioms: [propext, Quot.sound]
'Collatz.Research.CoefficientDescent.Batch055.certificate_3619' does not depend on any axioms
'Collatz.Research.CoefficientDescent.Batch055.ray_3619' depends on axioms: [propext, Quot.sound]
'Collatz.Research.CoefficientDescent.Batch055.certificate_3621' does not depend on any axioms
'Collatz.Research.CoefficientDescent.Batch055.ray_3621' depends on axioms: [propext, Quot.sound]
'Collatz.Research.CoefficientDescent.Batch055.certificate_3623' does not depend on any axioms
'Collatz.Research.CoefficientDescent.Batch055.ray_3623' depends on axioms: [propext, Quot.sound]
'Collatz.Research.CoefficientDescent.Batch055.certificate_3625' does not depend on any axioms
'Collatz.Research.CoefficientDescent.Batch055.ray_3625' depends on axioms: [propext, Quot.sound]
'Collatz.Research.CoefficientDescent.Batch055.certificate_3627' does not depend on any axioms
'Collatz.Research.CoefficientDescent.Batch055.ray_3627' depends on axioms: [propext, Quot.sound]
'Collatz.Research.CoefficientDescent.Batch055.certificate_3629' does not depend on any axioms
'Collatz.Research.CoefficientDescent.Batch055.ray_3629' depends on axioms: [propext, Quot.sound]
'Collatz.Research.CoefficientDescent.Batch055.certificate_3631' does not depend on any axioms
'Collatz.Research.CoefficientDescent.Batch055.ray_3631' depends on axioms: [propext, Quot.sound]
'Collatz.Research.CoefficientDescent.Batch055.certificate_3633' does not depend on any axioms
'Collatz.Research.CoefficientDescent.Batch055.ray_3633' depends on axioms: [propext, Quot.sound]
'Collatz.Research.CoefficientDescent.Batch055.certificate_3635' does not depend on any axioms
'Collatz.Research.CoefficientDescent.Batch055.ray_3635' depends on axioms: [propext, Quot.sound]
'Collatz.Research.CoefficientDescent.Batch055.certificate_3637' does not depend on any axioms
'Collatz.Research.CoefficientDescent.Batch055.ray_3637' depends on axioms: [propext, Quot.sound]
'Collatz.Research.CoefficientDescent.Batch055.certificate_3639' does not depend on any axioms
'Collatz.Research.CoefficientDescent.Batch055.ray_3639' depends on axioms: [propext, Quot.sound]
'Collatz.Research.CoefficientDescent.Batch055.certificate_3641' does not depend on any axioms
'Collatz.Research.CoefficientDescent.Batch055.ray_3641' depends on axioms: [propext, Quot.sound]
'Collatz.Research.CoefficientDescent.Batch055.certificate_3643' does not depend on any axioms
'Collatz.Research.CoefficientDescent.Batch055.ray_3643' depends on axioms: [propext, Quot.sound]
'Collatz.Research.CoefficientDescent.Batch055.certificate_3645' does not depend on any axioms
'Collatz.Research.CoefficientDescent.Batch055.ray_3645' depends on axioms: [propext, Quot.sound]
'Collatz.Research.CoefficientDescent.Batch055.certificate_3647' does not depend on any axioms
'Collatz.Research.CoefficientDescent.Batch055.ray_3647' depends on axioms: [propext, Quot.sound]
'Collatz.Research.CoefficientDescent.Batch055.certificate_3649' does not depend on any axioms
'Collatz.Research.CoefficientDescent.Batch055.ray_3649' depends on axioms: [propext, Quot.sound]
'Collatz.Research.CoefficientDescent.Batch055.certificate_3651' does not depend on any axioms
'Collatz.Research.CoefficientDescent.Batch055.ray_3651' depends on axioms: [propext, Quot.sound]
'Collatz.Research.CoefficientDescent.Batch055.certificate_3653' does not depend on any axioms
'Collatz.Research.CoefficientDescent.Batch055.ray_3653' depends on axioms: [propext, Quot.sound]
'Collatz.Research.CoefficientDescent.Batch055.certificate_3655' does not depend on any axioms
'Collatz.Research.CoefficientDescent.Batch055.ray_3655' depends on axioms: [propext, Quot.sound]
'Collatz.Research.CoefficientDescent.Batch055.certificate_3657' does not depend on any axioms
'Collatz.Research.CoefficientDescent.Batch055.ray_3657' depends on axioms: [propext, Quot.sound]
'Collatz.Research.CoefficientDescent.Batch055.certificate_3659' does not depend on any axioms
'Collatz.Research.CoefficientDescent.Batch055.ray_3659' depends on axioms: [propext, Quot.sound]
'Collatz.Research.CoefficientDescent.Batch055.certificate_3661' does not depend on any axioms
'Collatz.Research.CoefficientDescent.Batch055.ray_3661' depends on axioms: [propext, Quot.sound]
'Collatz.Research.CoefficientDescent.Batch055.certificate_3663' does not depend on any axioms
'Collatz.Research.CoefficientDescent.Batch055.ray_3663' depends on axioms: [propext, Quot.sound]
'Collatz.Research.CoefficientDescent.Batch055.certificate_3665' does not depend on any axioms
'Collatz.Research.CoefficientDescent.Batch055.ray_3665' depends on axioms: [propext, Quot.sound]
'Collatz.Research.CoefficientDescent.Batch055.certificate_3667' does not depend on any axioms
'Collatz.Research.CoefficientDescent.Batch055.ray_3667' depends on axioms: [propext, Quot.sound]
'Collatz.Research.CoefficientDescent.Batch055.certificate_3669' does not depend on any axioms
'Collatz.Research.CoefficientDescent.Batch055.ray_3669' depends on axioms: [propext, Quot.sound]
'Collatz.Research.CoefficientDescent.Batch055.certificate_3671' does not depend on any axioms
'Collatz.Research.CoefficientDescent.Batch055.ray_3671' depends on axioms: [propext, Quot.sound]
'Collatz.Research.CoefficientDescent.Batch055.certificate_3673' does not depend on any axioms
'Collatz.Research.CoefficientDescent.Batch055.ray_3673' depends on axioms: [propext, Quot.sound]
'Collatz.Research.CoefficientDescent.Batch055.certificate_3675' does not depend on any axioms
'Collatz.Research.CoefficientDescent.Batch055.ray_3675' depends on axioms: [propext, Quot.sound]
'Collatz.Research.CoefficientDescent.Batch055.certificate_3677' does not depend on any axioms
'Collatz.Research.CoefficientDescent.Batch055.ray_3677' depends on axioms: [propext, Quot.sound]
'Collatz.Research.CoefficientDescent.Batch055.certificate_3679' does not depend on any axioms
'Collatz.Research.CoefficientDescent.Batch055.ray_3679' depends on axioms: [propext, Quot.sound]
'Collatz.Research.CoefficientDescent.Batch055.certificate_3681' does not depend on any axioms
'Collatz.Research.CoefficientDescent.Batch055.ray_3681' depends on axioms: [propext, Quot.sound]
'Collatz.Research.CoefficientDescent.Batch055.certificate_3683' does not depend on any axioms
'Collatz.Research.CoefficientDescent.Batch055.ray_3683' depends on axioms: [propext, Quot.sound]
'Collatz.Research.CoefficientDescent.Batch055.coverage' depends on axioms: [propext, Quot.sound]
'Collatz.Research.CoefficientDescent.Batch056.certificate_3685' does not depend on any axioms
'Collatz.Research.CoefficientDescent.Batch056.ray_3685' depends on axioms: [propext, Quot.sound]
'Collatz.Research.CoefficientDescent.Batch056.certificate_3687' does not depend on any axioms
'Collatz.Research.CoefficientDescent.Batch056.ray_3687' depends on axioms: [propext, Quot.sound]
'Collatz.Research.CoefficientDescent.Batch056.certificate_3689' does not depend on any axioms
'Collatz.Research.CoefficientDescent.Batch056.ray_3689' depends on axioms: [propext, Quot.sound]
'Collatz.Research.CoefficientDescent.Batch056.certificate_3691' does not depend on any axioms
'Collatz.Research.CoefficientDescent.Batch056.ray_3691' depends on axioms: [propext, Quot.sound]
'Collatz.Research.CoefficientDescent.Batch056.certificate_3693' does not depend on any axioms
'Collatz.Research.CoefficientDescent.Batch056.ray_3693' depends on axioms: [propext, Quot.sound]
'Collatz.Research.CoefficientDescent.Batch056.certificate_3695' does not depend on any axioms
'Collatz.Research.CoefficientDescent.Batch056.ray_3695' depends on axioms: [propext, Quot.sound]
'Collatz.Research.CoefficientDescent.Batch056.certificate_3697' does not depend on any axioms
'Collatz.Research.CoefficientDescent.Batch056.ray_3697' depends on axioms: [propext, Quot.sound]
'Collatz.Research.CoefficientDescent.Batch056.certificate_3699' does not depend on any axioms
'Collatz.Research.CoefficientDescent.Batch056.ray_3699' depends on axioms: [propext, Quot.sound]
'Collatz.Research.CoefficientDescent.Batch056.certificate_3701' does not depend on any axioms
'Collatz.Research.CoefficientDescent.Batch056.ray_3701' depends on axioms: [propext, Quot.sound]
'Collatz.Research.CoefficientDescent.Batch056.certificate_3703' does not depend on any axioms
'Collatz.Research.CoefficientDescent.Batch056.ray_3703' depends on axioms: [propext, Quot.sound]
'Collatz.Research.CoefficientDescent.Batch056.certificate_3705' does not depend on any axioms
'Collatz.Research.CoefficientDescent.Batch056.ray_3705' depends on axioms: [propext, Quot.sound]
'Collatz.Research.CoefficientDescent.Batch056.certificate_3707' does not depend on any axioms
'Collatz.Research.CoefficientDescent.Batch056.ray_3707' depends on axioms: [propext, Quot.sound]
'Collatz.Research.CoefficientDescent.Batch056.certificate_3709' does not depend on any axioms
'Collatz.Research.CoefficientDescent.Batch056.ray_3709' depends on axioms: [propext, Quot.sound]
'Collatz.Research.CoefficientDescent.Batch056.certificate_3711' does not depend on any axioms
'Collatz.Research.CoefficientDescent.Batch056.ray_3711' depends on axioms: [propext, Quot.sound]
'Collatz.Research.CoefficientDescent.Batch056.certificate_3713' does not depend on any axioms
'Collatz.Research.CoefficientDescent.Batch056.ray_3713' depends on axioms: [propext, Quot.sound]
'Collatz.Research.CoefficientDescent.Batch056.certificate_3715' does not depend on any axioms
'Collatz.Research.CoefficientDescent.Batch056.ray_3715' depends on axioms: [propext, Quot.sound]
'Collatz.Research.CoefficientDescent.Batch056.certificate_3717' does not depend on any axioms
'Collatz.Research.CoefficientDescent.Batch056.ray_3717' depends on axioms: [propext, Quot.sound]
'Collatz.Research.CoefficientDescent.Batch056.certificate_3719' does not depend on any axioms
'Collatz.Research.CoefficientDescent.Batch056.ray_3719' depends on axioms: [propext, Quot.sound]
'Collatz.Research.CoefficientDescent.Batch056.certificate_3721' does not depend on any axioms
'Collatz.Research.CoefficientDescent.Batch056.ray_3721' depends on axioms: [propext, Quot.sound]
'Collatz.Research.CoefficientDescent.Batch056.certificate_3723' does not depend on any axioms
'Collatz.Research.CoefficientDescent.Batch056.ray_3723' depends on axioms: [propext, Quot.sound]
'Collatz.Research.CoefficientDescent.Batch056.certificate_3725' does not depend on any axioms
'Collatz.Research.CoefficientDescent.Batch056.ray_3725' depends on axioms: [propext, Quot.sound]
'Collatz.Research.CoefficientDescent.Batch056.certificate_3727' does not depend on any axioms
'Collatz.Research.CoefficientDescent.Batch056.ray_3727' depends on axioms: [propext, Quot.sound]
'Collatz.Research.CoefficientDescent.Batch056.certificate_3729' does not depend on any axioms
'Collatz.Research.CoefficientDescent.Batch056.ray_3729' depends on axioms: [propext, Quot.sound]
'Collatz.Research.CoefficientDescent.Batch056.certificate_3731' does not depend on any axioms
'Collatz.Research.CoefficientDescent.Batch056.ray_3731' depends on axioms: [propext, Quot.sound]
'Collatz.Research.CoefficientDescent.Batch056.certificate_3733' does not depend on any axioms
'Collatz.Research.CoefficientDescent.Batch056.ray_3733' depends on axioms: [propext, Quot.sound]
'Collatz.Research.CoefficientDescent.Batch056.certificate_3735' does not depend on any axioms
'Collatz.Research.CoefficientDescent.Batch056.ray_3735' depends on axioms: [propext, Quot.sound]
'Collatz.Research.CoefficientDescent.Batch056.certificate_3737' does not depend on any axioms
'Collatz.Research.CoefficientDescent.Batch056.ray_3737' depends on axioms: [propext, Quot.sound]
'Collatz.Research.CoefficientDescent.Batch056.certificate_3739' does not depend on any axioms
'Collatz.Research.CoefficientDescent.Batch056.ray_3739' depends on axioms: [propext, Quot.sound]
'Collatz.Research.CoefficientDescent.Batch056.certificate_3741' does not depend on any axioms
'Collatz.Research.CoefficientDescent.Batch056.ray_3741' depends on axioms: [propext, Quot.sound]
'Collatz.Research.CoefficientDescent.Batch056.certificate_3743' does not depend on any axioms
'Collatz.Research.CoefficientDescent.Batch056.ray_3743' depends on axioms: [propext, Quot.sound]
'Collatz.Research.CoefficientDescent.Batch056.certificate_3745' does not depend on any axioms
'Collatz.Research.CoefficientDescent.Batch056.ray_3745' depends on axioms: [propext, Quot.sound]
'Collatz.Research.CoefficientDescent.Batch056.certificate_3747' does not depend on any axioms
'Collatz.Research.CoefficientDescent.Batch056.ray_3747' depends on axioms: [propext, Quot.sound]
'Collatz.Research.CoefficientDescent.Batch056.certificate_3749' does not depend on any axioms
'Collatz.Research.CoefficientDescent.Batch056.ray_3749' depends on axioms: [propext, Quot.sound]
'Collatz.Research.CoefficientDescent.Batch056.certificate_3751' does not depend on any axioms
'Collatz.Research.CoefficientDescent.Batch056.ray_3751' depends on axioms: [propext, Quot.sound]
'Collatz.Research.CoefficientDescent.Batch056.coverage' depends on axioms: [propext, Quot.sound]
'Collatz.Research.CoefficientDescent.Batch057.certificate_3753' does not depend on any axioms
'Collatz.Research.CoefficientDescent.Batch057.ray_3753' depends on axioms: [propext, Quot.sound]
'Collatz.Research.CoefficientDescent.Batch057.certificate_3755' does not depend on any axioms
'Collatz.Research.CoefficientDescent.Batch057.ray_3755' depends on axioms: [propext, Quot.sound]
'Collatz.Research.CoefficientDescent.Batch057.certificate_3757' does not depend on any axioms
'Collatz.Research.CoefficientDescent.Batch057.ray_3757' depends on axioms: [propext, Quot.sound]
'Collatz.Research.CoefficientDescent.Batch057.certificate_3759' does not depend on any axioms
'Collatz.Research.CoefficientDescent.Batch057.ray_3759' depends on axioms: [propext, Quot.sound]
'Collatz.Research.CoefficientDescent.Batch057.certificate_3761' does not depend on any axioms
'Collatz.Research.CoefficientDescent.Batch057.ray_3761' depends on axioms: [propext, Quot.sound]
'Collatz.Research.CoefficientDescent.Batch057.certificate_3763' does not depend on any axioms
'Collatz.Research.CoefficientDescent.Batch057.ray_3763' depends on axioms: [propext, Quot.sound]
'Collatz.Research.CoefficientDescent.Batch057.certificate_3765' does not depend on any axioms
'Collatz.Research.CoefficientDescent.Batch057.ray_3765' depends on axioms: [propext, Quot.sound]
'Collatz.Research.CoefficientDescent.Batch057.certificate_3767' does not depend on any axioms
'Collatz.Research.CoefficientDescent.Batch057.ray_3767' depends on axioms: [propext, Quot.sound]
'Collatz.Research.CoefficientDescent.Batch057.certificate_3769' does not depend on any axioms
'Collatz.Research.CoefficientDescent.Batch057.ray_3769' depends on axioms: [propext, Quot.sound]
'Collatz.Research.CoefficientDescent.Batch057.certificate_3771' does not depend on any axioms
'Collatz.Research.CoefficientDescent.Batch057.ray_3771' depends on axioms: [propext, Quot.sound]
'Collatz.Research.CoefficientDescent.Batch057.certificate_3773' does not depend on any axioms
'Collatz.Research.CoefficientDescent.Batch057.ray_3773' depends on axioms: [propext, Quot.sound]
'Collatz.Research.CoefficientDescent.Batch057.certificate_3775' does not depend on any axioms
'Collatz.Research.CoefficientDescent.Batch057.ray_3775' depends on axioms: [propext, Quot.sound]
'Collatz.Research.CoefficientDescent.Batch057.certificate_3777' does not depend on any axioms
'Collatz.Research.CoefficientDescent.Batch057.ray_3777' depends on axioms: [propext, Quot.sound]
'Collatz.Research.CoefficientDescent.Batch057.certificate_3779' does not depend on any axioms
'Collatz.Research.CoefficientDescent.Batch057.ray_3779' depends on axioms: [propext, Quot.sound]
'Collatz.Research.CoefficientDescent.Batch057.certificate_3781' does not depend on any axioms
'Collatz.Research.CoefficientDescent.Batch057.ray_3781' depends on axioms: [propext, Quot.sound]
'Collatz.Research.CoefficientDescent.Batch057.certificate_3783' does not depend on any axioms
'Collatz.Research.CoefficientDescent.Batch057.ray_3783' depends on axioms: [propext, Quot.sound]
'Collatz.Research.CoefficientDescent.Batch057.certificate_3785' does not depend on any axioms
'Collatz.Research.CoefficientDescent.Batch057.ray_3785' depends on axioms: [propext, Quot.sound]
'Collatz.Research.CoefficientDescent.Batch057.certificate_3787' does not depend on any axioms
'Collatz.Research.CoefficientDescent.Batch057.ray_3787' depends on axioms: [propext, Quot.sound]
'Collatz.Research.CoefficientDescent.Batch057.certificate_3789' does not depend on any axioms
'Collatz.Research.CoefficientDescent.Batch057.ray_3789' depends on axioms: [propext, Quot.sound]
'Collatz.Research.CoefficientDescent.Batch057.certificate_3791' does not depend on any axioms
'Collatz.Research.CoefficientDescent.Batch057.ray_3791' depends on axioms: [propext, Quot.sound]
'Collatz.Research.CoefficientDescent.Batch057.certificate_3793' does not depend on any axioms
'Collatz.Research.CoefficientDescent.Batch057.ray_3793' depends on axioms: [propext, Quot.sound]
'Collatz.Research.CoefficientDescent.Batch057.certificate_3795' does not depend on any axioms
'Collatz.Research.CoefficientDescent.Batch057.ray_3795' depends on axioms: [propext, Quot.sound]
'Collatz.Research.CoefficientDescent.Batch057.certificate_3797' does not depend on any axioms
'Collatz.Research.CoefficientDescent.Batch057.ray_3797' depends on axioms: [propext, Quot.sound]
'Collatz.Research.CoefficientDescent.Batch057.certificate_3799' does not depend on any axioms
'Collatz.Research.CoefficientDescent.Batch057.ray_3799' depends on axioms: [propext, Quot.sound]
'Collatz.Research.CoefficientDescent.Batch057.certificate_3801' does not depend on any axioms
'Collatz.Research.CoefficientDescent.Batch057.ray_3801' depends on axioms: [propext, Quot.sound]
'Collatz.Research.CoefficientDescent.Batch057.certificate_3803' does not depend on any axioms
'Collatz.Research.CoefficientDescent.Batch057.ray_3803' depends on axioms: [propext, Quot.sound]
'Collatz.Research.CoefficientDescent.Batch057.certificate_3805' does not depend on any axioms
'Collatz.Research.CoefficientDescent.Batch057.ray_3805' depends on axioms: [propext, Quot.sound]
'Collatz.Research.CoefficientDescent.Batch057.certificate_3807' does not depend on any axioms
'Collatz.Research.CoefficientDescent.Batch057.ray_3807' depends on axioms: [propext, Quot.sound]
'Collatz.Research.CoefficientDescent.Batch057.certificate_3809' does not depend on any axioms
'Collatz.Research.CoefficientDescent.Batch057.ray_3809' depends on axioms: [propext, Quot.sound]
'Collatz.Research.CoefficientDescent.Batch057.certificate_3811' does not depend on any axioms
'Collatz.Research.CoefficientDescent.Batch057.ray_3811' depends on axioms: [propext, Quot.sound]
'Collatz.Research.CoefficientDescent.Batch057.certificate_3813' does not depend on any axioms
'Collatz.Research.CoefficientDescent.Batch057.ray_3813' depends on axioms: [propext, Quot.sound]
'Collatz.Research.CoefficientDescent.Batch057.certificate_3815' does not depend on any axioms
'Collatz.Research.CoefficientDescent.Batch057.ray_3815' depends on axioms: [propext, Quot.sound]
'Collatz.Research.CoefficientDescent.Batch057.certificate_3817' does not depend on any axioms
'Collatz.Research.CoefficientDescent.Batch057.ray_3817' depends on axioms: [propext, Quot.sound]
'Collatz.Research.CoefficientDescent.Batch057.coverage' depends on axioms: [propext, Quot.sound]
'Collatz.Research.CoefficientDescent.Batch058.certificate_3819' does not depend on any axioms
'Collatz.Research.CoefficientDescent.Batch058.ray_3819' depends on axioms: [propext, Quot.sound]
'Collatz.Research.CoefficientDescent.Batch058.certificate_3821' does not depend on any axioms
'Collatz.Research.CoefficientDescent.Batch058.ray_3821' depends on axioms: [propext, Quot.sound]
'Collatz.Research.CoefficientDescent.Batch058.certificate_3823' does not depend on any axioms
'Collatz.Research.CoefficientDescent.Batch058.ray_3823' depends on axioms: [propext, Quot.sound]
'Collatz.Research.CoefficientDescent.Batch058.certificate_3825' does not depend on any axioms
'Collatz.Research.CoefficientDescent.Batch058.ray_3825' depends on axioms: [propext, Quot.sound]
'Collatz.Research.CoefficientDescent.Batch058.certificate_3827' does not depend on any axioms
'Collatz.Research.CoefficientDescent.Batch058.ray_3827' depends on axioms: [propext, Quot.sound]
'Collatz.Research.CoefficientDescent.Batch058.certificate_3829' does not depend on any axioms
'Collatz.Research.CoefficientDescent.Batch058.ray_3829' depends on axioms: [propext, Quot.sound]
'Collatz.Research.CoefficientDescent.Batch058.certificate_3831' does not depend on any axioms
'Collatz.Research.CoefficientDescent.Batch058.ray_3831' depends on axioms: [propext, Quot.sound]
'Collatz.Research.CoefficientDescent.Batch058.certificate_3833' does not depend on any axioms
'Collatz.Research.CoefficientDescent.Batch058.ray_3833' depends on axioms: [propext, Quot.sound]
'Collatz.Research.CoefficientDescent.Batch058.certificate_3835' does not depend on any axioms
'Collatz.Research.CoefficientDescent.Batch058.ray_3835' depends on axioms: [propext, Quot.sound]
'Collatz.Research.CoefficientDescent.Batch058.certificate_3837' does not depend on any axioms
'Collatz.Research.CoefficientDescent.Batch058.ray_3837' depends on axioms: [propext, Quot.sound]
'Collatz.Research.CoefficientDescent.Batch058.certificate_3839' does not depend on any axioms
'Collatz.Research.CoefficientDescent.Batch058.ray_3839' depends on axioms: [propext, Quot.sound]
'Collatz.Research.CoefficientDescent.Batch058.certificate_3841' does not depend on any axioms
'Collatz.Research.CoefficientDescent.Batch058.ray_3841' depends on axioms: [propext, Quot.sound]
'Collatz.Research.CoefficientDescent.Batch058.certificate_3843' does not depend on any axioms
'Collatz.Research.CoefficientDescent.Batch058.ray_3843' depends on axioms: [propext, Quot.sound]
'Collatz.Research.CoefficientDescent.Batch058.certificate_3845' does not depend on any axioms
'Collatz.Research.CoefficientDescent.Batch058.ray_3845' depends on axioms: [propext, Quot.sound]
'Collatz.Research.CoefficientDescent.Batch058.certificate_3847' does not depend on any axioms
'Collatz.Research.CoefficientDescent.Batch058.ray_3847' depends on axioms: [propext, Quot.sound]
'Collatz.Research.CoefficientDescent.Batch058.certificate_3849' does not depend on any axioms
'Collatz.Research.CoefficientDescent.Batch058.ray_3849' depends on axioms: [propext, Quot.sound]
'Collatz.Research.CoefficientDescent.Batch058.certificate_3851' does not depend on any axioms
'Collatz.Research.CoefficientDescent.Batch058.ray_3851' depends on axioms: [propext, Quot.sound]
'Collatz.Research.CoefficientDescent.Batch058.certificate_3853' does not depend on any axioms
'Collatz.Research.CoefficientDescent.Batch058.ray_3853' depends on axioms: [propext, Quot.sound]
'Collatz.Research.CoefficientDescent.Batch058.certificate_3855' does not depend on any axioms
'Collatz.Research.CoefficientDescent.Batch058.ray_3855' depends on axioms: [propext, Quot.sound]
'Collatz.Research.CoefficientDescent.Batch058.certificate_3857' does not depend on any axioms
'Collatz.Research.CoefficientDescent.Batch058.ray_3857' depends on axioms: [propext, Quot.sound]
'Collatz.Research.CoefficientDescent.Batch058.certificate_3859' does not depend on any axioms
'Collatz.Research.CoefficientDescent.Batch058.ray_3859' depends on axioms: [propext, Quot.sound]
'Collatz.Research.CoefficientDescent.Batch058.certificate_3861' does not depend on any axioms
'Collatz.Research.CoefficientDescent.Batch058.ray_3861' depends on axioms: [propext, Quot.sound]
'Collatz.Research.CoefficientDescent.Batch058.certificate_3863' does not depend on any axioms
'Collatz.Research.CoefficientDescent.Batch058.ray_3863' depends on axioms: [propext, Quot.sound]
'Collatz.Research.CoefficientDescent.Batch058.certificate_3865' does not depend on any axioms
'Collatz.Research.CoefficientDescent.Batch058.ray_3865' depends on axioms: [propext, Quot.sound]
'Collatz.Research.CoefficientDescent.Batch058.certificate_3867' does not depend on any axioms
'Collatz.Research.CoefficientDescent.Batch058.ray_3867' depends on axioms: [propext, Quot.sound]
'Collatz.Research.CoefficientDescent.Batch058.certificate_3869' does not depend on any axioms
'Collatz.Research.CoefficientDescent.Batch058.ray_3869' depends on axioms: [propext, Quot.sound]
'Collatz.Research.CoefficientDescent.Batch058.certificate_3871' does not depend on any axioms
'Collatz.Research.CoefficientDescent.Batch058.ray_3871' depends on axioms: [propext, Quot.sound]
'Collatz.Research.CoefficientDescent.Batch058.certificate_3873' does not depend on any axioms
'Collatz.Research.CoefficientDescent.Batch058.ray_3873' depends on axioms: [propext, Quot.sound]
'Collatz.Research.CoefficientDescent.Batch058.certificate_3875' does not depend on any axioms
'Collatz.Research.CoefficientDescent.Batch058.ray_3875' depends on axioms: [propext, Quot.sound]
'Collatz.Research.CoefficientDescent.Batch058.certificate_3877' does not depend on any axioms
'Collatz.Research.CoefficientDescent.Batch058.ray_3877' depends on axioms: [propext, Quot.sound]
'Collatz.Research.CoefficientDescent.Batch058.certificate_3879' does not depend on any axioms
'Collatz.Research.CoefficientDescent.Batch058.ray_3879' depends on axioms: [propext, Quot.sound]
'Collatz.Research.CoefficientDescent.Batch058.certificate_3881' does not depend on any axioms
'Collatz.Research.CoefficientDescent.Batch058.ray_3881' depends on axioms: [propext, Quot.sound]
'Collatz.Research.CoefficientDescent.Batch058.certificate_3883' does not depend on any axioms
'Collatz.Research.CoefficientDescent.Batch058.ray_3883' depends on axioms: [propext, Quot.sound]
'Collatz.Research.CoefficientDescent.Batch058.certificate_3885' does not depend on any axioms
'Collatz.Research.CoefficientDescent.Batch058.ray_3885' depends on axioms: [propext, Quot.sound]
'Collatz.Research.CoefficientDescent.Batch058.coverage' depends on axioms: [propext, Quot.sound]
'Collatz.Research.CoefficientDescent.Batch059.certificate_3887' does not depend on any axioms
'Collatz.Research.CoefficientDescent.Batch059.ray_3887' depends on axioms: [propext, Quot.sound]
'Collatz.Research.CoefficientDescent.Batch059.certificate_3889' does not depend on any axioms
'Collatz.Research.CoefficientDescent.Batch059.ray_3889' depends on axioms: [propext, Quot.sound]
'Collatz.Research.CoefficientDescent.Batch059.certificate_3891' does not depend on any axioms
'Collatz.Research.CoefficientDescent.Batch059.ray_3891' depends on axioms: [propext, Quot.sound]
'Collatz.Research.CoefficientDescent.Batch059.certificate_3893' does not depend on any axioms
'Collatz.Research.CoefficientDescent.Batch059.ray_3893' depends on axioms: [propext, Quot.sound]
'Collatz.Research.CoefficientDescent.Batch059.certificate_3895' does not depend on any axioms
'Collatz.Research.CoefficientDescent.Batch059.ray_3895' depends on axioms: [propext, Quot.sound]
'Collatz.Research.CoefficientDescent.Batch059.certificate_3897' does not depend on any axioms
'Collatz.Research.CoefficientDescent.Batch059.ray_3897' depends on axioms: [propext, Quot.sound]
'Collatz.Research.CoefficientDescent.Batch059.certificate_3899' does not depend on any axioms
'Collatz.Research.CoefficientDescent.Batch059.ray_3899' depends on axioms: [propext, Quot.sound]
'Collatz.Research.CoefficientDescent.Batch059.certificate_3901' does not depend on any axioms
'Collatz.Research.CoefficientDescent.Batch059.ray_3901' depends on axioms: [propext, Quot.sound]
'Collatz.Research.CoefficientDescent.Batch059.certificate_3903' does not depend on any axioms
'Collatz.Research.CoefficientDescent.Batch059.ray_3903' depends on axioms: [propext, Quot.sound]
'Collatz.Research.CoefficientDescent.Batch059.certificate_3905' does not depend on any axioms
'Collatz.Research.CoefficientDescent.Batch059.ray_3905' depends on axioms: [propext, Quot.sound]
'Collatz.Research.CoefficientDescent.Batch059.certificate_3907' does not depend on any axioms
'Collatz.Research.CoefficientDescent.Batch059.ray_3907' depends on axioms: [propext, Quot.sound]
'Collatz.Research.CoefficientDescent.Batch059.certificate_3909' does not depend on any axioms
'Collatz.Research.CoefficientDescent.Batch059.ray_3909' depends on axioms: [propext, Quot.sound]
'Collatz.Research.CoefficientDescent.Batch059.certificate_3911' does not depend on any axioms
'Collatz.Research.CoefficientDescent.Batch059.ray_3911' depends on axioms: [propext, Quot.sound]
'Collatz.Research.CoefficientDescent.Batch059.certificate_3913' does not depend on any axioms
'Collatz.Research.CoefficientDescent.Batch059.ray_3913' depends on axioms: [propext, Quot.sound]
'Collatz.Research.CoefficientDescent.Batch059.certificate_3915' does not depend on any axioms
'Collatz.Research.CoefficientDescent.Batch059.ray_3915' depends on axioms: [propext, Quot.sound]
'Collatz.Research.CoefficientDescent.Batch059.certificate_3917' does not depend on any axioms
'Collatz.Research.CoefficientDescent.Batch059.ray_3917' depends on axioms: [propext, Quot.sound]
'Collatz.Research.CoefficientDescent.Batch059.certificate_3919' does not depend on any axioms
'Collatz.Research.CoefficientDescent.Batch059.ray_3919' depends on axioms: [propext, Quot.sound]
'Collatz.Research.CoefficientDescent.Batch059.certificate_3921' does not depend on any axioms
'Collatz.Research.CoefficientDescent.Batch059.ray_3921' depends on axioms: [propext, Quot.sound]
'Collatz.Research.CoefficientDescent.Batch059.certificate_3923' does not depend on any axioms
'Collatz.Research.CoefficientDescent.Batch059.ray_3923' depends on axioms: [propext, Quot.sound]
'Collatz.Research.CoefficientDescent.Batch059.certificate_3925' does not depend on any axioms
'Collatz.Research.CoefficientDescent.Batch059.ray_3925' depends on axioms: [propext, Quot.sound]
'Collatz.Research.CoefficientDescent.Batch059.certificate_3927' does not depend on any axioms
'Collatz.Research.CoefficientDescent.Batch059.ray_3927' depends on axioms: [propext, Quot.sound]
'Collatz.Research.CoefficientDescent.Batch059.certificate_3929' does not depend on any axioms
'Collatz.Research.CoefficientDescent.Batch059.ray_3929' depends on axioms: [propext, Quot.sound]
'Collatz.Research.CoefficientDescent.Batch059.certificate_3931' does not depend on any axioms
'Collatz.Research.CoefficientDescent.Batch059.ray_3931' depends on axioms: [propext, Quot.sound]
'Collatz.Research.CoefficientDescent.Batch059.certificate_3933' does not depend on any axioms
'Collatz.Research.CoefficientDescent.Batch059.ray_3933' depends on axioms: [propext, Quot.sound]
'Collatz.Research.CoefficientDescent.Batch059.certificate_3935' does not depend on any axioms
'Collatz.Research.CoefficientDescent.Batch059.ray_3935' depends on axioms: [propext, Quot.sound]
'Collatz.Research.CoefficientDescent.Batch059.certificate_3937' does not depend on any axioms
'Collatz.Research.CoefficientDescent.Batch059.ray_3937' depends on axioms: [propext, Quot.sound]
'Collatz.Research.CoefficientDescent.Batch059.certificate_3939' does not depend on any axioms
'Collatz.Research.CoefficientDescent.Batch059.ray_3939' depends on axioms: [propext, Quot.sound]
'Collatz.Research.CoefficientDescent.Batch059.certificate_3941' does not depend on any axioms
'Collatz.Research.CoefficientDescent.Batch059.ray_3941' depends on axioms: [propext, Quot.sound]
'Collatz.Research.CoefficientDescent.Batch059.certificate_3943' does not depend on any axioms
'Collatz.Research.CoefficientDescent.Batch059.ray_3943' depends on axioms: [propext, Quot.sound]
'Collatz.Research.CoefficientDescent.Batch059.certificate_3945' does not depend on any axioms
'Collatz.Research.CoefficientDescent.Batch059.ray_3945' depends on axioms: [propext, Quot.sound]
'Collatz.Research.CoefficientDescent.Batch059.certificate_3947' does not depend on any axioms
'Collatz.Research.CoefficientDescent.Batch059.ray_3947' depends on axioms: [propext, Quot.sound]
'Collatz.Research.CoefficientDescent.Batch059.certificate_3949' does not depend on any axioms
'Collatz.Research.CoefficientDescent.Batch059.ray_3949' depends on axioms: [propext, Quot.sound]
'Collatz.Research.CoefficientDescent.Batch059.certificate_3951' does not depend on any axioms
'Collatz.Research.CoefficientDescent.Batch059.ray_3951' depends on axioms: [propext, Quot.sound]
'Collatz.Research.CoefficientDescent.Batch059.coverage' depends on axioms: [propext, Quot.sound]
'Collatz.Research.CoefficientDescent.Batch060.certificate_3953' does not depend on any axioms
'Collatz.Research.CoefficientDescent.Batch060.ray_3953' depends on axioms: [propext, Quot.sound]
'Collatz.Research.CoefficientDescent.Batch060.certificate_3955' does not depend on any axioms
'Collatz.Research.CoefficientDescent.Batch060.ray_3955' depends on axioms: [propext, Quot.sound]
'Collatz.Research.CoefficientDescent.Batch060.certificate_3957' does not depend on any axioms
'Collatz.Research.CoefficientDescent.Batch060.ray_3957' depends on axioms: [propext, Quot.sound]
'Collatz.Research.CoefficientDescent.Batch060.certificate_3959' does not depend on any axioms
'Collatz.Research.CoefficientDescent.Batch060.ray_3959' depends on axioms: [propext, Quot.sound]
'Collatz.Research.CoefficientDescent.Batch060.certificate_3961' does not depend on any axioms
'Collatz.Research.CoefficientDescent.Batch060.ray_3961' depends on axioms: [propext, Quot.sound]
'Collatz.Research.CoefficientDescent.Batch060.certificate_3963' does not depend on any axioms
'Collatz.Research.CoefficientDescent.Batch060.ray_3963' depends on axioms: [propext, Quot.sound]
'Collatz.Research.CoefficientDescent.Batch060.certificate_3965' does not depend on any axioms
'Collatz.Research.CoefficientDescent.Batch060.ray_3965' depends on axioms: [propext, Quot.sound]
'Collatz.Research.CoefficientDescent.Batch060.certificate_3967' does not depend on any axioms
'Collatz.Research.CoefficientDescent.Batch060.ray_3967' depends on axioms: [propext, Quot.sound]
'Collatz.Research.CoefficientDescent.Batch060.certificate_3969' does not depend on any axioms
'Collatz.Research.CoefficientDescent.Batch060.ray_3969' depends on axioms: [propext, Quot.sound]
'Collatz.Research.CoefficientDescent.Batch060.certificate_3971' does not depend on any axioms
'Collatz.Research.CoefficientDescent.Batch060.ray_3971' depends on axioms: [propext, Quot.sound]
'Collatz.Research.CoefficientDescent.Batch060.certificate_3973' does not depend on any axioms
'Collatz.Research.CoefficientDescent.Batch060.ray_3973' depends on axioms: [propext, Quot.sound]
'Collatz.Research.CoefficientDescent.Batch060.certificate_3975' does not depend on any axioms
'Collatz.Research.CoefficientDescent.Batch060.ray_3975' depends on axioms: [propext, Quot.sound]
'Collatz.Research.CoefficientDescent.Batch060.certificate_3977' does not depend on any axioms
'Collatz.Research.CoefficientDescent.Batch060.ray_3977' depends on axioms: [propext, Quot.sound]
'Collatz.Research.CoefficientDescent.Batch060.certificate_3979' does not depend on any axioms
'Collatz.Research.CoefficientDescent.Batch060.ray_3979' depends on axioms: [propext, Quot.sound]
'Collatz.Research.CoefficientDescent.Batch060.certificate_3981' does not depend on any axioms
'Collatz.Research.CoefficientDescent.Batch060.ray_3981' depends on axioms: [propext, Quot.sound]
'Collatz.Research.CoefficientDescent.Batch060.certificate_3983' does not depend on any axioms
'Collatz.Research.CoefficientDescent.Batch060.ray_3983' depends on axioms: [propext, Quot.sound]
'Collatz.Research.CoefficientDescent.Batch060.certificate_3985' does not depend on any axioms
'Collatz.Research.CoefficientDescent.Batch060.ray_3985' depends on axioms: [propext, Quot.sound]
'Collatz.Research.CoefficientDescent.Batch060.certificate_3987' does not depend on any axioms
'Collatz.Research.CoefficientDescent.Batch060.ray_3987' depends on axioms: [propext, Quot.sound]
'Collatz.Research.CoefficientDescent.Batch060.certificate_3989' does not depend on any axioms
'Collatz.Research.CoefficientDescent.Batch060.ray_3989' depends on axioms: [propext, Quot.sound]
'Collatz.Research.CoefficientDescent.Batch060.certificate_3991' does not depend on any axioms
'Collatz.Research.CoefficientDescent.Batch060.ray_3991' depends on axioms: [propext, Quot.sound]
'Collatz.Research.CoefficientDescent.Batch060.certificate_3993' does not depend on any axioms
'Collatz.Research.CoefficientDescent.Batch060.ray_3993' depends on axioms: [propext, Quot.sound]
'Collatz.Research.CoefficientDescent.Batch060.certificate_3995' does not depend on any axioms
'Collatz.Research.CoefficientDescent.Batch060.ray_3995' depends on axioms: [propext, Quot.sound]
'Collatz.Research.CoefficientDescent.Batch060.certificate_3997' does not depend on any axioms
'Collatz.Research.CoefficientDescent.Batch060.ray_3997' depends on axioms: [propext, Quot.sound]
'Collatz.Research.CoefficientDescent.Batch060.certificate_3999' does not depend on any axioms
'Collatz.Research.CoefficientDescent.Batch060.ray_3999' depends on axioms: [propext, Quot.sound]
'Collatz.Research.CoefficientDescent.Batch060.certificate_4001' does not depend on any axioms
'Collatz.Research.CoefficientDescent.Batch060.ray_4001' depends on axioms: [propext, Quot.sound]
'Collatz.Research.CoefficientDescent.Batch060.certificate_4003' does not depend on any axioms
'Collatz.Research.CoefficientDescent.Batch060.ray_4003' depends on axioms: [propext, Quot.sound]
'Collatz.Research.CoefficientDescent.Batch060.certificate_4005' does not depend on any axioms
'Collatz.Research.CoefficientDescent.Batch060.ray_4005' depends on axioms: [propext, Quot.sound]
'Collatz.Research.CoefficientDescent.Batch060.certificate_4007' does not depend on any axioms
'Collatz.Research.CoefficientDescent.Batch060.ray_4007' depends on axioms: [propext, Quot.sound]
'Collatz.Research.CoefficientDescent.Batch060.certificate_4009' does not depend on any axioms
'Collatz.Research.CoefficientDescent.Batch060.ray_4009' depends on axioms: [propext, Quot.sound]
'Collatz.Research.CoefficientDescent.Batch060.certificate_4011' does not depend on any axioms
'Collatz.Research.CoefficientDescent.Batch060.ray_4011' depends on axioms: [propext, Quot.sound]
'Collatz.Research.CoefficientDescent.Batch060.certificate_4013' does not depend on any axioms
'Collatz.Research.CoefficientDescent.Batch060.ray_4013' depends on axioms: [propext, Quot.sound]
'Collatz.Research.CoefficientDescent.Batch060.certificate_4015' does not depend on any axioms
'Collatz.Research.CoefficientDescent.Batch060.ray_4015' depends on axioms: [propext, Quot.sound]
'Collatz.Research.CoefficientDescent.Batch060.certificate_4017' does not depend on any axioms
'Collatz.Research.CoefficientDescent.Batch060.ray_4017' depends on axioms: [propext, Quot.sound]
'Collatz.Research.CoefficientDescent.Batch060.certificate_4019' does not depend on any axioms
'Collatz.Research.CoefficientDescent.Batch060.ray_4019' depends on axioms: [propext, Quot.sound]
'Collatz.Research.CoefficientDescent.Batch060.coverage' depends on axioms: [propext, Quot.sound]
'Collatz.Research.CoefficientDescent.Batch061.certificate_4021' does not depend on any axioms
'Collatz.Research.CoefficientDescent.Batch061.ray_4021' depends on axioms: [propext, Quot.sound]
'Collatz.Research.CoefficientDescent.Batch061.certificate_4023' does not depend on any axioms
'Collatz.Research.CoefficientDescent.Batch061.ray_4023' depends on axioms: [propext, Quot.sound]
'Collatz.Research.CoefficientDescent.Batch061.certificate_4025' does not depend on any axioms
'Collatz.Research.CoefficientDescent.Batch061.ray_4025' depends on axioms: [propext, Quot.sound]
'Collatz.Research.CoefficientDescent.Batch061.certificate_4027' does not depend on any axioms
'Collatz.Research.CoefficientDescent.Batch061.ray_4027' depends on axioms: [propext, Quot.sound]
'Collatz.Research.CoefficientDescent.Batch061.certificate_4029' does not depend on any axioms
'Collatz.Research.CoefficientDescent.Batch061.ray_4029' depends on axioms: [propext, Quot.sound]
'Collatz.Research.CoefficientDescent.Batch061.certificate_4031' does not depend on any axioms
'Collatz.Research.CoefficientDescent.Batch061.ray_4031' depends on axioms: [propext, Quot.sound]
'Collatz.Research.CoefficientDescent.Batch061.certificate_4033' does not depend on any axioms
'Collatz.Research.CoefficientDescent.Batch061.ray_4033' depends on axioms: [propext, Quot.sound]
'Collatz.Research.CoefficientDescent.Batch061.certificate_4035' does not depend on any axioms
'Collatz.Research.CoefficientDescent.Batch061.ray_4035' depends on axioms: [propext, Quot.sound]
'Collatz.Research.CoefficientDescent.Batch061.certificate_4037' does not depend on any axioms
'Collatz.Research.CoefficientDescent.Batch061.ray_4037' depends on axioms: [propext, Quot.sound]
'Collatz.Research.CoefficientDescent.Batch061.certificate_4039' does not depend on any axioms
'Collatz.Research.CoefficientDescent.Batch061.ray_4039' depends on axioms: [propext, Quot.sound]
'Collatz.Research.CoefficientDescent.Batch061.certificate_4041' does not depend on any axioms
'Collatz.Research.CoefficientDescent.Batch061.ray_4041' depends on axioms: [propext, Quot.sound]
'Collatz.Research.CoefficientDescent.Batch061.certificate_4043' does not depend on any axioms
'Collatz.Research.CoefficientDescent.Batch061.ray_4043' depends on axioms: [propext, Quot.sound]
'Collatz.Research.CoefficientDescent.Batch061.certificate_4045' does not depend on any axioms
'Collatz.Research.CoefficientDescent.Batch061.ray_4045' depends on axioms: [propext, Quot.sound]
'Collatz.Research.CoefficientDescent.Batch061.certificate_4047' does not depend on any axioms
'Collatz.Research.CoefficientDescent.Batch061.ray_4047' depends on axioms: [propext, Quot.sound]
'Collatz.Research.CoefficientDescent.Batch061.certificate_4049' does not depend on any axioms
'Collatz.Research.CoefficientDescent.Batch061.ray_4049' depends on axioms: [propext, Quot.sound]
'Collatz.Research.CoefficientDescent.Batch061.certificate_4051' does not depend on any axioms
'Collatz.Research.CoefficientDescent.Batch061.ray_4051' depends on axioms: [propext, Quot.sound]
'Collatz.Research.CoefficientDescent.Batch061.certificate_4053' does not depend on any axioms
'Collatz.Research.CoefficientDescent.Batch061.ray_4053' depends on axioms: [propext, Quot.sound]
'Collatz.Research.CoefficientDescent.Batch061.certificate_4055' does not depend on any axioms
'Collatz.Research.CoefficientDescent.Batch061.ray_4055' depends on axioms: [propext, Quot.sound]
'Collatz.Research.CoefficientDescent.Batch061.certificate_4057' does not depend on any axioms
'Collatz.Research.CoefficientDescent.Batch061.ray_4057' depends on axioms: [propext, Quot.sound]
'Collatz.Research.CoefficientDescent.Batch061.certificate_4059' does not depend on any axioms
'Collatz.Research.CoefficientDescent.Batch061.ray_4059' depends on axioms: [propext, Quot.sound]
'Collatz.Research.CoefficientDescent.Batch061.certificate_4061' does not depend on any axioms
'Collatz.Research.CoefficientDescent.Batch061.ray_4061' depends on axioms: [propext, Quot.sound]
'Collatz.Research.CoefficientDescent.Batch061.certificate_4063' does not depend on any axioms
'Collatz.Research.CoefficientDescent.Batch061.ray_4063' depends on axioms: [propext, Quot.sound]
'Collatz.Research.CoefficientDescent.Batch061.certificate_4065' does not depend on any axioms
'Collatz.Research.CoefficientDescent.Batch061.ray_4065' depends on axioms: [propext, Quot.sound]
'Collatz.Research.CoefficientDescent.Batch061.certificate_4067' does not depend on any axioms
'Collatz.Research.CoefficientDescent.Batch061.ray_4067' depends on axioms: [propext, Quot.sound]
'Collatz.Research.CoefficientDescent.Batch061.certificate_4069' does not depend on any axioms
'Collatz.Research.CoefficientDescent.Batch061.ray_4069' depends on axioms: [propext, Quot.sound]
'Collatz.Research.CoefficientDescent.Batch061.certificate_4071' does not depend on any axioms
'Collatz.Research.CoefficientDescent.Batch061.ray_4071' depends on axioms: [propext, Quot.sound]
'Collatz.Research.CoefficientDescent.Batch061.certificate_4073' does not depend on any axioms
'Collatz.Research.CoefficientDescent.Batch061.ray_4073' depends on axioms: [propext, Quot.sound]
'Collatz.Research.CoefficientDescent.Batch061.certificate_4075' does not depend on any axioms
'Collatz.Research.CoefficientDescent.Batch061.ray_4075' depends on axioms: [propext, Quot.sound]
'Collatz.Research.CoefficientDescent.Batch061.certificate_4077' does not depend on any axioms
'Collatz.Research.CoefficientDescent.Batch061.ray_4077' depends on axioms: [propext, Quot.sound]
'Collatz.Research.CoefficientDescent.Batch061.certificate_4079' does not depend on any axioms
'Collatz.Research.CoefficientDescent.Batch061.ray_4079' depends on axioms: [propext, Quot.sound]
'Collatz.Research.CoefficientDescent.Batch061.certificate_4081' does not depend on any axioms
'Collatz.Research.CoefficientDescent.Batch061.ray_4081' depends on axioms: [propext, Quot.sound]
'Collatz.Research.CoefficientDescent.Batch061.certificate_4083' does not depend on any axioms
'Collatz.Research.CoefficientDescent.Batch061.ray_4083' depends on axioms: [propext, Quot.sound]
'Collatz.Research.CoefficientDescent.Batch061.certificate_4085' does not depend on any axioms
'Collatz.Research.CoefficientDescent.Batch061.ray_4085' depends on axioms: [propext, Quot.sound]
'Collatz.Research.CoefficientDescent.Batch061.coverage' depends on axioms: [propext, Quot.sound]
'Collatz.Research.CoefficientDescent.Batch062.certificate_4087' does not depend on any axioms
'Collatz.Research.CoefficientDescent.Batch062.ray_4087' depends on axioms: [propext, Quot.sound]
'Collatz.Research.CoefficientDescent.Batch062.certificate_4089' does not depend on any axioms
'Collatz.Research.CoefficientDescent.Batch062.ray_4089' depends on axioms: [propext, Quot.sound]
'Collatz.Research.CoefficientDescent.Batch062.certificate_4091' does not depend on any axioms
'Collatz.Research.CoefficientDescent.Batch062.ray_4091' depends on axioms: [propext, Quot.sound]
'Collatz.Research.CoefficientDescent.Batch062.certificate_4093' does not depend on any axioms
'Collatz.Research.CoefficientDescent.Batch062.ray_4093' depends on axioms: [propext, Quot.sound]
'Collatz.Research.CoefficientDescent.Batch062.certificate_4095' does not depend on any axioms
'Collatz.Research.CoefficientDescent.Batch062.ray_4095' depends on axioms: [propext, Quot.sound]
'Collatz.Research.CoefficientDescent.Batch062.certificate_4097' does not depend on any axioms
'Collatz.Research.CoefficientDescent.Batch062.ray_4097' depends on axioms: [propext, Quot.sound]
'Collatz.Research.CoefficientDescent.Batch062.certificate_4099' does not depend on any axioms
'Collatz.Research.CoefficientDescent.Batch062.ray_4099' depends on axioms: [propext, Quot.sound]
'Collatz.Research.CoefficientDescent.Batch062.certificate_4101' does not depend on any axioms
'Collatz.Research.CoefficientDescent.Batch062.ray_4101' depends on axioms: [propext, Quot.sound]
'Collatz.Research.CoefficientDescent.Batch062.certificate_4103' does not depend on any axioms
'Collatz.Research.CoefficientDescent.Batch062.ray_4103' depends on axioms: [propext, Quot.sound]
'Collatz.Research.CoefficientDescent.Batch062.certificate_4105' does not depend on any axioms
'Collatz.Research.CoefficientDescent.Batch062.ray_4105' depends on axioms: [propext, Quot.sound]
'Collatz.Research.CoefficientDescent.Batch062.certificate_4107' does not depend on any axioms
'Collatz.Research.CoefficientDescent.Batch062.ray_4107' depends on axioms: [propext, Quot.sound]
'Collatz.Research.CoefficientDescent.Batch062.certificate_4109' does not depend on any axioms
'Collatz.Research.CoefficientDescent.Batch062.ray_4109' depends on axioms: [propext, Quot.sound]
'Collatz.Research.CoefficientDescent.Batch062.certificate_4111' does not depend on any axioms
'Collatz.Research.CoefficientDescent.Batch062.ray_4111' depends on axioms: [propext, Quot.sound]
'Collatz.Research.CoefficientDescent.Batch062.certificate_4113' does not depend on any axioms
'Collatz.Research.CoefficientDescent.Batch062.ray_4113' depends on axioms: [propext, Quot.sound]
'Collatz.Research.CoefficientDescent.Batch062.certificate_4115' does not depend on any axioms
'Collatz.Research.CoefficientDescent.Batch062.ray_4115' depends on axioms: [propext, Quot.sound]
'Collatz.Research.CoefficientDescent.Batch062.certificate_4117' does not depend on any axioms
'Collatz.Research.CoefficientDescent.Batch062.ray_4117' depends on axioms: [propext, Quot.sound]
'Collatz.Research.CoefficientDescent.Batch062.certificate_4119' does not depend on any axioms
'Collatz.Research.CoefficientDescent.Batch062.ray_4119' depends on axioms: [propext, Quot.sound]
'Collatz.Research.CoefficientDescent.Batch062.certificate_4121' does not depend on any axioms
'Collatz.Research.CoefficientDescent.Batch062.ray_4121' depends on axioms: [propext, Quot.sound]
'Collatz.Research.CoefficientDescent.Batch062.certificate_4123' does not depend on any axioms
'Collatz.Research.CoefficientDescent.Batch062.ray_4123' depends on axioms: [propext, Quot.sound]
'Collatz.Research.CoefficientDescent.Batch062.certificate_4125' does not depend on any axioms
'Collatz.Research.CoefficientDescent.Batch062.ray_4125' depends on axioms: [propext, Quot.sound]
'Collatz.Research.CoefficientDescent.Batch062.certificate_4127' does not depend on any axioms
'Collatz.Research.CoefficientDescent.Batch062.ray_4127' depends on axioms: [propext, Quot.sound]
'Collatz.Research.CoefficientDescent.Batch062.certificate_4129' does not depend on any axioms
'Collatz.Research.CoefficientDescent.Batch062.ray_4129' depends on axioms: [propext, Quot.sound]
'Collatz.Research.CoefficientDescent.Batch062.certificate_4131' does not depend on any axioms
'Collatz.Research.CoefficientDescent.Batch062.ray_4131' depends on axioms: [propext, Quot.sound]
'Collatz.Research.CoefficientDescent.Batch062.certificate_4133' does not depend on any axioms
'Collatz.Research.CoefficientDescent.Batch062.ray_4133' depends on axioms: [propext, Quot.sound]
'Collatz.Research.CoefficientDescent.Batch062.certificate_4135' does not depend on any axioms
'Collatz.Research.CoefficientDescent.Batch062.ray_4135' depends on axioms: [propext, Quot.sound]
'Collatz.Research.CoefficientDescent.Batch062.certificate_4137' does not depend on any axioms
'Collatz.Research.CoefficientDescent.Batch062.ray_4137' depends on axioms: [propext, Quot.sound]
'Collatz.Research.CoefficientDescent.Batch062.certificate_4139' does not depend on any axioms
'Collatz.Research.CoefficientDescent.Batch062.ray_4139' depends on axioms: [propext, Quot.sound]
'Collatz.Research.CoefficientDescent.Batch062.certificate_4141' does not depend on any axioms
'Collatz.Research.CoefficientDescent.Batch062.ray_4141' depends on axioms: [propext, Quot.sound]
'Collatz.Research.CoefficientDescent.Batch062.certificate_4143' does not depend on any axioms
'Collatz.Research.CoefficientDescent.Batch062.ray_4143' depends on axioms: [propext, Quot.sound]
'Collatz.Research.CoefficientDescent.Batch062.certificate_4145' does not depend on any axioms
'Collatz.Research.CoefficientDescent.Batch062.ray_4145' depends on axioms: [propext, Quot.sound]
'Collatz.Research.CoefficientDescent.Batch062.certificate_4147' does not depend on any axioms
'Collatz.Research.CoefficientDescent.Batch062.ray_4147' depends on axioms: [propext, Quot.sound]
'Collatz.Research.CoefficientDescent.Batch062.certificate_4149' does not depend on any axioms
'Collatz.Research.CoefficientDescent.Batch062.ray_4149' depends on axioms: [propext, Quot.sound]
'Collatz.Research.CoefficientDescent.Batch062.certificate_4151' does not depend on any axioms
'Collatz.Research.CoefficientDescent.Batch062.ray_4151' depends on axioms: [propext, Quot.sound]
'Collatz.Research.CoefficientDescent.Batch062.certificate_4153' does not depend on any axioms
'Collatz.Research.CoefficientDescent.Batch062.ray_4153' depends on axioms: [propext, Quot.sound]
'Collatz.Research.CoefficientDescent.Batch062.coverage' depends on axioms: [propext, Quot.sound]
'Collatz.Research.CoefficientDescent.Batch063.certificate_4155' does not depend on any axioms
'Collatz.Research.CoefficientDescent.Batch063.ray_4155' depends on axioms: [propext, Quot.sound]
'Collatz.Research.CoefficientDescent.Batch063.certificate_4157' does not depend on any axioms
'Collatz.Research.CoefficientDescent.Batch063.ray_4157' depends on axioms: [propext, Quot.sound]
'Collatz.Research.CoefficientDescent.Batch063.certificate_4159' does not depend on any axioms
'Collatz.Research.CoefficientDescent.Batch063.ray_4159' depends on axioms: [propext, Quot.sound]
'Collatz.Research.CoefficientDescent.Batch063.certificate_4161' does not depend on any axioms
'Collatz.Research.CoefficientDescent.Batch063.ray_4161' depends on axioms: [propext, Quot.sound]
'Collatz.Research.CoefficientDescent.Batch063.certificate_4163' does not depend on any axioms
'Collatz.Research.CoefficientDescent.Batch063.ray_4163' depends on axioms: [propext, Quot.sound]
'Collatz.Research.CoefficientDescent.Batch063.certificate_4165' does not depend on any axioms
'Collatz.Research.CoefficientDescent.Batch063.ray_4165' depends on axioms: [propext, Quot.sound]
'Collatz.Research.CoefficientDescent.Batch063.certificate_4167' does not depend on any axioms
'Collatz.Research.CoefficientDescent.Batch063.ray_4167' depends on axioms: [propext, Quot.sound]
'Collatz.Research.CoefficientDescent.Batch063.certificate_4169' does not depend on any axioms
'Collatz.Research.CoefficientDescent.Batch063.ray_4169' depends on axioms: [propext, Quot.sound]
'Collatz.Research.CoefficientDescent.Batch063.certificate_4171' does not depend on any axioms
'Collatz.Research.CoefficientDescent.Batch063.ray_4171' depends on axioms: [propext, Quot.sound]
'Collatz.Research.CoefficientDescent.Batch063.certificate_4173' does not depend on any axioms
'Collatz.Research.CoefficientDescent.Batch063.ray_4173' depends on axioms: [propext, Quot.sound]
'Collatz.Research.CoefficientDescent.Batch063.certificate_4175' does not depend on any axioms
'Collatz.Research.CoefficientDescent.Batch063.ray_4175' depends on axioms: [propext, Quot.sound]
'Collatz.Research.CoefficientDescent.Batch063.certificate_4177' does not depend on any axioms
'Collatz.Research.CoefficientDescent.Batch063.ray_4177' depends on axioms: [propext, Quot.sound]
'Collatz.Research.CoefficientDescent.Batch063.certificate_4179' does not depend on any axioms
'Collatz.Research.CoefficientDescent.Batch063.ray_4179' depends on axioms: [propext, Quot.sound]
'Collatz.Research.CoefficientDescent.Batch063.certificate_4181' does not depend on any axioms
'Collatz.Research.CoefficientDescent.Batch063.ray_4181' depends on axioms: [propext, Quot.sound]
'Collatz.Research.CoefficientDescent.Batch063.certificate_4183' does not depend on any axioms
'Collatz.Research.CoefficientDescent.Batch063.ray_4183' depends on axioms: [propext, Quot.sound]
'Collatz.Research.CoefficientDescent.Batch063.certificate_4185' does not depend on any axioms
'Collatz.Research.CoefficientDescent.Batch063.ray_4185' depends on axioms: [propext, Quot.sound]
'Collatz.Research.CoefficientDescent.Batch063.certificate_4187' does not depend on any axioms
'Collatz.Research.CoefficientDescent.Batch063.ray_4187' depends on axioms: [propext, Quot.sound]
'Collatz.Research.CoefficientDescent.Batch063.certificate_4189' does not depend on any axioms
'Collatz.Research.CoefficientDescent.Batch063.ray_4189' depends on axioms: [propext, Quot.sound]
'Collatz.Research.CoefficientDescent.Batch063.certificate_4191' does not depend on any axioms
'Collatz.Research.CoefficientDescent.Batch063.ray_4191' depends on axioms: [propext, Quot.sound]
'Collatz.Research.CoefficientDescent.Batch063.certificate_4193' does not depend on any axioms
'Collatz.Research.CoefficientDescent.Batch063.ray_4193' depends on axioms: [propext, Quot.sound]
'Collatz.Research.CoefficientDescent.Batch063.certificate_4195' does not depend on any axioms
'Collatz.Research.CoefficientDescent.Batch063.ray_4195' depends on axioms: [propext, Quot.sound]
'Collatz.Research.CoefficientDescent.Batch063.certificate_4197' does not depend on any axioms
'Collatz.Research.CoefficientDescent.Batch063.ray_4197' depends on axioms: [propext, Quot.sound]
'Collatz.Research.CoefficientDescent.Batch063.certificate_4199' does not depend on any axioms
'Collatz.Research.CoefficientDescent.Batch063.ray_4199' depends on axioms: [propext, Quot.sound]
'Collatz.Research.CoefficientDescent.Batch063.certificate_4201' does not depend on any axioms
'Collatz.Research.CoefficientDescent.Batch063.ray_4201' depends on axioms: [propext, Quot.sound]
'Collatz.Research.CoefficientDescent.Batch063.certificate_4203' does not depend on any axioms
'Collatz.Research.CoefficientDescent.Batch063.ray_4203' depends on axioms: [propext, Quot.sound]
'Collatz.Research.CoefficientDescent.Batch063.certificate_4205' does not depend on any axioms
'Collatz.Research.CoefficientDescent.Batch063.ray_4205' depends on axioms: [propext, Quot.sound]
'Collatz.Research.CoefficientDescent.Batch063.certificate_4207' does not depend on any axioms
'Collatz.Research.CoefficientDescent.Batch063.ray_4207' depends on axioms: [propext, Quot.sound]
'Collatz.Research.CoefficientDescent.Batch063.certificate_4209' does not depend on any axioms
'Collatz.Research.CoefficientDescent.Batch063.ray_4209' depends on axioms: [propext, Quot.sound]
'Collatz.Research.CoefficientDescent.Batch063.certificate_4211' does not depend on any axioms
'Collatz.Research.CoefficientDescent.Batch063.ray_4211' depends on axioms: [propext, Quot.sound]
'Collatz.Research.CoefficientDescent.Batch063.certificate_4213' does not depend on any axioms
'Collatz.Research.CoefficientDescent.Batch063.ray_4213' depends on axioms: [propext, Quot.sound]
'Collatz.Research.CoefficientDescent.Batch063.certificate_4215' does not depend on any axioms
'Collatz.Research.CoefficientDescent.Batch063.ray_4215' depends on axioms: [propext, Quot.sound]
'Collatz.Research.CoefficientDescent.Batch063.certificate_4217' does not depend on any axioms
'Collatz.Research.CoefficientDescent.Batch063.ray_4217' depends on axioms: [propext, Quot.sound]
'Collatz.Research.CoefficientDescent.Batch063.certificate_4219' does not depend on any axioms
'Collatz.Research.CoefficientDescent.Batch063.ray_4219' depends on axioms: [propext, Quot.sound]
'Collatz.Research.CoefficientDescent.Batch063.coverage' depends on axioms: [propext, Quot.sound]
'Collatz.Research.CoefficientDescent.Batch064.certificate_4221' does not depend on any axioms
'Collatz.Research.CoefficientDescent.Batch064.ray_4221' depends on axioms: [propext, Quot.sound]
'Collatz.Research.CoefficientDescent.Batch064.certificate_4223' does not depend on any axioms
'Collatz.Research.CoefficientDescent.Batch064.ray_4223' depends on axioms: [propext, Quot.sound]
'Collatz.Research.CoefficientDescent.Batch064.certificate_4225' does not depend on any axioms
'Collatz.Research.CoefficientDescent.Batch064.ray_4225' depends on axioms: [propext, Quot.sound]
'Collatz.Research.CoefficientDescent.Batch064.certificate_4227' does not depend on any axioms
'Collatz.Research.CoefficientDescent.Batch064.ray_4227' depends on axioms: [propext, Quot.sound]
'Collatz.Research.CoefficientDescent.Batch064.certificate_4229' does not depend on any axioms
'Collatz.Research.CoefficientDescent.Batch064.ray_4229' depends on axioms: [propext, Quot.sound]
'Collatz.Research.CoefficientDescent.Batch064.certificate_4231' does not depend on any axioms
'Collatz.Research.CoefficientDescent.Batch064.ray_4231' depends on axioms: [propext, Quot.sound]
'Collatz.Research.CoefficientDescent.Batch064.certificate_4233' does not depend on any axioms
'Collatz.Research.CoefficientDescent.Batch064.ray_4233' depends on axioms: [propext, Quot.sound]
'Collatz.Research.CoefficientDescent.Batch064.certificate_4235' does not depend on any axioms
'Collatz.Research.CoefficientDescent.Batch064.ray_4235' depends on axioms: [propext, Quot.sound]
'Collatz.Research.CoefficientDescent.Batch064.certificate_4237' does not depend on any axioms
'Collatz.Research.CoefficientDescent.Batch064.ray_4237' depends on axioms: [propext, Quot.sound]
'Collatz.Research.CoefficientDescent.Batch064.certificate_4239' does not depend on any axioms
'Collatz.Research.CoefficientDescent.Batch064.ray_4239' depends on axioms: [propext, Quot.sound]
'Collatz.Research.CoefficientDescent.Batch064.certificate_4241' does not depend on any axioms
'Collatz.Research.CoefficientDescent.Batch064.ray_4241' depends on axioms: [propext, Quot.sound]
'Collatz.Research.CoefficientDescent.Batch064.certificate_4243' does not depend on any axioms
'Collatz.Research.CoefficientDescent.Batch064.ray_4243' depends on axioms: [propext, Quot.sound]
'Collatz.Research.CoefficientDescent.Batch064.certificate_4245' does not depend on any axioms
'Collatz.Research.CoefficientDescent.Batch064.ray_4245' depends on axioms: [propext, Quot.sound]
'Collatz.Research.CoefficientDescent.Batch064.certificate_4247' does not depend on any axioms
'Collatz.Research.CoefficientDescent.Batch064.ray_4247' depends on axioms: [propext, Quot.sound]
'Collatz.Research.CoefficientDescent.Batch064.certificate_4249' does not depend on any axioms
'Collatz.Research.CoefficientDescent.Batch064.ray_4249' depends on axioms: [propext, Quot.sound]
'Collatz.Research.CoefficientDescent.Batch064.certificate_4251' does not depend on any axioms
'Collatz.Research.CoefficientDescent.Batch064.ray_4251' depends on axioms: [propext, Quot.sound]
'Collatz.Research.CoefficientDescent.Batch064.certificate_4253' does not depend on any axioms
'Collatz.Research.CoefficientDescent.Batch064.ray_4253' depends on axioms: [propext, Quot.sound]
'Collatz.Research.CoefficientDescent.Batch064.certificate_4255' does not depend on any axioms
'Collatz.Research.CoefficientDescent.Batch064.ray_4255' depends on axioms: [propext, Quot.sound]
'Collatz.Research.CoefficientDescent.Batch064.certificate_4257' does not depend on any axioms
'Collatz.Research.CoefficientDescent.Batch064.ray_4257' depends on axioms: [propext, Quot.sound]
'Collatz.Research.CoefficientDescent.Batch064.certificate_4259' does not depend on any axioms
'Collatz.Research.CoefficientDescent.Batch064.ray_4259' depends on axioms: [propext, Quot.sound]
'Collatz.Research.CoefficientDescent.Batch064.certificate_4261' does not depend on any axioms
'Collatz.Research.CoefficientDescent.Batch064.ray_4261' depends on axioms: [propext, Quot.sound]
'Collatz.Research.CoefficientDescent.Batch064.certificate_4263' does not depend on any axioms
'Collatz.Research.CoefficientDescent.Batch064.ray_4263' depends on axioms: [propext, Quot.sound]
'Collatz.Research.CoefficientDescent.Batch064.certificate_4265' does not depend on any axioms
'Collatz.Research.CoefficientDescent.Batch064.ray_4265' depends on axioms: [propext, Quot.sound]
'Collatz.Research.CoefficientDescent.Batch064.certificate_4267' does not depend on any axioms
'Collatz.Research.CoefficientDescent.Batch064.ray_4267' depends on axioms: [propext, Quot.sound]
'Collatz.Research.CoefficientDescent.Batch064.certificate_4269' does not depend on any axioms
'Collatz.Research.CoefficientDescent.Batch064.ray_4269' depends on axioms: [propext, Quot.sound]
'Collatz.Research.CoefficientDescent.Batch064.certificate_4271' does not depend on any axioms
'Collatz.Research.CoefficientDescent.Batch064.ray_4271' depends on axioms: [propext, Quot.sound]
'Collatz.Research.CoefficientDescent.Batch064.certificate_4273' does not depend on any axioms
'Collatz.Research.CoefficientDescent.Batch064.ray_4273' depends on axioms: [propext, Quot.sound]
'Collatz.Research.CoefficientDescent.Batch064.certificate_4275' does not depend on any axioms
'Collatz.Research.CoefficientDescent.Batch064.ray_4275' depends on axioms: [propext, Quot.sound]
'Collatz.Research.CoefficientDescent.Batch064.certificate_4277' does not depend on any axioms
'Collatz.Research.CoefficientDescent.Batch064.ray_4277' depends on axioms: [propext, Quot.sound]
'Collatz.Research.CoefficientDescent.Batch064.certificate_4279' does not depend on any axioms
'Collatz.Research.CoefficientDescent.Batch064.ray_4279' depends on axioms: [propext, Quot.sound]
'Collatz.Research.CoefficientDescent.Batch064.certificate_4281' does not depend on any axioms
'Collatz.Research.CoefficientDescent.Batch064.ray_4281' depends on axioms: [propext, Quot.sound]
'Collatz.Research.CoefficientDescent.Batch064.certificate_4283' does not depend on any axioms
'Collatz.Research.CoefficientDescent.Batch064.ray_4283' depends on axioms: [propext, Quot.sound]
'Collatz.Research.CoefficientDescent.Batch064.certificate_4285' does not depend on any axioms
'Collatz.Research.CoefficientDescent.Batch064.ray_4285' depends on axioms: [propext, Quot.sound]
'Collatz.Research.CoefficientDescent.Batch064.certificate_4287' does not depend on any axioms
'Collatz.Research.CoefficientDescent.Batch064.ray_4287' depends on axioms: [propext, Quot.sound]
'Collatz.Research.CoefficientDescent.Batch064.coverage' depends on axioms: [propext, Quot.sound]
'Collatz.Research.CoefficientDescent.Batch065.certificate_4289' does not depend on any axioms
'Collatz.Research.CoefficientDescent.Batch065.ray_4289' depends on axioms: [propext, Quot.sound]
'Collatz.Research.CoefficientDescent.Batch065.certificate_4291' does not depend on any axioms
'Collatz.Research.CoefficientDescent.Batch065.ray_4291' depends on axioms: [propext, Quot.sound]
'Collatz.Research.CoefficientDescent.Batch065.certificate_4293' does not depend on any axioms
'Collatz.Research.CoefficientDescent.Batch065.ray_4293' depends on axioms: [propext, Quot.sound]
'Collatz.Research.CoefficientDescent.Batch065.certificate_4295' does not depend on any axioms
'Collatz.Research.CoefficientDescent.Batch065.ray_4295' depends on axioms: [propext, Quot.sound]
'Collatz.Research.CoefficientDescent.Batch065.certificate_4297' does not depend on any axioms
'Collatz.Research.CoefficientDescent.Batch065.ray_4297' depends on axioms: [propext, Quot.sound]
'Collatz.Research.CoefficientDescent.Batch065.certificate_4299' does not depend on any axioms
'Collatz.Research.CoefficientDescent.Batch065.ray_4299' depends on axioms: [propext, Quot.sound]
'Collatz.Research.CoefficientDescent.Batch065.certificate_4301' does not depend on any axioms
'Collatz.Research.CoefficientDescent.Batch065.ray_4301' depends on axioms: [propext, Quot.sound]
'Collatz.Research.CoefficientDescent.Batch065.certificate_4303' does not depend on any axioms
'Collatz.Research.CoefficientDescent.Batch065.ray_4303' depends on axioms: [propext, Quot.sound]
'Collatz.Research.CoefficientDescent.Batch065.certificate_4305' does not depend on any axioms
'Collatz.Research.CoefficientDescent.Batch065.ray_4305' depends on axioms: [propext, Quot.sound]
'Collatz.Research.CoefficientDescent.Batch065.certificate_4307' does not depend on any axioms
'Collatz.Research.CoefficientDescent.Batch065.ray_4307' depends on axioms: [propext, Quot.sound]
'Collatz.Research.CoefficientDescent.Batch065.certificate_4309' does not depend on any axioms
'Collatz.Research.CoefficientDescent.Batch065.ray_4309' depends on axioms: [propext, Quot.sound]
'Collatz.Research.CoefficientDescent.Batch065.certificate_4311' does not depend on any axioms
'Collatz.Research.CoefficientDescent.Batch065.ray_4311' depends on axioms: [propext, Quot.sound]
'Collatz.Research.CoefficientDescent.Batch065.certificate_4313' does not depend on any axioms
'Collatz.Research.CoefficientDescent.Batch065.ray_4313' depends on axioms: [propext, Quot.sound]
'Collatz.Research.CoefficientDescent.Batch065.certificate_4315' does not depend on any axioms
'Collatz.Research.CoefficientDescent.Batch065.ray_4315' depends on axioms: [propext, Quot.sound]
'Collatz.Research.CoefficientDescent.Batch065.certificate_4317' does not depend on any axioms
'Collatz.Research.CoefficientDescent.Batch065.ray_4317' depends on axioms: [propext, Quot.sound]
'Collatz.Research.CoefficientDescent.Batch065.certificate_4319' does not depend on any axioms
'Collatz.Research.CoefficientDescent.Batch065.ray_4319' depends on axioms: [propext, Quot.sound]
'Collatz.Research.CoefficientDescent.Batch065.certificate_4321' does not depend on any axioms
'Collatz.Research.CoefficientDescent.Batch065.ray_4321' depends on axioms: [propext, Quot.sound]
'Collatz.Research.CoefficientDescent.Batch065.certificate_4323' does not depend on any axioms
'Collatz.Research.CoefficientDescent.Batch065.ray_4323' depends on axioms: [propext, Quot.sound]
'Collatz.Research.CoefficientDescent.Batch065.certificate_4325' does not depend on any axioms
'Collatz.Research.CoefficientDescent.Batch065.ray_4325' depends on axioms: [propext, Quot.sound]
'Collatz.Research.CoefficientDescent.Batch065.certificate_4327' does not depend on any axioms
'Collatz.Research.CoefficientDescent.Batch065.ray_4327' depends on axioms: [propext, Quot.sound]
'Collatz.Research.CoefficientDescent.Batch065.certificate_4329' does not depend on any axioms
'Collatz.Research.CoefficientDescent.Batch065.ray_4329' depends on axioms: [propext, Quot.sound]
'Collatz.Research.CoefficientDescent.Batch065.certificate_4331' does not depend on any axioms
'Collatz.Research.CoefficientDescent.Batch065.ray_4331' depends on axioms: [propext, Quot.sound]
'Collatz.Research.CoefficientDescent.Batch065.certificate_4333' does not depend on any axioms
'Collatz.Research.CoefficientDescent.Batch065.ray_4333' depends on axioms: [propext, Quot.sound]
'Collatz.Research.CoefficientDescent.Batch065.certificate_4335' does not depend on any axioms
'Collatz.Research.CoefficientDescent.Batch065.ray_4335' depends on axioms: [propext, Quot.sound]
'Collatz.Research.CoefficientDescent.Batch065.certificate_4337' does not depend on any axioms
'Collatz.Research.CoefficientDescent.Batch065.ray_4337' depends on axioms: [propext, Quot.sound]
'Collatz.Research.CoefficientDescent.Batch065.certificate_4339' does not depend on any axioms
'Collatz.Research.CoefficientDescent.Batch065.ray_4339' depends on axioms: [propext, Quot.sound]
'Collatz.Research.CoefficientDescent.Batch065.certificate_4341' does not depend on any axioms
'Collatz.Research.CoefficientDescent.Batch065.ray_4341' depends on axioms: [propext, Quot.sound]
'Collatz.Research.CoefficientDescent.Batch065.certificate_4343' does not depend on any axioms
'Collatz.Research.CoefficientDescent.Batch065.ray_4343' depends on axioms: [propext, Quot.sound]
'Collatz.Research.CoefficientDescent.Batch065.certificate_4345' does not depend on any axioms
'Collatz.Research.CoefficientDescent.Batch065.ray_4345' depends on axioms: [propext, Quot.sound]
'Collatz.Research.CoefficientDescent.Batch065.certificate_4347' does not depend on any axioms
'Collatz.Research.CoefficientDescent.Batch065.ray_4347' depends on axioms: [propext, Quot.sound]
'Collatz.Research.CoefficientDescent.Batch065.certificate_4349' does not depend on any axioms
'Collatz.Research.CoefficientDescent.Batch065.ray_4349' depends on axioms: [propext, Quot.sound]
'Collatz.Research.CoefficientDescent.Batch065.certificate_4351' does not depend on any axioms
'Collatz.Research.CoefficientDescent.Batch065.ray_4351' depends on axioms: [propext, Quot.sound]
'Collatz.Research.CoefficientDescent.Batch065.certificate_4353' does not depend on any axioms
'Collatz.Research.CoefficientDescent.Batch065.ray_4353' depends on axioms: [propext, Quot.sound]
'Collatz.Research.CoefficientDescent.Batch065.coverage' depends on axioms: [propext, Quot.sound]
'Collatz.Research.CoefficientDescent.Batch066.certificate_4355' does not depend on any axioms
'Collatz.Research.CoefficientDescent.Batch066.ray_4355' depends on axioms: [propext, Quot.sound]
'Collatz.Research.CoefficientDescent.Batch066.certificate_4357' does not depend on any axioms
'Collatz.Research.CoefficientDescent.Batch066.ray_4357' depends on axioms: [propext, Quot.sound]
'Collatz.Research.CoefficientDescent.Batch066.certificate_4359' does not depend on any axioms
'Collatz.Research.CoefficientDescent.Batch066.ray_4359' depends on axioms: [propext, Quot.sound]
'Collatz.Research.CoefficientDescent.Batch066.certificate_4361' does not depend on any axioms
'Collatz.Research.CoefficientDescent.Batch066.ray_4361' depends on axioms: [propext, Quot.sound]
'Collatz.Research.CoefficientDescent.Batch066.certificate_4363' does not depend on any axioms
'Collatz.Research.CoefficientDescent.Batch066.ray_4363' depends on axioms: [propext, Quot.sound]
'Collatz.Research.CoefficientDescent.Batch066.certificate_4365' does not depend on any axioms
'Collatz.Research.CoefficientDescent.Batch066.ray_4365' depends on axioms: [propext, Quot.sound]
'Collatz.Research.CoefficientDescent.Batch066.certificate_4367' does not depend on any axioms
'Collatz.Research.CoefficientDescent.Batch066.ray_4367' depends on axioms: [propext, Quot.sound]
'Collatz.Research.CoefficientDescent.Batch066.certificate_4369' does not depend on any axioms
'Collatz.Research.CoefficientDescent.Batch066.ray_4369' depends on axioms: [propext, Quot.sound]
'Collatz.Research.CoefficientDescent.Batch066.certificate_4371' does not depend on any axioms
'Collatz.Research.CoefficientDescent.Batch066.ray_4371' depends on axioms: [propext, Quot.sound]
'Collatz.Research.CoefficientDescent.Batch066.certificate_4373' does not depend on any axioms
'Collatz.Research.CoefficientDescent.Batch066.ray_4373' depends on axioms: [propext, Quot.sound]
'Collatz.Research.CoefficientDescent.Batch066.certificate_4375' does not depend on any axioms
'Collatz.Research.CoefficientDescent.Batch066.ray_4375' depends on axioms: [propext, Quot.sound]
'Collatz.Research.CoefficientDescent.Batch066.certificate_4377' does not depend on any axioms
'Collatz.Research.CoefficientDescent.Batch066.ray_4377' depends on axioms: [propext, Quot.sound]
'Collatz.Research.CoefficientDescent.Batch066.certificate_4379' does not depend on any axioms
'Collatz.Research.CoefficientDescent.Batch066.ray_4379' depends on axioms: [propext, Quot.sound]
'Collatz.Research.CoefficientDescent.Batch066.certificate_4381' does not depend on any axioms
'Collatz.Research.CoefficientDescent.Batch066.ray_4381' depends on axioms: [propext, Quot.sound]
'Collatz.Research.CoefficientDescent.Batch066.certificate_4383' does not depend on any axioms
'Collatz.Research.CoefficientDescent.Batch066.ray_4383' depends on axioms: [propext, Quot.sound]
'Collatz.Research.CoefficientDescent.Batch066.certificate_4385' does not depend on any axioms
'Collatz.Research.CoefficientDescent.Batch066.ray_4385' depends on axioms: [propext, Quot.sound]
'Collatz.Research.CoefficientDescent.Batch066.certificate_4387' does not depend on any axioms
'Collatz.Research.CoefficientDescent.Batch066.ray_4387' depends on axioms: [propext, Quot.sound]
'Collatz.Research.CoefficientDescent.Batch066.certificate_4389' does not depend on any axioms
'Collatz.Research.CoefficientDescent.Batch066.ray_4389' depends on axioms: [propext, Quot.sound]
'Collatz.Research.CoefficientDescent.Batch066.certificate_4391' does not depend on any axioms
'Collatz.Research.CoefficientDescent.Batch066.ray_4391' depends on axioms: [propext, Quot.sound]
'Collatz.Research.CoefficientDescent.Batch066.certificate_4393' does not depend on any axioms
'Collatz.Research.CoefficientDescent.Batch066.ray_4393' depends on axioms: [propext, Quot.sound]
'Collatz.Research.CoefficientDescent.Batch066.certificate_4395' does not depend on any axioms
'Collatz.Research.CoefficientDescent.Batch066.ray_4395' depends on axioms: [propext, Quot.sound]
'Collatz.Research.CoefficientDescent.Batch066.certificate_4397' does not depend on any axioms
'Collatz.Research.CoefficientDescent.Batch066.ray_4397' depends on axioms: [propext, Quot.sound]
'Collatz.Research.CoefficientDescent.Batch066.certificate_4399' does not depend on any axioms
'Collatz.Research.CoefficientDescent.Batch066.ray_4399' depends on axioms: [propext, Quot.sound]
'Collatz.Research.CoefficientDescent.Batch066.certificate_4401' does not depend on any axioms
'Collatz.Research.CoefficientDescent.Batch066.ray_4401' depends on axioms: [propext, Quot.sound]
'Collatz.Research.CoefficientDescent.Batch066.certificate_4403' does not depend on any axioms
'Collatz.Research.CoefficientDescent.Batch066.ray_4403' depends on axioms: [propext, Quot.sound]
'Collatz.Research.CoefficientDescent.Batch066.certificate_4405' does not depend on any axioms
'Collatz.Research.CoefficientDescent.Batch066.ray_4405' depends on axioms: [propext, Quot.sound]
'Collatz.Research.CoefficientDescent.Batch066.certificate_4407' does not depend on any axioms
'Collatz.Research.CoefficientDescent.Batch066.ray_4407' depends on axioms: [propext, Quot.sound]
'Collatz.Research.CoefficientDescent.Batch066.certificate_4409' does not depend on any axioms
'Collatz.Research.CoefficientDescent.Batch066.ray_4409' depends on axioms: [propext, Quot.sound]
'Collatz.Research.CoefficientDescent.Batch066.certificate_4411' does not depend on any axioms
'Collatz.Research.CoefficientDescent.Batch066.ray_4411' depends on axioms: [propext, Quot.sound]
'Collatz.Research.CoefficientDescent.Batch066.certificate_4413' does not depend on any axioms
'Collatz.Research.CoefficientDescent.Batch066.ray_4413' depends on axioms: [propext, Quot.sound]
'Collatz.Research.CoefficientDescent.Batch066.certificate_4415' does not depend on any axioms
'Collatz.Research.CoefficientDescent.Batch066.ray_4415' depends on axioms: [propext, Quot.sound]
'Collatz.Research.CoefficientDescent.Batch066.certificate_4417' does not depend on any axioms
'Collatz.Research.CoefficientDescent.Batch066.ray_4417' depends on axioms: [propext, Quot.sound]
'Collatz.Research.CoefficientDescent.Batch066.certificate_4419' does not depend on any axioms
'Collatz.Research.CoefficientDescent.Batch066.ray_4419' depends on axioms: [propext, Quot.sound]
'Collatz.Research.CoefficientDescent.Batch066.certificate_4421' does not depend on any axioms
'Collatz.Research.CoefficientDescent.Batch066.ray_4421' depends on axioms: [propext, Quot.sound]
'Collatz.Research.CoefficientDescent.Batch066.coverage' depends on axioms: [propext, Quot.sound]
'Collatz.Research.CoefficientDescent.Batch067.certificate_4423' does not depend on any axioms
'Collatz.Research.CoefficientDescent.Batch067.ray_4423' depends on axioms: [propext, Quot.sound]
'Collatz.Research.CoefficientDescent.Batch067.certificate_4425' does not depend on any axioms
'Collatz.Research.CoefficientDescent.Batch067.ray_4425' depends on axioms: [propext, Quot.sound]
'Collatz.Research.CoefficientDescent.Batch067.certificate_4427' does not depend on any axioms
'Collatz.Research.CoefficientDescent.Batch067.ray_4427' depends on axioms: [propext, Quot.sound]
'Collatz.Research.CoefficientDescent.Batch067.certificate_4429' does not depend on any axioms
'Collatz.Research.CoefficientDescent.Batch067.ray_4429' depends on axioms: [propext, Quot.sound]
'Collatz.Research.CoefficientDescent.Batch067.certificate_4431' does not depend on any axioms
'Collatz.Research.CoefficientDescent.Batch067.ray_4431' depends on axioms: [propext, Quot.sound]
'Collatz.Research.CoefficientDescent.Batch067.certificate_4433' does not depend on any axioms
'Collatz.Research.CoefficientDescent.Batch067.ray_4433' depends on axioms: [propext, Quot.sound]
'Collatz.Research.CoefficientDescent.Batch067.certificate_4435' does not depend on any axioms
'Collatz.Research.CoefficientDescent.Batch067.ray_4435' depends on axioms: [propext, Quot.sound]
'Collatz.Research.CoefficientDescent.Batch067.certificate_4437' does not depend on any axioms
'Collatz.Research.CoefficientDescent.Batch067.ray_4437' depends on axioms: [propext, Quot.sound]
'Collatz.Research.CoefficientDescent.Batch067.certificate_4439' does not depend on any axioms
'Collatz.Research.CoefficientDescent.Batch067.ray_4439' depends on axioms: [propext, Quot.sound]
'Collatz.Research.CoefficientDescent.Batch067.certificate_4441' does not depend on any axioms
'Collatz.Research.CoefficientDescent.Batch067.ray_4441' depends on axioms: [propext, Quot.sound]
'Collatz.Research.CoefficientDescent.Batch067.certificate_4443' does not depend on any axioms
'Collatz.Research.CoefficientDescent.Batch067.ray_4443' depends on axioms: [propext, Quot.sound]
'Collatz.Research.CoefficientDescent.Batch067.certificate_4445' does not depend on any axioms
'Collatz.Research.CoefficientDescent.Batch067.ray_4445' depends on axioms: [propext, Quot.sound]
'Collatz.Research.CoefficientDescent.Batch067.certificate_4447' does not depend on any axioms
'Collatz.Research.CoefficientDescent.Batch067.ray_4447' depends on axioms: [propext, Quot.sound]
'Collatz.Research.CoefficientDescent.Batch067.certificate_4449' does not depend on any axioms
'Collatz.Research.CoefficientDescent.Batch067.ray_4449' depends on axioms: [propext, Quot.sound]
'Collatz.Research.CoefficientDescent.Batch067.certificate_4451' does not depend on any axioms
'Collatz.Research.CoefficientDescent.Batch067.ray_4451' depends on axioms: [propext, Quot.sound]
'Collatz.Research.CoefficientDescent.Batch067.certificate_4453' does not depend on any axioms
'Collatz.Research.CoefficientDescent.Batch067.ray_4453' depends on axioms: [propext, Quot.sound]
'Collatz.Research.CoefficientDescent.Batch067.certificate_4455' does not depend on any axioms
'Collatz.Research.CoefficientDescent.Batch067.ray_4455' depends on axioms: [propext, Quot.sound]
'Collatz.Research.CoefficientDescent.Batch067.certificate_4457' does not depend on any axioms
'Collatz.Research.CoefficientDescent.Batch067.ray_4457' depends on axioms: [propext, Quot.sound]
'Collatz.Research.CoefficientDescent.Batch067.certificate_4459' does not depend on any axioms
'Collatz.Research.CoefficientDescent.Batch067.ray_4459' depends on axioms: [propext, Quot.sound]
'Collatz.Research.CoefficientDescent.Batch067.certificate_4461' does not depend on any axioms
'Collatz.Research.CoefficientDescent.Batch067.ray_4461' depends on axioms: [propext, Quot.sound]
'Collatz.Research.CoefficientDescent.Batch067.certificate_4463' does not depend on any axioms
'Collatz.Research.CoefficientDescent.Batch067.ray_4463' depends on axioms: [propext, Quot.sound]
'Collatz.Research.CoefficientDescent.Batch067.certificate_4465' does not depend on any axioms
'Collatz.Research.CoefficientDescent.Batch067.ray_4465' depends on axioms: [propext, Quot.sound]
'Collatz.Research.CoefficientDescent.Batch067.certificate_4467' does not depend on any axioms
'Collatz.Research.CoefficientDescent.Batch067.ray_4467' depends on axioms: [propext, Quot.sound]
'Collatz.Research.CoefficientDescent.Batch067.certificate_4469' does not depend on any axioms
'Collatz.Research.CoefficientDescent.Batch067.ray_4469' depends on axioms: [propext, Quot.sound]
'Collatz.Research.CoefficientDescent.Batch067.certificate_4471' does not depend on any axioms
'Collatz.Research.CoefficientDescent.Batch067.ray_4471' depends on axioms: [propext, Quot.sound]
'Collatz.Research.CoefficientDescent.Batch067.certificate_4473' does not depend on any axioms
'Collatz.Research.CoefficientDescent.Batch067.ray_4473' depends on axioms: [propext, Quot.sound]
'Collatz.Research.CoefficientDescent.Batch067.certificate_4475' does not depend on any axioms
'Collatz.Research.CoefficientDescent.Batch067.ray_4475' depends on axioms: [propext, Quot.sound]
'Collatz.Research.CoefficientDescent.Batch067.certificate_4477' does not depend on any axioms
'Collatz.Research.CoefficientDescent.Batch067.ray_4477' depends on axioms: [propext, Quot.sound]
'Collatz.Research.CoefficientDescent.Batch067.certificate_4479' does not depend on any axioms
'Collatz.Research.CoefficientDescent.Batch067.ray_4479' depends on axioms: [propext, Quot.sound]
'Collatz.Research.CoefficientDescent.Batch067.certificate_4481' does not depend on any axioms
'Collatz.Research.CoefficientDescent.Batch067.ray_4481' depends on axioms: [propext, Quot.sound]
'Collatz.Research.CoefficientDescent.Batch067.certificate_4483' does not depend on any axioms
'Collatz.Research.CoefficientDescent.Batch067.ray_4483' depends on axioms: [propext, Quot.sound]
'Collatz.Research.CoefficientDescent.Batch067.certificate_4485' does not depend on any axioms
'Collatz.Research.CoefficientDescent.Batch067.ray_4485' depends on axioms: [propext, Quot.sound]
'Collatz.Research.CoefficientDescent.Batch067.certificate_4487' does not depend on any axioms
'Collatz.Research.CoefficientDescent.Batch067.ray_4487' depends on axioms: [propext, Quot.sound]
'Collatz.Research.CoefficientDescent.Batch067.coverage' depends on axioms: [propext, Quot.sound]
'Collatz.Research.CoefficientDescent.Batch068.certificate_4489' does not depend on any axioms
'Collatz.Research.CoefficientDescent.Batch068.ray_4489' depends on axioms: [propext, Quot.sound]
'Collatz.Research.CoefficientDescent.Batch068.certificate_4491' does not depend on any axioms
'Collatz.Research.CoefficientDescent.Batch068.ray_4491' depends on axioms: [propext, Quot.sound]
'Collatz.Research.CoefficientDescent.Batch068.certificate_4493' does not depend on any axioms
'Collatz.Research.CoefficientDescent.Batch068.ray_4493' depends on axioms: [propext, Quot.sound]
'Collatz.Research.CoefficientDescent.Batch068.certificate_4495' does not depend on any axioms
'Collatz.Research.CoefficientDescent.Batch068.ray_4495' depends on axioms: [propext, Quot.sound]
'Collatz.Research.CoefficientDescent.Batch068.certificate_4497' does not depend on any axioms
'Collatz.Research.CoefficientDescent.Batch068.ray_4497' depends on axioms: [propext, Quot.sound]
'Collatz.Research.CoefficientDescent.Batch068.certificate_4499' does not depend on any axioms
'Collatz.Research.CoefficientDescent.Batch068.ray_4499' depends on axioms: [propext, Quot.sound]
'Collatz.Research.CoefficientDescent.Batch068.certificate_4501' does not depend on any axioms
'Collatz.Research.CoefficientDescent.Batch068.ray_4501' depends on axioms: [propext, Quot.sound]
'Collatz.Research.CoefficientDescent.Batch068.certificate_4503' does not depend on any axioms
'Collatz.Research.CoefficientDescent.Batch068.ray_4503' depends on axioms: [propext, Quot.sound]
'Collatz.Research.CoefficientDescent.Batch068.certificate_4505' does not depend on any axioms
'Collatz.Research.CoefficientDescent.Batch068.ray_4505' depends on axioms: [propext, Quot.sound]
'Collatz.Research.CoefficientDescent.Batch068.certificate_4507' does not depend on any axioms
'Collatz.Research.CoefficientDescent.Batch068.ray_4507' depends on axioms: [propext, Quot.sound]
'Collatz.Research.CoefficientDescent.Batch068.certificate_4509' does not depend on any axioms
'Collatz.Research.CoefficientDescent.Batch068.ray_4509' depends on axioms: [propext, Quot.sound]
'Collatz.Research.CoefficientDescent.Batch068.certificate_4511' does not depend on any axioms
'Collatz.Research.CoefficientDescent.Batch068.ray_4511' depends on axioms: [propext, Quot.sound]
'Collatz.Research.CoefficientDescent.Batch068.certificate_4513' does not depend on any axioms
'Collatz.Research.CoefficientDescent.Batch068.ray_4513' depends on axioms: [propext, Quot.sound]
'Collatz.Research.CoefficientDescent.Batch068.certificate_4515' does not depend on any axioms
'Collatz.Research.CoefficientDescent.Batch068.ray_4515' depends on axioms: [propext, Quot.sound]
'Collatz.Research.CoefficientDescent.Batch068.certificate_4517' does not depend on any axioms
'Collatz.Research.CoefficientDescent.Batch068.ray_4517' depends on axioms: [propext, Quot.sound]
'Collatz.Research.CoefficientDescent.Batch068.certificate_4519' does not depend on any axioms
'Collatz.Research.CoefficientDescent.Batch068.ray_4519' depends on axioms: [propext, Quot.sound]
'Collatz.Research.CoefficientDescent.Batch068.certificate_4521' does not depend on any axioms
'Collatz.Research.CoefficientDescent.Batch068.ray_4521' depends on axioms: [propext, Quot.sound]
'Collatz.Research.CoefficientDescent.Batch068.certificate_4523' does not depend on any axioms
'Collatz.Research.CoefficientDescent.Batch068.ray_4523' depends on axioms: [propext, Quot.sound]
'Collatz.Research.CoefficientDescent.Batch068.certificate_4525' does not depend on any axioms
'Collatz.Research.CoefficientDescent.Batch068.ray_4525' depends on axioms: [propext, Quot.sound]
'Collatz.Research.CoefficientDescent.Batch068.certificate_4527' does not depend on any axioms
'Collatz.Research.CoefficientDescent.Batch068.ray_4527' depends on axioms: [propext, Quot.sound]
'Collatz.Research.CoefficientDescent.Batch068.certificate_4529' does not depend on any axioms
'Collatz.Research.CoefficientDescent.Batch068.ray_4529' depends on axioms: [propext, Quot.sound]
'Collatz.Research.CoefficientDescent.Batch068.certificate_4531' does not depend on any axioms
'Collatz.Research.CoefficientDescent.Batch068.ray_4531' depends on axioms: [propext, Quot.sound]
'Collatz.Research.CoefficientDescent.Batch068.certificate_4533' does not depend on any axioms
'Collatz.Research.CoefficientDescent.Batch068.ray_4533' depends on axioms: [propext, Quot.sound]
'Collatz.Research.CoefficientDescent.Batch068.certificate_4535' does not depend on any axioms
'Collatz.Research.CoefficientDescent.Batch068.ray_4535' depends on axioms: [propext, Quot.sound]
'Collatz.Research.CoefficientDescent.Batch068.certificate_4537' does not depend on any axioms
'Collatz.Research.CoefficientDescent.Batch068.ray_4537' depends on axioms: [propext, Quot.sound]
'Collatz.Research.CoefficientDescent.Batch068.certificate_4539' does not depend on any axioms
'Collatz.Research.CoefficientDescent.Batch068.ray_4539' depends on axioms: [propext, Quot.sound]
'Collatz.Research.CoefficientDescent.Batch068.certificate_4541' does not depend on any axioms
'Collatz.Research.CoefficientDescent.Batch068.ray_4541' depends on axioms: [propext, Quot.sound]
'Collatz.Research.CoefficientDescent.Batch068.certificate_4543' does not depend on any axioms
'Collatz.Research.CoefficientDescent.Batch068.ray_4543' depends on axioms: [propext, Quot.sound]
'Collatz.Research.CoefficientDescent.Batch068.certificate_4545' does not depend on any axioms
'Collatz.Research.CoefficientDescent.Batch068.ray_4545' depends on axioms: [propext, Quot.sound]
'Collatz.Research.CoefficientDescent.Batch068.certificate_4547' does not depend on any axioms
'Collatz.Research.CoefficientDescent.Batch068.ray_4547' depends on axioms: [propext, Quot.sound]
'Collatz.Research.CoefficientDescent.Batch068.certificate_4549' does not depend on any axioms
'Collatz.Research.CoefficientDescent.Batch068.ray_4549' depends on axioms: [propext, Quot.sound]
'Collatz.Research.CoefficientDescent.Batch068.certificate_4551' does not depend on any axioms
'Collatz.Research.CoefficientDescent.Batch068.ray_4551' depends on axioms: [propext, Quot.sound]
'Collatz.Research.CoefficientDescent.Batch068.certificate_4553' does not depend on any axioms
'Collatz.Research.CoefficientDescent.Batch068.ray_4553' depends on axioms: [propext, Quot.sound]
'Collatz.Research.CoefficientDescent.Batch068.certificate_4555' does not depend on any axioms
'Collatz.Research.CoefficientDescent.Batch068.ray_4555' depends on axioms: [propext, Quot.sound]
'Collatz.Research.CoefficientDescent.Batch068.coverage' depends on axioms: [propext, Quot.sound]
'Collatz.Research.CoefficientDescent.Batch069.certificate_4557' does not depend on any axioms
'Collatz.Research.CoefficientDescent.Batch069.ray_4557' depends on axioms: [propext, Quot.sound]
'Collatz.Research.CoefficientDescent.Batch069.certificate_4559' does not depend on any axioms
'Collatz.Research.CoefficientDescent.Batch069.ray_4559' depends on axioms: [propext, Quot.sound]
'Collatz.Research.CoefficientDescent.Batch069.certificate_4561' does not depend on any axioms
'Collatz.Research.CoefficientDescent.Batch069.ray_4561' depends on axioms: [propext, Quot.sound]
'Collatz.Research.CoefficientDescent.Batch069.certificate_4563' does not depend on any axioms
'Collatz.Research.CoefficientDescent.Batch069.ray_4563' depends on axioms: [propext, Quot.sound]
'Collatz.Research.CoefficientDescent.Batch069.certificate_4565' does not depend on any axioms
'Collatz.Research.CoefficientDescent.Batch069.ray_4565' depends on axioms: [propext, Quot.sound]
'Collatz.Research.CoefficientDescent.Batch069.certificate_4567' does not depend on any axioms
'Collatz.Research.CoefficientDescent.Batch069.ray_4567' depends on axioms: [propext, Quot.sound]
'Collatz.Research.CoefficientDescent.Batch069.certificate_4569' does not depend on any axioms
'Collatz.Research.CoefficientDescent.Batch069.ray_4569' depends on axioms: [propext, Quot.sound]
'Collatz.Research.CoefficientDescent.Batch069.certificate_4571' does not depend on any axioms
'Collatz.Research.CoefficientDescent.Batch069.ray_4571' depends on axioms: [propext, Quot.sound]
'Collatz.Research.CoefficientDescent.Batch069.certificate_4573' does not depend on any axioms
'Collatz.Research.CoefficientDescent.Batch069.ray_4573' depends on axioms: [propext, Quot.sound]
'Collatz.Research.CoefficientDescent.Batch069.certificate_4575' does not depend on any axioms
'Collatz.Research.CoefficientDescent.Batch069.ray_4575' depends on axioms: [propext, Quot.sound]
'Collatz.Research.CoefficientDescent.Batch069.certificate_4577' does not depend on any axioms
'Collatz.Research.CoefficientDescent.Batch069.ray_4577' depends on axioms: [propext, Quot.sound]
'Collatz.Research.CoefficientDescent.Batch069.certificate_4579' does not depend on any axioms
'Collatz.Research.CoefficientDescent.Batch069.ray_4579' depends on axioms: [propext, Quot.sound]
'Collatz.Research.CoefficientDescent.Batch069.certificate_4581' does not depend on any axioms
'Collatz.Research.CoefficientDescent.Batch069.ray_4581' depends on axioms: [propext, Quot.sound]
'Collatz.Research.CoefficientDescent.Batch069.certificate_4583' does not depend on any axioms
'Collatz.Research.CoefficientDescent.Batch069.ray_4583' depends on axioms: [propext, Quot.sound]
'Collatz.Research.CoefficientDescent.Batch069.certificate_4585' does not depend on any axioms
'Collatz.Research.CoefficientDescent.Batch069.ray_4585' depends on axioms: [propext, Quot.sound]
'Collatz.Research.CoefficientDescent.Batch069.certificate_4587' does not depend on any axioms
'Collatz.Research.CoefficientDescent.Batch069.ray_4587' depends on axioms: [propext, Quot.sound]
'Collatz.Research.CoefficientDescent.Batch069.certificate_4589' does not depend on any axioms
'Collatz.Research.CoefficientDescent.Batch069.ray_4589' depends on axioms: [propext, Quot.sound]
'Collatz.Research.CoefficientDescent.Batch069.certificate_4591' does not depend on any axioms
'Collatz.Research.CoefficientDescent.Batch069.ray_4591' depends on axioms: [propext, Quot.sound]
'Collatz.Research.CoefficientDescent.Batch069.certificate_4593' does not depend on any axioms
'Collatz.Research.CoefficientDescent.Batch069.ray_4593' depends on axioms: [propext, Quot.sound]
'Collatz.Research.CoefficientDescent.Batch069.certificate_4595' does not depend on any axioms
'Collatz.Research.CoefficientDescent.Batch069.ray_4595' depends on axioms: [propext, Quot.sound]
'Collatz.Research.CoefficientDescent.Batch069.certificate_4597' does not depend on any axioms
'Collatz.Research.CoefficientDescent.Batch069.ray_4597' depends on axioms: [propext, Quot.sound]
'Collatz.Research.CoefficientDescent.Batch069.certificate_4599' does not depend on any axioms
'Collatz.Research.CoefficientDescent.Batch069.ray_4599' depends on axioms: [propext, Quot.sound]
'Collatz.Research.CoefficientDescent.Batch069.certificate_4601' does not depend on any axioms
'Collatz.Research.CoefficientDescent.Batch069.ray_4601' depends on axioms: [propext, Quot.sound]
'Collatz.Research.CoefficientDescent.Batch069.certificate_4603' does not depend on any axioms
'Collatz.Research.CoefficientDescent.Batch069.ray_4603' depends on axioms: [propext, Quot.sound]
'Collatz.Research.CoefficientDescent.Batch069.certificate_4605' does not depend on any axioms
'Collatz.Research.CoefficientDescent.Batch069.ray_4605' depends on axioms: [propext, Quot.sound]
'Collatz.Research.CoefficientDescent.Batch069.certificate_4607' does not depend on any axioms
'Collatz.Research.CoefficientDescent.Batch069.ray_4607' depends on axioms: [propext, Quot.sound]
'Collatz.Research.CoefficientDescent.Batch069.certificate_4609' does not depend on any axioms
'Collatz.Research.CoefficientDescent.Batch069.ray_4609' depends on axioms: [propext, Quot.sound]
'Collatz.Research.CoefficientDescent.Batch069.certificate_4611' does not depend on any axioms
'Collatz.Research.CoefficientDescent.Batch069.ray_4611' depends on axioms: [propext, Quot.sound]
'Collatz.Research.CoefficientDescent.Batch069.certificate_4613' does not depend on any axioms
'Collatz.Research.CoefficientDescent.Batch069.ray_4613' depends on axioms: [propext, Quot.sound]
'Collatz.Research.CoefficientDescent.Batch069.certificate_4615' does not depend on any axioms
'Collatz.Research.CoefficientDescent.Batch069.ray_4615' depends on axioms: [propext, Quot.sound]
'Collatz.Research.CoefficientDescent.Batch069.certificate_4617' does not depend on any axioms
'Collatz.Research.CoefficientDescent.Batch069.ray_4617' depends on axioms: [propext, Quot.sound]
'Collatz.Research.CoefficientDescent.Batch069.certificate_4619' does not depend on any axioms
'Collatz.Research.CoefficientDescent.Batch069.ray_4619' depends on axioms: [propext, Quot.sound]
'Collatz.Research.CoefficientDescent.Batch069.certificate_4621' does not depend on any axioms
'Collatz.Research.CoefficientDescent.Batch069.ray_4621' depends on axioms: [propext, Quot.sound]
'Collatz.Research.CoefficientDescent.Batch069.coverage' depends on axioms: [propext, Quot.sound]
'Collatz.Research.CoefficientDescent.Batch070.certificate_4623' does not depend on any axioms
'Collatz.Research.CoefficientDescent.Batch070.ray_4623' depends on axioms: [propext, Quot.sound]
'Collatz.Research.CoefficientDescent.Batch070.certificate_4625' does not depend on any axioms
'Collatz.Research.CoefficientDescent.Batch070.ray_4625' depends on axioms: [propext, Quot.sound]
'Collatz.Research.CoefficientDescent.Batch070.certificate_4627' does not depend on any axioms
'Collatz.Research.CoefficientDescent.Batch070.ray_4627' depends on axioms: [propext, Quot.sound]
'Collatz.Research.CoefficientDescent.Batch070.certificate_4629' does not depend on any axioms
'Collatz.Research.CoefficientDescent.Batch070.ray_4629' depends on axioms: [propext, Quot.sound]
'Collatz.Research.CoefficientDescent.Batch070.certificate_4631' does not depend on any axioms
'Collatz.Research.CoefficientDescent.Batch070.ray_4631' depends on axioms: [propext, Quot.sound]
'Collatz.Research.CoefficientDescent.Batch070.certificate_4633' does not depend on any axioms
'Collatz.Research.CoefficientDescent.Batch070.ray_4633' depends on axioms: [propext, Quot.sound]
'Collatz.Research.CoefficientDescent.Batch070.certificate_4635' does not depend on any axioms
'Collatz.Research.CoefficientDescent.Batch070.ray_4635' depends on axioms: [propext, Quot.sound]
'Collatz.Research.CoefficientDescent.Batch070.certificate_4637' does not depend on any axioms
'Collatz.Research.CoefficientDescent.Batch070.ray_4637' depends on axioms: [propext, Quot.sound]
'Collatz.Research.CoefficientDescent.Batch070.certificate_4639' does not depend on any axioms
'Collatz.Research.CoefficientDescent.Batch070.ray_4639' depends on axioms: [propext, Quot.sound]
'Collatz.Research.CoefficientDescent.Batch070.certificate_4641' does not depend on any axioms
'Collatz.Research.CoefficientDescent.Batch070.ray_4641' depends on axioms: [propext, Quot.sound]
'Collatz.Research.CoefficientDescent.Batch070.certificate_4643' does not depend on any axioms
'Collatz.Research.CoefficientDescent.Batch070.ray_4643' depends on axioms: [propext, Quot.sound]
'Collatz.Research.CoefficientDescent.Batch070.certificate_4645' does not depend on any axioms
'Collatz.Research.CoefficientDescent.Batch070.ray_4645' depends on axioms: [propext, Quot.sound]
'Collatz.Research.CoefficientDescent.Batch070.certificate_4647' does not depend on any axioms
'Collatz.Research.CoefficientDescent.Batch070.ray_4647' depends on axioms: [propext, Quot.sound]
'Collatz.Research.CoefficientDescent.Batch070.certificate_4649' does not depend on any axioms
'Collatz.Research.CoefficientDescent.Batch070.ray_4649' depends on axioms: [propext, Quot.sound]
'Collatz.Research.CoefficientDescent.Batch070.certificate_4651' does not depend on any axioms
'Collatz.Research.CoefficientDescent.Batch070.ray_4651' depends on axioms: [propext, Quot.sound]
'Collatz.Research.CoefficientDescent.Batch070.certificate_4653' does not depend on any axioms
'Collatz.Research.CoefficientDescent.Batch070.ray_4653' depends on axioms: [propext, Quot.sound]
'Collatz.Research.CoefficientDescent.Batch070.certificate_4655' does not depend on any axioms
'Collatz.Research.CoefficientDescent.Batch070.ray_4655' depends on axioms: [propext, Quot.sound]
'Collatz.Research.CoefficientDescent.Batch070.certificate_4657' does not depend on any axioms
'Collatz.Research.CoefficientDescent.Batch070.ray_4657' depends on axioms: [propext, Quot.sound]
'Collatz.Research.CoefficientDescent.Batch070.certificate_4659' does not depend on any axioms
'Collatz.Research.CoefficientDescent.Batch070.ray_4659' depends on axioms: [propext, Quot.sound]
'Collatz.Research.CoefficientDescent.Batch070.certificate_4661' does not depend on any axioms
'Collatz.Research.CoefficientDescent.Batch070.ray_4661' depends on axioms: [propext, Quot.sound]
'Collatz.Research.CoefficientDescent.Batch070.certificate_4663' does not depend on any axioms
'Collatz.Research.CoefficientDescent.Batch070.ray_4663' depends on axioms: [propext, Quot.sound]
'Collatz.Research.CoefficientDescent.Batch070.certificate_4665' does not depend on any axioms
'Collatz.Research.CoefficientDescent.Batch070.ray_4665' depends on axioms: [propext, Quot.sound]
'Collatz.Research.CoefficientDescent.Batch070.certificate_4667' does not depend on any axioms
'Collatz.Research.CoefficientDescent.Batch070.ray_4667' depends on axioms: [propext, Quot.sound]
'Collatz.Research.CoefficientDescent.Batch070.certificate_4669' does not depend on any axioms
'Collatz.Research.CoefficientDescent.Batch070.ray_4669' depends on axioms: [propext, Quot.sound]
'Collatz.Research.CoefficientDescent.Batch070.certificate_4671' does not depend on any axioms
'Collatz.Research.CoefficientDescent.Batch070.ray_4671' depends on axioms: [propext, Quot.sound]
'Collatz.Research.CoefficientDescent.Batch070.certificate_4673' does not depend on any axioms
'Collatz.Research.CoefficientDescent.Batch070.ray_4673' depends on axioms: [propext, Quot.sound]
'Collatz.Research.CoefficientDescent.Batch070.certificate_4675' does not depend on any axioms
'Collatz.Research.CoefficientDescent.Batch070.ray_4675' depends on axioms: [propext, Quot.sound]
'Collatz.Research.CoefficientDescent.Batch070.certificate_4677' does not depend on any axioms
'Collatz.Research.CoefficientDescent.Batch070.ray_4677' depends on axioms: [propext, Quot.sound]
'Collatz.Research.CoefficientDescent.Batch070.certificate_4679' does not depend on any axioms
'Collatz.Research.CoefficientDescent.Batch070.ray_4679' depends on axioms: [propext, Quot.sound]
'Collatz.Research.CoefficientDescent.Batch070.certificate_4681' does not depend on any axioms
'Collatz.Research.CoefficientDescent.Batch070.ray_4681' depends on axioms: [propext, Quot.sound]
'Collatz.Research.CoefficientDescent.Batch070.certificate_4683' does not depend on any axioms
'Collatz.Research.CoefficientDescent.Batch070.ray_4683' depends on axioms: [propext, Quot.sound]
'Collatz.Research.CoefficientDescent.Batch070.certificate_4685' does not depend on any axioms
'Collatz.Research.CoefficientDescent.Batch070.ray_4685' depends on axioms: [propext, Quot.sound]
'Collatz.Research.CoefficientDescent.Batch070.certificate_4687' does not depend on any axioms
'Collatz.Research.CoefficientDescent.Batch070.ray_4687' depends on axioms: [propext, Quot.sound]
'Collatz.Research.CoefficientDescent.Batch070.certificate_4689' does not depend on any axioms
'Collatz.Research.CoefficientDescent.Batch070.ray_4689' depends on axioms: [propext, Quot.sound]
'Collatz.Research.CoefficientDescent.Batch070.coverage' depends on axioms: [propext, Quot.sound]
'Collatz.Research.CoefficientDescent.Batch071.certificate_4691' does not depend on any axioms
'Collatz.Research.CoefficientDescent.Batch071.ray_4691' depends on axioms: [propext, Quot.sound]
'Collatz.Research.CoefficientDescent.Batch071.certificate_4693' does not depend on any axioms
'Collatz.Research.CoefficientDescent.Batch071.ray_4693' depends on axioms: [propext, Quot.sound]
'Collatz.Research.CoefficientDescent.Batch071.certificate_4695' does not depend on any axioms
'Collatz.Research.CoefficientDescent.Batch071.ray_4695' depends on axioms: [propext, Quot.sound]
'Collatz.Research.CoefficientDescent.Batch071.certificate_4697' does not depend on any axioms
'Collatz.Research.CoefficientDescent.Batch071.ray_4697' depends on axioms: [propext, Quot.sound]
'Collatz.Research.CoefficientDescent.Batch071.certificate_4699' does not depend on any axioms
'Collatz.Research.CoefficientDescent.Batch071.ray_4699' depends on axioms: [propext, Quot.sound]
'Collatz.Research.CoefficientDescent.Batch071.certificate_4701' does not depend on any axioms
'Collatz.Research.CoefficientDescent.Batch071.ray_4701' depends on axioms: [propext, Quot.sound]
'Collatz.Research.CoefficientDescent.Batch071.certificate_4703' does not depend on any axioms
'Collatz.Research.CoefficientDescent.Batch071.ray_4703' depends on axioms: [propext, Quot.sound]
'Collatz.Research.CoefficientDescent.Batch071.certificate_4705' does not depend on any axioms
'Collatz.Research.CoefficientDescent.Batch071.ray_4705' depends on axioms: [propext, Quot.sound]
'Collatz.Research.CoefficientDescent.Batch071.certificate_4707' does not depend on any axioms
'Collatz.Research.CoefficientDescent.Batch071.ray_4707' depends on axioms: [propext, Quot.sound]
'Collatz.Research.CoefficientDescent.Batch071.certificate_4709' does not depend on any axioms
'Collatz.Research.CoefficientDescent.Batch071.ray_4709' depends on axioms: [propext, Quot.sound]
'Collatz.Research.CoefficientDescent.Batch071.certificate_4711' does not depend on any axioms
'Collatz.Research.CoefficientDescent.Batch071.ray_4711' depends on axioms: [propext, Quot.sound]
'Collatz.Research.CoefficientDescent.Batch071.certificate_4713' does not depend on any axioms
'Collatz.Research.CoefficientDescent.Batch071.ray_4713' depends on axioms: [propext, Quot.sound]
'Collatz.Research.CoefficientDescent.Batch071.certificate_4715' does not depend on any axioms
'Collatz.Research.CoefficientDescent.Batch071.ray_4715' depends on axioms: [propext, Quot.sound]
'Collatz.Research.CoefficientDescent.Batch071.certificate_4717' does not depend on any axioms
'Collatz.Research.CoefficientDescent.Batch071.ray_4717' depends on axioms: [propext, Quot.sound]
'Collatz.Research.CoefficientDescent.Batch071.certificate_4719' does not depend on any axioms
'Collatz.Research.CoefficientDescent.Batch071.ray_4719' depends on axioms: [propext, Quot.sound]
'Collatz.Research.CoefficientDescent.Batch071.certificate_4721' does not depend on any axioms
'Collatz.Research.CoefficientDescent.Batch071.ray_4721' depends on axioms: [propext, Quot.sound]
'Collatz.Research.CoefficientDescent.Batch071.certificate_4723' does not depend on any axioms
'Collatz.Research.CoefficientDescent.Batch071.ray_4723' depends on axioms: [propext, Quot.sound]
'Collatz.Research.CoefficientDescent.Batch071.certificate_4725' does not depend on any axioms
'Collatz.Research.CoefficientDescent.Batch071.ray_4725' depends on axioms: [propext, Quot.sound]
'Collatz.Research.CoefficientDescent.Batch071.certificate_4727' does not depend on any axioms
'Collatz.Research.CoefficientDescent.Batch071.ray_4727' depends on axioms: [propext, Quot.sound]
'Collatz.Research.CoefficientDescent.Batch071.certificate_4729' does not depend on any axioms
'Collatz.Research.CoefficientDescent.Batch071.ray_4729' depends on axioms: [propext, Quot.sound]
'Collatz.Research.CoefficientDescent.Batch071.certificate_4731' does not depend on any axioms
'Collatz.Research.CoefficientDescent.Batch071.ray_4731' depends on axioms: [propext, Quot.sound]
'Collatz.Research.CoefficientDescent.Batch071.certificate_4733' does not depend on any axioms
'Collatz.Research.CoefficientDescent.Batch071.ray_4733' depends on axioms: [propext, Quot.sound]
'Collatz.Research.CoefficientDescent.Batch071.certificate_4735' does not depend on any axioms
'Collatz.Research.CoefficientDescent.Batch071.ray_4735' depends on axioms: [propext, Quot.sound]
'Collatz.Research.CoefficientDescent.Batch071.certificate_4737' does not depend on any axioms
'Collatz.Research.CoefficientDescent.Batch071.ray_4737' depends on axioms: [propext, Quot.sound]
'Collatz.Research.CoefficientDescent.Batch071.certificate_4739' does not depend on any axioms
'Collatz.Research.CoefficientDescent.Batch071.ray_4739' depends on axioms: [propext, Quot.sound]
'Collatz.Research.CoefficientDescent.Batch071.certificate_4741' does not depend on any axioms
'Collatz.Research.CoefficientDescent.Batch071.ray_4741' depends on axioms: [propext, Quot.sound]
'Collatz.Research.CoefficientDescent.Batch071.certificate_4743' does not depend on any axioms
'Collatz.Research.CoefficientDescent.Batch071.ray_4743' depends on axioms: [propext, Quot.sound]
'Collatz.Research.CoefficientDescent.Batch071.certificate_4745' does not depend on any axioms
'Collatz.Research.CoefficientDescent.Batch071.ray_4745' depends on axioms: [propext, Quot.sound]
'Collatz.Research.CoefficientDescent.Batch071.certificate_4747' does not depend on any axioms
'Collatz.Research.CoefficientDescent.Batch071.ray_4747' depends on axioms: [propext, Quot.sound]
'Collatz.Research.CoefficientDescent.Batch071.certificate_4749' does not depend on any axioms
'Collatz.Research.CoefficientDescent.Batch071.ray_4749' depends on axioms: [propext, Quot.sound]
'Collatz.Research.CoefficientDescent.Batch071.certificate_4751' does not depend on any axioms
'Collatz.Research.CoefficientDescent.Batch071.ray_4751' depends on axioms: [propext, Quot.sound]
'Collatz.Research.CoefficientDescent.Batch071.certificate_4753' does not depend on any axioms
'Collatz.Research.CoefficientDescent.Batch071.ray_4753' depends on axioms: [propext, Quot.sound]
'Collatz.Research.CoefficientDescent.Batch071.certificate_4755' does not depend on any axioms
'Collatz.Research.CoefficientDescent.Batch071.ray_4755' depends on axioms: [propext, Quot.sound]
'Collatz.Research.CoefficientDescent.Batch071.coverage' depends on axioms: [propext, Quot.sound]
'Collatz.Research.CoefficientDescent.Batch072.certificate_4757' does not depend on any axioms
'Collatz.Research.CoefficientDescent.Batch072.ray_4757' depends on axioms: [propext, Quot.sound]
'Collatz.Research.CoefficientDescent.Batch072.certificate_4759' does not depend on any axioms
'Collatz.Research.CoefficientDescent.Batch072.ray_4759' depends on axioms: [propext, Quot.sound]
'Collatz.Research.CoefficientDescent.Batch072.certificate_4761' does not depend on any axioms
'Collatz.Research.CoefficientDescent.Batch072.ray_4761' depends on axioms: [propext, Quot.sound]
'Collatz.Research.CoefficientDescent.Batch072.certificate_4763' does not depend on any axioms
'Collatz.Research.CoefficientDescent.Batch072.ray_4763' depends on axioms: [propext, Quot.sound]
'Collatz.Research.CoefficientDescent.Batch072.certificate_4765' does not depend on any axioms
'Collatz.Research.CoefficientDescent.Batch072.ray_4765' depends on axioms: [propext, Quot.sound]
'Collatz.Research.CoefficientDescent.Batch072.certificate_4767' does not depend on any axioms
'Collatz.Research.CoefficientDescent.Batch072.ray_4767' depends on axioms: [propext, Quot.sound]
'Collatz.Research.CoefficientDescent.Batch072.certificate_4769' does not depend on any axioms
'Collatz.Research.CoefficientDescent.Batch072.ray_4769' depends on axioms: [propext, Quot.sound]
'Collatz.Research.CoefficientDescent.Batch072.certificate_4771' does not depend on any axioms
'Collatz.Research.CoefficientDescent.Batch072.ray_4771' depends on axioms: [propext, Quot.sound]
'Collatz.Research.CoefficientDescent.Batch072.certificate_4773' does not depend on any axioms
'Collatz.Research.CoefficientDescent.Batch072.ray_4773' depends on axioms: [propext, Quot.sound]
'Collatz.Research.CoefficientDescent.Batch072.certificate_4775' does not depend on any axioms
'Collatz.Research.CoefficientDescent.Batch072.ray_4775' depends on axioms: [propext, Quot.sound]
'Collatz.Research.CoefficientDescent.Batch072.certificate_4777' does not depend on any axioms
'Collatz.Research.CoefficientDescent.Batch072.ray_4777' depends on axioms: [propext, Quot.sound]
'Collatz.Research.CoefficientDescent.Batch072.certificate_4779' does not depend on any axioms
'Collatz.Research.CoefficientDescent.Batch072.ray_4779' depends on axioms: [propext, Quot.sound]
'Collatz.Research.CoefficientDescent.Batch072.certificate_4781' does not depend on any axioms
'Collatz.Research.CoefficientDescent.Batch072.ray_4781' depends on axioms: [propext, Quot.sound]
'Collatz.Research.CoefficientDescent.Batch072.certificate_4783' does not depend on any axioms
'Collatz.Research.CoefficientDescent.Batch072.ray_4783' depends on axioms: [propext, Quot.sound]
'Collatz.Research.CoefficientDescent.Batch072.certificate_4785' does not depend on any axioms
'Collatz.Research.CoefficientDescent.Batch072.ray_4785' depends on axioms: [propext, Quot.sound]
'Collatz.Research.CoefficientDescent.Batch072.certificate_4787' does not depend on any axioms
'Collatz.Research.CoefficientDescent.Batch072.ray_4787' depends on axioms: [propext, Quot.sound]
'Collatz.Research.CoefficientDescent.Batch072.certificate_4789' does not depend on any axioms
'Collatz.Research.CoefficientDescent.Batch072.ray_4789' depends on axioms: [propext, Quot.sound]
'Collatz.Research.CoefficientDescent.Batch072.certificate_4791' does not depend on any axioms
'Collatz.Research.CoefficientDescent.Batch072.ray_4791' depends on axioms: [propext, Quot.sound]
'Collatz.Research.CoefficientDescent.Batch072.certificate_4793' does not depend on any axioms
'Collatz.Research.CoefficientDescent.Batch072.ray_4793' depends on axioms: [propext, Quot.sound]
'Collatz.Research.CoefficientDescent.Batch072.certificate_4795' does not depend on any axioms
'Collatz.Research.CoefficientDescent.Batch072.ray_4795' depends on axioms: [propext, Quot.sound]
'Collatz.Research.CoefficientDescent.Batch072.certificate_4797' does not depend on any axioms
'Collatz.Research.CoefficientDescent.Batch072.ray_4797' depends on axioms: [propext, Quot.sound]
'Collatz.Research.CoefficientDescent.Batch072.certificate_4799' does not depend on any axioms
'Collatz.Research.CoefficientDescent.Batch072.ray_4799' depends on axioms: [propext, Quot.sound]
'Collatz.Research.CoefficientDescent.Batch072.certificate_4801' does not depend on any axioms
'Collatz.Research.CoefficientDescent.Batch072.ray_4801' depends on axioms: [propext, Quot.sound]
'Collatz.Research.CoefficientDescent.Batch072.certificate_4803' does not depend on any axioms
'Collatz.Research.CoefficientDescent.Batch072.ray_4803' depends on axioms: [propext, Quot.sound]
'Collatz.Research.CoefficientDescent.Batch072.certificate_4805' does not depend on any axioms
'Collatz.Research.CoefficientDescent.Batch072.ray_4805' depends on axioms: [propext, Quot.sound]
'Collatz.Research.CoefficientDescent.Batch072.certificate_4807' does not depend on any axioms
'Collatz.Research.CoefficientDescent.Batch072.ray_4807' depends on axioms: [propext, Quot.sound]
'Collatz.Research.CoefficientDescent.Batch072.certificate_4809' does not depend on any axioms
'Collatz.Research.CoefficientDescent.Batch072.ray_4809' depends on axioms: [propext, Quot.sound]
'Collatz.Research.CoefficientDescent.Batch072.certificate_4811' does not depend on any axioms
'Collatz.Research.CoefficientDescent.Batch072.ray_4811' depends on axioms: [propext, Quot.sound]
'Collatz.Research.CoefficientDescent.Batch072.certificate_4813' does not depend on any axioms
'Collatz.Research.CoefficientDescent.Batch072.ray_4813' depends on axioms: [propext, Quot.sound]
'Collatz.Research.CoefficientDescent.Batch072.certificate_4815' does not depend on any axioms
'Collatz.Research.CoefficientDescent.Batch072.ray_4815' depends on axioms: [propext, Quot.sound]
'Collatz.Research.CoefficientDescent.Batch072.certificate_4817' does not depend on any axioms
'Collatz.Research.CoefficientDescent.Batch072.ray_4817' depends on axioms: [propext, Quot.sound]
'Collatz.Research.CoefficientDescent.Batch072.certificate_4819' does not depend on any axioms
'Collatz.Research.CoefficientDescent.Batch072.ray_4819' depends on axioms: [propext, Quot.sound]
'Collatz.Research.CoefficientDescent.Batch072.certificate_4821' does not depend on any axioms
'Collatz.Research.CoefficientDescent.Batch072.ray_4821' depends on axioms: [propext, Quot.sound]
'Collatz.Research.CoefficientDescent.Batch072.certificate_4823' does not depend on any axioms
'Collatz.Research.CoefficientDescent.Batch072.ray_4823' depends on axioms: [propext, Quot.sound]
'Collatz.Research.CoefficientDescent.Batch072.coverage' depends on axioms: [propext, Quot.sound]
'Collatz.Research.CoefficientDescent.Batch073.certificate_4825' does not depend on any axioms
'Collatz.Research.CoefficientDescent.Batch073.ray_4825' depends on axioms: [propext, Quot.sound]
'Collatz.Research.CoefficientDescent.Batch073.certificate_4827' does not depend on any axioms
'Collatz.Research.CoefficientDescent.Batch073.ray_4827' depends on axioms: [propext, Quot.sound]
'Collatz.Research.CoefficientDescent.Batch073.certificate_4829' does not depend on any axioms
'Collatz.Research.CoefficientDescent.Batch073.ray_4829' depends on axioms: [propext, Quot.sound]
'Collatz.Research.CoefficientDescent.Batch073.certificate_4831' does not depend on any axioms
'Collatz.Research.CoefficientDescent.Batch073.ray_4831' depends on axioms: [propext, Quot.sound]
'Collatz.Research.CoefficientDescent.Batch073.certificate_4833' does not depend on any axioms
'Collatz.Research.CoefficientDescent.Batch073.ray_4833' depends on axioms: [propext, Quot.sound]
'Collatz.Research.CoefficientDescent.Batch073.certificate_4835' does not depend on any axioms
'Collatz.Research.CoefficientDescent.Batch073.ray_4835' depends on axioms: [propext, Quot.sound]
'Collatz.Research.CoefficientDescent.Batch073.certificate_4837' does not depend on any axioms
'Collatz.Research.CoefficientDescent.Batch073.ray_4837' depends on axioms: [propext, Quot.sound]
'Collatz.Research.CoefficientDescent.Batch073.certificate_4839' does not depend on any axioms
'Collatz.Research.CoefficientDescent.Batch073.ray_4839' depends on axioms: [propext, Quot.sound]
'Collatz.Research.CoefficientDescent.Batch073.certificate_4841' does not depend on any axioms
'Collatz.Research.CoefficientDescent.Batch073.ray_4841' depends on axioms: [propext, Quot.sound]
'Collatz.Research.CoefficientDescent.Batch073.certificate_4843' does not depend on any axioms
'Collatz.Research.CoefficientDescent.Batch073.ray_4843' depends on axioms: [propext, Quot.sound]
'Collatz.Research.CoefficientDescent.Batch073.certificate_4845' does not depend on any axioms
'Collatz.Research.CoefficientDescent.Batch073.ray_4845' depends on axioms: [propext, Quot.sound]
'Collatz.Research.CoefficientDescent.Batch073.certificate_4847' does not depend on any axioms
'Collatz.Research.CoefficientDescent.Batch073.ray_4847' depends on axioms: [propext, Quot.sound]
'Collatz.Research.CoefficientDescent.Batch073.certificate_4849' does not depend on any axioms
'Collatz.Research.CoefficientDescent.Batch073.ray_4849' depends on axioms: [propext, Quot.sound]
'Collatz.Research.CoefficientDescent.Batch073.certificate_4851' does not depend on any axioms
'Collatz.Research.CoefficientDescent.Batch073.ray_4851' depends on axioms: [propext, Quot.sound]
'Collatz.Research.CoefficientDescent.Batch073.certificate_4853' does not depend on any axioms
'Collatz.Research.CoefficientDescent.Batch073.ray_4853' depends on axioms: [propext, Quot.sound]
'Collatz.Research.CoefficientDescent.Batch073.certificate_4855' does not depend on any axioms
'Collatz.Research.CoefficientDescent.Batch073.ray_4855' depends on axioms: [propext, Quot.sound]
'Collatz.Research.CoefficientDescent.Batch073.certificate_4857' does not depend on any axioms
'Collatz.Research.CoefficientDescent.Batch073.ray_4857' depends on axioms: [propext, Quot.sound]
'Collatz.Research.CoefficientDescent.Batch073.certificate_4859' does not depend on any axioms
'Collatz.Research.CoefficientDescent.Batch073.ray_4859' depends on axioms: [propext, Quot.sound]
'Collatz.Research.CoefficientDescent.Batch073.certificate_4861' does not depend on any axioms
'Collatz.Research.CoefficientDescent.Batch073.ray_4861' depends on axioms: [propext, Quot.sound]
'Collatz.Research.CoefficientDescent.Batch073.certificate_4863' does not depend on any axioms
'Collatz.Research.CoefficientDescent.Batch073.ray_4863' depends on axioms: [propext, Quot.sound]
'Collatz.Research.CoefficientDescent.Batch073.certificate_4865' does not depend on any axioms
'Collatz.Research.CoefficientDescent.Batch073.ray_4865' depends on axioms: [propext, Quot.sound]
'Collatz.Research.CoefficientDescent.Batch073.certificate_4867' does not depend on any axioms
'Collatz.Research.CoefficientDescent.Batch073.ray_4867' depends on axioms: [propext, Quot.sound]
'Collatz.Research.CoefficientDescent.Batch073.certificate_4869' does not depend on any axioms
'Collatz.Research.CoefficientDescent.Batch073.ray_4869' depends on axioms: [propext, Quot.sound]
'Collatz.Research.CoefficientDescent.Batch073.certificate_4871' does not depend on any axioms
'Collatz.Research.CoefficientDescent.Batch073.ray_4871' depends on axioms: [propext, Quot.sound]
'Collatz.Research.CoefficientDescent.Batch073.certificate_4873' does not depend on any axioms
'Collatz.Research.CoefficientDescent.Batch073.ray_4873' depends on axioms: [propext, Quot.sound]
'Collatz.Research.CoefficientDescent.Batch073.certificate_4875' does not depend on any axioms
'Collatz.Research.CoefficientDescent.Batch073.ray_4875' depends on axioms: [propext, Quot.sound]
'Collatz.Research.CoefficientDescent.Batch073.certificate_4877' does not depend on any axioms
'Collatz.Research.CoefficientDescent.Batch073.ray_4877' depends on axioms: [propext, Quot.sound]
'Collatz.Research.CoefficientDescent.Batch073.certificate_4879' does not depend on any axioms
'Collatz.Research.CoefficientDescent.Batch073.ray_4879' depends on axioms: [propext, Quot.sound]
'Collatz.Research.CoefficientDescent.Batch073.certificate_4881' does not depend on any axioms
'Collatz.Research.CoefficientDescent.Batch073.ray_4881' depends on axioms: [propext, Quot.sound]
'Collatz.Research.CoefficientDescent.Batch073.certificate_4883' does not depend on any axioms
'Collatz.Research.CoefficientDescent.Batch073.ray_4883' depends on axioms: [propext, Quot.sound]
'Collatz.Research.CoefficientDescent.Batch073.certificate_4885' does not depend on any axioms
'Collatz.Research.CoefficientDescent.Batch073.ray_4885' depends on axioms: [propext, Quot.sound]
'Collatz.Research.CoefficientDescent.Batch073.certificate_4887' does not depend on any axioms
'Collatz.Research.CoefficientDescent.Batch073.ray_4887' depends on axioms: [propext, Quot.sound]
'Collatz.Research.CoefficientDescent.Batch073.certificate_4889' does not depend on any axioms
'Collatz.Research.CoefficientDescent.Batch073.ray_4889' depends on axioms: [propext, Quot.sound]
'Collatz.Research.CoefficientDescent.Batch073.coverage' depends on axioms: [propext, Quot.sound]
'Collatz.Research.CoefficientDescent.Batch074.certificate_4891' does not depend on any axioms
'Collatz.Research.CoefficientDescent.Batch074.ray_4891' depends on axioms: [propext, Quot.sound]
'Collatz.Research.CoefficientDescent.Batch074.certificate_4893' does not depend on any axioms
'Collatz.Research.CoefficientDescent.Batch074.ray_4893' depends on axioms: [propext, Quot.sound]
'Collatz.Research.CoefficientDescent.Batch074.certificate_4895' does not depend on any axioms
'Collatz.Research.CoefficientDescent.Batch074.ray_4895' depends on axioms: [propext, Quot.sound]
'Collatz.Research.CoefficientDescent.Batch074.certificate_4897' does not depend on any axioms
'Collatz.Research.CoefficientDescent.Batch074.ray_4897' depends on axioms: [propext, Quot.sound]
'Collatz.Research.CoefficientDescent.Batch074.certificate_4899' does not depend on any axioms
'Collatz.Research.CoefficientDescent.Batch074.ray_4899' depends on axioms: [propext, Quot.sound]
'Collatz.Research.CoefficientDescent.Batch074.certificate_4901' does not depend on any axioms
'Collatz.Research.CoefficientDescent.Batch074.ray_4901' depends on axioms: [propext, Quot.sound]
'Collatz.Research.CoefficientDescent.Batch074.certificate_4903' does not depend on any axioms
'Collatz.Research.CoefficientDescent.Batch074.ray_4903' depends on axioms: [propext, Quot.sound]
'Collatz.Research.CoefficientDescent.Batch074.certificate_4905' does not depend on any axioms
'Collatz.Research.CoefficientDescent.Batch074.ray_4905' depends on axioms: [propext, Quot.sound]
'Collatz.Research.CoefficientDescent.Batch074.certificate_4907' does not depend on any axioms
'Collatz.Research.CoefficientDescent.Batch074.ray_4907' depends on axioms: [propext, Quot.sound]
'Collatz.Research.CoefficientDescent.Batch074.certificate_4909' does not depend on any axioms
'Collatz.Research.CoefficientDescent.Batch074.ray_4909' depends on axioms: [propext, Quot.sound]
'Collatz.Research.CoefficientDescent.Batch074.certificate_4911' does not depend on any axioms
'Collatz.Research.CoefficientDescent.Batch074.ray_4911' depends on axioms: [propext, Quot.sound]
'Collatz.Research.CoefficientDescent.Batch074.certificate_4913' does not depend on any axioms
'Collatz.Research.CoefficientDescent.Batch074.ray_4913' depends on axioms: [propext, Quot.sound]
'Collatz.Research.CoefficientDescent.Batch074.certificate_4915' does not depend on any axioms
'Collatz.Research.CoefficientDescent.Batch074.ray_4915' depends on axioms: [propext, Quot.sound]
'Collatz.Research.CoefficientDescent.Batch074.certificate_4917' does not depend on any axioms
'Collatz.Research.CoefficientDescent.Batch074.ray_4917' depends on axioms: [propext, Quot.sound]
'Collatz.Research.CoefficientDescent.Batch074.certificate_4919' does not depend on any axioms
'Collatz.Research.CoefficientDescent.Batch074.ray_4919' depends on axioms: [propext, Quot.sound]
'Collatz.Research.CoefficientDescent.Batch074.certificate_4921' does not depend on any axioms
'Collatz.Research.CoefficientDescent.Batch074.ray_4921' depends on axioms: [propext, Quot.sound]
'Collatz.Research.CoefficientDescent.Batch074.certificate_4923' does not depend on any axioms
'Collatz.Research.CoefficientDescent.Batch074.ray_4923' depends on axioms: [propext, Quot.sound]
'Collatz.Research.CoefficientDescent.Batch074.certificate_4925' does not depend on any axioms
'Collatz.Research.CoefficientDescent.Batch074.ray_4925' depends on axioms: [propext, Quot.sound]
'Collatz.Research.CoefficientDescent.Batch074.certificate_4927' does not depend on any axioms
'Collatz.Research.CoefficientDescent.Batch074.ray_4927' depends on axioms: [propext, Quot.sound]
'Collatz.Research.CoefficientDescent.Batch074.certificate_4929' does not depend on any axioms
'Collatz.Research.CoefficientDescent.Batch074.ray_4929' depends on axioms: [propext, Quot.sound]
'Collatz.Research.CoefficientDescent.Batch074.certificate_4931' does not depend on any axioms
'Collatz.Research.CoefficientDescent.Batch074.ray_4931' depends on axioms: [propext, Quot.sound]
'Collatz.Research.CoefficientDescent.Batch074.certificate_4933' does not depend on any axioms
'Collatz.Research.CoefficientDescent.Batch074.ray_4933' depends on axioms: [propext, Quot.sound]
'Collatz.Research.CoefficientDescent.Batch074.certificate_4935' does not depend on any axioms
'Collatz.Research.CoefficientDescent.Batch074.ray_4935' depends on axioms: [propext, Quot.sound]
'Collatz.Research.CoefficientDescent.Batch074.certificate_4937' does not depend on any axioms
'Collatz.Research.CoefficientDescent.Batch074.ray_4937' depends on axioms: [propext, Quot.sound]
'Collatz.Research.CoefficientDescent.Batch074.certificate_4939' does not depend on any axioms
'Collatz.Research.CoefficientDescent.Batch074.ray_4939' depends on axioms: [propext, Quot.sound]
'Collatz.Research.CoefficientDescent.Batch074.certificate_4941' does not depend on any axioms
'Collatz.Research.CoefficientDescent.Batch074.ray_4941' depends on axioms: [propext, Quot.sound]
'Collatz.Research.CoefficientDescent.Batch074.certificate_4943' does not depend on any axioms
'Collatz.Research.CoefficientDescent.Batch074.ray_4943' depends on axioms: [propext, Quot.sound]
'Collatz.Research.CoefficientDescent.Batch074.certificate_4945' does not depend on any axioms
'Collatz.Research.CoefficientDescent.Batch074.ray_4945' depends on axioms: [propext, Quot.sound]
'Collatz.Research.CoefficientDescent.Batch074.certificate_4947' does not depend on any axioms
'Collatz.Research.CoefficientDescent.Batch074.ray_4947' depends on axioms: [propext, Quot.sound]
'Collatz.Research.CoefficientDescent.Batch074.certificate_4949' does not depend on any axioms
'Collatz.Research.CoefficientDescent.Batch074.ray_4949' depends on axioms: [propext, Quot.sound]
'Collatz.Research.CoefficientDescent.Batch074.certificate_4951' does not depend on any axioms
'Collatz.Research.CoefficientDescent.Batch074.ray_4951' depends on axioms: [propext, Quot.sound]
'Collatz.Research.CoefficientDescent.Batch074.certificate_4953' does not depend on any axioms
'Collatz.Research.CoefficientDescent.Batch074.ray_4953' depends on axioms: [propext, Quot.sound]
'Collatz.Research.CoefficientDescent.Batch074.certificate_4955' does not depend on any axioms
'Collatz.Research.CoefficientDescent.Batch074.ray_4955' depends on axioms: [propext, Quot.sound]
'Collatz.Research.CoefficientDescent.Batch074.certificate_4957' does not depend on any axioms
'Collatz.Research.CoefficientDescent.Batch074.ray_4957' depends on axioms: [propext, Quot.sound]
'Collatz.Research.CoefficientDescent.Batch074.coverage' depends on axioms: [propext, Quot.sound]
'Collatz.Research.CoefficientDescent.Batch075.certificate_4959' does not depend on any axioms
'Collatz.Research.CoefficientDescent.Batch075.ray_4959' depends on axioms: [propext, Quot.sound]
'Collatz.Research.CoefficientDescent.Batch075.certificate_4961' does not depend on any axioms
'Collatz.Research.CoefficientDescent.Batch075.ray_4961' depends on axioms: [propext, Quot.sound]
'Collatz.Research.CoefficientDescent.Batch075.certificate_4963' does not depend on any axioms
'Collatz.Research.CoefficientDescent.Batch075.ray_4963' depends on axioms: [propext, Quot.sound]
'Collatz.Research.CoefficientDescent.Batch075.certificate_4965' does not depend on any axioms
'Collatz.Research.CoefficientDescent.Batch075.ray_4965' depends on axioms: [propext, Quot.sound]
'Collatz.Research.CoefficientDescent.Batch075.certificate_4967' does not depend on any axioms
'Collatz.Research.CoefficientDescent.Batch075.ray_4967' depends on axioms: [propext, Quot.sound]
'Collatz.Research.CoefficientDescent.Batch075.certificate_4969' does not depend on any axioms
'Collatz.Research.CoefficientDescent.Batch075.ray_4969' depends on axioms: [propext, Quot.sound]
'Collatz.Research.CoefficientDescent.Batch075.certificate_4971' does not depend on any axioms
'Collatz.Research.CoefficientDescent.Batch075.ray_4971' depends on axioms: [propext, Quot.sound]
'Collatz.Research.CoefficientDescent.Batch075.certificate_4973' does not depend on any axioms
'Collatz.Research.CoefficientDescent.Batch075.ray_4973' depends on axioms: [propext, Quot.sound]
'Collatz.Research.CoefficientDescent.Batch075.certificate_4975' does not depend on any axioms
'Collatz.Research.CoefficientDescent.Batch075.ray_4975' depends on axioms: [propext, Quot.sound]
'Collatz.Research.CoefficientDescent.Batch075.certificate_4977' does not depend on any axioms
'Collatz.Research.CoefficientDescent.Batch075.ray_4977' depends on axioms: [propext, Quot.sound]
'Collatz.Research.CoefficientDescent.Batch075.certificate_4979' does not depend on any axioms
'Collatz.Research.CoefficientDescent.Batch075.ray_4979' depends on axioms: [propext, Quot.sound]
'Collatz.Research.CoefficientDescent.Batch075.certificate_4981' does not depend on any axioms
'Collatz.Research.CoefficientDescent.Batch075.ray_4981' depends on axioms: [propext, Quot.sound]
'Collatz.Research.CoefficientDescent.Batch075.certificate_4983' does not depend on any axioms
'Collatz.Research.CoefficientDescent.Batch075.ray_4983' depends on axioms: [propext, Quot.sound]
'Collatz.Research.CoefficientDescent.Batch075.certificate_4985' does not depend on any axioms
'Collatz.Research.CoefficientDescent.Batch075.ray_4985' depends on axioms: [propext, Quot.sound]
'Collatz.Research.CoefficientDescent.Batch075.certificate_4987' does not depend on any axioms
'Collatz.Research.CoefficientDescent.Batch075.ray_4987' depends on axioms: [propext, Quot.sound]
'Collatz.Research.CoefficientDescent.Batch075.certificate_4989' does not depend on any axioms
'Collatz.Research.CoefficientDescent.Batch075.ray_4989' depends on axioms: [propext, Quot.sound]
'Collatz.Research.CoefficientDescent.Batch075.certificate_4991' does not depend on any axioms
'Collatz.Research.CoefficientDescent.Batch075.ray_4991' depends on axioms: [propext, Quot.sound]
'Collatz.Research.CoefficientDescent.Batch075.certificate_4993' does not depend on any axioms
'Collatz.Research.CoefficientDescent.Batch075.ray_4993' depends on axioms: [propext, Quot.sound]
'Collatz.Research.CoefficientDescent.Batch075.certificate_4995' does not depend on any axioms
'Collatz.Research.CoefficientDescent.Batch075.ray_4995' depends on axioms: [propext, Quot.sound]
'Collatz.Research.CoefficientDescent.Batch075.certificate_4997' does not depend on any axioms
'Collatz.Research.CoefficientDescent.Batch075.ray_4997' depends on axioms: [propext, Quot.sound]
'Collatz.Research.CoefficientDescent.Batch075.certificate_4999' does not depend on any axioms
'Collatz.Research.CoefficientDescent.Batch075.ray_4999' depends on axioms: [propext, Quot.sound]
'Collatz.Research.CoefficientDescent.Batch075.certificate_5001' does not depend on any axioms
'Collatz.Research.CoefficientDescent.Batch075.ray_5001' depends on axioms: [propext, Quot.sound]
'Collatz.Research.CoefficientDescent.Batch075.certificate_5003' does not depend on any axioms
'Collatz.Research.CoefficientDescent.Batch075.ray_5003' depends on axioms: [propext, Quot.sound]
'Collatz.Research.CoefficientDescent.Batch075.certificate_5005' does not depend on any axioms
'Collatz.Research.CoefficientDescent.Batch075.ray_5005' depends on axioms: [propext, Quot.sound]
'Collatz.Research.CoefficientDescent.Batch075.certificate_5007' does not depend on any axioms
'Collatz.Research.CoefficientDescent.Batch075.ray_5007' depends on axioms: [propext, Quot.sound]
'Collatz.Research.CoefficientDescent.Batch075.certificate_5009' does not depend on any axioms
'Collatz.Research.CoefficientDescent.Batch075.ray_5009' depends on axioms: [propext, Quot.sound]
'Collatz.Research.CoefficientDescent.Batch075.certificate_5011' does not depend on any axioms
'Collatz.Research.CoefficientDescent.Batch075.ray_5011' depends on axioms: [propext, Quot.sound]
'Collatz.Research.CoefficientDescent.Batch075.certificate_5013' does not depend on any axioms
'Collatz.Research.CoefficientDescent.Batch075.ray_5013' depends on axioms: [propext, Quot.sound]
'Collatz.Research.CoefficientDescent.Batch075.certificate_5015' does not depend on any axioms
'Collatz.Research.CoefficientDescent.Batch075.ray_5015' depends on axioms: [propext, Quot.sound]
'Collatz.Research.CoefficientDescent.Batch075.certificate_5017' does not depend on any axioms
'Collatz.Research.CoefficientDescent.Batch075.ray_5017' depends on axioms: [propext, Quot.sound]
'Collatz.Research.CoefficientDescent.Batch075.certificate_5019' does not depend on any axioms
'Collatz.Research.CoefficientDescent.Batch075.ray_5019' depends on axioms: [propext, Quot.sound]
'Collatz.Research.CoefficientDescent.Batch075.certificate_5021' does not depend on any axioms
'Collatz.Research.CoefficientDescent.Batch075.ray_5021' depends on axioms: [propext, Quot.sound]
'Collatz.Research.CoefficientDescent.Batch075.certificate_5023' does not depend on any axioms
'Collatz.Research.CoefficientDescent.Batch075.ray_5023' depends on axioms: [propext, Quot.sound]
'Collatz.Research.CoefficientDescent.Batch075.coverage' depends on axioms: [propext, Quot.sound]
'Collatz.Research.CoefficientDescent.Batch076.certificate_5025' does not depend on any axioms
'Collatz.Research.CoefficientDescent.Batch076.ray_5025' depends on axioms: [propext, Quot.sound]
'Collatz.Research.CoefficientDescent.Batch076.certificate_5027' does not depend on any axioms
'Collatz.Research.CoefficientDescent.Batch076.ray_5027' depends on axioms: [propext, Quot.sound]
'Collatz.Research.CoefficientDescent.Batch076.certificate_5029' does not depend on any axioms
'Collatz.Research.CoefficientDescent.Batch076.ray_5029' depends on axioms: [propext, Quot.sound]
'Collatz.Research.CoefficientDescent.Batch076.certificate_5031' does not depend on any axioms
'Collatz.Research.CoefficientDescent.Batch076.ray_5031' depends on axioms: [propext, Quot.sound]
'Collatz.Research.CoefficientDescent.Batch076.certificate_5033' does not depend on any axioms
'Collatz.Research.CoefficientDescent.Batch076.ray_5033' depends on axioms: [propext, Quot.sound]
'Collatz.Research.CoefficientDescent.Batch076.certificate_5035' does not depend on any axioms
'Collatz.Research.CoefficientDescent.Batch076.ray_5035' depends on axioms: [propext, Quot.sound]
'Collatz.Research.CoefficientDescent.Batch076.certificate_5037' does not depend on any axioms
'Collatz.Research.CoefficientDescent.Batch076.ray_5037' depends on axioms: [propext, Quot.sound]
'Collatz.Research.CoefficientDescent.Batch076.certificate_5039' does not depend on any axioms
'Collatz.Research.CoefficientDescent.Batch076.ray_5039' depends on axioms: [propext, Quot.sound]
'Collatz.Research.CoefficientDescent.Batch076.certificate_5041' does not depend on any axioms
'Collatz.Research.CoefficientDescent.Batch076.ray_5041' depends on axioms: [propext, Quot.sound]
'Collatz.Research.CoefficientDescent.Batch076.certificate_5043' does not depend on any axioms
'Collatz.Research.CoefficientDescent.Batch076.ray_5043' depends on axioms: [propext, Quot.sound]
'Collatz.Research.CoefficientDescent.Batch076.certificate_5045' does not depend on any axioms
'Collatz.Research.CoefficientDescent.Batch076.ray_5045' depends on axioms: [propext, Quot.sound]
'Collatz.Research.CoefficientDescent.Batch076.certificate_5047' does not depend on any axioms
'Collatz.Research.CoefficientDescent.Batch076.ray_5047' depends on axioms: [propext, Quot.sound]
'Collatz.Research.CoefficientDescent.Batch076.certificate_5049' does not depend on any axioms
'Collatz.Research.CoefficientDescent.Batch076.ray_5049' depends on axioms: [propext, Quot.sound]
'Collatz.Research.CoefficientDescent.Batch076.certificate_5051' does not depend on any axioms
'Collatz.Research.CoefficientDescent.Batch076.ray_5051' depends on axioms: [propext, Quot.sound]
'Collatz.Research.CoefficientDescent.Batch076.certificate_5053' does not depend on any axioms
'Collatz.Research.CoefficientDescent.Batch076.ray_5053' depends on axioms: [propext, Quot.sound]
'Collatz.Research.CoefficientDescent.Batch076.certificate_5055' does not depend on any axioms
'Collatz.Research.CoefficientDescent.Batch076.ray_5055' depends on axioms: [propext, Quot.sound]
'Collatz.Research.CoefficientDescent.Batch076.certificate_5057' does not depend on any axioms
'Collatz.Research.CoefficientDescent.Batch076.ray_5057' depends on axioms: [propext, Quot.sound]
'Collatz.Research.CoefficientDescent.Batch076.certificate_5059' does not depend on any axioms
'Collatz.Research.CoefficientDescent.Batch076.ray_5059' depends on axioms: [propext, Quot.sound]
'Collatz.Research.CoefficientDescent.Batch076.certificate_5061' does not depend on any axioms
'Collatz.Research.CoefficientDescent.Batch076.ray_5061' depends on axioms: [propext, Quot.sound]
'Collatz.Research.CoefficientDescent.Batch076.certificate_5063' does not depend on any axioms
'Collatz.Research.CoefficientDescent.Batch076.ray_5063' depends on axioms: [propext, Quot.sound]
'Collatz.Research.CoefficientDescent.Batch076.certificate_5065' does not depend on any axioms
'Collatz.Research.CoefficientDescent.Batch076.ray_5065' depends on axioms: [propext, Quot.sound]
'Collatz.Research.CoefficientDescent.Batch076.certificate_5067' does not depend on any axioms
'Collatz.Research.CoefficientDescent.Batch076.ray_5067' depends on axioms: [propext, Quot.sound]
'Collatz.Research.CoefficientDescent.Batch076.certificate_5069' does not depend on any axioms
'Collatz.Research.CoefficientDescent.Batch076.ray_5069' depends on axioms: [propext, Quot.sound]
'Collatz.Research.CoefficientDescent.Batch076.certificate_5071' does not depend on any axioms
'Collatz.Research.CoefficientDescent.Batch076.ray_5071' depends on axioms: [propext, Quot.sound]
'Collatz.Research.CoefficientDescent.Batch076.certificate_5073' does not depend on any axioms
'Collatz.Research.CoefficientDescent.Batch076.ray_5073' depends on axioms: [propext, Quot.sound]
'Collatz.Research.CoefficientDescent.Batch076.certificate_5075' does not depend on any axioms
'Collatz.Research.CoefficientDescent.Batch076.ray_5075' depends on axioms: [propext, Quot.sound]
'Collatz.Research.CoefficientDescent.Batch076.certificate_5077' does not depend on any axioms
'Collatz.Research.CoefficientDescent.Batch076.ray_5077' depends on axioms: [propext, Quot.sound]
'Collatz.Research.CoefficientDescent.Batch076.certificate_5079' does not depend on any axioms
'Collatz.Research.CoefficientDescent.Batch076.ray_5079' depends on axioms: [propext, Quot.sound]
'Collatz.Research.CoefficientDescent.Batch076.certificate_5081' does not depend on any axioms
'Collatz.Research.CoefficientDescent.Batch076.ray_5081' depends on axioms: [propext, Quot.sound]
'Collatz.Research.CoefficientDescent.Batch076.certificate_5083' does not depend on any axioms
'Collatz.Research.CoefficientDescent.Batch076.ray_5083' depends on axioms: [propext, Quot.sound]
'Collatz.Research.CoefficientDescent.Batch076.certificate_5085' does not depend on any axioms
'Collatz.Research.CoefficientDescent.Batch076.ray_5085' depends on axioms: [propext, Quot.sound]
'Collatz.Research.CoefficientDescent.Batch076.certificate_5087' does not depend on any axioms
'Collatz.Research.CoefficientDescent.Batch076.ray_5087' depends on axioms: [propext, Quot.sound]
'Collatz.Research.CoefficientDescent.Batch076.certificate_5089' does not depend on any axioms
'Collatz.Research.CoefficientDescent.Batch076.ray_5089' depends on axioms: [propext, Quot.sound]
'Collatz.Research.CoefficientDescent.Batch076.certificate_5091' does not depend on any axioms
'Collatz.Research.CoefficientDescent.Batch076.ray_5091' depends on axioms: [propext, Quot.sound]
'Collatz.Research.CoefficientDescent.Batch076.coverage' depends on axioms: [propext, Quot.sound]
'Collatz.Research.CoefficientDescent.Batch077.certificate_5093' does not depend on any axioms
'Collatz.Research.CoefficientDescent.Batch077.ray_5093' depends on axioms: [propext, Quot.sound]
'Collatz.Research.CoefficientDescent.Batch077.certificate_5095' does not depend on any axioms
'Collatz.Research.CoefficientDescent.Batch077.ray_5095' depends on axioms: [propext, Quot.sound]
'Collatz.Research.CoefficientDescent.Batch077.certificate_5097' does not depend on any axioms
'Collatz.Research.CoefficientDescent.Batch077.ray_5097' depends on axioms: [propext, Quot.sound]
'Collatz.Research.CoefficientDescent.Batch077.certificate_5099' does not depend on any axioms
'Collatz.Research.CoefficientDescent.Batch077.ray_5099' depends on axioms: [propext, Quot.sound]
'Collatz.Research.CoefficientDescent.Batch077.certificate_5101' does not depend on any axioms
'Collatz.Research.CoefficientDescent.Batch077.ray_5101' depends on axioms: [propext, Quot.sound]
'Collatz.Research.CoefficientDescent.Batch077.certificate_5103' does not depend on any axioms
'Collatz.Research.CoefficientDescent.Batch077.ray_5103' depends on axioms: [propext, Quot.sound]
'Collatz.Research.CoefficientDescent.Batch077.certificate_5105' does not depend on any axioms
'Collatz.Research.CoefficientDescent.Batch077.ray_5105' depends on axioms: [propext, Quot.sound]
'Collatz.Research.CoefficientDescent.Batch077.certificate_5107' does not depend on any axioms
'Collatz.Research.CoefficientDescent.Batch077.ray_5107' depends on axioms: [propext, Quot.sound]
'Collatz.Research.CoefficientDescent.Batch077.certificate_5109' does not depend on any axioms
'Collatz.Research.CoefficientDescent.Batch077.ray_5109' depends on axioms: [propext, Quot.sound]
'Collatz.Research.CoefficientDescent.Batch077.certificate_5111' does not depend on any axioms
'Collatz.Research.CoefficientDescent.Batch077.ray_5111' depends on axioms: [propext, Quot.sound]
'Collatz.Research.CoefficientDescent.Batch077.certificate_5113' does not depend on any axioms
'Collatz.Research.CoefficientDescent.Batch077.ray_5113' depends on axioms: [propext, Quot.sound]
'Collatz.Research.CoefficientDescent.Batch077.certificate_5115' does not depend on any axioms
'Collatz.Research.CoefficientDescent.Batch077.ray_5115' depends on axioms: [propext, Quot.sound]
'Collatz.Research.CoefficientDescent.Batch077.certificate_5117' does not depend on any axioms
'Collatz.Research.CoefficientDescent.Batch077.ray_5117' depends on axioms: [propext, Quot.sound]
'Collatz.Research.CoefficientDescent.Batch077.certificate_5119' does not depend on any axioms
'Collatz.Research.CoefficientDescent.Batch077.ray_5119' depends on axioms: [propext, Quot.sound]
'Collatz.Research.CoefficientDescent.Batch077.certificate_5121' does not depend on any axioms
'Collatz.Research.CoefficientDescent.Batch077.ray_5121' depends on axioms: [propext, Quot.sound]
'Collatz.Research.CoefficientDescent.Batch077.certificate_5123' does not depend on any axioms
'Collatz.Research.CoefficientDescent.Batch077.ray_5123' depends on axioms: [propext, Quot.sound]
'Collatz.Research.CoefficientDescent.Batch077.certificate_5125' does not depend on any axioms
'Collatz.Research.CoefficientDescent.Batch077.ray_5125' depends on axioms: [propext, Quot.sound]
'Collatz.Research.CoefficientDescent.Batch077.certificate_5127' does not depend on any axioms
'Collatz.Research.CoefficientDescent.Batch077.ray_5127' depends on axioms: [propext, Quot.sound]
'Collatz.Research.CoefficientDescent.Batch077.certificate_5129' does not depend on any axioms
'Collatz.Research.CoefficientDescent.Batch077.ray_5129' depends on axioms: [propext, Quot.sound]
'Collatz.Research.CoefficientDescent.Batch077.certificate_5131' does not depend on any axioms
'Collatz.Research.CoefficientDescent.Batch077.ray_5131' depends on axioms: [propext, Quot.sound]
'Collatz.Research.CoefficientDescent.Batch077.certificate_5133' does not depend on any axioms
'Collatz.Research.CoefficientDescent.Batch077.ray_5133' depends on axioms: [propext, Quot.sound]
'Collatz.Research.CoefficientDescent.Batch077.certificate_5135' does not depend on any axioms
'Collatz.Research.CoefficientDescent.Batch077.ray_5135' depends on axioms: [propext, Quot.sound]
'Collatz.Research.CoefficientDescent.Batch077.certificate_5137' does not depend on any axioms
'Collatz.Research.CoefficientDescent.Batch077.ray_5137' depends on axioms: [propext, Quot.sound]
'Collatz.Research.CoefficientDescent.Batch077.certificate_5139' does not depend on any axioms
'Collatz.Research.CoefficientDescent.Batch077.ray_5139' depends on axioms: [propext, Quot.sound]
'Collatz.Research.CoefficientDescent.Batch077.certificate_5141' does not depend on any axioms
'Collatz.Research.CoefficientDescent.Batch077.ray_5141' depends on axioms: [propext, Quot.sound]
'Collatz.Research.CoefficientDescent.Batch077.certificate_5143' does not depend on any axioms
'Collatz.Research.CoefficientDescent.Batch077.ray_5143' depends on axioms: [propext, Quot.sound]
'Collatz.Research.CoefficientDescent.Batch077.certificate_5145' does not depend on any axioms
'Collatz.Research.CoefficientDescent.Batch077.ray_5145' depends on axioms: [propext, Quot.sound]
'Collatz.Research.CoefficientDescent.Batch077.certificate_5147' does not depend on any axioms
'Collatz.Research.CoefficientDescent.Batch077.ray_5147' depends on axioms: [propext, Quot.sound]
'Collatz.Research.CoefficientDescent.Batch077.certificate_5149' does not depend on any axioms
'Collatz.Research.CoefficientDescent.Batch077.ray_5149' depends on axioms: [propext, Quot.sound]
'Collatz.Research.CoefficientDescent.Batch077.certificate_5151' does not depend on any axioms
'Collatz.Research.CoefficientDescent.Batch077.ray_5151' depends on axioms: [propext, Quot.sound]
'Collatz.Research.CoefficientDescent.Batch077.certificate_5153' does not depend on any axioms
'Collatz.Research.CoefficientDescent.Batch077.ray_5153' depends on axioms: [propext, Quot.sound]
'Collatz.Research.CoefficientDescent.Batch077.certificate_5155' does not depend on any axioms
'Collatz.Research.CoefficientDescent.Batch077.ray_5155' depends on axioms: [propext, Quot.sound]
'Collatz.Research.CoefficientDescent.Batch077.certificate_5157' does not depend on any axioms
'Collatz.Research.CoefficientDescent.Batch077.ray_5157' depends on axioms: [propext, Quot.sound]
'Collatz.Research.CoefficientDescent.Batch077.coverage' depends on axioms: [propext, Quot.sound]
'Collatz.Research.CoefficientDescent.Batch078.certificate_5159' does not depend on any axioms
'Collatz.Research.CoefficientDescent.Batch078.ray_5159' depends on axioms: [propext, Quot.sound]
'Collatz.Research.CoefficientDescent.Batch078.certificate_5161' does not depend on any axioms
'Collatz.Research.CoefficientDescent.Batch078.ray_5161' depends on axioms: [propext, Quot.sound]
'Collatz.Research.CoefficientDescent.Batch078.certificate_5163' does not depend on any axioms
'Collatz.Research.CoefficientDescent.Batch078.ray_5163' depends on axioms: [propext, Quot.sound]
'Collatz.Research.CoefficientDescent.Batch078.certificate_5165' does not depend on any axioms
'Collatz.Research.CoefficientDescent.Batch078.ray_5165' depends on axioms: [propext, Quot.sound]
'Collatz.Research.CoefficientDescent.Batch078.certificate_5167' does not depend on any axioms
'Collatz.Research.CoefficientDescent.Batch078.ray_5167' depends on axioms: [propext, Quot.sound]
'Collatz.Research.CoefficientDescent.Batch078.certificate_5169' does not depend on any axioms
'Collatz.Research.CoefficientDescent.Batch078.ray_5169' depends on axioms: [propext, Quot.sound]
'Collatz.Research.CoefficientDescent.Batch078.certificate_5171' does not depend on any axioms
'Collatz.Research.CoefficientDescent.Batch078.ray_5171' depends on axioms: [propext, Quot.sound]
'Collatz.Research.CoefficientDescent.Batch078.certificate_5173' does not depend on any axioms
'Collatz.Research.CoefficientDescent.Batch078.ray_5173' depends on axioms: [propext, Quot.sound]
'Collatz.Research.CoefficientDescent.Batch078.certificate_5175' does not depend on any axioms
'Collatz.Research.CoefficientDescent.Batch078.ray_5175' depends on axioms: [propext, Quot.sound]
'Collatz.Research.CoefficientDescent.Batch078.certificate_5177' does not depend on any axioms
'Collatz.Research.CoefficientDescent.Batch078.ray_5177' depends on axioms: [propext, Quot.sound]
'Collatz.Research.CoefficientDescent.Batch078.certificate_5179' does not depend on any axioms
'Collatz.Research.CoefficientDescent.Batch078.ray_5179' depends on axioms: [propext, Quot.sound]
'Collatz.Research.CoefficientDescent.Batch078.certificate_5181' does not depend on any axioms
'Collatz.Research.CoefficientDescent.Batch078.ray_5181' depends on axioms: [propext, Quot.sound]
'Collatz.Research.CoefficientDescent.Batch078.certificate_5183' does not depend on any axioms
'Collatz.Research.CoefficientDescent.Batch078.ray_5183' depends on axioms: [propext, Quot.sound]
'Collatz.Research.CoefficientDescent.Batch078.certificate_5185' does not depend on any axioms
'Collatz.Research.CoefficientDescent.Batch078.ray_5185' depends on axioms: [propext, Quot.sound]
'Collatz.Research.CoefficientDescent.Batch078.certificate_5187' does not depend on any axioms
'Collatz.Research.CoefficientDescent.Batch078.ray_5187' depends on axioms: [propext, Quot.sound]
'Collatz.Research.CoefficientDescent.Batch078.certificate_5189' does not depend on any axioms
'Collatz.Research.CoefficientDescent.Batch078.ray_5189' depends on axioms: [propext, Quot.sound]
'Collatz.Research.CoefficientDescent.Batch078.certificate_5191' does not depend on any axioms
'Collatz.Research.CoefficientDescent.Batch078.ray_5191' depends on axioms: [propext, Quot.sound]
'Collatz.Research.CoefficientDescent.Batch078.certificate_5193' does not depend on any axioms
'Collatz.Research.CoefficientDescent.Batch078.ray_5193' depends on axioms: [propext, Quot.sound]
'Collatz.Research.CoefficientDescent.Batch078.certificate_5195' does not depend on any axioms
'Collatz.Research.CoefficientDescent.Batch078.ray_5195' depends on axioms: [propext, Quot.sound]
'Collatz.Research.CoefficientDescent.Batch078.certificate_5197' does not depend on any axioms
'Collatz.Research.CoefficientDescent.Batch078.ray_5197' depends on axioms: [propext, Quot.sound]
'Collatz.Research.CoefficientDescent.Batch078.certificate_5199' does not depend on any axioms
'Collatz.Research.CoefficientDescent.Batch078.ray_5199' depends on axioms: [propext, Quot.sound]
'Collatz.Research.CoefficientDescent.Batch078.certificate_5201' does not depend on any axioms
'Collatz.Research.CoefficientDescent.Batch078.ray_5201' depends on axioms: [propext, Quot.sound]
'Collatz.Research.CoefficientDescent.Batch078.certificate_5203' does not depend on any axioms
'Collatz.Research.CoefficientDescent.Batch078.ray_5203' depends on axioms: [propext, Quot.sound]
'Collatz.Research.CoefficientDescent.Batch078.certificate_5205' does not depend on any axioms
'Collatz.Research.CoefficientDescent.Batch078.ray_5205' depends on axioms: [propext, Quot.sound]
'Collatz.Research.CoefficientDescent.Batch078.certificate_5207' does not depend on any axioms
'Collatz.Research.CoefficientDescent.Batch078.ray_5207' depends on axioms: [propext, Quot.sound]
'Collatz.Research.CoefficientDescent.Batch078.certificate_5209' does not depend on any axioms
'Collatz.Research.CoefficientDescent.Batch078.ray_5209' depends on axioms: [propext, Quot.sound]
'Collatz.Research.CoefficientDescent.Batch078.certificate_5211' does not depend on any axioms
'Collatz.Research.CoefficientDescent.Batch078.ray_5211' depends on axioms: [propext, Quot.sound]
'Collatz.Research.CoefficientDescent.Batch078.certificate_5213' does not depend on any axioms
'Collatz.Research.CoefficientDescent.Batch078.ray_5213' depends on axioms: [propext, Quot.sound]
'Collatz.Research.CoefficientDescent.Batch078.certificate_5215' does not depend on any axioms
'Collatz.Research.CoefficientDescent.Batch078.ray_5215' depends on axioms: [propext, Quot.sound]
'Collatz.Research.CoefficientDescent.Batch078.certificate_5217' does not depend on any axioms
'Collatz.Research.CoefficientDescent.Batch078.ray_5217' depends on axioms: [propext, Quot.sound]
'Collatz.Research.CoefficientDescent.Batch078.certificate_5219' does not depend on any axioms
'Collatz.Research.CoefficientDescent.Batch078.ray_5219' depends on axioms: [propext, Quot.sound]
'Collatz.Research.CoefficientDescent.Batch078.certificate_5221' does not depend on any axioms
'Collatz.Research.CoefficientDescent.Batch078.ray_5221' depends on axioms: [propext, Quot.sound]
'Collatz.Research.CoefficientDescent.Batch078.certificate_5223' does not depend on any axioms
'Collatz.Research.CoefficientDescent.Batch078.ray_5223' depends on axioms: [propext, Quot.sound]
'Collatz.Research.CoefficientDescent.Batch078.certificate_5225' does not depend on any axioms
'Collatz.Research.CoefficientDescent.Batch078.ray_5225' depends on axioms: [propext, Quot.sound]
'Collatz.Research.CoefficientDescent.Batch078.coverage' depends on axioms: [propext, Quot.sound]
'Collatz.Research.CoefficientDescent.Batch079.certificate_5227' does not depend on any axioms
'Collatz.Research.CoefficientDescent.Batch079.ray_5227' depends on axioms: [propext, Quot.sound]
'Collatz.Research.CoefficientDescent.Batch079.certificate_5229' does not depend on any axioms
'Collatz.Research.CoefficientDescent.Batch079.ray_5229' depends on axioms: [propext, Quot.sound]
'Collatz.Research.CoefficientDescent.Batch079.certificate_5231' does not depend on any axioms
'Collatz.Research.CoefficientDescent.Batch079.ray_5231' depends on axioms: [propext, Quot.sound]
'Collatz.Research.CoefficientDescent.Batch079.certificate_5233' does not depend on any axioms
'Collatz.Research.CoefficientDescent.Batch079.ray_5233' depends on axioms: [propext, Quot.sound]
'Collatz.Research.CoefficientDescent.Batch079.certificate_5235' does not depend on any axioms
'Collatz.Research.CoefficientDescent.Batch079.ray_5235' depends on axioms: [propext, Quot.sound]
'Collatz.Research.CoefficientDescent.Batch079.certificate_5237' does not depend on any axioms
'Collatz.Research.CoefficientDescent.Batch079.ray_5237' depends on axioms: [propext, Quot.sound]
'Collatz.Research.CoefficientDescent.Batch079.certificate_5239' does not depend on any axioms
'Collatz.Research.CoefficientDescent.Batch079.ray_5239' depends on axioms: [propext, Quot.sound]
'Collatz.Research.CoefficientDescent.Batch079.certificate_5241' does not depend on any axioms
'Collatz.Research.CoefficientDescent.Batch079.ray_5241' depends on axioms: [propext, Quot.sound]
'Collatz.Research.CoefficientDescent.Batch079.certificate_5243' does not depend on any axioms
'Collatz.Research.CoefficientDescent.Batch079.ray_5243' depends on axioms: [propext, Quot.sound]
'Collatz.Research.CoefficientDescent.Batch079.certificate_5245' does not depend on any axioms
'Collatz.Research.CoefficientDescent.Batch079.ray_5245' depends on axioms: [propext, Quot.sound]
'Collatz.Research.CoefficientDescent.Batch079.certificate_5247' does not depend on any axioms
'Collatz.Research.CoefficientDescent.Batch079.ray_5247' depends on axioms: [propext, Quot.sound]
'Collatz.Research.CoefficientDescent.Batch079.certificate_5249' does not depend on any axioms
'Collatz.Research.CoefficientDescent.Batch079.ray_5249' depends on axioms: [propext, Quot.sound]
'Collatz.Research.CoefficientDescent.Batch079.certificate_5251' does not depend on any axioms
'Collatz.Research.CoefficientDescent.Batch079.ray_5251' depends on axioms: [propext, Quot.sound]
'Collatz.Research.CoefficientDescent.Batch079.certificate_5253' does not depend on any axioms
'Collatz.Research.CoefficientDescent.Batch079.ray_5253' depends on axioms: [propext, Quot.sound]
'Collatz.Research.CoefficientDescent.Batch079.certificate_5255' does not depend on any axioms
'Collatz.Research.CoefficientDescent.Batch079.ray_5255' depends on axioms: [propext, Quot.sound]
'Collatz.Research.CoefficientDescent.Batch079.certificate_5257' does not depend on any axioms
'Collatz.Research.CoefficientDescent.Batch079.ray_5257' depends on axioms: [propext, Quot.sound]
'Collatz.Research.CoefficientDescent.Batch079.certificate_5259' does not depend on any axioms
'Collatz.Research.CoefficientDescent.Batch079.ray_5259' depends on axioms: [propext, Quot.sound]
'Collatz.Research.CoefficientDescent.Batch079.certificate_5261' does not depend on any axioms
'Collatz.Research.CoefficientDescent.Batch079.ray_5261' depends on axioms: [propext, Quot.sound]
'Collatz.Research.CoefficientDescent.Batch079.certificate_5263' does not depend on any axioms
'Collatz.Research.CoefficientDescent.Batch079.ray_5263' depends on axioms: [propext, Quot.sound]
'Collatz.Research.CoefficientDescent.Batch079.certificate_5265' does not depend on any axioms
'Collatz.Research.CoefficientDescent.Batch079.ray_5265' depends on axioms: [propext, Quot.sound]
'Collatz.Research.CoefficientDescent.Batch079.certificate_5267' does not depend on any axioms
'Collatz.Research.CoefficientDescent.Batch079.ray_5267' depends on axioms: [propext, Quot.sound]
'Collatz.Research.CoefficientDescent.Batch079.certificate_5269' does not depend on any axioms
'Collatz.Research.CoefficientDescent.Batch079.ray_5269' depends on axioms: [propext, Quot.sound]
'Collatz.Research.CoefficientDescent.Batch079.certificate_5271' does not depend on any axioms
'Collatz.Research.CoefficientDescent.Batch079.ray_5271' depends on axioms: [propext, Quot.sound]
'Collatz.Research.CoefficientDescent.Batch079.certificate_5273' does not depend on any axioms
'Collatz.Research.CoefficientDescent.Batch079.ray_5273' depends on axioms: [propext, Quot.sound]
'Collatz.Research.CoefficientDescent.Batch079.certificate_5275' does not depend on any axioms
'Collatz.Research.CoefficientDescent.Batch079.ray_5275' depends on axioms: [propext, Quot.sound]
'Collatz.Research.CoefficientDescent.Batch079.certificate_5277' does not depend on any axioms
'Collatz.Research.CoefficientDescent.Batch079.ray_5277' depends on axioms: [propext, Quot.sound]
'Collatz.Research.CoefficientDescent.Batch079.certificate_5279' does not depend on any axioms
'Collatz.Research.CoefficientDescent.Batch079.ray_5279' depends on axioms: [propext, Quot.sound]
'Collatz.Research.CoefficientDescent.Batch079.certificate_5281' does not depend on any axioms
'Collatz.Research.CoefficientDescent.Batch079.ray_5281' depends on axioms: [propext, Quot.sound]
'Collatz.Research.CoefficientDescent.Batch079.certificate_5283' does not depend on any axioms
'Collatz.Research.CoefficientDescent.Batch079.ray_5283' depends on axioms: [propext, Quot.sound]
'Collatz.Research.CoefficientDescent.Batch079.certificate_5285' does not depend on any axioms
'Collatz.Research.CoefficientDescent.Batch079.ray_5285' depends on axioms: [propext, Quot.sound]
'Collatz.Research.CoefficientDescent.Batch079.certificate_5287' does not depend on any axioms
'Collatz.Research.CoefficientDescent.Batch079.ray_5287' depends on axioms: [propext, Quot.sound]
'Collatz.Research.CoefficientDescent.Batch079.certificate_5289' does not depend on any axioms
'Collatz.Research.CoefficientDescent.Batch079.ray_5289' depends on axioms: [propext, Quot.sound]
'Collatz.Research.CoefficientDescent.Batch079.certificate_5291' does not depend on any axioms
'Collatz.Research.CoefficientDescent.Batch079.ray_5291' depends on axioms: [propext, Quot.sound]
'Collatz.Research.CoefficientDescent.Batch079.coverage' depends on axioms: [propext, Quot.sound]
'Collatz.Research.CoefficientDescent.Batch080.certificate_5293' does not depend on any axioms
'Collatz.Research.CoefficientDescent.Batch080.ray_5293' depends on axioms: [propext, Quot.sound]
'Collatz.Research.CoefficientDescent.Batch080.certificate_5295' does not depend on any axioms
'Collatz.Research.CoefficientDescent.Batch080.ray_5295' depends on axioms: [propext, Quot.sound]
'Collatz.Research.CoefficientDescent.Batch080.certificate_5297' does not depend on any axioms
'Collatz.Research.CoefficientDescent.Batch080.ray_5297' depends on axioms: [propext, Quot.sound]
'Collatz.Research.CoefficientDescent.Batch080.certificate_5299' does not depend on any axioms
'Collatz.Research.CoefficientDescent.Batch080.ray_5299' depends on axioms: [propext, Quot.sound]
'Collatz.Research.CoefficientDescent.Batch080.certificate_5301' does not depend on any axioms
'Collatz.Research.CoefficientDescent.Batch080.ray_5301' depends on axioms: [propext, Quot.sound]
'Collatz.Research.CoefficientDescent.Batch080.certificate_5303' does not depend on any axioms
'Collatz.Research.CoefficientDescent.Batch080.ray_5303' depends on axioms: [propext, Quot.sound]
'Collatz.Research.CoefficientDescent.Batch080.certificate_5305' does not depend on any axioms
'Collatz.Research.CoefficientDescent.Batch080.ray_5305' depends on axioms: [propext, Quot.sound]
'Collatz.Research.CoefficientDescent.Batch080.certificate_5307' does not depend on any axioms
'Collatz.Research.CoefficientDescent.Batch080.ray_5307' depends on axioms: [propext, Quot.sound]
'Collatz.Research.CoefficientDescent.Batch080.certificate_5309' does not depend on any axioms
'Collatz.Research.CoefficientDescent.Batch080.ray_5309' depends on axioms: [propext, Quot.sound]
'Collatz.Research.CoefficientDescent.Batch080.certificate_5311' does not depend on any axioms
'Collatz.Research.CoefficientDescent.Batch080.ray_5311' depends on axioms: [propext, Quot.sound]
'Collatz.Research.CoefficientDescent.Batch080.certificate_5313' does not depend on any axioms
'Collatz.Research.CoefficientDescent.Batch080.ray_5313' depends on axioms: [propext, Quot.sound]
'Collatz.Research.CoefficientDescent.Batch080.certificate_5315' does not depend on any axioms
'Collatz.Research.CoefficientDescent.Batch080.ray_5315' depends on axioms: [propext, Quot.sound]
'Collatz.Research.CoefficientDescent.Batch080.certificate_5317' does not depend on any axioms
'Collatz.Research.CoefficientDescent.Batch080.ray_5317' depends on axioms: [propext, Quot.sound]
'Collatz.Research.CoefficientDescent.Batch080.certificate_5319' does not depend on any axioms
'Collatz.Research.CoefficientDescent.Batch080.ray_5319' depends on axioms: [propext, Quot.sound]
'Collatz.Research.CoefficientDescent.Batch080.certificate_5321' does not depend on any axioms
'Collatz.Research.CoefficientDescent.Batch080.ray_5321' depends on axioms: [propext, Quot.sound]
'Collatz.Research.CoefficientDescent.Batch080.certificate_5323' does not depend on any axioms
'Collatz.Research.CoefficientDescent.Batch080.ray_5323' depends on axioms: [propext, Quot.sound]
'Collatz.Research.CoefficientDescent.Batch080.certificate_5325' does not depend on any axioms
'Collatz.Research.CoefficientDescent.Batch080.ray_5325' depends on axioms: [propext, Quot.sound]
'Collatz.Research.CoefficientDescent.Batch080.certificate_5327' does not depend on any axioms
'Collatz.Research.CoefficientDescent.Batch080.ray_5327' depends on axioms: [propext, Quot.sound]
'Collatz.Research.CoefficientDescent.Batch080.certificate_5329' does not depend on any axioms
'Collatz.Research.CoefficientDescent.Batch080.ray_5329' depends on axioms: [propext, Quot.sound]
'Collatz.Research.CoefficientDescent.Batch080.certificate_5331' does not depend on any axioms
'Collatz.Research.CoefficientDescent.Batch080.ray_5331' depends on axioms: [propext, Quot.sound]
'Collatz.Research.CoefficientDescent.Batch080.certificate_5333' does not depend on any axioms
'Collatz.Research.CoefficientDescent.Batch080.ray_5333' depends on axioms: [propext, Quot.sound]
'Collatz.Research.CoefficientDescent.Batch080.certificate_5335' does not depend on any axioms
'Collatz.Research.CoefficientDescent.Batch080.ray_5335' depends on axioms: [propext, Quot.sound]
'Collatz.Research.CoefficientDescent.Batch080.certificate_5337' does not depend on any axioms
'Collatz.Research.CoefficientDescent.Batch080.ray_5337' depends on axioms: [propext, Quot.sound]
'Collatz.Research.CoefficientDescent.Batch080.certificate_5339' does not depend on any axioms
'Collatz.Research.CoefficientDescent.Batch080.ray_5339' depends on axioms: [propext, Quot.sound]
'Collatz.Research.CoefficientDescent.Batch080.certificate_5341' does not depend on any axioms
'Collatz.Research.CoefficientDescent.Batch080.ray_5341' depends on axioms: [propext, Quot.sound]
'Collatz.Research.CoefficientDescent.Batch080.certificate_5343' does not depend on any axioms
'Collatz.Research.CoefficientDescent.Batch080.ray_5343' depends on axioms: [propext, Quot.sound]
'Collatz.Research.CoefficientDescent.Batch080.certificate_5345' does not depend on any axioms
'Collatz.Research.CoefficientDescent.Batch080.ray_5345' depends on axioms: [propext, Quot.sound]
'Collatz.Research.CoefficientDescent.Batch080.certificate_5347' does not depend on any axioms
'Collatz.Research.CoefficientDescent.Batch080.ray_5347' depends on axioms: [propext, Quot.sound]
'Collatz.Research.CoefficientDescent.Batch080.certificate_5349' does not depend on any axioms
'Collatz.Research.CoefficientDescent.Batch080.ray_5349' depends on axioms: [propext, Quot.sound]
'Collatz.Research.CoefficientDescent.Batch080.certificate_5351' does not depend on any axioms
'Collatz.Research.CoefficientDescent.Batch080.ray_5351' depends on axioms: [propext, Quot.sound]
'Collatz.Research.CoefficientDescent.Batch080.certificate_5353' does not depend on any axioms
'Collatz.Research.CoefficientDescent.Batch080.ray_5353' depends on axioms: [propext, Quot.sound]
'Collatz.Research.CoefficientDescent.Batch080.certificate_5355' does not depend on any axioms
'Collatz.Research.CoefficientDescent.Batch080.ray_5355' depends on axioms: [propext, Quot.sound]
'Collatz.Research.CoefficientDescent.Batch080.certificate_5357' does not depend on any axioms
'Collatz.Research.CoefficientDescent.Batch080.ray_5357' depends on axioms: [propext, Quot.sound]
'Collatz.Research.CoefficientDescent.Batch080.certificate_5359' does not depend on any axioms
'Collatz.Research.CoefficientDescent.Batch080.ray_5359' depends on axioms: [propext, Quot.sound]
'Collatz.Research.CoefficientDescent.Batch080.coverage' depends on axioms: [propext, Quot.sound]
'Collatz.Research.CoefficientDescent.Batch081.certificate_5361' does not depend on any axioms
'Collatz.Research.CoefficientDescent.Batch081.ray_5361' depends on axioms: [propext, Quot.sound]
'Collatz.Research.CoefficientDescent.Batch081.certificate_5363' does not depend on any axioms
'Collatz.Research.CoefficientDescent.Batch081.ray_5363' depends on axioms: [propext, Quot.sound]
'Collatz.Research.CoefficientDescent.Batch081.certificate_5365' does not depend on any axioms
'Collatz.Research.CoefficientDescent.Batch081.ray_5365' depends on axioms: [propext, Quot.sound]
'Collatz.Research.CoefficientDescent.Batch081.certificate_5367' does not depend on any axioms
'Collatz.Research.CoefficientDescent.Batch081.ray_5367' depends on axioms: [propext, Quot.sound]
'Collatz.Research.CoefficientDescent.Batch081.certificate_5369' does not depend on any axioms
'Collatz.Research.CoefficientDescent.Batch081.ray_5369' depends on axioms: [propext, Quot.sound]
'Collatz.Research.CoefficientDescent.Batch081.certificate_5371' does not depend on any axioms
'Collatz.Research.CoefficientDescent.Batch081.ray_5371' depends on axioms: [propext, Quot.sound]
'Collatz.Research.CoefficientDescent.Batch081.certificate_5373' does not depend on any axioms
'Collatz.Research.CoefficientDescent.Batch081.ray_5373' depends on axioms: [propext, Quot.sound]
'Collatz.Research.CoefficientDescent.Batch081.certificate_5375' does not depend on any axioms
'Collatz.Research.CoefficientDescent.Batch081.ray_5375' depends on axioms: [propext, Quot.sound]
'Collatz.Research.CoefficientDescent.Batch081.certificate_5377' does not depend on any axioms
'Collatz.Research.CoefficientDescent.Batch081.ray_5377' depends on axioms: [propext, Quot.sound]
'Collatz.Research.CoefficientDescent.Batch081.certificate_5379' does not depend on any axioms
'Collatz.Research.CoefficientDescent.Batch081.ray_5379' depends on axioms: [propext, Quot.sound]
'Collatz.Research.CoefficientDescent.Batch081.certificate_5381' does not depend on any axioms
'Collatz.Research.CoefficientDescent.Batch081.ray_5381' depends on axioms: [propext, Quot.sound]
'Collatz.Research.CoefficientDescent.Batch081.certificate_5383' does not depend on any axioms
'Collatz.Research.CoefficientDescent.Batch081.ray_5383' depends on axioms: [propext, Quot.sound]
'Collatz.Research.CoefficientDescent.Batch081.certificate_5385' does not depend on any axioms
'Collatz.Research.CoefficientDescent.Batch081.ray_5385' depends on axioms: [propext, Quot.sound]
'Collatz.Research.CoefficientDescent.Batch081.certificate_5387' does not depend on any axioms
'Collatz.Research.CoefficientDescent.Batch081.ray_5387' depends on axioms: [propext, Quot.sound]
'Collatz.Research.CoefficientDescent.Batch081.certificate_5389' does not depend on any axioms
'Collatz.Research.CoefficientDescent.Batch081.ray_5389' depends on axioms: [propext, Quot.sound]
'Collatz.Research.CoefficientDescent.Batch081.certificate_5391' does not depend on any axioms
'Collatz.Research.CoefficientDescent.Batch081.ray_5391' depends on axioms: [propext, Quot.sound]
'Collatz.Research.CoefficientDescent.Batch081.certificate_5393' does not depend on any axioms
'Collatz.Research.CoefficientDescent.Batch081.ray_5393' depends on axioms: [propext, Quot.sound]
'Collatz.Research.CoefficientDescent.Batch081.certificate_5395' does not depend on any axioms
'Collatz.Research.CoefficientDescent.Batch081.ray_5395' depends on axioms: [propext, Quot.sound]
'Collatz.Research.CoefficientDescent.Batch081.certificate_5397' does not depend on any axioms
'Collatz.Research.CoefficientDescent.Batch081.ray_5397' depends on axioms: [propext, Quot.sound]
'Collatz.Research.CoefficientDescent.Batch081.certificate_5399' does not depend on any axioms
'Collatz.Research.CoefficientDescent.Batch081.ray_5399' depends on axioms: [propext, Quot.sound]
'Collatz.Research.CoefficientDescent.Batch081.certificate_5401' does not depend on any axioms
'Collatz.Research.CoefficientDescent.Batch081.ray_5401' depends on axioms: [propext, Quot.sound]
'Collatz.Research.CoefficientDescent.Batch081.certificate_5403' does not depend on any axioms
'Collatz.Research.CoefficientDescent.Batch081.ray_5403' depends on axioms: [propext, Quot.sound]
'Collatz.Research.CoefficientDescent.Batch081.certificate_5405' does not depend on any axioms
'Collatz.Research.CoefficientDescent.Batch081.ray_5405' depends on axioms: [propext, Quot.sound]
'Collatz.Research.CoefficientDescent.Batch081.certificate_5407' does not depend on any axioms
'Collatz.Research.CoefficientDescent.Batch081.ray_5407' depends on axioms: [propext, Quot.sound]
'Collatz.Research.CoefficientDescent.Batch081.certificate_5409' does not depend on any axioms
'Collatz.Research.CoefficientDescent.Batch081.ray_5409' depends on axioms: [propext, Quot.sound]
'Collatz.Research.CoefficientDescent.Batch081.certificate_5411' does not depend on any axioms
'Collatz.Research.CoefficientDescent.Batch081.ray_5411' depends on axioms: [propext, Quot.sound]
'Collatz.Research.CoefficientDescent.Batch081.certificate_5413' does not depend on any axioms
'Collatz.Research.CoefficientDescent.Batch081.ray_5413' depends on axioms: [propext, Quot.sound]
'Collatz.Research.CoefficientDescent.Batch081.certificate_5415' does not depend on any axioms
'Collatz.Research.CoefficientDescent.Batch081.ray_5415' depends on axioms: [propext, Quot.sound]
'Collatz.Research.CoefficientDescent.Batch081.certificate_5417' does not depend on any axioms
'Collatz.Research.CoefficientDescent.Batch081.ray_5417' depends on axioms: [propext, Quot.sound]
'Collatz.Research.CoefficientDescent.Batch081.certificate_5419' does not depend on any axioms
'Collatz.Research.CoefficientDescent.Batch081.ray_5419' depends on axioms: [propext, Quot.sound]
'Collatz.Research.CoefficientDescent.Batch081.certificate_5421' does not depend on any axioms
'Collatz.Research.CoefficientDescent.Batch081.ray_5421' depends on axioms: [propext, Quot.sound]
'Collatz.Research.CoefficientDescent.Batch081.certificate_5423' does not depend on any axioms
'Collatz.Research.CoefficientDescent.Batch081.ray_5423' depends on axioms: [propext, Quot.sound]
'Collatz.Research.CoefficientDescent.Batch081.certificate_5425' does not depend on any axioms
'Collatz.Research.CoefficientDescent.Batch081.ray_5425' depends on axioms: [propext, Quot.sound]
'Collatz.Research.CoefficientDescent.Batch081.coverage' depends on axioms: [propext, Quot.sound]
'Collatz.Research.CoefficientDescent.Batch082.certificate_5427' does not depend on any axioms
'Collatz.Research.CoefficientDescent.Batch082.ray_5427' depends on axioms: [propext, Quot.sound]
'Collatz.Research.CoefficientDescent.Batch082.certificate_5429' does not depend on any axioms
'Collatz.Research.CoefficientDescent.Batch082.ray_5429' depends on axioms: [propext, Quot.sound]
'Collatz.Research.CoefficientDescent.Batch082.certificate_5431' does not depend on any axioms
'Collatz.Research.CoefficientDescent.Batch082.ray_5431' depends on axioms: [propext, Quot.sound]
'Collatz.Research.CoefficientDescent.Batch082.certificate_5433' does not depend on any axioms
'Collatz.Research.CoefficientDescent.Batch082.ray_5433' depends on axioms: [propext, Quot.sound]
'Collatz.Research.CoefficientDescent.Batch082.certificate_5435' does not depend on any axioms
'Collatz.Research.CoefficientDescent.Batch082.ray_5435' depends on axioms: [propext, Quot.sound]
'Collatz.Research.CoefficientDescent.Batch082.certificate_5437' does not depend on any axioms
'Collatz.Research.CoefficientDescent.Batch082.ray_5437' depends on axioms: [propext, Quot.sound]
'Collatz.Research.CoefficientDescent.Batch082.certificate_5439' does not depend on any axioms
'Collatz.Research.CoefficientDescent.Batch082.ray_5439' depends on axioms: [propext, Quot.sound]
'Collatz.Research.CoefficientDescent.Batch082.certificate_5441' does not depend on any axioms
'Collatz.Research.CoefficientDescent.Batch082.ray_5441' depends on axioms: [propext, Quot.sound]
'Collatz.Research.CoefficientDescent.Batch082.certificate_5443' does not depend on any axioms
'Collatz.Research.CoefficientDescent.Batch082.ray_5443' depends on axioms: [propext, Quot.sound]
'Collatz.Research.CoefficientDescent.Batch082.certificate_5445' does not depend on any axioms
'Collatz.Research.CoefficientDescent.Batch082.ray_5445' depends on axioms: [propext, Quot.sound]
'Collatz.Research.CoefficientDescent.Batch082.certificate_5447' does not depend on any axioms
'Collatz.Research.CoefficientDescent.Batch082.ray_5447' depends on axioms: [propext, Quot.sound]
'Collatz.Research.CoefficientDescent.Batch082.certificate_5449' does not depend on any axioms
'Collatz.Research.CoefficientDescent.Batch082.ray_5449' depends on axioms: [propext, Quot.sound]
'Collatz.Research.CoefficientDescent.Batch082.certificate_5451' does not depend on any axioms
'Collatz.Research.CoefficientDescent.Batch082.ray_5451' depends on axioms: [propext, Quot.sound]
'Collatz.Research.CoefficientDescent.Batch082.certificate_5453' does not depend on any axioms
'Collatz.Research.CoefficientDescent.Batch082.ray_5453' depends on axioms: [propext, Quot.sound]
'Collatz.Research.CoefficientDescent.Batch082.certificate_5455' does not depend on any axioms
'Collatz.Research.CoefficientDescent.Batch082.ray_5455' depends on axioms: [propext, Quot.sound]
'Collatz.Research.CoefficientDescent.Batch082.certificate_5457' does not depend on any axioms
'Collatz.Research.CoefficientDescent.Batch082.ray_5457' depends on axioms: [propext, Quot.sound]
'Collatz.Research.CoefficientDescent.Batch082.certificate_5459' does not depend on any axioms
'Collatz.Research.CoefficientDescent.Batch082.ray_5459' depends on axioms: [propext, Quot.sound]
'Collatz.Research.CoefficientDescent.Batch082.certificate_5461' does not depend on any axioms
'Collatz.Research.CoefficientDescent.Batch082.ray_5461' depends on axioms: [propext, Quot.sound]
'Collatz.Research.CoefficientDescent.Batch082.certificate_5463' does not depend on any axioms
'Collatz.Research.CoefficientDescent.Batch082.ray_5463' depends on axioms: [propext, Quot.sound]
'Collatz.Research.CoefficientDescent.Batch082.certificate_5465' does not depend on any axioms
'Collatz.Research.CoefficientDescent.Batch082.ray_5465' depends on axioms: [propext, Quot.sound]
'Collatz.Research.CoefficientDescent.Batch082.certificate_5467' does not depend on any axioms
'Collatz.Research.CoefficientDescent.Batch082.ray_5467' depends on axioms: [propext, Quot.sound]
'Collatz.Research.CoefficientDescent.Batch082.certificate_5469' does not depend on any axioms
'Collatz.Research.CoefficientDescent.Batch082.ray_5469' depends on axioms: [propext, Quot.sound]
'Collatz.Research.CoefficientDescent.Batch082.certificate_5471' does not depend on any axioms
'Collatz.Research.CoefficientDescent.Batch082.ray_5471' depends on axioms: [propext, Quot.sound]
'Collatz.Research.CoefficientDescent.Batch082.certificate_5473' does not depend on any axioms
'Collatz.Research.CoefficientDescent.Batch082.ray_5473' depends on axioms: [propext, Quot.sound]
'Collatz.Research.CoefficientDescent.Batch082.certificate_5475' does not depend on any axioms
'Collatz.Research.CoefficientDescent.Batch082.ray_5475' depends on axioms: [propext, Quot.sound]
'Collatz.Research.CoefficientDescent.Batch082.certificate_5477' does not depend on any axioms
'Collatz.Research.CoefficientDescent.Batch082.ray_5477' depends on axioms: [propext, Quot.sound]
'Collatz.Research.CoefficientDescent.Batch082.certificate_5479' does not depend on any axioms
'Collatz.Research.CoefficientDescent.Batch082.ray_5479' depends on axioms: [propext, Quot.sound]
'Collatz.Research.CoefficientDescent.Batch082.certificate_5481' does not depend on any axioms
'Collatz.Research.CoefficientDescent.Batch082.ray_5481' depends on axioms: [propext, Quot.sound]
'Collatz.Research.CoefficientDescent.Batch082.certificate_5483' does not depend on any axioms
'Collatz.Research.CoefficientDescent.Batch082.ray_5483' depends on axioms: [propext, Quot.sound]
'Collatz.Research.CoefficientDescent.Batch082.certificate_5485' does not depend on any axioms
'Collatz.Research.CoefficientDescent.Batch082.ray_5485' depends on axioms: [propext, Quot.sound]
'Collatz.Research.CoefficientDescent.Batch082.certificate_5487' does not depend on any axioms
'Collatz.Research.CoefficientDescent.Batch082.ray_5487' depends on axioms: [propext, Quot.sound]
'Collatz.Research.CoefficientDescent.Batch082.certificate_5489' does not depend on any axioms
'Collatz.Research.CoefficientDescent.Batch082.ray_5489' depends on axioms: [propext, Quot.sound]
'Collatz.Research.CoefficientDescent.Batch082.certificate_5491' does not depend on any axioms
'Collatz.Research.CoefficientDescent.Batch082.ray_5491' depends on axioms: [propext, Quot.sound]
'Collatz.Research.CoefficientDescent.Batch082.certificate_5493' does not depend on any axioms
'Collatz.Research.CoefficientDescent.Batch082.ray_5493' depends on axioms: [propext, Quot.sound]
'Collatz.Research.CoefficientDescent.Batch082.coverage' depends on axioms: [propext, Quot.sound]
'Collatz.Research.CoefficientDescent.Batch083.certificate_5495' does not depend on any axioms
'Collatz.Research.CoefficientDescent.Batch083.ray_5495' depends on axioms: [propext, Quot.sound]
'Collatz.Research.CoefficientDescent.Batch083.certificate_5497' does not depend on any axioms
'Collatz.Research.CoefficientDescent.Batch083.ray_5497' depends on axioms: [propext, Quot.sound]
'Collatz.Research.CoefficientDescent.Batch083.certificate_5499' does not depend on any axioms
'Collatz.Research.CoefficientDescent.Batch083.ray_5499' depends on axioms: [propext, Quot.sound]
'Collatz.Research.CoefficientDescent.Batch083.certificate_5501' does not depend on any axioms
'Collatz.Research.CoefficientDescent.Batch083.ray_5501' depends on axioms: [propext, Quot.sound]
'Collatz.Research.CoefficientDescent.Batch083.certificate_5503' does not depend on any axioms
'Collatz.Research.CoefficientDescent.Batch083.ray_5503' depends on axioms: [propext, Quot.sound]
'Collatz.Research.CoefficientDescent.Batch083.certificate_5505' does not depend on any axioms
'Collatz.Research.CoefficientDescent.Batch083.ray_5505' depends on axioms: [propext, Quot.sound]
'Collatz.Research.CoefficientDescent.Batch083.certificate_5507' does not depend on any axioms
'Collatz.Research.CoefficientDescent.Batch083.ray_5507' depends on axioms: [propext, Quot.sound]
'Collatz.Research.CoefficientDescent.Batch083.certificate_5509' does not depend on any axioms
'Collatz.Research.CoefficientDescent.Batch083.ray_5509' depends on axioms: [propext, Quot.sound]
'Collatz.Research.CoefficientDescent.Batch083.certificate_5511' does not depend on any axioms
'Collatz.Research.CoefficientDescent.Batch083.ray_5511' depends on axioms: [propext, Quot.sound]
'Collatz.Research.CoefficientDescent.Batch083.certificate_5513' does not depend on any axioms
'Collatz.Research.CoefficientDescent.Batch083.ray_5513' depends on axioms: [propext, Quot.sound]
'Collatz.Research.CoefficientDescent.Batch083.certificate_5515' does not depend on any axioms
'Collatz.Research.CoefficientDescent.Batch083.ray_5515' depends on axioms: [propext, Quot.sound]
'Collatz.Research.CoefficientDescent.Batch083.certificate_5517' does not depend on any axioms
'Collatz.Research.CoefficientDescent.Batch083.ray_5517' depends on axioms: [propext, Quot.sound]
'Collatz.Research.CoefficientDescent.Batch083.certificate_5519' does not depend on any axioms
'Collatz.Research.CoefficientDescent.Batch083.ray_5519' depends on axioms: [propext, Quot.sound]
'Collatz.Research.CoefficientDescent.Batch083.certificate_5521' does not depend on any axioms
'Collatz.Research.CoefficientDescent.Batch083.ray_5521' depends on axioms: [propext, Quot.sound]
'Collatz.Research.CoefficientDescent.Batch083.certificate_5523' does not depend on any axioms
'Collatz.Research.CoefficientDescent.Batch083.ray_5523' depends on axioms: [propext, Quot.sound]
'Collatz.Research.CoefficientDescent.Batch083.certificate_5525' does not depend on any axioms
'Collatz.Research.CoefficientDescent.Batch083.ray_5525' depends on axioms: [propext, Quot.sound]
'Collatz.Research.CoefficientDescent.Batch083.certificate_5527' does not depend on any axioms
'Collatz.Research.CoefficientDescent.Batch083.ray_5527' depends on axioms: [propext, Quot.sound]
'Collatz.Research.CoefficientDescent.Batch083.certificate_5529' does not depend on any axioms
'Collatz.Research.CoefficientDescent.Batch083.ray_5529' depends on axioms: [propext, Quot.sound]
'Collatz.Research.CoefficientDescent.Batch083.certificate_5531' does not depend on any axioms
'Collatz.Research.CoefficientDescent.Batch083.ray_5531' depends on axioms: [propext, Quot.sound]
'Collatz.Research.CoefficientDescent.Batch083.certificate_5533' does not depend on any axioms
'Collatz.Research.CoefficientDescent.Batch083.ray_5533' depends on axioms: [propext, Quot.sound]
'Collatz.Research.CoefficientDescent.Batch083.certificate_5535' does not depend on any axioms
'Collatz.Research.CoefficientDescent.Batch083.ray_5535' depends on axioms: [propext, Quot.sound]
'Collatz.Research.CoefficientDescent.Batch083.certificate_5537' does not depend on any axioms
'Collatz.Research.CoefficientDescent.Batch083.ray_5537' depends on axioms: [propext, Quot.sound]
'Collatz.Research.CoefficientDescent.Batch083.certificate_5539' does not depend on any axioms
'Collatz.Research.CoefficientDescent.Batch083.ray_5539' depends on axioms: [propext, Quot.sound]
'Collatz.Research.CoefficientDescent.Batch083.certificate_5541' does not depend on any axioms
'Collatz.Research.CoefficientDescent.Batch083.ray_5541' depends on axioms: [propext, Quot.sound]
'Collatz.Research.CoefficientDescent.Batch083.certificate_5543' does not depend on any axioms
'Collatz.Research.CoefficientDescent.Batch083.ray_5543' depends on axioms: [propext, Quot.sound]
'Collatz.Research.CoefficientDescent.Batch083.certificate_5545' does not depend on any axioms
'Collatz.Research.CoefficientDescent.Batch083.ray_5545' depends on axioms: [propext, Quot.sound]
'Collatz.Research.CoefficientDescent.Batch083.certificate_5547' does not depend on any axioms
'Collatz.Research.CoefficientDescent.Batch083.ray_5547' depends on axioms: [propext, Quot.sound]
'Collatz.Research.CoefficientDescent.Batch083.certificate_5549' does not depend on any axioms
'Collatz.Research.CoefficientDescent.Batch083.ray_5549' depends on axioms: [propext, Quot.sound]
'Collatz.Research.CoefficientDescent.Batch083.certificate_5551' does not depend on any axioms
'Collatz.Research.CoefficientDescent.Batch083.ray_5551' depends on axioms: [propext, Quot.sound]
'Collatz.Research.CoefficientDescent.Batch083.certificate_5553' does not depend on any axioms
'Collatz.Research.CoefficientDescent.Batch083.ray_5553' depends on axioms: [propext, Quot.sound]
'Collatz.Research.CoefficientDescent.Batch083.certificate_5555' does not depend on any axioms
'Collatz.Research.CoefficientDescent.Batch083.ray_5555' depends on axioms: [propext, Quot.sound]
'Collatz.Research.CoefficientDescent.Batch083.certificate_5557' does not depend on any axioms
'Collatz.Research.CoefficientDescent.Batch083.ray_5557' depends on axioms: [propext, Quot.sound]
'Collatz.Research.CoefficientDescent.Batch083.certificate_5559' does not depend on any axioms
'Collatz.Research.CoefficientDescent.Batch083.ray_5559' depends on axioms: [propext, Quot.sound]
'Collatz.Research.CoefficientDescent.Batch083.coverage' depends on axioms: [propext, Quot.sound]
'Collatz.Research.CoefficientDescent.Batch084.certificate_5561' does not depend on any axioms
'Collatz.Research.CoefficientDescent.Batch084.ray_5561' depends on axioms: [propext, Quot.sound]
'Collatz.Research.CoefficientDescent.Batch084.certificate_5563' does not depend on any axioms
'Collatz.Research.CoefficientDescent.Batch084.ray_5563' depends on axioms: [propext, Quot.sound]
'Collatz.Research.CoefficientDescent.Batch084.certificate_5565' does not depend on any axioms
'Collatz.Research.CoefficientDescent.Batch084.ray_5565' depends on axioms: [propext, Quot.sound]
'Collatz.Research.CoefficientDescent.Batch084.certificate_5567' does not depend on any axioms
'Collatz.Research.CoefficientDescent.Batch084.ray_5567' depends on axioms: [propext, Quot.sound]
'Collatz.Research.CoefficientDescent.Batch084.certificate_5569' does not depend on any axioms
'Collatz.Research.CoefficientDescent.Batch084.ray_5569' depends on axioms: [propext, Quot.sound]
'Collatz.Research.CoefficientDescent.Batch084.certificate_5571' does not depend on any axioms
'Collatz.Research.CoefficientDescent.Batch084.ray_5571' depends on axioms: [propext, Quot.sound]
'Collatz.Research.CoefficientDescent.Batch084.certificate_5573' does not depend on any axioms
'Collatz.Research.CoefficientDescent.Batch084.ray_5573' depends on axioms: [propext, Quot.sound]
'Collatz.Research.CoefficientDescent.Batch084.certificate_5575' does not depend on any axioms
'Collatz.Research.CoefficientDescent.Batch084.ray_5575' depends on axioms: [propext, Quot.sound]
'Collatz.Research.CoefficientDescent.Batch084.certificate_5577' does not depend on any axioms
'Collatz.Research.CoefficientDescent.Batch084.ray_5577' depends on axioms: [propext, Quot.sound]
'Collatz.Research.CoefficientDescent.Batch084.certificate_5579' does not depend on any axioms
'Collatz.Research.CoefficientDescent.Batch084.ray_5579' depends on axioms: [propext, Quot.sound]
'Collatz.Research.CoefficientDescent.Batch084.certificate_5581' does not depend on any axioms
'Collatz.Research.CoefficientDescent.Batch084.ray_5581' depends on axioms: [propext, Quot.sound]
'Collatz.Research.CoefficientDescent.Batch084.certificate_5583' does not depend on any axioms
'Collatz.Research.CoefficientDescent.Batch084.ray_5583' depends on axioms: [propext, Quot.sound]
'Collatz.Research.CoefficientDescent.Batch084.certificate_5585' does not depend on any axioms
'Collatz.Research.CoefficientDescent.Batch084.ray_5585' depends on axioms: [propext, Quot.sound]
'Collatz.Research.CoefficientDescent.Batch084.certificate_5587' does not depend on any axioms
'Collatz.Research.CoefficientDescent.Batch084.ray_5587' depends on axioms: [propext, Quot.sound]
'Collatz.Research.CoefficientDescent.Batch084.certificate_5589' does not depend on any axioms
'Collatz.Research.CoefficientDescent.Batch084.ray_5589' depends on axioms: [propext, Quot.sound]
'Collatz.Research.CoefficientDescent.Batch084.certificate_5591' does not depend on any axioms
'Collatz.Research.CoefficientDescent.Batch084.ray_5591' depends on axioms: [propext, Quot.sound]
'Collatz.Research.CoefficientDescent.Batch084.certificate_5593' does not depend on any axioms
'Collatz.Research.CoefficientDescent.Batch084.ray_5593' depends on axioms: [propext, Quot.sound]
'Collatz.Research.CoefficientDescent.Batch084.certificate_5595' does not depend on any axioms
'Collatz.Research.CoefficientDescent.Batch084.ray_5595' depends on axioms: [propext, Quot.sound]
'Collatz.Research.CoefficientDescent.Batch084.certificate_5597' does not depend on any axioms
'Collatz.Research.CoefficientDescent.Batch084.ray_5597' depends on axioms: [propext, Quot.sound]
'Collatz.Research.CoefficientDescent.Batch084.certificate_5599' does not depend on any axioms
'Collatz.Research.CoefficientDescent.Batch084.ray_5599' depends on axioms: [propext, Quot.sound]
'Collatz.Research.CoefficientDescent.Batch084.certificate_5601' does not depend on any axioms
'Collatz.Research.CoefficientDescent.Batch084.ray_5601' depends on axioms: [propext, Quot.sound]
'Collatz.Research.CoefficientDescent.Batch084.certificate_5603' does not depend on any axioms
'Collatz.Research.CoefficientDescent.Batch084.ray_5603' depends on axioms: [propext, Quot.sound]
'Collatz.Research.CoefficientDescent.Batch084.certificate_5605' does not depend on any axioms
'Collatz.Research.CoefficientDescent.Batch084.ray_5605' depends on axioms: [propext, Quot.sound]
'Collatz.Research.CoefficientDescent.Batch084.certificate_5607' does not depend on any axioms
'Collatz.Research.CoefficientDescent.Batch084.ray_5607' depends on axioms: [propext, Quot.sound]
'Collatz.Research.CoefficientDescent.Batch084.certificate_5609' does not depend on any axioms
'Collatz.Research.CoefficientDescent.Batch084.ray_5609' depends on axioms: [propext, Quot.sound]
'Collatz.Research.CoefficientDescent.Batch084.certificate_5611' does not depend on any axioms
'Collatz.Research.CoefficientDescent.Batch084.ray_5611' depends on axioms: [propext, Quot.sound]
'Collatz.Research.CoefficientDescent.Batch084.certificate_5613' does not depend on any axioms
'Collatz.Research.CoefficientDescent.Batch084.ray_5613' depends on axioms: [propext, Quot.sound]
'Collatz.Research.CoefficientDescent.Batch084.certificate_5615' does not depend on any axioms
'Collatz.Research.CoefficientDescent.Batch084.ray_5615' depends on axioms: [propext, Quot.sound]
'Collatz.Research.CoefficientDescent.Batch084.certificate_5617' does not depend on any axioms
'Collatz.Research.CoefficientDescent.Batch084.ray_5617' depends on axioms: [propext, Quot.sound]
'Collatz.Research.CoefficientDescent.Batch084.certificate_5619' does not depend on any axioms
'Collatz.Research.CoefficientDescent.Batch084.ray_5619' depends on axioms: [propext, Quot.sound]
'Collatz.Research.CoefficientDescent.Batch084.certificate_5621' does not depend on any axioms
'Collatz.Research.CoefficientDescent.Batch084.ray_5621' depends on axioms: [propext, Quot.sound]
'Collatz.Research.CoefficientDescent.Batch084.certificate_5623' does not depend on any axioms
'Collatz.Research.CoefficientDescent.Batch084.ray_5623' depends on axioms: [propext, Quot.sound]
'Collatz.Research.CoefficientDescent.Batch084.certificate_5625' does not depend on any axioms
'Collatz.Research.CoefficientDescent.Batch084.ray_5625' depends on axioms: [propext, Quot.sound]
'Collatz.Research.CoefficientDescent.Batch084.certificate_5627' does not depend on any axioms
'Collatz.Research.CoefficientDescent.Batch084.ray_5627' depends on axioms: [propext, Quot.sound]
'Collatz.Research.CoefficientDescent.Batch084.coverage' depends on axioms: [propext, Quot.sound]
'Collatz.Research.CoefficientDescent.Batch085.certificate_5629' does not depend on any axioms
'Collatz.Research.CoefficientDescent.Batch085.ray_5629' depends on axioms: [propext, Quot.sound]
'Collatz.Research.CoefficientDescent.Batch085.certificate_5631' does not depend on any axioms
'Collatz.Research.CoefficientDescent.Batch085.ray_5631' depends on axioms: [propext, Quot.sound]
'Collatz.Research.CoefficientDescent.Batch085.certificate_5633' does not depend on any axioms
'Collatz.Research.CoefficientDescent.Batch085.ray_5633' depends on axioms: [propext, Quot.sound]
'Collatz.Research.CoefficientDescent.Batch085.certificate_5635' does not depend on any axioms
'Collatz.Research.CoefficientDescent.Batch085.ray_5635' depends on axioms: [propext, Quot.sound]
'Collatz.Research.CoefficientDescent.Batch085.certificate_5637' does not depend on any axioms
'Collatz.Research.CoefficientDescent.Batch085.ray_5637' depends on axioms: [propext, Quot.sound]
'Collatz.Research.CoefficientDescent.Batch085.certificate_5639' does not depend on any axioms
'Collatz.Research.CoefficientDescent.Batch085.ray_5639' depends on axioms: [propext, Quot.sound]
'Collatz.Research.CoefficientDescent.Batch085.certificate_5641' does not depend on any axioms
'Collatz.Research.CoefficientDescent.Batch085.ray_5641' depends on axioms: [propext, Quot.sound]
'Collatz.Research.CoefficientDescent.Batch085.certificate_5643' does not depend on any axioms
'Collatz.Research.CoefficientDescent.Batch085.ray_5643' depends on axioms: [propext, Quot.sound]
'Collatz.Research.CoefficientDescent.Batch085.certificate_5645' does not depend on any axioms
'Collatz.Research.CoefficientDescent.Batch085.ray_5645' depends on axioms: [propext, Quot.sound]
'Collatz.Research.CoefficientDescent.Batch085.certificate_5647' does not depend on any axioms
'Collatz.Research.CoefficientDescent.Batch085.ray_5647' depends on axioms: [propext, Quot.sound]
'Collatz.Research.CoefficientDescent.Batch085.certificate_5649' does not depend on any axioms
'Collatz.Research.CoefficientDescent.Batch085.ray_5649' depends on axioms: [propext, Quot.sound]
'Collatz.Research.CoefficientDescent.Batch085.certificate_5651' does not depend on any axioms
'Collatz.Research.CoefficientDescent.Batch085.ray_5651' depends on axioms: [propext, Quot.sound]
'Collatz.Research.CoefficientDescent.Batch085.certificate_5653' does not depend on any axioms
'Collatz.Research.CoefficientDescent.Batch085.ray_5653' depends on axioms: [propext, Quot.sound]
'Collatz.Research.CoefficientDescent.Batch085.certificate_5655' does not depend on any axioms
'Collatz.Research.CoefficientDescent.Batch085.ray_5655' depends on axioms: [propext, Quot.sound]
'Collatz.Research.CoefficientDescent.Batch085.certificate_5657' does not depend on any axioms
'Collatz.Research.CoefficientDescent.Batch085.ray_5657' depends on axioms: [propext, Quot.sound]
'Collatz.Research.CoefficientDescent.Batch085.certificate_5659' does not depend on any axioms
'Collatz.Research.CoefficientDescent.Batch085.ray_5659' depends on axioms: [propext, Quot.sound]
'Collatz.Research.CoefficientDescent.Batch085.certificate_5661' does not depend on any axioms
'Collatz.Research.CoefficientDescent.Batch085.ray_5661' depends on axioms: [propext, Quot.sound]
'Collatz.Research.CoefficientDescent.Batch085.certificate_5663' does not depend on any axioms
'Collatz.Research.CoefficientDescent.Batch085.ray_5663' depends on axioms: [propext, Quot.sound]
'Collatz.Research.CoefficientDescent.Batch085.certificate_5665' does not depend on any axioms
'Collatz.Research.CoefficientDescent.Batch085.ray_5665' depends on axioms: [propext, Quot.sound]
'Collatz.Research.CoefficientDescent.Batch085.certificate_5667' does not depend on any axioms
'Collatz.Research.CoefficientDescent.Batch085.ray_5667' depends on axioms: [propext, Quot.sound]
'Collatz.Research.CoefficientDescent.Batch085.certificate_5669' does not depend on any axioms
'Collatz.Research.CoefficientDescent.Batch085.ray_5669' depends on axioms: [propext, Quot.sound]
'Collatz.Research.CoefficientDescent.Batch085.certificate_5671' does not depend on any axioms
'Collatz.Research.CoefficientDescent.Batch085.ray_5671' depends on axioms: [propext, Quot.sound]
'Collatz.Research.CoefficientDescent.Batch085.certificate_5673' does not depend on any axioms
'Collatz.Research.CoefficientDescent.Batch085.ray_5673' depends on axioms: [propext, Quot.sound]
'Collatz.Research.CoefficientDescent.Batch085.certificate_5675' does not depend on any axioms
'Collatz.Research.CoefficientDescent.Batch085.ray_5675' depends on axioms: [propext, Quot.sound]
'Collatz.Research.CoefficientDescent.Batch085.certificate_5677' does not depend on any axioms
'Collatz.Research.CoefficientDescent.Batch085.ray_5677' depends on axioms: [propext, Quot.sound]
'Collatz.Research.CoefficientDescent.Batch085.certificate_5679' does not depend on any axioms
'Collatz.Research.CoefficientDescent.Batch085.ray_5679' depends on axioms: [propext, Quot.sound]
'Collatz.Research.CoefficientDescent.Batch085.certificate_5681' does not depend on any axioms
'Collatz.Research.CoefficientDescent.Batch085.ray_5681' depends on axioms: [propext, Quot.sound]
'Collatz.Research.CoefficientDescent.Batch085.certificate_5683' does not depend on any axioms
'Collatz.Research.CoefficientDescent.Batch085.ray_5683' depends on axioms: [propext, Quot.sound]
'Collatz.Research.CoefficientDescent.Batch085.certificate_5685' does not depend on any axioms
'Collatz.Research.CoefficientDescent.Batch085.ray_5685' depends on axioms: [propext, Quot.sound]
'Collatz.Research.CoefficientDescent.Batch085.certificate_5687' does not depend on any axioms
'Collatz.Research.CoefficientDescent.Batch085.ray_5687' depends on axioms: [propext, Quot.sound]
'Collatz.Research.CoefficientDescent.Batch085.certificate_5689' does not depend on any axioms
'Collatz.Research.CoefficientDescent.Batch085.ray_5689' depends on axioms: [propext, Quot.sound]
'Collatz.Research.CoefficientDescent.Batch085.certificate_5691' does not depend on any axioms
'Collatz.Research.CoefficientDescent.Batch085.ray_5691' depends on axioms: [propext, Quot.sound]
'Collatz.Research.CoefficientDescent.Batch085.certificate_5693' does not depend on any axioms
'Collatz.Research.CoefficientDescent.Batch085.ray_5693' depends on axioms: [propext, Quot.sound]
'Collatz.Research.CoefficientDescent.Batch085.coverage' depends on axioms: [propext, Quot.sound]
'Collatz.Research.CoefficientDescent.Batch086.certificate_5695' does not depend on any axioms
'Collatz.Research.CoefficientDescent.Batch086.ray_5695' depends on axioms: [propext, Quot.sound]
'Collatz.Research.CoefficientDescent.Batch086.certificate_5697' does not depend on any axioms
'Collatz.Research.CoefficientDescent.Batch086.ray_5697' depends on axioms: [propext, Quot.sound]
'Collatz.Research.CoefficientDescent.Batch086.certificate_5699' does not depend on any axioms
'Collatz.Research.CoefficientDescent.Batch086.ray_5699' depends on axioms: [propext, Quot.sound]
'Collatz.Research.CoefficientDescent.Batch086.certificate_5701' does not depend on any axioms
'Collatz.Research.CoefficientDescent.Batch086.ray_5701' depends on axioms: [propext, Quot.sound]
'Collatz.Research.CoefficientDescent.Batch086.certificate_5703' does not depend on any axioms
'Collatz.Research.CoefficientDescent.Batch086.ray_5703' depends on axioms: [propext, Quot.sound]
'Collatz.Research.CoefficientDescent.Batch086.certificate_5705' does not depend on any axioms
'Collatz.Research.CoefficientDescent.Batch086.ray_5705' depends on axioms: [propext, Quot.sound]
'Collatz.Research.CoefficientDescent.Batch086.certificate_5707' does not depend on any axioms
'Collatz.Research.CoefficientDescent.Batch086.ray_5707' depends on axioms: [propext, Quot.sound]
'Collatz.Research.CoefficientDescent.Batch086.certificate_5709' does not depend on any axioms
'Collatz.Research.CoefficientDescent.Batch086.ray_5709' depends on axioms: [propext, Quot.sound]
'Collatz.Research.CoefficientDescent.Batch086.certificate_5711' does not depend on any axioms
'Collatz.Research.CoefficientDescent.Batch086.ray_5711' depends on axioms: [propext, Quot.sound]
'Collatz.Research.CoefficientDescent.Batch086.certificate_5713' does not depend on any axioms
'Collatz.Research.CoefficientDescent.Batch086.ray_5713' depends on axioms: [propext, Quot.sound]
'Collatz.Research.CoefficientDescent.Batch086.certificate_5715' does not depend on any axioms
'Collatz.Research.CoefficientDescent.Batch086.ray_5715' depends on axioms: [propext, Quot.sound]
'Collatz.Research.CoefficientDescent.Batch086.certificate_5717' does not depend on any axioms
'Collatz.Research.CoefficientDescent.Batch086.ray_5717' depends on axioms: [propext, Quot.sound]
'Collatz.Research.CoefficientDescent.Batch086.certificate_5719' does not depend on any axioms
'Collatz.Research.CoefficientDescent.Batch086.ray_5719' depends on axioms: [propext, Quot.sound]
'Collatz.Research.CoefficientDescent.Batch086.certificate_5721' does not depend on any axioms
'Collatz.Research.CoefficientDescent.Batch086.ray_5721' depends on axioms: [propext, Quot.sound]
'Collatz.Research.CoefficientDescent.Batch086.certificate_5723' does not depend on any axioms
'Collatz.Research.CoefficientDescent.Batch086.ray_5723' depends on axioms: [propext, Quot.sound]
'Collatz.Research.CoefficientDescent.Batch086.certificate_5725' does not depend on any axioms
'Collatz.Research.CoefficientDescent.Batch086.ray_5725' depends on axioms: [propext, Quot.sound]
'Collatz.Research.CoefficientDescent.Batch086.certificate_5727' does not depend on any axioms
'Collatz.Research.CoefficientDescent.Batch086.ray_5727' depends on axioms: [propext, Quot.sound]
'Collatz.Research.CoefficientDescent.Batch086.certificate_5729' does not depend on any axioms
'Collatz.Research.CoefficientDescent.Batch086.ray_5729' depends on axioms: [propext, Quot.sound]
'Collatz.Research.CoefficientDescent.Batch086.certificate_5731' does not depend on any axioms
'Collatz.Research.CoefficientDescent.Batch086.ray_5731' depends on axioms: [propext, Quot.sound]
'Collatz.Research.CoefficientDescent.Batch086.certificate_5733' does not depend on any axioms
'Collatz.Research.CoefficientDescent.Batch086.ray_5733' depends on axioms: [propext, Quot.sound]
'Collatz.Research.CoefficientDescent.Batch086.certificate_5735' does not depend on any axioms
'Collatz.Research.CoefficientDescent.Batch086.ray_5735' depends on axioms: [propext, Quot.sound]
'Collatz.Research.CoefficientDescent.Batch086.certificate_5737' does not depend on any axioms
'Collatz.Research.CoefficientDescent.Batch086.ray_5737' depends on axioms: [propext, Quot.sound]
'Collatz.Research.CoefficientDescent.Batch086.certificate_5739' does not depend on any axioms
'Collatz.Research.CoefficientDescent.Batch086.ray_5739' depends on axioms: [propext, Quot.sound]
'Collatz.Research.CoefficientDescent.Batch086.certificate_5741' does not depend on any axioms
'Collatz.Research.CoefficientDescent.Batch086.ray_5741' depends on axioms: [propext, Quot.sound]
'Collatz.Research.CoefficientDescent.Batch086.certificate_5743' does not depend on any axioms
'Collatz.Research.CoefficientDescent.Batch086.ray_5743' depends on axioms: [propext, Quot.sound]
'Collatz.Research.CoefficientDescent.Batch086.certificate_5745' does not depend on any axioms
'Collatz.Research.CoefficientDescent.Batch086.ray_5745' depends on axioms: [propext, Quot.sound]
'Collatz.Research.CoefficientDescent.Batch086.certificate_5747' does not depend on any axioms
'Collatz.Research.CoefficientDescent.Batch086.ray_5747' depends on axioms: [propext, Quot.sound]
'Collatz.Research.CoefficientDescent.Batch086.certificate_5749' does not depend on any axioms
'Collatz.Research.CoefficientDescent.Batch086.ray_5749' depends on axioms: [propext, Quot.sound]
'Collatz.Research.CoefficientDescent.Batch086.certificate_5751' does not depend on any axioms
'Collatz.Research.CoefficientDescent.Batch086.ray_5751' depends on axioms: [propext, Quot.sound]
'Collatz.Research.CoefficientDescent.Batch086.certificate_5753' does not depend on any axioms
'Collatz.Research.CoefficientDescent.Batch086.ray_5753' depends on axioms: [propext, Quot.sound]
'Collatz.Research.CoefficientDescent.Batch086.certificate_5755' does not depend on any axioms
'Collatz.Research.CoefficientDescent.Batch086.ray_5755' depends on axioms: [propext, Quot.sound]
'Collatz.Research.CoefficientDescent.Batch086.certificate_5757' does not depend on any axioms
'Collatz.Research.CoefficientDescent.Batch086.ray_5757' depends on axioms: [propext, Quot.sound]
'Collatz.Research.CoefficientDescent.Batch086.certificate_5759' does not depend on any axioms
'Collatz.Research.CoefficientDescent.Batch086.ray_5759' depends on axioms: [propext, Quot.sound]
'Collatz.Research.CoefficientDescent.Batch086.certificate_5761' does not depend on any axioms
'Collatz.Research.CoefficientDescent.Batch086.ray_5761' depends on axioms: [propext, Quot.sound]
'Collatz.Research.CoefficientDescent.Batch086.coverage' depends on axioms: [propext, Quot.sound]
'Collatz.Research.CoefficientDescent.Batch087.certificate_5763' does not depend on any axioms
'Collatz.Research.CoefficientDescent.Batch087.ray_5763' depends on axioms: [propext, Quot.sound]
'Collatz.Research.CoefficientDescent.Batch087.certificate_5765' does not depend on any axioms
'Collatz.Research.CoefficientDescent.Batch087.ray_5765' depends on axioms: [propext, Quot.sound]
'Collatz.Research.CoefficientDescent.Batch087.certificate_5767' does not depend on any axioms
'Collatz.Research.CoefficientDescent.Batch087.ray_5767' depends on axioms: [propext, Quot.sound]
'Collatz.Research.CoefficientDescent.Batch087.certificate_5769' does not depend on any axioms
'Collatz.Research.CoefficientDescent.Batch087.ray_5769' depends on axioms: [propext, Quot.sound]
'Collatz.Research.CoefficientDescent.Batch087.certificate_5771' does not depend on any axioms
'Collatz.Research.CoefficientDescent.Batch087.ray_5771' depends on axioms: [propext, Quot.sound]
'Collatz.Research.CoefficientDescent.Batch087.certificate_5773' does not depend on any axioms
'Collatz.Research.CoefficientDescent.Batch087.ray_5773' depends on axioms: [propext, Quot.sound]
'Collatz.Research.CoefficientDescent.Batch087.certificate_5775' does not depend on any axioms
'Collatz.Research.CoefficientDescent.Batch087.ray_5775' depends on axioms: [propext, Quot.sound]
'Collatz.Research.CoefficientDescent.Batch087.certificate_5777' does not depend on any axioms
'Collatz.Research.CoefficientDescent.Batch087.ray_5777' depends on axioms: [propext, Quot.sound]
'Collatz.Research.CoefficientDescent.Batch087.certificate_5779' does not depend on any axioms
'Collatz.Research.CoefficientDescent.Batch087.ray_5779' depends on axioms: [propext, Quot.sound]
'Collatz.Research.CoefficientDescent.Batch087.certificate_5781' does not depend on any axioms
'Collatz.Research.CoefficientDescent.Batch087.ray_5781' depends on axioms: [propext, Quot.sound]
'Collatz.Research.CoefficientDescent.Batch087.certificate_5783' does not depend on any axioms
'Collatz.Research.CoefficientDescent.Batch087.ray_5783' depends on axioms: [propext, Quot.sound]
'Collatz.Research.CoefficientDescent.Batch087.certificate_5785' does not depend on any axioms
'Collatz.Research.CoefficientDescent.Batch087.ray_5785' depends on axioms: [propext, Quot.sound]
'Collatz.Research.CoefficientDescent.Batch087.certificate_5787' does not depend on any axioms
'Collatz.Research.CoefficientDescent.Batch087.ray_5787' depends on axioms: [propext, Quot.sound]
'Collatz.Research.CoefficientDescent.Batch087.certificate_5789' does not depend on any axioms
'Collatz.Research.CoefficientDescent.Batch087.ray_5789' depends on axioms: [propext, Quot.sound]
'Collatz.Research.CoefficientDescent.Batch087.certificate_5791' does not depend on any axioms
'Collatz.Research.CoefficientDescent.Batch087.ray_5791' depends on axioms: [propext, Quot.sound]
'Collatz.Research.CoefficientDescent.Batch087.certificate_5793' does not depend on any axioms
'Collatz.Research.CoefficientDescent.Batch087.ray_5793' depends on axioms: [propext, Quot.sound]
'Collatz.Research.CoefficientDescent.Batch087.certificate_5795' does not depend on any axioms
'Collatz.Research.CoefficientDescent.Batch087.ray_5795' depends on axioms: [propext, Quot.sound]
'Collatz.Research.CoefficientDescent.Batch087.certificate_5797' does not depend on any axioms
'Collatz.Research.CoefficientDescent.Batch087.ray_5797' depends on axioms: [propext, Quot.sound]
'Collatz.Research.CoefficientDescent.Batch087.certificate_5799' does not depend on any axioms
'Collatz.Research.CoefficientDescent.Batch087.ray_5799' depends on axioms: [propext, Quot.sound]
'Collatz.Research.CoefficientDescent.Batch087.certificate_5801' does not depend on any axioms
'Collatz.Research.CoefficientDescent.Batch087.ray_5801' depends on axioms: [propext, Quot.sound]
'Collatz.Research.CoefficientDescent.Batch087.certificate_5803' does not depend on any axioms
'Collatz.Research.CoefficientDescent.Batch087.ray_5803' depends on axioms: [propext, Quot.sound]
'Collatz.Research.CoefficientDescent.Batch087.certificate_5805' does not depend on any axioms
'Collatz.Research.CoefficientDescent.Batch087.ray_5805' depends on axioms: [propext, Quot.sound]
'Collatz.Research.CoefficientDescent.Batch087.certificate_5807' does not depend on any axioms
'Collatz.Research.CoefficientDescent.Batch087.ray_5807' depends on axioms: [propext, Quot.sound]
'Collatz.Research.CoefficientDescent.Batch087.certificate_5809' does not depend on any axioms
'Collatz.Research.CoefficientDescent.Batch087.ray_5809' depends on axioms: [propext, Quot.sound]
'Collatz.Research.CoefficientDescent.Batch087.certificate_5811' does not depend on any axioms
'Collatz.Research.CoefficientDescent.Batch087.ray_5811' depends on axioms: [propext, Quot.sound]
'Collatz.Research.CoefficientDescent.Batch087.certificate_5813' does not depend on any axioms
'Collatz.Research.CoefficientDescent.Batch087.ray_5813' depends on axioms: [propext, Quot.sound]
'Collatz.Research.CoefficientDescent.Batch087.certificate_5815' does not depend on any axioms
'Collatz.Research.CoefficientDescent.Batch087.ray_5815' depends on axioms: [propext, Quot.sound]
'Collatz.Research.CoefficientDescent.Batch087.certificate_5817' does not depend on any axioms
'Collatz.Research.CoefficientDescent.Batch087.ray_5817' depends on axioms: [propext, Quot.sound]
'Collatz.Research.CoefficientDescent.Batch087.certificate_5819' does not depend on any axioms
'Collatz.Research.CoefficientDescent.Batch087.ray_5819' depends on axioms: [propext, Quot.sound]
'Collatz.Research.CoefficientDescent.Batch087.certificate_5821' does not depend on any axioms
'Collatz.Research.CoefficientDescent.Batch087.ray_5821' depends on axioms: [propext, Quot.sound]
'Collatz.Research.CoefficientDescent.Batch087.certificate_5823' does not depend on any axioms
'Collatz.Research.CoefficientDescent.Batch087.ray_5823' depends on axioms: [propext, Quot.sound]
'Collatz.Research.CoefficientDescent.Batch087.certificate_5825' does not depend on any axioms
'Collatz.Research.CoefficientDescent.Batch087.ray_5825' depends on axioms: [propext, Quot.sound]
'Collatz.Research.CoefficientDescent.Batch087.certificate_5827' does not depend on any axioms
'Collatz.Research.CoefficientDescent.Batch087.ray_5827' depends on axioms: [propext, Quot.sound]
'Collatz.Research.CoefficientDescent.Batch087.coverage' depends on axioms: [propext, Quot.sound]
'Collatz.Research.CoefficientDescent.Batch088.certificate_5829' does not depend on any axioms
'Collatz.Research.CoefficientDescent.Batch088.ray_5829' depends on axioms: [propext, Quot.sound]
'Collatz.Research.CoefficientDescent.Batch088.certificate_5831' does not depend on any axioms
'Collatz.Research.CoefficientDescent.Batch088.ray_5831' depends on axioms: [propext, Quot.sound]
'Collatz.Research.CoefficientDescent.Batch088.certificate_5833' does not depend on any axioms
'Collatz.Research.CoefficientDescent.Batch088.ray_5833' depends on axioms: [propext, Quot.sound]
'Collatz.Research.CoefficientDescent.Batch088.certificate_5835' does not depend on any axioms
'Collatz.Research.CoefficientDescent.Batch088.ray_5835' depends on axioms: [propext, Quot.sound]
'Collatz.Research.CoefficientDescent.Batch088.certificate_5837' does not depend on any axioms
'Collatz.Research.CoefficientDescent.Batch088.ray_5837' depends on axioms: [propext, Quot.sound]
'Collatz.Research.CoefficientDescent.Batch088.certificate_5839' does not depend on any axioms
'Collatz.Research.CoefficientDescent.Batch088.ray_5839' depends on axioms: [propext, Quot.sound]
'Collatz.Research.CoefficientDescent.Batch088.certificate_5841' does not depend on any axioms
'Collatz.Research.CoefficientDescent.Batch088.ray_5841' depends on axioms: [propext, Quot.sound]
'Collatz.Research.CoefficientDescent.Batch088.certificate_5843' does not depend on any axioms
'Collatz.Research.CoefficientDescent.Batch088.ray_5843' depends on axioms: [propext, Quot.sound]
'Collatz.Research.CoefficientDescent.Batch088.certificate_5845' does not depend on any axioms
'Collatz.Research.CoefficientDescent.Batch088.ray_5845' depends on axioms: [propext, Quot.sound]
'Collatz.Research.CoefficientDescent.Batch088.certificate_5847' does not depend on any axioms
'Collatz.Research.CoefficientDescent.Batch088.ray_5847' depends on axioms: [propext, Quot.sound]
'Collatz.Research.CoefficientDescent.Batch088.certificate_5849' does not depend on any axioms
'Collatz.Research.CoefficientDescent.Batch088.ray_5849' depends on axioms: [propext, Quot.sound]
'Collatz.Research.CoefficientDescent.Batch088.certificate_5851' does not depend on any axioms
'Collatz.Research.CoefficientDescent.Batch088.ray_5851' depends on axioms: [propext, Quot.sound]
'Collatz.Research.CoefficientDescent.Batch088.certificate_5853' does not depend on any axioms
'Collatz.Research.CoefficientDescent.Batch088.ray_5853' depends on axioms: [propext, Quot.sound]
'Collatz.Research.CoefficientDescent.Batch088.certificate_5855' does not depend on any axioms
'Collatz.Research.CoefficientDescent.Batch088.ray_5855' depends on axioms: [propext, Quot.sound]
'Collatz.Research.CoefficientDescent.Batch088.certificate_5857' does not depend on any axioms
'Collatz.Research.CoefficientDescent.Batch088.ray_5857' depends on axioms: [propext, Quot.sound]
'Collatz.Research.CoefficientDescent.Batch088.certificate_5859' does not depend on any axioms
'Collatz.Research.CoefficientDescent.Batch088.ray_5859' depends on axioms: [propext, Quot.sound]
'Collatz.Research.CoefficientDescent.Batch088.certificate_5861' does not depend on any axioms
'Collatz.Research.CoefficientDescent.Batch088.ray_5861' depends on axioms: [propext, Quot.sound]
'Collatz.Research.CoefficientDescent.Batch088.certificate_5863' does not depend on any axioms
'Collatz.Research.CoefficientDescent.Batch088.ray_5863' depends on axioms: [propext, Quot.sound]
'Collatz.Research.CoefficientDescent.Batch088.certificate_5865' does not depend on any axioms
'Collatz.Research.CoefficientDescent.Batch088.ray_5865' depends on axioms: [propext, Quot.sound]
'Collatz.Research.CoefficientDescent.Batch088.certificate_5867' does not depend on any axioms
'Collatz.Research.CoefficientDescent.Batch088.ray_5867' depends on axioms: [propext, Quot.sound]
'Collatz.Research.CoefficientDescent.Batch088.certificate_5869' does not depend on any axioms
'Collatz.Research.CoefficientDescent.Batch088.ray_5869' depends on axioms: [propext, Quot.sound]
'Collatz.Research.CoefficientDescent.Batch088.certificate_5871' does not depend on any axioms
'Collatz.Research.CoefficientDescent.Batch088.ray_5871' depends on axioms: [propext, Quot.sound]
'Collatz.Research.CoefficientDescent.Batch088.certificate_5873' does not depend on any axioms
'Collatz.Research.CoefficientDescent.Batch088.ray_5873' depends on axioms: [propext, Quot.sound]
'Collatz.Research.CoefficientDescent.Batch088.certificate_5875' does not depend on any axioms
'Collatz.Research.CoefficientDescent.Batch088.ray_5875' depends on axioms: [propext, Quot.sound]
'Collatz.Research.CoefficientDescent.Batch088.certificate_5877' does not depend on any axioms
'Collatz.Research.CoefficientDescent.Batch088.ray_5877' depends on axioms: [propext, Quot.sound]
'Collatz.Research.CoefficientDescent.Batch088.certificate_5879' does not depend on any axioms
'Collatz.Research.CoefficientDescent.Batch088.ray_5879' depends on axioms: [propext, Quot.sound]
'Collatz.Research.CoefficientDescent.Batch088.certificate_5881' does not depend on any axioms
'Collatz.Research.CoefficientDescent.Batch088.ray_5881' depends on axioms: [propext, Quot.sound]
'Collatz.Research.CoefficientDescent.Batch088.certificate_5883' does not depend on any axioms
'Collatz.Research.CoefficientDescent.Batch088.ray_5883' depends on axioms: [propext, Quot.sound]
'Collatz.Research.CoefficientDescent.Batch088.certificate_5885' does not depend on any axioms
'Collatz.Research.CoefficientDescent.Batch088.ray_5885' depends on axioms: [propext, Quot.sound]
'Collatz.Research.CoefficientDescent.Batch088.certificate_5887' does not depend on any axioms
'Collatz.Research.CoefficientDescent.Batch088.ray_5887' depends on axioms: [propext, Quot.sound]
'Collatz.Research.CoefficientDescent.Batch088.certificate_5889' does not depend on any axioms
'Collatz.Research.CoefficientDescent.Batch088.ray_5889' depends on axioms: [propext, Quot.sound]
'Collatz.Research.CoefficientDescent.Batch088.certificate_5891' does not depend on any axioms
'Collatz.Research.CoefficientDescent.Batch088.ray_5891' depends on axioms: [propext, Quot.sound]
'Collatz.Research.CoefficientDescent.Batch088.certificate_5893' does not depend on any axioms
'Collatz.Research.CoefficientDescent.Batch088.ray_5893' depends on axioms: [propext, Quot.sound]
'Collatz.Research.CoefficientDescent.Batch088.certificate_5895' does not depend on any axioms
'Collatz.Research.CoefficientDescent.Batch088.ray_5895' depends on axioms: [propext, Quot.sound]
'Collatz.Research.CoefficientDescent.Batch088.coverage' depends on axioms: [propext, Quot.sound]
'Collatz.Research.CoefficientDescent.Batch089.certificate_5897' does not depend on any axioms
'Collatz.Research.CoefficientDescent.Batch089.ray_5897' depends on axioms: [propext, Quot.sound]
'Collatz.Research.CoefficientDescent.Batch089.certificate_5899' does not depend on any axioms
'Collatz.Research.CoefficientDescent.Batch089.ray_5899' depends on axioms: [propext, Quot.sound]
'Collatz.Research.CoefficientDescent.Batch089.certificate_5901' does not depend on any axioms
'Collatz.Research.CoefficientDescent.Batch089.ray_5901' depends on axioms: [propext, Quot.sound]
'Collatz.Research.CoefficientDescent.Batch089.certificate_5903' does not depend on any axioms
'Collatz.Research.CoefficientDescent.Batch089.ray_5903' depends on axioms: [propext, Quot.sound]
'Collatz.Research.CoefficientDescent.Batch089.certificate_5905' does not depend on any axioms
'Collatz.Research.CoefficientDescent.Batch089.ray_5905' depends on axioms: [propext, Quot.sound]
'Collatz.Research.CoefficientDescent.Batch089.certificate_5907' does not depend on any axioms
'Collatz.Research.CoefficientDescent.Batch089.ray_5907' depends on axioms: [propext, Quot.sound]
'Collatz.Research.CoefficientDescent.Batch089.certificate_5909' does not depend on any axioms
'Collatz.Research.CoefficientDescent.Batch089.ray_5909' depends on axioms: [propext, Quot.sound]
'Collatz.Research.CoefficientDescent.Batch089.certificate_5911' does not depend on any axioms
'Collatz.Research.CoefficientDescent.Batch089.ray_5911' depends on axioms: [propext, Quot.sound]
'Collatz.Research.CoefficientDescent.Batch089.certificate_5913' does not depend on any axioms
'Collatz.Research.CoefficientDescent.Batch089.ray_5913' depends on axioms: [propext, Quot.sound]
'Collatz.Research.CoefficientDescent.Batch089.certificate_5915' does not depend on any axioms
'Collatz.Research.CoefficientDescent.Batch089.ray_5915' depends on axioms: [propext, Quot.sound]
'Collatz.Research.CoefficientDescent.Batch089.certificate_5917' does not depend on any axioms
'Collatz.Research.CoefficientDescent.Batch089.ray_5917' depends on axioms: [propext, Quot.sound]
'Collatz.Research.CoefficientDescent.Batch089.certificate_5919' does not depend on any axioms
'Collatz.Research.CoefficientDescent.Batch089.ray_5919' depends on axioms: [propext, Quot.sound]
'Collatz.Research.CoefficientDescent.Batch089.certificate_5921' does not depend on any axioms
'Collatz.Research.CoefficientDescent.Batch089.ray_5921' depends on axioms: [propext, Quot.sound]
'Collatz.Research.CoefficientDescent.Batch089.certificate_5923' does not depend on any axioms
'Collatz.Research.CoefficientDescent.Batch089.ray_5923' depends on axioms: [propext, Quot.sound]
'Collatz.Research.CoefficientDescent.Batch089.certificate_5925' does not depend on any axioms
'Collatz.Research.CoefficientDescent.Batch089.ray_5925' depends on axioms: [propext, Quot.sound]
'Collatz.Research.CoefficientDescent.Batch089.certificate_5927' does not depend on any axioms
'Collatz.Research.CoefficientDescent.Batch089.ray_5927' depends on axioms: [propext, Quot.sound]
'Collatz.Research.CoefficientDescent.Batch089.certificate_5929' does not depend on any axioms
'Collatz.Research.CoefficientDescent.Batch089.ray_5929' depends on axioms: [propext, Quot.sound]
'Collatz.Research.CoefficientDescent.Batch089.certificate_5931' does not depend on any axioms
'Collatz.Research.CoefficientDescent.Batch089.ray_5931' depends on axioms: [propext, Quot.sound]
'Collatz.Research.CoefficientDescent.Batch089.certificate_5933' does not depend on any axioms
'Collatz.Research.CoefficientDescent.Batch089.ray_5933' depends on axioms: [propext, Quot.sound]
'Collatz.Research.CoefficientDescent.Batch089.certificate_5935' does not depend on any axioms
'Collatz.Research.CoefficientDescent.Batch089.ray_5935' depends on axioms: [propext, Quot.sound]
'Collatz.Research.CoefficientDescent.Batch089.certificate_5937' does not depend on any axioms
'Collatz.Research.CoefficientDescent.Batch089.ray_5937' depends on axioms: [propext, Quot.sound]
'Collatz.Research.CoefficientDescent.Batch089.certificate_5939' does not depend on any axioms
'Collatz.Research.CoefficientDescent.Batch089.ray_5939' depends on axioms: [propext, Quot.sound]
'Collatz.Research.CoefficientDescent.Batch089.certificate_5941' does not depend on any axioms
'Collatz.Research.CoefficientDescent.Batch089.ray_5941' depends on axioms: [propext, Quot.sound]
'Collatz.Research.CoefficientDescent.Batch089.certificate_5943' does not depend on any axioms
'Collatz.Research.CoefficientDescent.Batch089.ray_5943' depends on axioms: [propext, Quot.sound]
'Collatz.Research.CoefficientDescent.Batch089.certificate_5945' does not depend on any axioms
'Collatz.Research.CoefficientDescent.Batch089.ray_5945' depends on axioms: [propext, Quot.sound]
'Collatz.Research.CoefficientDescent.Batch089.certificate_5947' does not depend on any axioms
'Collatz.Research.CoefficientDescent.Batch089.ray_5947' depends on axioms: [propext, Quot.sound]
'Collatz.Research.CoefficientDescent.Batch089.certificate_5949' does not depend on any axioms
'Collatz.Research.CoefficientDescent.Batch089.ray_5949' depends on axioms: [propext, Quot.sound]
'Collatz.Research.CoefficientDescent.Batch089.certificate_5951' does not depend on any axioms
'Collatz.Research.CoefficientDescent.Batch089.ray_5951' depends on axioms: [propext, Quot.sound]
'Collatz.Research.CoefficientDescent.Batch089.certificate_5953' does not depend on any axioms
'Collatz.Research.CoefficientDescent.Batch089.ray_5953' depends on axioms: [propext, Quot.sound]
'Collatz.Research.CoefficientDescent.Batch089.certificate_5955' does not depend on any axioms
'Collatz.Research.CoefficientDescent.Batch089.ray_5955' depends on axioms: [propext, Quot.sound]
'Collatz.Research.CoefficientDescent.Batch089.certificate_5957' does not depend on any axioms
'Collatz.Research.CoefficientDescent.Batch089.ray_5957' depends on axioms: [propext, Quot.sound]
'Collatz.Research.CoefficientDescent.Batch089.certificate_5959' does not depend on any axioms
'Collatz.Research.CoefficientDescent.Batch089.ray_5959' depends on axioms: [propext, Quot.sound]
'Collatz.Research.CoefficientDescent.Batch089.certificate_5961' does not depend on any axioms
'Collatz.Research.CoefficientDescent.Batch089.ray_5961' depends on axioms: [propext, Quot.sound]
'Collatz.Research.CoefficientDescent.Batch089.coverage' depends on axioms: [propext, Quot.sound]
'Collatz.Research.CoefficientDescent.Batch090.certificate_5963' does not depend on any axioms
'Collatz.Research.CoefficientDescent.Batch090.ray_5963' depends on axioms: [propext, Quot.sound]
'Collatz.Research.CoefficientDescent.Batch090.certificate_5965' does not depend on any axioms
'Collatz.Research.CoefficientDescent.Batch090.ray_5965' depends on axioms: [propext, Quot.sound]
'Collatz.Research.CoefficientDescent.Batch090.certificate_5967' does not depend on any axioms
'Collatz.Research.CoefficientDescent.Batch090.ray_5967' depends on axioms: [propext, Quot.sound]
'Collatz.Research.CoefficientDescent.Batch090.certificate_5969' does not depend on any axioms
'Collatz.Research.CoefficientDescent.Batch090.ray_5969' depends on axioms: [propext, Quot.sound]
'Collatz.Research.CoefficientDescent.Batch090.certificate_5971' does not depend on any axioms
'Collatz.Research.CoefficientDescent.Batch090.ray_5971' depends on axioms: [propext, Quot.sound]
'Collatz.Research.CoefficientDescent.Batch090.certificate_5973' does not depend on any axioms
'Collatz.Research.CoefficientDescent.Batch090.ray_5973' depends on axioms: [propext, Quot.sound]
'Collatz.Research.CoefficientDescent.Batch090.certificate_5975' does not depend on any axioms
'Collatz.Research.CoefficientDescent.Batch090.ray_5975' depends on axioms: [propext, Quot.sound]
'Collatz.Research.CoefficientDescent.Batch090.certificate_5977' does not depend on any axioms
'Collatz.Research.CoefficientDescent.Batch090.ray_5977' depends on axioms: [propext, Quot.sound]
'Collatz.Research.CoefficientDescent.Batch090.certificate_5979' does not depend on any axioms
'Collatz.Research.CoefficientDescent.Batch090.ray_5979' depends on axioms: [propext, Quot.sound]
'Collatz.Research.CoefficientDescent.Batch090.certificate_5981' does not depend on any axioms
'Collatz.Research.CoefficientDescent.Batch090.ray_5981' depends on axioms: [propext, Quot.sound]
'Collatz.Research.CoefficientDescent.Batch090.certificate_5983' does not depend on any axioms
'Collatz.Research.CoefficientDescent.Batch090.ray_5983' depends on axioms: [propext, Quot.sound]
'Collatz.Research.CoefficientDescent.Batch090.certificate_5985' does not depend on any axioms
'Collatz.Research.CoefficientDescent.Batch090.ray_5985' depends on axioms: [propext, Quot.sound]
'Collatz.Research.CoefficientDescent.Batch090.certificate_5987' does not depend on any axioms
'Collatz.Research.CoefficientDescent.Batch090.ray_5987' depends on axioms: [propext, Quot.sound]
'Collatz.Research.CoefficientDescent.Batch090.certificate_5989' does not depend on any axioms
'Collatz.Research.CoefficientDescent.Batch090.ray_5989' depends on axioms: [propext, Quot.sound]
'Collatz.Research.CoefficientDescent.Batch090.certificate_5991' does not depend on any axioms
'Collatz.Research.CoefficientDescent.Batch090.ray_5991' depends on axioms: [propext, Quot.sound]
'Collatz.Research.CoefficientDescent.Batch090.certificate_5993' does not depend on any axioms
'Collatz.Research.CoefficientDescent.Batch090.ray_5993' depends on axioms: [propext, Quot.sound]
'Collatz.Research.CoefficientDescent.Batch090.certificate_5995' does not depend on any axioms
'Collatz.Research.CoefficientDescent.Batch090.ray_5995' depends on axioms: [propext, Quot.sound]
'Collatz.Research.CoefficientDescent.Batch090.certificate_5997' does not depend on any axioms
'Collatz.Research.CoefficientDescent.Batch090.ray_5997' depends on axioms: [propext, Quot.sound]
'Collatz.Research.CoefficientDescent.Batch090.certificate_5999' does not depend on any axioms
'Collatz.Research.CoefficientDescent.Batch090.ray_5999' depends on axioms: [propext, Quot.sound]
'Collatz.Research.CoefficientDescent.Batch090.certificate_6001' does not depend on any axioms
'Collatz.Research.CoefficientDescent.Batch090.ray_6001' depends on axioms: [propext, Quot.sound]
'Collatz.Research.CoefficientDescent.Batch090.certificate_6003' does not depend on any axioms
'Collatz.Research.CoefficientDescent.Batch090.ray_6003' depends on axioms: [propext, Quot.sound]
'Collatz.Research.CoefficientDescent.Batch090.certificate_6005' does not depend on any axioms
'Collatz.Research.CoefficientDescent.Batch090.ray_6005' depends on axioms: [propext, Quot.sound]
'Collatz.Research.CoefficientDescent.Batch090.certificate_6007' does not depend on any axioms
'Collatz.Research.CoefficientDescent.Batch090.ray_6007' depends on axioms: [propext, Quot.sound]
'Collatz.Research.CoefficientDescent.Batch090.certificate_6009' does not depend on any axioms
'Collatz.Research.CoefficientDescent.Batch090.ray_6009' depends on axioms: [propext, Quot.sound]
'Collatz.Research.CoefficientDescent.Batch090.certificate_6011' does not depend on any axioms
'Collatz.Research.CoefficientDescent.Batch090.ray_6011' depends on axioms: [propext, Quot.sound]
'Collatz.Research.CoefficientDescent.Batch090.certificate_6013' does not depend on any axioms
'Collatz.Research.CoefficientDescent.Batch090.ray_6013' depends on axioms: [propext, Quot.sound]
'Collatz.Research.CoefficientDescent.Batch090.certificate_6015' does not depend on any axioms
'Collatz.Research.CoefficientDescent.Batch090.ray_6015' depends on axioms: [propext, Quot.sound]
'Collatz.Research.CoefficientDescent.Batch090.certificate_6017' does not depend on any axioms
'Collatz.Research.CoefficientDescent.Batch090.ray_6017' depends on axioms: [propext, Quot.sound]
'Collatz.Research.CoefficientDescent.Batch090.certificate_6019' does not depend on any axioms
'Collatz.Research.CoefficientDescent.Batch090.ray_6019' depends on axioms: [propext, Quot.sound]
'Collatz.Research.CoefficientDescent.Batch090.certificate_6021' does not depend on any axioms
'Collatz.Research.CoefficientDescent.Batch090.ray_6021' depends on axioms: [propext, Quot.sound]
'Collatz.Research.CoefficientDescent.Batch090.certificate_6023' does not depend on any axioms
'Collatz.Research.CoefficientDescent.Batch090.ray_6023' depends on axioms: [propext, Quot.sound]
'Collatz.Research.CoefficientDescent.Batch090.certificate_6025' does not depend on any axioms
'Collatz.Research.CoefficientDescent.Batch090.ray_6025' depends on axioms: [propext, Quot.sound]
'Collatz.Research.CoefficientDescent.Batch090.certificate_6027' does not depend on any axioms
'Collatz.Research.CoefficientDescent.Batch090.ray_6027' depends on axioms: [propext, Quot.sound]
'Collatz.Research.CoefficientDescent.Batch090.certificate_6029' does not depend on any axioms
'Collatz.Research.CoefficientDescent.Batch090.ray_6029' depends on axioms: [propext, Quot.sound]
'Collatz.Research.CoefficientDescent.Batch090.coverage' depends on axioms: [propext, Quot.sound]
'Collatz.Research.CoefficientDescent.Batch091.certificate_6031' does not depend on any axioms
'Collatz.Research.CoefficientDescent.Batch091.ray_6031' depends on axioms: [propext, Quot.sound]
'Collatz.Research.CoefficientDescent.Batch091.certificate_6033' does not depend on any axioms
'Collatz.Research.CoefficientDescent.Batch091.ray_6033' depends on axioms: [propext, Quot.sound]
'Collatz.Research.CoefficientDescent.Batch091.certificate_6035' does not depend on any axioms
'Collatz.Research.CoefficientDescent.Batch091.ray_6035' depends on axioms: [propext, Quot.sound]
'Collatz.Research.CoefficientDescent.Batch091.certificate_6037' does not depend on any axioms
'Collatz.Research.CoefficientDescent.Batch091.ray_6037' depends on axioms: [propext, Quot.sound]
'Collatz.Research.CoefficientDescent.Batch091.certificate_6039' does not depend on any axioms
'Collatz.Research.CoefficientDescent.Batch091.ray_6039' depends on axioms: [propext, Quot.sound]
'Collatz.Research.CoefficientDescent.Batch091.certificate_6041' does not depend on any axioms
'Collatz.Research.CoefficientDescent.Batch091.ray_6041' depends on axioms: [propext, Quot.sound]
'Collatz.Research.CoefficientDescent.Batch091.certificate_6043' does not depend on any axioms
'Collatz.Research.CoefficientDescent.Batch091.ray_6043' depends on axioms: [propext, Quot.sound]
'Collatz.Research.CoefficientDescent.Batch091.certificate_6045' does not depend on any axioms
'Collatz.Research.CoefficientDescent.Batch091.ray_6045' depends on axioms: [propext, Quot.sound]
'Collatz.Research.CoefficientDescent.Batch091.certificate_6047' does not depend on any axioms
'Collatz.Research.CoefficientDescent.Batch091.ray_6047' depends on axioms: [propext, Quot.sound]
'Collatz.Research.CoefficientDescent.Batch091.certificate_6049' does not depend on any axioms
'Collatz.Research.CoefficientDescent.Batch091.ray_6049' depends on axioms: [propext, Quot.sound]
'Collatz.Research.CoefficientDescent.Batch091.certificate_6051' does not depend on any axioms
'Collatz.Research.CoefficientDescent.Batch091.ray_6051' depends on axioms: [propext, Quot.sound]
'Collatz.Research.CoefficientDescent.Batch091.certificate_6053' does not depend on any axioms
'Collatz.Research.CoefficientDescent.Batch091.ray_6053' depends on axioms: [propext, Quot.sound]
'Collatz.Research.CoefficientDescent.Batch091.certificate_6055' does not depend on any axioms
'Collatz.Research.CoefficientDescent.Batch091.ray_6055' depends on axioms: [propext, Quot.sound]
'Collatz.Research.CoefficientDescent.Batch091.certificate_6057' does not depend on any axioms
'Collatz.Research.CoefficientDescent.Batch091.ray_6057' depends on axioms: [propext, Quot.sound]
'Collatz.Research.CoefficientDescent.Batch091.certificate_6059' does not depend on any axioms
'Collatz.Research.CoefficientDescent.Batch091.ray_6059' depends on axioms: [propext, Quot.sound]
'Collatz.Research.CoefficientDescent.Batch091.certificate_6061' does not depend on any axioms
'Collatz.Research.CoefficientDescent.Batch091.ray_6061' depends on axioms: [propext, Quot.sound]
'Collatz.Research.CoefficientDescent.Batch091.certificate_6063' does not depend on any axioms
'Collatz.Research.CoefficientDescent.Batch091.ray_6063' depends on axioms: [propext, Quot.sound]
'Collatz.Research.CoefficientDescent.Batch091.certificate_6065' does not depend on any axioms
'Collatz.Research.CoefficientDescent.Batch091.ray_6065' depends on axioms: [propext, Quot.sound]
'Collatz.Research.CoefficientDescent.Batch091.certificate_6067' does not depend on any axioms
'Collatz.Research.CoefficientDescent.Batch091.ray_6067' depends on axioms: [propext, Quot.sound]
'Collatz.Research.CoefficientDescent.Batch091.certificate_6069' does not depend on any axioms
'Collatz.Research.CoefficientDescent.Batch091.ray_6069' depends on axioms: [propext, Quot.sound]
'Collatz.Research.CoefficientDescent.Batch091.certificate_6071' does not depend on any axioms
'Collatz.Research.CoefficientDescent.Batch091.ray_6071' depends on axioms: [propext, Quot.sound]
'Collatz.Research.CoefficientDescent.Batch091.certificate_6073' does not depend on any axioms
'Collatz.Research.CoefficientDescent.Batch091.ray_6073' depends on axioms: [propext, Quot.sound]
'Collatz.Research.CoefficientDescent.Batch091.certificate_6075' does not depend on any axioms
'Collatz.Research.CoefficientDescent.Batch091.ray_6075' depends on axioms: [propext, Quot.sound]
'Collatz.Research.CoefficientDescent.Batch091.certificate_6077' does not depend on any axioms
'Collatz.Research.CoefficientDescent.Batch091.ray_6077' depends on axioms: [propext, Quot.sound]
'Collatz.Research.CoefficientDescent.Batch091.certificate_6079' does not depend on any axioms
'Collatz.Research.CoefficientDescent.Batch091.ray_6079' depends on axioms: [propext, Quot.sound]
'Collatz.Research.CoefficientDescent.Batch091.certificate_6081' does not depend on any axioms
'Collatz.Research.CoefficientDescent.Batch091.ray_6081' depends on axioms: [propext, Quot.sound]
'Collatz.Research.CoefficientDescent.Batch091.certificate_6083' does not depend on any axioms
'Collatz.Research.CoefficientDescent.Batch091.ray_6083' depends on axioms: [propext, Quot.sound]
'Collatz.Research.CoefficientDescent.Batch091.certificate_6085' does not depend on any axioms
'Collatz.Research.CoefficientDescent.Batch091.ray_6085' depends on axioms: [propext, Quot.sound]
'Collatz.Research.CoefficientDescent.Batch091.certificate_6087' does not depend on any axioms
'Collatz.Research.CoefficientDescent.Batch091.ray_6087' depends on axioms: [propext, Quot.sound]
'Collatz.Research.CoefficientDescent.Batch091.certificate_6089' does not depend on any axioms
'Collatz.Research.CoefficientDescent.Batch091.ray_6089' depends on axioms: [propext, Quot.sound]
'Collatz.Research.CoefficientDescent.Batch091.certificate_6091' does not depend on any axioms
'Collatz.Research.CoefficientDescent.Batch091.ray_6091' depends on axioms: [propext, Quot.sound]
'Collatz.Research.CoefficientDescent.Batch091.certificate_6093' does not depend on any axioms
'Collatz.Research.CoefficientDescent.Batch091.ray_6093' depends on axioms: [propext, Quot.sound]
'Collatz.Research.CoefficientDescent.Batch091.certificate_6095' does not depend on any axioms
'Collatz.Research.CoefficientDescent.Batch091.ray_6095' depends on axioms: [propext, Quot.sound]
'Collatz.Research.CoefficientDescent.Batch091.coverage' depends on axioms: [propext, Quot.sound]
'Collatz.Research.CoefficientDescent.Batch092.certificate_6097' does not depend on any axioms
'Collatz.Research.CoefficientDescent.Batch092.ray_6097' depends on axioms: [propext, Quot.sound]
'Collatz.Research.CoefficientDescent.Batch092.certificate_6099' does not depend on any axioms
'Collatz.Research.CoefficientDescent.Batch092.ray_6099' depends on axioms: [propext, Quot.sound]
'Collatz.Research.CoefficientDescent.Batch092.certificate_6101' does not depend on any axioms
'Collatz.Research.CoefficientDescent.Batch092.ray_6101' depends on axioms: [propext, Quot.sound]
'Collatz.Research.CoefficientDescent.Batch092.certificate_6103' does not depend on any axioms
'Collatz.Research.CoefficientDescent.Batch092.ray_6103' depends on axioms: [propext, Quot.sound]
'Collatz.Research.CoefficientDescent.Batch092.certificate_6105' does not depend on any axioms
'Collatz.Research.CoefficientDescent.Batch092.ray_6105' depends on axioms: [propext, Quot.sound]
'Collatz.Research.CoefficientDescent.Batch092.certificate_6107' does not depend on any axioms
'Collatz.Research.CoefficientDescent.Batch092.ray_6107' depends on axioms: [propext, Quot.sound]
'Collatz.Research.CoefficientDescent.Batch092.certificate_6109' does not depend on any axioms
'Collatz.Research.CoefficientDescent.Batch092.ray_6109' depends on axioms: [propext, Quot.sound]
'Collatz.Research.CoefficientDescent.Batch092.certificate_6111' does not depend on any axioms
'Collatz.Research.CoefficientDescent.Batch092.ray_6111' depends on axioms: [propext, Quot.sound]
'Collatz.Research.CoefficientDescent.Batch092.certificate_6113' does not depend on any axioms
'Collatz.Research.CoefficientDescent.Batch092.ray_6113' depends on axioms: [propext, Quot.sound]
'Collatz.Research.CoefficientDescent.Batch092.certificate_6115' does not depend on any axioms
'Collatz.Research.CoefficientDescent.Batch092.ray_6115' depends on axioms: [propext, Quot.sound]
'Collatz.Research.CoefficientDescent.Batch092.certificate_6117' does not depend on any axioms
'Collatz.Research.CoefficientDescent.Batch092.ray_6117' depends on axioms: [propext, Quot.sound]
'Collatz.Research.CoefficientDescent.Batch092.certificate_6119' does not depend on any axioms
'Collatz.Research.CoefficientDescent.Batch092.ray_6119' depends on axioms: [propext, Quot.sound]
'Collatz.Research.CoefficientDescent.Batch092.certificate_6121' does not depend on any axioms
'Collatz.Research.CoefficientDescent.Batch092.ray_6121' depends on axioms: [propext, Quot.sound]
'Collatz.Research.CoefficientDescent.Batch092.certificate_6123' does not depend on any axioms
'Collatz.Research.CoefficientDescent.Batch092.ray_6123' depends on axioms: [propext, Quot.sound]
'Collatz.Research.CoefficientDescent.Batch092.certificate_6125' does not depend on any axioms
'Collatz.Research.CoefficientDescent.Batch092.ray_6125' depends on axioms: [propext, Quot.sound]
'Collatz.Research.CoefficientDescent.Batch092.certificate_6127' does not depend on any axioms
'Collatz.Research.CoefficientDescent.Batch092.ray_6127' depends on axioms: [propext, Quot.sound]
'Collatz.Research.CoefficientDescent.Batch092.certificate_6129' does not depend on any axioms
'Collatz.Research.CoefficientDescent.Batch092.ray_6129' depends on axioms: [propext, Quot.sound]
'Collatz.Research.CoefficientDescent.Batch092.certificate_6131' does not depend on any axioms
'Collatz.Research.CoefficientDescent.Batch092.ray_6131' depends on axioms: [propext, Quot.sound]
'Collatz.Research.CoefficientDescent.Batch092.certificate_6133' does not depend on any axioms
'Collatz.Research.CoefficientDescent.Batch092.ray_6133' depends on axioms: [propext, Quot.sound]
'Collatz.Research.CoefficientDescent.Batch092.certificate_6135' does not depend on any axioms
'Collatz.Research.CoefficientDescent.Batch092.ray_6135' depends on axioms: [propext, Quot.sound]
'Collatz.Research.CoefficientDescent.Batch092.certificate_6137' does not depend on any axioms
'Collatz.Research.CoefficientDescent.Batch092.ray_6137' depends on axioms: [propext, Quot.sound]
'Collatz.Research.CoefficientDescent.Batch092.certificate_6139' does not depend on any axioms
'Collatz.Research.CoefficientDescent.Batch092.ray_6139' depends on axioms: [propext, Quot.sound]
'Collatz.Research.CoefficientDescent.Batch092.certificate_6141' does not depend on any axioms
'Collatz.Research.CoefficientDescent.Batch092.ray_6141' depends on axioms: [propext, Quot.sound]
'Collatz.Research.CoefficientDescent.Batch092.certificate_6143' does not depend on any axioms
'Collatz.Research.CoefficientDescent.Batch092.ray_6143' depends on axioms: [propext, Quot.sound]
'Collatz.Research.CoefficientDescent.Batch092.certificate_6145' does not depend on any axioms
'Collatz.Research.CoefficientDescent.Batch092.ray_6145' depends on axioms: [propext, Quot.sound]
'Collatz.Research.CoefficientDescent.Batch092.certificate_6147' does not depend on any axioms
'Collatz.Research.CoefficientDescent.Batch092.ray_6147' depends on axioms: [propext, Quot.sound]
'Collatz.Research.CoefficientDescent.Batch092.certificate_6149' does not depend on any axioms
'Collatz.Research.CoefficientDescent.Batch092.ray_6149' depends on axioms: [propext, Quot.sound]
'Collatz.Research.CoefficientDescent.Batch092.certificate_6151' does not depend on any axioms
'Collatz.Research.CoefficientDescent.Batch092.ray_6151' depends on axioms: [propext, Quot.sound]
'Collatz.Research.CoefficientDescent.Batch092.certificate_6153' does not depend on any axioms
'Collatz.Research.CoefficientDescent.Batch092.ray_6153' depends on axioms: [propext, Quot.sound]
'Collatz.Research.CoefficientDescent.Batch092.certificate_6155' does not depend on any axioms
'Collatz.Research.CoefficientDescent.Batch092.ray_6155' depends on axioms: [propext, Quot.sound]
'Collatz.Research.CoefficientDescent.Batch092.certificate_6157' does not depend on any axioms
'Collatz.Research.CoefficientDescent.Batch092.ray_6157' depends on axioms: [propext, Quot.sound]
'Collatz.Research.CoefficientDescent.Batch092.certificate_6159' does not depend on any axioms
'Collatz.Research.CoefficientDescent.Batch092.ray_6159' depends on axioms: [propext, Quot.sound]
'Collatz.Research.CoefficientDescent.Batch092.certificate_6161' does not depend on any axioms
'Collatz.Research.CoefficientDescent.Batch092.ray_6161' depends on axioms: [propext, Quot.sound]
'Collatz.Research.CoefficientDescent.Batch092.certificate_6163' does not depend on any axioms
'Collatz.Research.CoefficientDescent.Batch092.ray_6163' depends on axioms: [propext, Quot.sound]
'Collatz.Research.CoefficientDescent.Batch092.coverage' depends on axioms: [propext, Quot.sound]
'Collatz.Research.CoefficientDescent.Batch093.certificate_6165' does not depend on any axioms
'Collatz.Research.CoefficientDescent.Batch093.ray_6165' depends on axioms: [propext, Quot.sound]
'Collatz.Research.CoefficientDescent.Batch093.certificate_6167' does not depend on any axioms
'Collatz.Research.CoefficientDescent.Batch093.ray_6167' depends on axioms: [propext, Quot.sound]
'Collatz.Research.CoefficientDescent.Batch093.certificate_6169' does not depend on any axioms
'Collatz.Research.CoefficientDescent.Batch093.ray_6169' depends on axioms: [propext, Quot.sound]
'Collatz.Research.CoefficientDescent.Batch093.certificate_6171' does not depend on any axioms
'Collatz.Research.CoefficientDescent.Batch093.ray_6171' depends on axioms: [propext, Quot.sound]
'Collatz.Research.CoefficientDescent.Batch093.certificate_6173' does not depend on any axioms
'Collatz.Research.CoefficientDescent.Batch093.ray_6173' depends on axioms: [propext, Quot.sound]
'Collatz.Research.CoefficientDescent.Batch093.certificate_6175' does not depend on any axioms
'Collatz.Research.CoefficientDescent.Batch093.ray_6175' depends on axioms: [propext, Quot.sound]
'Collatz.Research.CoefficientDescent.Batch093.certificate_6177' does not depend on any axioms
'Collatz.Research.CoefficientDescent.Batch093.ray_6177' depends on axioms: [propext, Quot.sound]
'Collatz.Research.CoefficientDescent.Batch093.certificate_6179' does not depend on any axioms
'Collatz.Research.CoefficientDescent.Batch093.ray_6179' depends on axioms: [propext, Quot.sound]
'Collatz.Research.CoefficientDescent.Batch093.certificate_6181' does not depend on any axioms
'Collatz.Research.CoefficientDescent.Batch093.ray_6181' depends on axioms: [propext, Quot.sound]
'Collatz.Research.CoefficientDescent.Batch093.certificate_6183' does not depend on any axioms
'Collatz.Research.CoefficientDescent.Batch093.ray_6183' depends on axioms: [propext, Quot.sound]
'Collatz.Research.CoefficientDescent.Batch093.certificate_6185' does not depend on any axioms
'Collatz.Research.CoefficientDescent.Batch093.ray_6185' depends on axioms: [propext, Quot.sound]
'Collatz.Research.CoefficientDescent.Batch093.certificate_6187' does not depend on any axioms
'Collatz.Research.CoefficientDescent.Batch093.ray_6187' depends on axioms: [propext, Quot.sound]
'Collatz.Research.CoefficientDescent.Batch093.certificate_6189' does not depend on any axioms
'Collatz.Research.CoefficientDescent.Batch093.ray_6189' depends on axioms: [propext, Quot.sound]
'Collatz.Research.CoefficientDescent.Batch093.certificate_6191' does not depend on any axioms
'Collatz.Research.CoefficientDescent.Batch093.ray_6191' depends on axioms: [propext, Quot.sound]
'Collatz.Research.CoefficientDescent.Batch093.certificate_6193' does not depend on any axioms
'Collatz.Research.CoefficientDescent.Batch093.ray_6193' depends on axioms: [propext, Quot.sound]
'Collatz.Research.CoefficientDescent.Batch093.certificate_6195' does not depend on any axioms
'Collatz.Research.CoefficientDescent.Batch093.ray_6195' depends on axioms: [propext, Quot.sound]
'Collatz.Research.CoefficientDescent.Batch093.certificate_6197' does not depend on any axioms
'Collatz.Research.CoefficientDescent.Batch093.ray_6197' depends on axioms: [propext, Quot.sound]
'Collatz.Research.CoefficientDescent.Batch093.certificate_6199' does not depend on any axioms
'Collatz.Research.CoefficientDescent.Batch093.ray_6199' depends on axioms: [propext, Quot.sound]
'Collatz.Research.CoefficientDescent.Batch093.certificate_6201' does not depend on any axioms
'Collatz.Research.CoefficientDescent.Batch093.ray_6201' depends on axioms: [propext, Quot.sound]
'Collatz.Research.CoefficientDescent.Batch093.certificate_6203' does not depend on any axioms
'Collatz.Research.CoefficientDescent.Batch093.ray_6203' depends on axioms: [propext, Quot.sound]
'Collatz.Research.CoefficientDescent.Batch093.certificate_6205' does not depend on any axioms
'Collatz.Research.CoefficientDescent.Batch093.ray_6205' depends on axioms: [propext, Quot.sound]
'Collatz.Research.CoefficientDescent.Batch093.certificate_6207' does not depend on any axioms
'Collatz.Research.CoefficientDescent.Batch093.ray_6207' depends on axioms: [propext, Quot.sound]
'Collatz.Research.CoefficientDescent.Batch093.certificate_6209' does not depend on any axioms
'Collatz.Research.CoefficientDescent.Batch093.ray_6209' depends on axioms: [propext, Quot.sound]
'Collatz.Research.CoefficientDescent.Batch093.certificate_6211' does not depend on any axioms
'Collatz.Research.CoefficientDescent.Batch093.ray_6211' depends on axioms: [propext, Quot.sound]
'Collatz.Research.CoefficientDescent.Batch093.certificate_6213' does not depend on any axioms
'Collatz.Research.CoefficientDescent.Batch093.ray_6213' depends on axioms: [propext, Quot.sound]
'Collatz.Research.CoefficientDescent.Batch093.certificate_6215' does not depend on any axioms
'Collatz.Research.CoefficientDescent.Batch093.ray_6215' depends on axioms: [propext, Quot.sound]
'Collatz.Research.CoefficientDescent.Batch093.certificate_6217' does not depend on any axioms
'Collatz.Research.CoefficientDescent.Batch093.ray_6217' depends on axioms: [propext, Quot.sound]
'Collatz.Research.CoefficientDescent.Batch093.certificate_6219' does not depend on any axioms
'Collatz.Research.CoefficientDescent.Batch093.ray_6219' depends on axioms: [propext, Quot.sound]
'Collatz.Research.CoefficientDescent.Batch093.certificate_6221' does not depend on any axioms
'Collatz.Research.CoefficientDescent.Batch093.ray_6221' depends on axioms: [propext, Quot.sound]
'Collatz.Research.CoefficientDescent.Batch093.certificate_6223' does not depend on any axioms
'Collatz.Research.CoefficientDescent.Batch093.ray_6223' depends on axioms: [propext, Quot.sound]
'Collatz.Research.CoefficientDescent.Batch093.certificate_6225' does not depend on any axioms
'Collatz.Research.CoefficientDescent.Batch093.ray_6225' depends on axioms: [propext, Quot.sound]
'Collatz.Research.CoefficientDescent.Batch093.certificate_6227' does not depend on any axioms
'Collatz.Research.CoefficientDescent.Batch093.ray_6227' depends on axioms: [propext, Quot.sound]
'Collatz.Research.CoefficientDescent.Batch093.certificate_6229' does not depend on any axioms
'Collatz.Research.CoefficientDescent.Batch093.ray_6229' depends on axioms: [propext, Quot.sound]
'Collatz.Research.CoefficientDescent.Batch093.coverage' depends on axioms: [propext, Quot.sound]
'Collatz.Research.CoefficientDescent.Batch094.certificate_6231' does not depend on any axioms
'Collatz.Research.CoefficientDescent.Batch094.ray_6231' depends on axioms: [propext, Quot.sound]
'Collatz.Research.CoefficientDescent.Batch094.certificate_6233' does not depend on any axioms
'Collatz.Research.CoefficientDescent.Batch094.ray_6233' depends on axioms: [propext, Quot.sound]
'Collatz.Research.CoefficientDescent.Batch094.certificate_6235' does not depend on any axioms
'Collatz.Research.CoefficientDescent.Batch094.ray_6235' depends on axioms: [propext, Quot.sound]
'Collatz.Research.CoefficientDescent.Batch094.certificate_6237' does not depend on any axioms
'Collatz.Research.CoefficientDescent.Batch094.ray_6237' depends on axioms: [propext, Quot.sound]
'Collatz.Research.CoefficientDescent.Batch094.certificate_6239' does not depend on any axioms
'Collatz.Research.CoefficientDescent.Batch094.ray_6239' depends on axioms: [propext, Quot.sound]
'Collatz.Research.CoefficientDescent.Batch094.certificate_6241' does not depend on any axioms
'Collatz.Research.CoefficientDescent.Batch094.ray_6241' depends on axioms: [propext, Quot.sound]
'Collatz.Research.CoefficientDescent.Batch094.certificate_6243' does not depend on any axioms
'Collatz.Research.CoefficientDescent.Batch094.ray_6243' depends on axioms: [propext, Quot.sound]
'Collatz.Research.CoefficientDescent.Batch094.certificate_6245' does not depend on any axioms
'Collatz.Research.CoefficientDescent.Batch094.ray_6245' depends on axioms: [propext, Quot.sound]
'Collatz.Research.CoefficientDescent.Batch094.certificate_6247' does not depend on any axioms
'Collatz.Research.CoefficientDescent.Batch094.ray_6247' depends on axioms: [propext, Quot.sound]
'Collatz.Research.CoefficientDescent.Batch094.certificate_6249' does not depend on any axioms
'Collatz.Research.CoefficientDescent.Batch094.ray_6249' depends on axioms: [propext, Quot.sound]
'Collatz.Research.CoefficientDescent.Batch094.certificate_6251' does not depend on any axioms
'Collatz.Research.CoefficientDescent.Batch094.ray_6251' depends on axioms: [propext, Quot.sound]
'Collatz.Research.CoefficientDescent.Batch094.certificate_6253' does not depend on any axioms
'Collatz.Research.CoefficientDescent.Batch094.ray_6253' depends on axioms: [propext, Quot.sound]
'Collatz.Research.CoefficientDescent.Batch094.certificate_6255' does not depend on any axioms
'Collatz.Research.CoefficientDescent.Batch094.ray_6255' depends on axioms: [propext, Quot.sound]
'Collatz.Research.CoefficientDescent.Batch094.certificate_6257' does not depend on any axioms
'Collatz.Research.CoefficientDescent.Batch094.ray_6257' depends on axioms: [propext, Quot.sound]
'Collatz.Research.CoefficientDescent.Batch094.certificate_6259' does not depend on any axioms
'Collatz.Research.CoefficientDescent.Batch094.ray_6259' depends on axioms: [propext, Quot.sound]
'Collatz.Research.CoefficientDescent.Batch094.certificate_6261' does not depend on any axioms
'Collatz.Research.CoefficientDescent.Batch094.ray_6261' depends on axioms: [propext, Quot.sound]
'Collatz.Research.CoefficientDescent.Batch094.certificate_6263' does not depend on any axioms
'Collatz.Research.CoefficientDescent.Batch094.ray_6263' depends on axioms: [propext, Quot.sound]
'Collatz.Research.CoefficientDescent.Batch094.certificate_6265' does not depend on any axioms
'Collatz.Research.CoefficientDescent.Batch094.ray_6265' depends on axioms: [propext, Quot.sound]
'Collatz.Research.CoefficientDescent.Batch094.certificate_6267' does not depend on any axioms
'Collatz.Research.CoefficientDescent.Batch094.ray_6267' depends on axioms: [propext, Quot.sound]
'Collatz.Research.CoefficientDescent.Batch094.certificate_6269' does not depend on any axioms
'Collatz.Research.CoefficientDescent.Batch094.ray_6269' depends on axioms: [propext, Quot.sound]
'Collatz.Research.CoefficientDescent.Batch094.certificate_6271' does not depend on any axioms
'Collatz.Research.CoefficientDescent.Batch094.ray_6271' depends on axioms: [propext, Quot.sound]
'Collatz.Research.CoefficientDescent.Batch094.certificate_6273' does not depend on any axioms
'Collatz.Research.CoefficientDescent.Batch094.ray_6273' depends on axioms: [propext, Quot.sound]
'Collatz.Research.CoefficientDescent.Batch094.certificate_6275' does not depend on any axioms
'Collatz.Research.CoefficientDescent.Batch094.ray_6275' depends on axioms: [propext, Quot.sound]
'Collatz.Research.CoefficientDescent.Batch094.certificate_6277' does not depend on any axioms
'Collatz.Research.CoefficientDescent.Batch094.ray_6277' depends on axioms: [propext, Quot.sound]
'Collatz.Research.CoefficientDescent.Batch094.certificate_6279' does not depend on any axioms
'Collatz.Research.CoefficientDescent.Batch094.ray_6279' depends on axioms: [propext, Quot.sound]
'Collatz.Research.CoefficientDescent.Batch094.certificate_6281' does not depend on any axioms
'Collatz.Research.CoefficientDescent.Batch094.ray_6281' depends on axioms: [propext, Quot.sound]
'Collatz.Research.CoefficientDescent.Batch094.certificate_6283' does not depend on any axioms
'Collatz.Research.CoefficientDescent.Batch094.ray_6283' depends on axioms: [propext, Quot.sound]
'Collatz.Research.CoefficientDescent.Batch094.certificate_6285' does not depend on any axioms
'Collatz.Research.CoefficientDescent.Batch094.ray_6285' depends on axioms: [propext, Quot.sound]
'Collatz.Research.CoefficientDescent.Batch094.certificate_6287' does not depend on any axioms
'Collatz.Research.CoefficientDescent.Batch094.ray_6287' depends on axioms: [propext, Quot.sound]
'Collatz.Research.CoefficientDescent.Batch094.certificate_6289' does not depend on any axioms
'Collatz.Research.CoefficientDescent.Batch094.ray_6289' depends on axioms: [propext, Quot.sound]
'Collatz.Research.CoefficientDescent.Batch094.certificate_6291' does not depend on any axioms
'Collatz.Research.CoefficientDescent.Batch094.ray_6291' depends on axioms: [propext, Quot.sound]
'Collatz.Research.CoefficientDescent.Batch094.certificate_6293' does not depend on any axioms
'Collatz.Research.CoefficientDescent.Batch094.ray_6293' depends on axioms: [propext, Quot.sound]
'Collatz.Research.CoefficientDescent.Batch094.certificate_6295' does not depend on any axioms
'Collatz.Research.CoefficientDescent.Batch094.ray_6295' depends on axioms: [propext, Quot.sound]
'Collatz.Research.CoefficientDescent.Batch094.certificate_6297' does not depend on any axioms
'Collatz.Research.CoefficientDescent.Batch094.ray_6297' depends on axioms: [propext, Quot.sound]
'Collatz.Research.CoefficientDescent.Batch094.coverage' depends on axioms: [propext, Quot.sound]
'Collatz.Research.CoefficientDescent.Batch095.certificate_6299' does not depend on any axioms
'Collatz.Research.CoefficientDescent.Batch095.ray_6299' depends on axioms: [propext, Quot.sound]
'Collatz.Research.CoefficientDescent.Batch095.certificate_6301' does not depend on any axioms
'Collatz.Research.CoefficientDescent.Batch095.ray_6301' depends on axioms: [propext, Quot.sound]
'Collatz.Research.CoefficientDescent.Batch095.certificate_6303' does not depend on any axioms
'Collatz.Research.CoefficientDescent.Batch095.ray_6303' depends on axioms: [propext, Quot.sound]
'Collatz.Research.CoefficientDescent.Batch095.certificate_6305' does not depend on any axioms
'Collatz.Research.CoefficientDescent.Batch095.ray_6305' depends on axioms: [propext, Quot.sound]
'Collatz.Research.CoefficientDescent.Batch095.certificate_6307' does not depend on any axioms
'Collatz.Research.CoefficientDescent.Batch095.ray_6307' depends on axioms: [propext, Quot.sound]
'Collatz.Research.CoefficientDescent.Batch095.certificate_6309' does not depend on any axioms
'Collatz.Research.CoefficientDescent.Batch095.ray_6309' depends on axioms: [propext, Quot.sound]
'Collatz.Research.CoefficientDescent.Batch095.certificate_6311' does not depend on any axioms
'Collatz.Research.CoefficientDescent.Batch095.ray_6311' depends on axioms: [propext, Quot.sound]
'Collatz.Research.CoefficientDescent.Batch095.certificate_6313' does not depend on any axioms
'Collatz.Research.CoefficientDescent.Batch095.ray_6313' depends on axioms: [propext, Quot.sound]
'Collatz.Research.CoefficientDescent.Batch095.certificate_6315' does not depend on any axioms
'Collatz.Research.CoefficientDescent.Batch095.ray_6315' depends on axioms: [propext, Quot.sound]
'Collatz.Research.CoefficientDescent.Batch095.certificate_6317' does not depend on any axioms
'Collatz.Research.CoefficientDescent.Batch095.ray_6317' depends on axioms: [propext, Quot.sound]
'Collatz.Research.CoefficientDescent.Batch095.certificate_6319' does not depend on any axioms
'Collatz.Research.CoefficientDescent.Batch095.ray_6319' depends on axioms: [propext, Quot.sound]
'Collatz.Research.CoefficientDescent.Batch095.certificate_6321' does not depend on any axioms
'Collatz.Research.CoefficientDescent.Batch095.ray_6321' depends on axioms: [propext, Quot.sound]
'Collatz.Research.CoefficientDescent.Batch095.certificate_6323' does not depend on any axioms
'Collatz.Research.CoefficientDescent.Batch095.ray_6323' depends on axioms: [propext, Quot.sound]
'Collatz.Research.CoefficientDescent.Batch095.certificate_6325' does not depend on any axioms
'Collatz.Research.CoefficientDescent.Batch095.ray_6325' depends on axioms: [propext, Quot.sound]
'Collatz.Research.CoefficientDescent.Batch095.certificate_6327' does not depend on any axioms
'Collatz.Research.CoefficientDescent.Batch095.ray_6327' depends on axioms: [propext, Quot.sound]
'Collatz.Research.CoefficientDescent.Batch095.certificate_6329' does not depend on any axioms
'Collatz.Research.CoefficientDescent.Batch095.ray_6329' depends on axioms: [propext, Quot.sound]
'Collatz.Research.CoefficientDescent.Batch095.certificate_6331' does not depend on any axioms
'Collatz.Research.CoefficientDescent.Batch095.ray_6331' depends on axioms: [propext, Quot.sound]
'Collatz.Research.CoefficientDescent.Batch095.certificate_6333' does not depend on any axioms
'Collatz.Research.CoefficientDescent.Batch095.ray_6333' depends on axioms: [propext, Quot.sound]
'Collatz.Research.CoefficientDescent.Batch095.certificate_6335' does not depend on any axioms
'Collatz.Research.CoefficientDescent.Batch095.ray_6335' depends on axioms: [propext, Quot.sound]
'Collatz.Research.CoefficientDescent.Batch095.certificate_6337' does not depend on any axioms
'Collatz.Research.CoefficientDescent.Batch095.ray_6337' depends on axioms: [propext, Quot.sound]
'Collatz.Research.CoefficientDescent.Batch095.certificate_6339' does not depend on any axioms
'Collatz.Research.CoefficientDescent.Batch095.ray_6339' depends on axioms: [propext, Quot.sound]
'Collatz.Research.CoefficientDescent.Batch095.certificate_6341' does not depend on any axioms
'Collatz.Research.CoefficientDescent.Batch095.ray_6341' depends on axioms: [propext, Quot.sound]
'Collatz.Research.CoefficientDescent.Batch095.certificate_6343' does not depend on any axioms
'Collatz.Research.CoefficientDescent.Batch095.ray_6343' depends on axioms: [propext, Quot.sound]
'Collatz.Research.CoefficientDescent.Batch095.certificate_6345' does not depend on any axioms
'Collatz.Research.CoefficientDescent.Batch095.ray_6345' depends on axioms: [propext, Quot.sound]
'Collatz.Research.CoefficientDescent.Batch095.certificate_6347' does not depend on any axioms
'Collatz.Research.CoefficientDescent.Batch095.ray_6347' depends on axioms: [propext, Quot.sound]
'Collatz.Research.CoefficientDescent.Batch095.certificate_6349' does not depend on any axioms
'Collatz.Research.CoefficientDescent.Batch095.ray_6349' depends on axioms: [propext, Quot.sound]
'Collatz.Research.CoefficientDescent.Batch095.certificate_6351' does not depend on any axioms
'Collatz.Research.CoefficientDescent.Batch095.ray_6351' depends on axioms: [propext, Quot.sound]
'Collatz.Research.CoefficientDescent.Batch095.certificate_6353' does not depend on any axioms
'Collatz.Research.CoefficientDescent.Batch095.ray_6353' depends on axioms: [propext, Quot.sound]
'Collatz.Research.CoefficientDescent.Batch095.certificate_6355' does not depend on any axioms
'Collatz.Research.CoefficientDescent.Batch095.ray_6355' depends on axioms: [propext, Quot.sound]
'Collatz.Research.CoefficientDescent.Batch095.certificate_6357' does not depend on any axioms
'Collatz.Research.CoefficientDescent.Batch095.ray_6357' depends on axioms: [propext, Quot.sound]
'Collatz.Research.CoefficientDescent.Batch095.certificate_6359' does not depend on any axioms
'Collatz.Research.CoefficientDescent.Batch095.ray_6359' depends on axioms: [propext, Quot.sound]
'Collatz.Research.CoefficientDescent.Batch095.certificate_6361' does not depend on any axioms
'Collatz.Research.CoefficientDescent.Batch095.ray_6361' depends on axioms: [propext, Quot.sound]
'Collatz.Research.CoefficientDescent.Batch095.certificate_6363' does not depend on any axioms
'Collatz.Research.CoefficientDescent.Batch095.ray_6363' depends on axioms: [propext, Quot.sound]
'Collatz.Research.CoefficientDescent.Batch095.coverage' depends on axioms: [propext, Quot.sound]
'Collatz.Research.CoefficientDescent.Batch096.certificate_6365' does not depend on any axioms
'Collatz.Research.CoefficientDescent.Batch096.ray_6365' depends on axioms: [propext, Quot.sound]
'Collatz.Research.CoefficientDescent.Batch096.certificate_6367' does not depend on any axioms
'Collatz.Research.CoefficientDescent.Batch096.ray_6367' depends on axioms: [propext, Quot.sound]
'Collatz.Research.CoefficientDescent.Batch096.certificate_6369' does not depend on any axioms
'Collatz.Research.CoefficientDescent.Batch096.ray_6369' depends on axioms: [propext, Quot.sound]
'Collatz.Research.CoefficientDescent.Batch096.certificate_6371' does not depend on any axioms
'Collatz.Research.CoefficientDescent.Batch096.ray_6371' depends on axioms: [propext, Quot.sound]
'Collatz.Research.CoefficientDescent.Batch096.certificate_6373' does not depend on any axioms
'Collatz.Research.CoefficientDescent.Batch096.ray_6373' depends on axioms: [propext, Quot.sound]
'Collatz.Research.CoefficientDescent.Batch096.certificate_6375' does not depend on any axioms
'Collatz.Research.CoefficientDescent.Batch096.ray_6375' depends on axioms: [propext, Quot.sound]
'Collatz.Research.CoefficientDescent.Batch096.certificate_6377' does not depend on any axioms
'Collatz.Research.CoefficientDescent.Batch096.ray_6377' depends on axioms: [propext, Quot.sound]
'Collatz.Research.CoefficientDescent.Batch096.certificate_6379' does not depend on any axioms
'Collatz.Research.CoefficientDescent.Batch096.ray_6379' depends on axioms: [propext, Quot.sound]
'Collatz.Research.CoefficientDescent.Batch096.certificate_6381' does not depend on any axioms
'Collatz.Research.CoefficientDescent.Batch096.ray_6381' depends on axioms: [propext, Quot.sound]
'Collatz.Research.CoefficientDescent.Batch096.certificate_6383' does not depend on any axioms
'Collatz.Research.CoefficientDescent.Batch096.ray_6383' depends on axioms: [propext, Quot.sound]
'Collatz.Research.CoefficientDescent.Batch096.certificate_6385' does not depend on any axioms
'Collatz.Research.CoefficientDescent.Batch096.ray_6385' depends on axioms: [propext, Quot.sound]
'Collatz.Research.CoefficientDescent.Batch096.certificate_6387' does not depend on any axioms
'Collatz.Research.CoefficientDescent.Batch096.ray_6387' depends on axioms: [propext, Quot.sound]
'Collatz.Research.CoefficientDescent.Batch096.certificate_6389' does not depend on any axioms
'Collatz.Research.CoefficientDescent.Batch096.ray_6389' depends on axioms: [propext, Quot.sound]
'Collatz.Research.CoefficientDescent.Batch096.certificate_6391' does not depend on any axioms
'Collatz.Research.CoefficientDescent.Batch096.ray_6391' depends on axioms: [propext, Quot.sound]
'Collatz.Research.CoefficientDescent.Batch096.certificate_6393' does not depend on any axioms
'Collatz.Research.CoefficientDescent.Batch096.ray_6393' depends on axioms: [propext, Quot.sound]
'Collatz.Research.CoefficientDescent.Batch096.certificate_6395' does not depend on any axioms
'Collatz.Research.CoefficientDescent.Batch096.ray_6395' depends on axioms: [propext, Quot.sound]
'Collatz.Research.CoefficientDescent.Batch096.certificate_6397' does not depend on any axioms
'Collatz.Research.CoefficientDescent.Batch096.ray_6397' depends on axioms: [propext, Quot.sound]
'Collatz.Research.CoefficientDescent.Batch096.certificate_6399' does not depend on any axioms
'Collatz.Research.CoefficientDescent.Batch096.ray_6399' depends on axioms: [propext, Quot.sound]
'Collatz.Research.CoefficientDescent.Batch096.certificate_6401' does not depend on any axioms
'Collatz.Research.CoefficientDescent.Batch096.ray_6401' depends on axioms: [propext, Quot.sound]
'Collatz.Research.CoefficientDescent.Batch096.certificate_6403' does not depend on any axioms
'Collatz.Research.CoefficientDescent.Batch096.ray_6403' depends on axioms: [propext, Quot.sound]
'Collatz.Research.CoefficientDescent.Batch096.certificate_6405' does not depend on any axioms
'Collatz.Research.CoefficientDescent.Batch096.ray_6405' depends on axioms: [propext, Quot.sound]
'Collatz.Research.CoefficientDescent.Batch096.certificate_6407' does not depend on any axioms
'Collatz.Research.CoefficientDescent.Batch096.ray_6407' depends on axioms: [propext, Quot.sound]
'Collatz.Research.CoefficientDescent.Batch096.certificate_6409' does not depend on any axioms
'Collatz.Research.CoefficientDescent.Batch096.ray_6409' depends on axioms: [propext, Quot.sound]
'Collatz.Research.CoefficientDescent.Batch096.certificate_6411' does not depend on any axioms
'Collatz.Research.CoefficientDescent.Batch096.ray_6411' depends on axioms: [propext, Quot.sound]
'Collatz.Research.CoefficientDescent.Batch096.certificate_6413' does not depend on any axioms
'Collatz.Research.CoefficientDescent.Batch096.ray_6413' depends on axioms: [propext, Quot.sound]
'Collatz.Research.CoefficientDescent.Batch096.certificate_6415' does not depend on any axioms
'Collatz.Research.CoefficientDescent.Batch096.ray_6415' depends on axioms: [propext, Quot.sound]
'Collatz.Research.CoefficientDescent.Batch096.certificate_6417' does not depend on any axioms
'Collatz.Research.CoefficientDescent.Batch096.ray_6417' depends on axioms: [propext, Quot.sound]
'Collatz.Research.CoefficientDescent.Batch096.certificate_6419' does not depend on any axioms
'Collatz.Research.CoefficientDescent.Batch096.ray_6419' depends on axioms: [propext, Quot.sound]
'Collatz.Research.CoefficientDescent.Batch096.certificate_6421' does not depend on any axioms
'Collatz.Research.CoefficientDescent.Batch096.ray_6421' depends on axioms: [propext, Quot.sound]
'Collatz.Research.CoefficientDescent.Batch096.certificate_6423' does not depend on any axioms
'Collatz.Research.CoefficientDescent.Batch096.ray_6423' depends on axioms: [propext, Quot.sound]
'Collatz.Research.CoefficientDescent.Batch096.certificate_6425' does not depend on any axioms
'Collatz.Research.CoefficientDescent.Batch096.ray_6425' depends on axioms: [propext, Quot.sound]
'Collatz.Research.CoefficientDescent.Batch096.certificate_6427' does not depend on any axioms
'Collatz.Research.CoefficientDescent.Batch096.ray_6427' depends on axioms: [propext, Quot.sound]
'Collatz.Research.CoefficientDescent.Batch096.certificate_6429' does not depend on any axioms
'Collatz.Research.CoefficientDescent.Batch096.ray_6429' depends on axioms: [propext, Quot.sound]
'Collatz.Research.CoefficientDescent.Batch096.certificate_6431' does not depend on any axioms
'Collatz.Research.CoefficientDescent.Batch096.ray_6431' depends on axioms: [propext, Quot.sound]
'Collatz.Research.CoefficientDescent.Batch096.coverage' depends on axioms: [propext, Quot.sound]
'Collatz.Research.CoefficientDescent.Batch097.certificate_6433' does not depend on any axioms
'Collatz.Research.CoefficientDescent.Batch097.ray_6433' depends on axioms: [propext, Quot.sound]
'Collatz.Research.CoefficientDescent.Batch097.certificate_6435' does not depend on any axioms
'Collatz.Research.CoefficientDescent.Batch097.ray_6435' depends on axioms: [propext, Quot.sound]
'Collatz.Research.CoefficientDescent.Batch097.certificate_6437' does not depend on any axioms
'Collatz.Research.CoefficientDescent.Batch097.ray_6437' depends on axioms: [propext, Quot.sound]
'Collatz.Research.CoefficientDescent.Batch097.certificate_6439' does not depend on any axioms
'Collatz.Research.CoefficientDescent.Batch097.ray_6439' depends on axioms: [propext, Quot.sound]
'Collatz.Research.CoefficientDescent.Batch097.certificate_6441' does not depend on any axioms
'Collatz.Research.CoefficientDescent.Batch097.ray_6441' depends on axioms: [propext, Quot.sound]
'Collatz.Research.CoefficientDescent.Batch097.certificate_6443' does not depend on any axioms
'Collatz.Research.CoefficientDescent.Batch097.ray_6443' depends on axioms: [propext, Quot.sound]
'Collatz.Research.CoefficientDescent.Batch097.certificate_6445' does not depend on any axioms
'Collatz.Research.CoefficientDescent.Batch097.ray_6445' depends on axioms: [propext, Quot.sound]
'Collatz.Research.CoefficientDescent.Batch097.certificate_6447' does not depend on any axioms
'Collatz.Research.CoefficientDescent.Batch097.ray_6447' depends on axioms: [propext, Quot.sound]
'Collatz.Research.CoefficientDescent.Batch097.certificate_6449' does not depend on any axioms
'Collatz.Research.CoefficientDescent.Batch097.ray_6449' depends on axioms: [propext, Quot.sound]
'Collatz.Research.CoefficientDescent.Batch097.certificate_6451' does not depend on any axioms
'Collatz.Research.CoefficientDescent.Batch097.ray_6451' depends on axioms: [propext, Quot.sound]
'Collatz.Research.CoefficientDescent.Batch097.certificate_6453' does not depend on any axioms
'Collatz.Research.CoefficientDescent.Batch097.ray_6453' depends on axioms: [propext, Quot.sound]
'Collatz.Research.CoefficientDescent.Batch097.certificate_6455' does not depend on any axioms
'Collatz.Research.CoefficientDescent.Batch097.ray_6455' depends on axioms: [propext, Quot.sound]
'Collatz.Research.CoefficientDescent.Batch097.certificate_6457' does not depend on any axioms
'Collatz.Research.CoefficientDescent.Batch097.ray_6457' depends on axioms: [propext, Quot.sound]
'Collatz.Research.CoefficientDescent.Batch097.certificate_6459' does not depend on any axioms
'Collatz.Research.CoefficientDescent.Batch097.ray_6459' depends on axioms: [propext, Quot.sound]
'Collatz.Research.CoefficientDescent.Batch097.certificate_6461' does not depend on any axioms
'Collatz.Research.CoefficientDescent.Batch097.ray_6461' depends on axioms: [propext, Quot.sound]
'Collatz.Research.CoefficientDescent.Batch097.certificate_6463' does not depend on any axioms
'Collatz.Research.CoefficientDescent.Batch097.ray_6463' depends on axioms: [propext, Quot.sound]
'Collatz.Research.CoefficientDescent.Batch097.certificate_6465' does not depend on any axioms
'Collatz.Research.CoefficientDescent.Batch097.ray_6465' depends on axioms: [propext, Quot.sound]
'Collatz.Research.CoefficientDescent.Batch097.certificate_6467' does not depend on any axioms
'Collatz.Research.CoefficientDescent.Batch097.ray_6467' depends on axioms: [propext, Quot.sound]
'Collatz.Research.CoefficientDescent.Batch097.certificate_6469' does not depend on any axioms
'Collatz.Research.CoefficientDescent.Batch097.ray_6469' depends on axioms: [propext, Quot.sound]
'Collatz.Research.CoefficientDescent.Batch097.certificate_6471' does not depend on any axioms
'Collatz.Research.CoefficientDescent.Batch097.ray_6471' depends on axioms: [propext, Quot.sound]
'Collatz.Research.CoefficientDescent.Batch097.certificate_6473' does not depend on any axioms
'Collatz.Research.CoefficientDescent.Batch097.ray_6473' depends on axioms: [propext, Quot.sound]
'Collatz.Research.CoefficientDescent.Batch097.certificate_6475' does not depend on any axioms
'Collatz.Research.CoefficientDescent.Batch097.ray_6475' depends on axioms: [propext, Quot.sound]
'Collatz.Research.CoefficientDescent.Batch097.certificate_6477' does not depend on any axioms
'Collatz.Research.CoefficientDescent.Batch097.ray_6477' depends on axioms: [propext, Quot.sound]
'Collatz.Research.CoefficientDescent.Batch097.certificate_6479' does not depend on any axioms
'Collatz.Research.CoefficientDescent.Batch097.ray_6479' depends on axioms: [propext, Quot.sound]
'Collatz.Research.CoefficientDescent.Batch097.certificate_6481' does not depend on any axioms
'Collatz.Research.CoefficientDescent.Batch097.ray_6481' depends on axioms: [propext, Quot.sound]
'Collatz.Research.CoefficientDescent.Batch097.certificate_6483' does not depend on any axioms
'Collatz.Research.CoefficientDescent.Batch097.ray_6483' depends on axioms: [propext, Quot.sound]
'Collatz.Research.CoefficientDescent.Batch097.certificate_6485' does not depend on any axioms
'Collatz.Research.CoefficientDescent.Batch097.ray_6485' depends on axioms: [propext, Quot.sound]
'Collatz.Research.CoefficientDescent.Batch097.certificate_6487' does not depend on any axioms
'Collatz.Research.CoefficientDescent.Batch097.ray_6487' depends on axioms: [propext, Quot.sound]
'Collatz.Research.CoefficientDescent.Batch097.certificate_6489' does not depend on any axioms
'Collatz.Research.CoefficientDescent.Batch097.ray_6489' depends on axioms: [propext, Quot.sound]
'Collatz.Research.CoefficientDescent.Batch097.certificate_6491' does not depend on any axioms
'Collatz.Research.CoefficientDescent.Batch097.ray_6491' depends on axioms: [propext, Quot.sound]
'Collatz.Research.CoefficientDescent.Batch097.certificate_6493' does not depend on any axioms
'Collatz.Research.CoefficientDescent.Batch097.ray_6493' depends on axioms: [propext, Quot.sound]
'Collatz.Research.CoefficientDescent.Batch097.certificate_6495' does not depend on any axioms
'Collatz.Research.CoefficientDescent.Batch097.ray_6495' depends on axioms: [propext, Quot.sound]
'Collatz.Research.CoefficientDescent.Batch097.certificate_6497' does not depend on any axioms
'Collatz.Research.CoefficientDescent.Batch097.ray_6497' depends on axioms: [propext, Quot.sound]
'Collatz.Research.CoefficientDescent.Batch097.coverage' depends on axioms: [propext, Quot.sound]
'Collatz.Research.CoefficientDescent.Batch098.certificate_6499' does not depend on any axioms
'Collatz.Research.CoefficientDescent.Batch098.ray_6499' depends on axioms: [propext, Quot.sound]
'Collatz.Research.CoefficientDescent.Batch098.certificate_6501' does not depend on any axioms
'Collatz.Research.CoefficientDescent.Batch098.ray_6501' depends on axioms: [propext, Quot.sound]
'Collatz.Research.CoefficientDescent.Batch098.certificate_6503' does not depend on any axioms
'Collatz.Research.CoefficientDescent.Batch098.ray_6503' depends on axioms: [propext, Quot.sound]
'Collatz.Research.CoefficientDescent.Batch098.certificate_6505' does not depend on any axioms
'Collatz.Research.CoefficientDescent.Batch098.ray_6505' depends on axioms: [propext, Quot.sound]
'Collatz.Research.CoefficientDescent.Batch098.certificate_6507' does not depend on any axioms
'Collatz.Research.CoefficientDescent.Batch098.ray_6507' depends on axioms: [propext, Quot.sound]
'Collatz.Research.CoefficientDescent.Batch098.certificate_6509' does not depend on any axioms
'Collatz.Research.CoefficientDescent.Batch098.ray_6509' depends on axioms: [propext, Quot.sound]
'Collatz.Research.CoefficientDescent.Batch098.certificate_6511' does not depend on any axioms
'Collatz.Research.CoefficientDescent.Batch098.ray_6511' depends on axioms: [propext, Quot.sound]
'Collatz.Research.CoefficientDescent.Batch098.certificate_6513' does not depend on any axioms
'Collatz.Research.CoefficientDescent.Batch098.ray_6513' depends on axioms: [propext, Quot.sound]
'Collatz.Research.CoefficientDescent.Batch098.certificate_6515' does not depend on any axioms
'Collatz.Research.CoefficientDescent.Batch098.ray_6515' depends on axioms: [propext, Quot.sound]
'Collatz.Research.CoefficientDescent.Batch098.certificate_6517' does not depend on any axioms
'Collatz.Research.CoefficientDescent.Batch098.ray_6517' depends on axioms: [propext, Quot.sound]
'Collatz.Research.CoefficientDescent.Batch098.certificate_6519' does not depend on any axioms
'Collatz.Research.CoefficientDescent.Batch098.ray_6519' depends on axioms: [propext, Quot.sound]
'Collatz.Research.CoefficientDescent.Batch098.certificate_6521' does not depend on any axioms
'Collatz.Research.CoefficientDescent.Batch098.ray_6521' depends on axioms: [propext, Quot.sound]
'Collatz.Research.CoefficientDescent.Batch098.certificate_6523' does not depend on any axioms
'Collatz.Research.CoefficientDescent.Batch098.ray_6523' depends on axioms: [propext, Quot.sound]
'Collatz.Research.CoefficientDescent.Batch098.certificate_6525' does not depend on any axioms
'Collatz.Research.CoefficientDescent.Batch098.ray_6525' depends on axioms: [propext, Quot.sound]
'Collatz.Research.CoefficientDescent.Batch098.certificate_6527' does not depend on any axioms
'Collatz.Research.CoefficientDescent.Batch098.ray_6527' depends on axioms: [propext, Quot.sound]
'Collatz.Research.CoefficientDescent.Batch098.certificate_6529' does not depend on any axioms
'Collatz.Research.CoefficientDescent.Batch098.ray_6529' depends on axioms: [propext, Quot.sound]
'Collatz.Research.CoefficientDescent.Batch098.certificate_6531' does not depend on any axioms
'Collatz.Research.CoefficientDescent.Batch098.ray_6531' depends on axioms: [propext, Quot.sound]
'Collatz.Research.CoefficientDescent.Batch098.certificate_6533' does not depend on any axioms
'Collatz.Research.CoefficientDescent.Batch098.ray_6533' depends on axioms: [propext, Quot.sound]
'Collatz.Research.CoefficientDescent.Batch098.certificate_6535' does not depend on any axioms
'Collatz.Research.CoefficientDescent.Batch098.ray_6535' depends on axioms: [propext, Quot.sound]
'Collatz.Research.CoefficientDescent.Batch098.certificate_6537' does not depend on any axioms
'Collatz.Research.CoefficientDescent.Batch098.ray_6537' depends on axioms: [propext, Quot.sound]
'Collatz.Research.CoefficientDescent.Batch098.certificate_6539' does not depend on any axioms
'Collatz.Research.CoefficientDescent.Batch098.ray_6539' depends on axioms: [propext, Quot.sound]
'Collatz.Research.CoefficientDescent.Batch098.certificate_6541' does not depend on any axioms
'Collatz.Research.CoefficientDescent.Batch098.ray_6541' depends on axioms: [propext, Quot.sound]
'Collatz.Research.CoefficientDescent.Batch098.certificate_6543' does not depend on any axioms
'Collatz.Research.CoefficientDescent.Batch098.ray_6543' depends on axioms: [propext, Quot.sound]
'Collatz.Research.CoefficientDescent.Batch098.certificate_6545' does not depend on any axioms
'Collatz.Research.CoefficientDescent.Batch098.ray_6545' depends on axioms: [propext, Quot.sound]
'Collatz.Research.CoefficientDescent.Batch098.certificate_6547' does not depend on any axioms
'Collatz.Research.CoefficientDescent.Batch098.ray_6547' depends on axioms: [propext, Quot.sound]
'Collatz.Research.CoefficientDescent.Batch098.certificate_6549' does not depend on any axioms
'Collatz.Research.CoefficientDescent.Batch098.ray_6549' depends on axioms: [propext, Quot.sound]
'Collatz.Research.CoefficientDescent.Batch098.certificate_6551' does not depend on any axioms
'Collatz.Research.CoefficientDescent.Batch098.ray_6551' depends on axioms: [propext, Quot.sound]
'Collatz.Research.CoefficientDescent.Batch098.certificate_6553' does not depend on any axioms
'Collatz.Research.CoefficientDescent.Batch098.ray_6553' depends on axioms: [propext, Quot.sound]
'Collatz.Research.CoefficientDescent.Batch098.certificate_6555' does not depend on any axioms
'Collatz.Research.CoefficientDescent.Batch098.ray_6555' depends on axioms: [propext, Quot.sound]
'Collatz.Research.CoefficientDescent.Batch098.certificate_6557' does not depend on any axioms
'Collatz.Research.CoefficientDescent.Batch098.ray_6557' depends on axioms: [propext, Quot.sound]
'Collatz.Research.CoefficientDescent.Batch098.certificate_6559' does not depend on any axioms
'Collatz.Research.CoefficientDescent.Batch098.ray_6559' depends on axioms: [propext, Quot.sound]
'Collatz.Research.CoefficientDescent.Batch098.certificate_6561' does not depend on any axioms
'Collatz.Research.CoefficientDescent.Batch098.ray_6561' depends on axioms: [propext, Quot.sound]
'Collatz.Research.CoefficientDescent.Batch098.certificate_6563' does not depend on any axioms
'Collatz.Research.CoefficientDescent.Batch098.ray_6563' depends on axioms: [propext, Quot.sound]
'Collatz.Research.CoefficientDescent.Batch098.certificate_6565' does not depend on any axioms
'Collatz.Research.CoefficientDescent.Batch098.ray_6565' depends on axioms: [propext, Quot.sound]
'Collatz.Research.CoefficientDescent.Batch098.coverage' depends on axioms: [propext, Quot.sound]
'Collatz.Research.CoefficientDescent.Batch099.certificate_6567' does not depend on any axioms
'Collatz.Research.CoefficientDescent.Batch099.ray_6567' depends on axioms: [propext, Quot.sound]
'Collatz.Research.CoefficientDescent.Batch099.certificate_6569' does not depend on any axioms
'Collatz.Research.CoefficientDescent.Batch099.ray_6569' depends on axioms: [propext, Quot.sound]
'Collatz.Research.CoefficientDescent.Batch099.certificate_6571' does not depend on any axioms
'Collatz.Research.CoefficientDescent.Batch099.ray_6571' depends on axioms: [propext, Quot.sound]
'Collatz.Research.CoefficientDescent.Batch099.certificate_6573' does not depend on any axioms
'Collatz.Research.CoefficientDescent.Batch099.ray_6573' depends on axioms: [propext, Quot.sound]
'Collatz.Research.CoefficientDescent.Batch099.certificate_6575' does not depend on any axioms
'Collatz.Research.CoefficientDescent.Batch099.ray_6575' depends on axioms: [propext, Quot.sound]
'Collatz.Research.CoefficientDescent.Batch099.certificate_6577' does not depend on any axioms
'Collatz.Research.CoefficientDescent.Batch099.ray_6577' depends on axioms: [propext, Quot.sound]
'Collatz.Research.CoefficientDescent.Batch099.certificate_6579' does not depend on any axioms
'Collatz.Research.CoefficientDescent.Batch099.ray_6579' depends on axioms: [propext, Quot.sound]
'Collatz.Research.CoefficientDescent.Batch099.certificate_6581' does not depend on any axioms
'Collatz.Research.CoefficientDescent.Batch099.ray_6581' depends on axioms: [propext, Quot.sound]
'Collatz.Research.CoefficientDescent.Batch099.certificate_6583' does not depend on any axioms
'Collatz.Research.CoefficientDescent.Batch099.ray_6583' depends on axioms: [propext, Quot.sound]
'Collatz.Research.CoefficientDescent.Batch099.certificate_6585' does not depend on any axioms
'Collatz.Research.CoefficientDescent.Batch099.ray_6585' depends on axioms: [propext, Quot.sound]
'Collatz.Research.CoefficientDescent.Batch099.certificate_6587' does not depend on any axioms
'Collatz.Research.CoefficientDescent.Batch099.ray_6587' depends on axioms: [propext, Quot.sound]
'Collatz.Research.CoefficientDescent.Batch099.certificate_6589' does not depend on any axioms
'Collatz.Research.CoefficientDescent.Batch099.ray_6589' depends on axioms: [propext, Quot.sound]
'Collatz.Research.CoefficientDescent.Batch099.certificate_6591' does not depend on any axioms
'Collatz.Research.CoefficientDescent.Batch099.ray_6591' depends on axioms: [propext, Quot.sound]
'Collatz.Research.CoefficientDescent.Batch099.certificate_6593' does not depend on any axioms
'Collatz.Research.CoefficientDescent.Batch099.ray_6593' depends on axioms: [propext, Quot.sound]
'Collatz.Research.CoefficientDescent.Batch099.certificate_6595' does not depend on any axioms
'Collatz.Research.CoefficientDescent.Batch099.ray_6595' depends on axioms: [propext, Quot.sound]
'Collatz.Research.CoefficientDescent.Batch099.certificate_6597' does not depend on any axioms
'Collatz.Research.CoefficientDescent.Batch099.ray_6597' depends on axioms: [propext, Quot.sound]
'Collatz.Research.CoefficientDescent.Batch099.certificate_6599' does not depend on any axioms
'Collatz.Research.CoefficientDescent.Batch099.ray_6599' depends on axioms: [propext, Quot.sound]
'Collatz.Research.CoefficientDescent.Batch099.certificate_6601' does not depend on any axioms
'Collatz.Research.CoefficientDescent.Batch099.ray_6601' depends on axioms: [propext, Quot.sound]
'Collatz.Research.CoefficientDescent.Batch099.certificate_6603' does not depend on any axioms
'Collatz.Research.CoefficientDescent.Batch099.ray_6603' depends on axioms: [propext, Quot.sound]
'Collatz.Research.CoefficientDescent.Batch099.certificate_6605' does not depend on any axioms
'Collatz.Research.CoefficientDescent.Batch099.ray_6605' depends on axioms: [propext, Quot.sound]
'Collatz.Research.CoefficientDescent.Batch099.certificate_6607' does not depend on any axioms
'Collatz.Research.CoefficientDescent.Batch099.ray_6607' depends on axioms: [propext, Quot.sound]
'Collatz.Research.CoefficientDescent.Batch099.certificate_6609' does not depend on any axioms
'Collatz.Research.CoefficientDescent.Batch099.ray_6609' depends on axioms: [propext, Quot.sound]
'Collatz.Research.CoefficientDescent.Batch099.certificate_6611' does not depend on any axioms
'Collatz.Research.CoefficientDescent.Batch099.ray_6611' depends on axioms: [propext, Quot.sound]
'Collatz.Research.CoefficientDescent.Batch099.certificate_6613' does not depend on any axioms
'Collatz.Research.CoefficientDescent.Batch099.ray_6613' depends on axioms: [propext, Quot.sound]
'Collatz.Research.CoefficientDescent.Batch099.certificate_6615' does not depend on any axioms
'Collatz.Research.CoefficientDescent.Batch099.ray_6615' depends on axioms: [propext, Quot.sound]
'Collatz.Research.CoefficientDescent.Batch099.certificate_6617' does not depend on any axioms
'Collatz.Research.CoefficientDescent.Batch099.ray_6617' depends on axioms: [propext, Quot.sound]
'Collatz.Research.CoefficientDescent.Batch099.certificate_6619' does not depend on any axioms
'Collatz.Research.CoefficientDescent.Batch099.ray_6619' depends on axioms: [propext, Quot.sound]
'Collatz.Research.CoefficientDescent.Batch099.certificate_6621' does not depend on any axioms
'Collatz.Research.CoefficientDescent.Batch099.ray_6621' depends on axioms: [propext, Quot.sound]
'Collatz.Research.CoefficientDescent.Batch099.certificate_6623' does not depend on any axioms
'Collatz.Research.CoefficientDescent.Batch099.ray_6623' depends on axioms: [propext, Quot.sound]
'Collatz.Research.CoefficientDescent.Batch099.certificate_6625' does not depend on any axioms
'Collatz.Research.CoefficientDescent.Batch099.ray_6625' depends on axioms: [propext, Quot.sound]
'Collatz.Research.CoefficientDescent.Batch099.certificate_6627' does not depend on any axioms
'Collatz.Research.CoefficientDescent.Batch099.ray_6627' depends on axioms: [propext, Quot.sound]
'Collatz.Research.CoefficientDescent.Batch099.certificate_6629' does not depend on any axioms
'Collatz.Research.CoefficientDescent.Batch099.ray_6629' depends on axioms: [propext, Quot.sound]
'Collatz.Research.CoefficientDescent.Batch099.certificate_6631' does not depend on any axioms
'Collatz.Research.CoefficientDescent.Batch099.ray_6631' depends on axioms: [propext, Quot.sound]
'Collatz.Research.CoefficientDescent.Batch099.coverage' depends on axioms: [propext, Quot.sound]
'Collatz.Research.CoefficientDescent.Batch100.certificate_6633' does not depend on any axioms
'Collatz.Research.CoefficientDescent.Batch100.ray_6633' depends on axioms: [propext, Quot.sound]
'Collatz.Research.CoefficientDescent.Batch100.certificate_6635' does not depend on any axioms
'Collatz.Research.CoefficientDescent.Batch100.ray_6635' depends on axioms: [propext, Quot.sound]
'Collatz.Research.CoefficientDescent.Batch100.certificate_6637' does not depend on any axioms
'Collatz.Research.CoefficientDescent.Batch100.ray_6637' depends on axioms: [propext, Quot.sound]
'Collatz.Research.CoefficientDescent.Batch100.certificate_6639' does not depend on any axioms
'Collatz.Research.CoefficientDescent.Batch100.ray_6639' depends on axioms: [propext, Quot.sound]
'Collatz.Research.CoefficientDescent.Batch100.certificate_6641' does not depend on any axioms
'Collatz.Research.CoefficientDescent.Batch100.ray_6641' depends on axioms: [propext, Quot.sound]
'Collatz.Research.CoefficientDescent.Batch100.certificate_6643' does not depend on any axioms
'Collatz.Research.CoefficientDescent.Batch100.ray_6643' depends on axioms: [propext, Quot.sound]
'Collatz.Research.CoefficientDescent.Batch100.certificate_6645' does not depend on any axioms
'Collatz.Research.CoefficientDescent.Batch100.ray_6645' depends on axioms: [propext, Quot.sound]
'Collatz.Research.CoefficientDescent.Batch100.certificate_6647' does not depend on any axioms
'Collatz.Research.CoefficientDescent.Batch100.ray_6647' depends on axioms: [propext, Quot.sound]
'Collatz.Research.CoefficientDescent.Batch100.certificate_6649' does not depend on any axioms
'Collatz.Research.CoefficientDescent.Batch100.ray_6649' depends on axioms: [propext, Quot.sound]
'Collatz.Research.CoefficientDescent.Batch100.certificate_6651' does not depend on any axioms
'Collatz.Research.CoefficientDescent.Batch100.ray_6651' depends on axioms: [propext, Quot.sound]
'Collatz.Research.CoefficientDescent.Batch100.certificate_6653' does not depend on any axioms
'Collatz.Research.CoefficientDescent.Batch100.ray_6653' depends on axioms: [propext, Quot.sound]
'Collatz.Research.CoefficientDescent.Batch100.certificate_6655' does not depend on any axioms
'Collatz.Research.CoefficientDescent.Batch100.ray_6655' depends on axioms: [propext, Quot.sound]
'Collatz.Research.CoefficientDescent.Batch100.certificate_6657' does not depend on any axioms
'Collatz.Research.CoefficientDescent.Batch100.ray_6657' depends on axioms: [propext, Quot.sound]
'Collatz.Research.CoefficientDescent.Batch100.certificate_6659' does not depend on any axioms
'Collatz.Research.CoefficientDescent.Batch100.ray_6659' depends on axioms: [propext, Quot.sound]
'Collatz.Research.CoefficientDescent.Batch100.certificate_6661' does not depend on any axioms
'Collatz.Research.CoefficientDescent.Batch100.ray_6661' depends on axioms: [propext, Quot.sound]
'Collatz.Research.CoefficientDescent.Batch100.certificate_6663' does not depend on any axioms
'Collatz.Research.CoefficientDescent.Batch100.ray_6663' depends on axioms: [propext, Quot.sound]
'Collatz.Research.CoefficientDescent.Batch100.certificate_6665' does not depend on any axioms
'Collatz.Research.CoefficientDescent.Batch100.ray_6665' depends on axioms: [propext, Quot.sound]
'Collatz.Research.CoefficientDescent.Batch100.certificate_6667' does not depend on any axioms
'Collatz.Research.CoefficientDescent.Batch100.ray_6667' depends on axioms: [propext, Quot.sound]
'Collatz.Research.CoefficientDescent.Batch100.certificate_6669' does not depend on any axioms
'Collatz.Research.CoefficientDescent.Batch100.ray_6669' depends on axioms: [propext, Quot.sound]
'Collatz.Research.CoefficientDescent.Batch100.certificate_6671' does not depend on any axioms
'Collatz.Research.CoefficientDescent.Batch100.ray_6671' depends on axioms: [propext, Quot.sound]
'Collatz.Research.CoefficientDescent.Batch100.certificate_6673' does not depend on any axioms
'Collatz.Research.CoefficientDescent.Batch100.ray_6673' depends on axioms: [propext, Quot.sound]
'Collatz.Research.CoefficientDescent.Batch100.certificate_6675' does not depend on any axioms
'Collatz.Research.CoefficientDescent.Batch100.ray_6675' depends on axioms: [propext, Quot.sound]
'Collatz.Research.CoefficientDescent.Batch100.certificate_6677' does not depend on any axioms
'Collatz.Research.CoefficientDescent.Batch100.ray_6677' depends on axioms: [propext, Quot.sound]
'Collatz.Research.CoefficientDescent.Batch100.certificate_6679' does not depend on any axioms
'Collatz.Research.CoefficientDescent.Batch100.ray_6679' depends on axioms: [propext, Quot.sound]
'Collatz.Research.CoefficientDescent.Batch100.certificate_6681' does not depend on any axioms
'Collatz.Research.CoefficientDescent.Batch100.ray_6681' depends on axioms: [propext, Quot.sound]
'Collatz.Research.CoefficientDescent.Batch100.certificate_6683' does not depend on any axioms
'Collatz.Research.CoefficientDescent.Batch100.ray_6683' depends on axioms: [propext, Quot.sound]
'Collatz.Research.CoefficientDescent.Batch100.certificate_6685' does not depend on any axioms
'Collatz.Research.CoefficientDescent.Batch100.ray_6685' depends on axioms: [propext, Quot.sound]
'Collatz.Research.CoefficientDescent.Batch100.certificate_6687' does not depend on any axioms
'Collatz.Research.CoefficientDescent.Batch100.ray_6687' depends on axioms: [propext, Quot.sound]
'Collatz.Research.CoefficientDescent.Batch100.certificate_6689' does not depend on any axioms
'Collatz.Research.CoefficientDescent.Batch100.ray_6689' depends on axioms: [propext, Quot.sound]
'Collatz.Research.CoefficientDescent.Batch100.certificate_6691' does not depend on any axioms
'Collatz.Research.CoefficientDescent.Batch100.ray_6691' depends on axioms: [propext, Quot.sound]
'Collatz.Research.CoefficientDescent.Batch100.certificate_6693' does not depend on any axioms
'Collatz.Research.CoefficientDescent.Batch100.ray_6693' depends on axioms: [propext, Quot.sound]
'Collatz.Research.CoefficientDescent.Batch100.certificate_6695' does not depend on any axioms
'Collatz.Research.CoefficientDescent.Batch100.ray_6695' depends on axioms: [propext, Quot.sound]
'Collatz.Research.CoefficientDescent.Batch100.certificate_6697' does not depend on any axioms
'Collatz.Research.CoefficientDescent.Batch100.ray_6697' depends on axioms: [propext, Quot.sound]
'Collatz.Research.CoefficientDescent.Batch100.certificate_6699' does not depend on any axioms
'Collatz.Research.CoefficientDescent.Batch100.ray_6699' depends on axioms: [propext, Quot.sound]
'Collatz.Research.CoefficientDescent.Batch100.coverage' depends on axioms: [propext, Quot.sound]
'Collatz.Research.CoefficientDescent.one_exception' does not depend on any axioms
'Collatz.Research.CoefficientDescent.even_boundary' does not depend on any axioms
'Collatz.Research.CoefficientDescent.one_boundary' does not depend on any axioms
'Collatz.Research.CoefficientDescent.ray_27' depends on axioms: [propext, Quot.sound]
'Collatz.Research.CoefficientDescent.later_descent' does not depend on any axioms
'Collatz.Research.CoefficientDescent.no_crossing_256' does not depend on any axioms
'Collatz.Research.CoefficientDescent.no_uniform_descent_256' depends on axioms: [propext, Classical.choice, Quot.sound]
'Collatz.Research.CoefficientDescent.gap_table_256' does not depend on any axioms
'Collatz.Research.CoefficientDescent.gap_bound_256' depends on axioms: [propext, Quot.sound]
'Collatz.Research.CoefficientDescent.gap_bound_6700_fails' does not depend on any axioms
'Collatz.Research.CoefficientDescent.descent_at_firstLight_le_256' depends on axioms: [propext,
 Classical.choice,
 Quot.sound]
'Collatz.Research.CoefficientDescent.stopping_iff_firstLight_le_256' depends on axioms: [propext,
 Classical.choice,
 Quot.sound]
'Collatz.Research.CoefficientDescent.discrepancy_after_256' depends on axioms: [propext, Classical.choice, Quot.sound]
'Collatz.Research.CoefficientDescent.delayed_stopping_after_256' depends on axioms: [propext,
 Classical.choice,
 Quot.sound]
'Collatz.Research.CoefficientDescent.stopping_upward_le_256' depends on axioms: [propext, Classical.choice, Quot.sound]
'Collatz.Research.CoefficientDescent.membership_upward_le_256' depends on axioms: [propext,
 Classical.choice,
 Quot.sound]
'Collatz.Research.CoefficientDescent.finite_nonempty_after_256' depends on axioms: [propext,
 Classical.choice,
 Quot.sound]
'Collatz.Research.CoefficientDescent.upper_none_of_nonempty_le_256' depends on axioms: [propext,
 Classical.choice,
 Quot.sound]
'Collatz.Research.CoefficientDescent.empty_or_tail_le_256' depends on axioms: [propext, Classical.choice, Quot.sound]
'Collatz.Research.CoefficientDescent.small_odd' depends on axioms: [propext, Quot.sound]
'Collatz.Research.CoefficientDescent.small_inputs' depends on axioms: [propext, Quot.sound]
'Collatz.Research.CoefficientDescent.oddCount_class_prefix' depends on axioms: [propext, Quot.sound]
'Collatz.Research.CoefficientDescent.firstLight_class' depends on axioms: [propext, Quot.sound]
'Collatz.Research.CoefficientDescent.prefix_below_cutoff' depends on axioms: [propext, Quot.sound]
'Collatz.Research.CoefficientDescent.prefix_slope_lt' depends on axioms: [propext, Quot.sound]
'Collatz.Research.CoefficientDescent.prefix_drop_after_constant' depends on axioms: [propext, Quot.sound]
'Collatz.Research.CoefficientDescent.eventual_exact_iff' depends on axioms: [propext, Classical.choice, Quot.sound]
'Collatz.Research.CoefficientDescent.interval_eventual_iff' depends on axioms: [propext, Classical.choice, Quot.sound]
'Collatz.Research.CoefficientDescent.unbounded_iff_firstLight' depends on axioms: [propext,
 Classical.choice,
 Quot.sound]
'Collatz.Research.CoefficientDescent.bounded_of_not_firstLight' depends on axioms: [propext,
 Classical.choice,
 Quot.sound]
'Collatz.Research.CoefficientDescent.finite_interval_witness' depends on axioms: [propext, Classical.choice, Quot.sound]
'Collatz.Research.CoefficientDescent.finite_interval_of_discrepancy' depends on axioms: [propext,
 Classical.choice,
 Quot.sound]
'Collatz.Research.CoefficientDescent.finite_interval_crossing_failure' depends on axioms: [propext,
 Classical.choice,
 Quot.sound]
'Collatz.Research.CoefficientDescent.noFiniteIntervals_iff_finiteTimeAgreement' depends on axioms: [propext,
 Classical.choice,
 Quot.sound]
'Collatz.Research.CoefficientDescent.collatz_of_coverage_and_crossing' depends on axioms: [propext,
 Classical.choice,
 Quot.sound]
'Collatz.Research.CoefficientDescent.coefficientCoverage_of_collatz' depends on axioms: [propext,
 Classical.choice,
 Quot.sound]
'Collatz.Research.CoefficientDescent.crossingDescent_of_all_horizons' does not depend on any axioms
'Collatz.Research.CoefficientDescent.collatz_iff_coefficientCoverage' depends on axioms: [propext,
 Classical.choice,
 Quot.sound]
'Collatz.Research.CoefficientDescent.no_crossing_of_no_drop' depends on axioms: [propext, Classical.choice, Quot.sound]
